chr,rs,ps,n_miss,alpha,beta,gamma
3,chr3:63849054,63849054,0,-4.83219e-07,-0.02436068,0.347114
5,chr5:649357,649357,0,-6.08978e-07,-0.019333,0.246498
8,chr8:17926973,17926973,0,-3.062716e-07,-0.02664746,0.039294
1,chr1:41311193,41311193,0,1.467373e-07,0.0240088,0.03191
2,chr2:147244026,147244026,0,-4.231971e-08,-0.02224346,0.031128
11,chr11:20293126,20293126,0,-1.480332e-07,-0.02471884,0.031042
9,chr9:22064473,22064473,0,-1.678539e-07,-0.01502427,0.030974
0,chr1a:35830152,35830152,0,-2.050958e-07,-0.02531163,0.030942
2,chr2:85849143,85849143,0,-1.048337e-07,-0.01938696,0.030702
5,chr5:53985408,53985408,0,-2.506491e-07,-0.03550816,0.030622
4,chr4:9573189,9573189,0,2.24286e-07,0.01951476,0.028112
8,chr8:9617990,9617990,0,1.517398e-07,0.02389733,0.026016
0,chr1a:34747558,34747558,0,5.33387e-07,0.01438996,0.025192
5,chr5:29150712,29150712,0,-1.731324e-07,-0.01180019,0.023204
3,chr3:55523107,55523107,0,-9.869342e-08,-0.01752902,0.022804
0,chr1a:46357512,46357512,0,-7.929523e-08,-0.0183934,0.021762
13,chr13:7635241,7635241,0,-1.774628e-07,-0.01756884,0.021508
12,chr12:7378514,7378514,0,-1.146357e-07,-0.01503585,0.019916
2,chr2:64790573,64790573,0,-1.276173e-07,-0.01084549,0.015804
17,chr17:10430213,10430213,0,-1.09272e-07,-0.007169844,0.014146
0,chr1a:45162108,45162108,0,2.985165e-07,0.02355175,0.013984
10,chr10:11322475,11322475,0,6.49466e-08,0.01428431,0.01392
2,chr2:140889205,140889205,0,-5.456422e-07,-0.02209287,0.012448
6,chr6:28687435,28687435,0,3.823647e-08,0.01576947,0.012038
2,chr2:31579078,31579078,0,-3.257189e-07,-0.02385822,0.011698
4,chr4:51381679,51381679,0,1.411167e-07,0.01875522,0.011048
1,chr1:23602616,23602616,0,8.021112e-08,0.0139757,0.010512
