chr,rs,ps,n_miss,alpha,beta,gamma
3,chr3:63849054,63849054,0,-4.83219e-07,-0.02436068,0.347114
