chr,rs,ps,n_miss,alpha,beta,gamma
3,chr3:63849054,63849054,0,-4.83219e-7,-0.02436068,0.347114
5,chr5:649357,649357,0,-6.08978e-7,-0.019333,0.246498
