"ID","pl_code","lumMean","lumSD","lwMean","lwSD","mwMean","mwSD","swMean","swSD","uvMean","uvSD","dblMean","dblSD","area_mm2","GRG.no.","Species","date.d.m.y","Day","Month","Year","Locality","County","State.Province","Collector","prepartor","tissue.no.","Sex","Age","testes.L.R","weight.g","skeleton","wing.R.mm","tail.mm","bill.depth.mm","bill.width.mm","bill.culmen.mm","bill.nares.mm","tarsus1.mm","tarsus2.mm","alula","wing.spot.L.mm","wing.spot.R.mm","dorsal.photoID","side.photoID","crown.photoID","ventral.photoID","file.loc","comments_specimen","comments_analysis","pop","Region","lat","lon","Tarsometatarsus"
"606619","c",0.0709487723317887,0.0271507009632682,0.0575627533772764,0.0221548766028735,0.0742384317453308,0.0285234708583273,0.0915654670928237,0.0349085585989116,0.160420107837828,0.0556833145487428,0.0709487723317887,0.0271507009632682,51.7537999624695,2488,"Setophaga caerulescens","12-Jun-88",12,"Jun",88,"Jefferson Nat'l Forest, 4.5mi SE Norton, Bark Camp Branch; 920m","Wise","VA","GRG","JPA","T-456","M","ASY","7x5, NA",9.5,"partial",64.8,50.6,2.7,3.6,10.3,6.9,NA,NA,"blue",15,15.7,2,2,2,2,NA,"Not original label","","VA.Wise","South",36.87043,-82.525983,NA
"606619","m",0.0466837601419054,0.0104735705387896,0.0413386865026655,0.00950789101849485,0.0479541050487324,0.0118653563654378,0.0642614043470947,0.0144088949943415,0.0744855264840489,0.0116075587430378,0.0466837601419054,0.0104735705387896,24.4583724275974,2488,"Setophaga caerulescens","12-Jun-88",12,"Jun",88,"Jefferson Nat'l Forest, 4.5mi SE Norton, Bark Camp Branch; 920m","Wise","VA","GRG","JPA","T-456","M","ASY","7x5, NA",9.5,"partial",64.8,50.6,2.7,3.6,10.3,6.9,NA,NA,"blue",15,15.7,2,2,2,2,NA,"Not original label","","VA.Wise","South",36.87043,-82.525983,NA
"606619","o",0.0613258154618784,0.00972054144594046,0.0585808587607708,0.0109923625034725,0.0627331410931233,0.0105311299104067,0.0728110266714803,0.0101035981524745,0.0837418339087745,0.00842711875497124,0.0613258154618784,0.00972054144594046,11.4002627134547,2488,"Setophaga caerulescens","12-Jun-88",12,"Jun",88,"Jefferson Nat'l Forest, 4.5mi SE Norton, Bark Camp Branch; 920m","Wise","VA","GRG","JPA","T-456","M","ASY","7x5, NA",9.5,"partial",64.8,50.6,2.7,3.6,10.3,6.9,NA,NA,"blue",15,15.7,2,2,2,2,NA,"Not original label","","VA.Wise","South",36.87043,-82.525983,NA
"606619","t",0.0398720452448256,0.00676512625727102,0.0346937474067172,0.00765160003363683,0.0412774698598669,0.00807514785059292,0.056574160839902,0.00990755147252957,0.0580560204629785,0.00704255998898791,0.0398720452448256,0.00676512625727102,162.092700319009,2488,"Setophaga caerulescens","12-Jun-88",12,"Jun",88,"Jefferson Nat'l Forest, 4.5mi SE Norton, Bark Camp Branch; 920m","Wise","VA","GRG","JPA","T-456","M","ASY","7x5, NA",9.5,"partial",64.8,50.6,2.7,3.6,10.3,6.9,NA,NA,"blue",15,15.7,2,2,2,2,NA,"Not original label","","VA.Wise","South",36.87043,-82.525983,NA
"606619","w",0.449453623692575,0.110392793344293,0.461163462562037,0.114252127371269,0.452434367525394,0.112044368450923,0.386176923513761,0.0910777561661457,0.422598974625006,0.1173148799363,0.449453623692575,0.110392793344293,45.3518483768062,2488,"Setophaga caerulescens","12-Jun-88",12,"Jun",88,"Jefferson Nat'l Forest, 4.5mi SE Norton, Bark Camp Branch; 920m","Wise","VA","GRG","JPA","T-456","M","ASY","7x5, NA",9.5,"partial",64.8,50.6,2.7,3.6,10.3,6.9,NA,NA,"blue",15,15.7,2,2,2,2,NA,"Not original label","","VA.Wise","South",36.87043,-82.525983,NA
"606621","c",0.0614874777418827,0.0235346199920146,0.0504966954655025,0.0212808816926368,0.0649457674382865,0.0251853082771259,0.0777316025846143,0.0270676704651821,0.130107204038682,0.0470573790826063,0.0614874777418827,0.0235346199920146,63.3064364796397,2490,"Setophaga caerulescens","12-Jun-89",12,"Jun",89,"Jefferson Nat'l Forest, 4.5mi SE Norton, Bark Camp Branch; 920m","Wise","VA","GRG","JPA","T-458-a,b","M","SY","7x5, NA",9.5,"partial",64,47.8,2.9,3.8,10.4,6.8,NA,NA,"green",14.8,15.4,2,2,2,2,NA,"Not original label","","VA.Wise","South",36.87043,-82.525983,19.57
"606621","m",0.0672036640108148,0.00817873313093589,0.0604324035628099,0.0076224362329024,0.0687557146700845,0.0096933123257592,0.0849375798890105,0.0135362845406543,0.102019561989663,0.0104363862273529,0.0672036640108148,0.00817873313093589,24.7265903546632,2490,"Setophaga caerulescens","12-Jun-89",12,"Jun",89,"Jefferson Nat'l Forest, 4.5mi SE Norton, Bark Camp Branch; 920m","Wise","VA","GRG","JPA","T-458-a,b","M","SY","7x5, NA",9.5,"partial",64,47.8,2.9,3.8,10.4,6.8,NA,NA,"green",14.8,15.4,2,2,2,2,NA,"Not original label","","VA.Wise","South",36.87043,-82.525983,19.57
"606621","o",0.0865268746148127,0.0167799212567548,0.0909887549490159,0.0210582136509227,0.0875018475961089,0.0180902024005816,0.086030187311417,0.0157991307553339,0.0983744655088862,0.00996249720115147,0.0865268746148127,0.0167799212567548,4.42334396697317,2490,"Setophaga caerulescens","12-Jun-89",12,"Jun",89,"Jefferson Nat'l Forest, 4.5mi SE Norton, Bark Camp Branch; 920m","Wise","VA","GRG","JPA","T-458-a,b","M","SY","7x5, NA",9.5,"partial",64,47.8,2.9,3.8,10.4,6.8,NA,NA,"green",14.8,15.4,2,2,2,2,NA,"Not original label","","VA.Wise","South",36.87043,-82.525983,19.57
"606621","t",0.0448535543350876,0.0104769783810685,0.0421221043218448,0.0118254524638892,0.0460844999859847,0.0113514050180218,0.0578226749333586,0.0118138816647209,0.0648507045238968,0.00806703990326395,0.0448535543350876,0.0104769783810685,67.4167761306061,2490,"Setophaga caerulescens","12-Jun-89",12,"Jun",89,"Jefferson Nat'l Forest, 4.5mi SE Norton, Bark Camp Branch; 920m","Wise","VA","GRG","JPA","T-458-a,b","M","SY","7x5, NA",9.5,"partial",64,47.8,2.9,3.8,10.4,6.8,NA,NA,"green",14.8,15.4,2,2,2,2,NA,"Not original label","","VA.Wise","South",36.87043,-82.525983,19.57
"606621","w",0.434305028702078,0.124107454440484,0.445696547965214,0.129658108055349,0.439199930814293,0.127546016149257,0.36692111662961,0.0981718907765613,0.404637174903679,0.0889353686957552,0.434305028702078,0.124107454440484,39.2493901294802,2490,"Setophaga caerulescens","12-Jun-89",12,"Jun",89,"Jefferson Nat'l Forest, 4.5mi SE Norton, Bark Camp Branch; 920m","Wise","VA","GRG","JPA","T-458-a,b","M","SY","7x5, NA",9.5,"partial",64,47.8,2.9,3.8,10.4,6.8,NA,NA,"green",14.8,15.4,2,2,2,2,NA,"Not original label","","VA.Wise","South",36.87043,-82.525983,19.57
"606622","c",0.0717532770330217,0.025448327923224,0.0579532543917938,0.0203336943251897,0.0751711403660318,0.0265994979465982,0.0921711606903008,0.0343611047434,0.149213901668281,0.0483097283418924,0.0717532770330217,0.025448327923224,66.1857759429537,2491,"Setophaga caerulescens","13-Jun-88",13,"Jun",88,"Jefferson Nat'l Forest, 4.5mi SE Norton, Bark Camp Branch; 920m","Wise","VA","GRG","JPA","T-459-a,b","M","ASY","5x5, NA",10.5,"partial",66.2,53.6,2.8,3.5,10.8,6.8,NA,NA,"blue",19.9,20.7,2,2,2,2,NA,"gonads mushy; Not original label","","VA.Wise","South",36.87043,-82.525983,19.15
"606622","m",0.0358006953082523,0.00912406587576558,0.0318369535966441,0.0097461249258758,0.0367614009802932,0.0105363744583978,0.0526337856761892,0.0115388343850993,0.0644976357646481,0.011585342587748,0.0358006953082523,0.00912406587576558,25.643335209858,2491,"Setophaga caerulescens","13-Jun-88",13,"Jun",88,"Jefferson Nat'l Forest, 4.5mi SE Norton, Bark Camp Branch; 920m","Wise","VA","GRG","JPA","T-459-a,b","M","ASY","5x5, NA",10.5,"partial",66.2,53.6,2.8,3.5,10.8,6.8,NA,NA,"blue",19.9,20.7,2,2,2,2,NA,"gonads mushy; Not original label","","VA.Wise","South",36.87043,-82.525983,19.15
"606622","o",0.0602014373016799,0.0146663597562976,0.0580071494357118,0.0173245832404873,0.061546003893132,0.015326688552687,0.0707481213591356,0.0118558774941168,0.0866630429622348,0.0128535273573744,0.0602014373016799,0.0146663597562976,6.7262150497279,2491,"Setophaga caerulescens","13-Jun-88",13,"Jun",88,"Jefferson Nat'l Forest, 4.5mi SE Norton, Bark Camp Branch; 920m","Wise","VA","GRG","JPA","T-459-a,b","M","ASY","5x5, NA",10.5,"partial",66.2,53.6,2.8,3.5,10.8,6.8,NA,NA,"blue",19.9,20.7,2,2,2,2,NA,"gonads mushy; Not original label","","VA.Wise","South",36.87043,-82.525983,19.15
"606622","t",0.0408539037873753,0.00967701185372401,0.0360156562362945,0.0104575669311074,0.0420825510392431,0.0107503786862591,0.0574605963178125,0.0122890890060398,0.0581974898054447,0.0101894431136767,0.0408539037873753,0.00967701185372401,68.8339275661475,2491,"Setophaga caerulescens","13-Jun-88",13,"Jun",88,"Jefferson Nat'l Forest, 4.5mi SE Norton, Bark Camp Branch; 920m","Wise","VA","GRG","JPA","T-459-a,b","M","ASY","5x5, NA",10.5,"partial",66.2,53.6,2.8,3.5,10.8,6.8,NA,NA,"blue",19.9,20.7,2,2,2,2,NA,"gonads mushy; Not original label","","VA.Wise","South",36.87043,-82.525983,19.15
"606622","w",0.456794181402351,0.116168893975526,0.470816070290818,0.124287380945856,0.46419320438337,0.119243041401375,0.379856551315427,0.0844721611056207,0.391255965749034,0.0708316293841246,0.456794181402351,0.116168893975526,56.7453556014262,2491,"Setophaga caerulescens","13-Jun-88",13,"Jun",88,"Jefferson Nat'l Forest, 4.5mi SE Norton, Bark Camp Branch; 920m","Wise","VA","GRG","JPA","T-459-a,b","M","ASY","5x5, NA",10.5,"partial",66.2,53.6,2.8,3.5,10.8,6.8,NA,NA,"blue",19.9,20.7,2,2,2,2,NA,"gonads mushy; Not original label","","VA.Wise","South",36.87043,-82.525983,19.15
"606623","c",0.0855994393445128,0.0323994905920319,0.0701900428578041,0.0327155901787223,0.089191655303356,0.0342560152290588,0.106847293799394,0.0335573264619185,0.172798029540437,0.0626037255442542,0.0855994393445128,0.0323994905920319,52.1095890410959,2492,"Setophaga caerulescens","13-Jun-89",13,"Jun",89,"Stoney Creek, 12mi NE Pembroke, Jefferson Nat'l Forest; 850m","Giles","VA","GRG","JPA","460-a,b","M","ASY","7x5.5, NA",9,"partial",66.3,50.7,2.8,4.2,11,7.4,NA,NA,"blue",14.1,17.2,2,2,2,2,NA,"not original tag","auto-align","VA.Giles","South",37.37291,-80.57508,19.23
"606623","m",0.0534508232674175,0.0152880873285734,0.0477984879068785,0.0129184495475139,0.054863656277028,0.0172605402660098,0.070605858157368,0.0204460658755188,0.083748892871816,0.0191414585249126,0.0534508232674175,0.0152880873285734,24.8181647588666,2492,"Setophaga caerulescens","13-Jun-89",13,"Jun",89,"Stoney Creek, 12mi NE Pembroke, Jefferson Nat'l Forest; 850m","Giles","VA","GRG","JPA","460-a,b","M","ASY","7x5.5, NA",9,"partial",66.3,50.7,2.8,4.2,11,7.4,NA,NA,"blue",14.1,17.2,2,2,2,2,NA,"not original tag","auto-align","VA.Giles","South",37.37291,-80.57508,19.23
"606623","o",0.0617213547569957,0.00762214184221734,0.0606681705944894,0.00932605788181766,0.063068748431241,0.00838988634181342,0.0704830648653906,0.00925661288176981,0.0844743513629195,0.00698392353667954,0.0617213547569957,0.00762214184221734,3.3289547757553,2492,"Setophaga caerulescens","13-Jun-89",13,"Jun",89,"Stoney Creek, 12mi NE Pembroke, Jefferson Nat'l Forest; 850m","Giles","VA","GRG","JPA","460-a,b","M","ASY","7x5.5, NA",9,"partial",66.3,50.7,2.8,4.2,11,7.4,NA,NA,"blue",14.1,17.2,2,2,2,2,NA,"not original tag","auto-align","VA.Giles","South",37.37291,-80.57508,19.23
"606623","t",0.0426175894933382,0.00751654913915485,0.037007717879111,0.00846530486785158,0.0441385458277894,0.00853875708477147,0.0592261491836326,0.0101432392458489,0.0619674142300617,0.00918592014495564,0.0426175894933382,0.00751654913915485,105.2857947082,2492,"Setophaga caerulescens","13-Jun-89",13,"Jun",89,"Stoney Creek, 12mi NE Pembroke, Jefferson Nat'l Forest; 850m","Giles","VA","GRG","JPA","460-a,b","M","ASY","7x5.5, NA",9,"partial",66.3,50.7,2.8,4.2,11,7.4,NA,NA,"blue",14.1,17.2,2,2,2,2,NA,"not original tag","auto-align","VA.Giles","South",37.37291,-80.57508,19.23
"606623","w",0.416134258937279,0.0967277057246236,0.415487546016564,0.101147041464502,0.419919921954259,0.0977752246097941,0.373070687200777,0.0798291246749425,0.442741262981702,0.0905931302410512,0.416134258937279,0.0967277057246236,23.8678926627885,2492,"Setophaga caerulescens","13-Jun-89",13,"Jun",89,"Stoney Creek, 12mi NE Pembroke, Jefferson Nat'l Forest; 850m","Giles","VA","GRG","JPA","460-a,b","M","ASY","7x5.5, NA",9,"partial",66.3,50.7,2.8,4.2,11,7.4,NA,NA,"blue",14.1,17.2,2,2,2,2,NA,"not original tag","auto-align","VA.Giles","South",37.37291,-80.57508,19.23
"606627","c",0.0931118693324909,0.0336771719954577,0.0736693669861726,0.0315877620667965,0.0965185839903272,0.036862557142524,0.120321733000076,0.0347009469102224,0.215942801350498,0.0564174843632841,0.0931118693324909,0.0336771719954577,46.7472321261025,2496,"Setophaga caerulescens","13-Jun-88",13,"Jun",88,"Stoney Creek, 12mi NE Pembroke, Jefferson Nat'l Forest; 850m","Giles","VA","GRG","JPA","464-a,b","M","ASY","4.5x2.5, NA",9.3,"partial",66.4,54.2,3,3.7,10.7,7,NA,NA,"blue",16.9,15.2,2,2,2,2,NA,"not original tag; testes mushy; washed with ivory soap","Overwing coverts not visible due to back feathers, auto-align","VA.Giles","South",37.37291,-80.57508,NA
"606627","m",0.050230344868393,0.0111018142977837,0.0432308695648039,0.00857136125711606,0.0520279788997574,0.0120395853880283,0.0682989746194732,0.0160913399467451,0.0845200260087876,0.0168856581611972,0.050230344868393,0.0111018142977837,25.3683617939576,2496,"Setophaga caerulescens","13-Jun-88",13,"Jun",88,"Stoney Creek, 12mi NE Pembroke, Jefferson Nat'l Forest; 850m","Giles","VA","GRG","JPA","464-a,b","M","ASY","4.5x2.5, NA",9.3,"partial",66.4,54.2,3,3.7,10.7,7,NA,NA,"blue",16.9,15.2,2,2,2,2,NA,"not original tag; testes mushy; washed with ivory soap","Overwing coverts not visible due to back feathers, auto-align","VA.Giles","South",37.37291,-80.57508,NA
"606627","o",0.0724185445224357,0.026504519672516,0.0718160674721548,0.0304093093860888,0.0737574140857567,0.0274169813435084,0.0797841215672696,0.0194090965467995,0.094421489738645,0.0241731631457728,0.0724185445224357,0.026504519672516,6.93638581347345,2496,"Setophaga caerulescens","13-Jun-88",13,"Jun",88,"Stoney Creek, 12mi NE Pembroke, Jefferson Nat'l Forest; 850m","Giles","VA","GRG","JPA","464-a,b","M","ASY","4.5x2.5, NA",9.3,"partial",66.4,54.2,3,3.7,10.7,7,NA,NA,"blue",16.9,15.2,2,2,2,2,NA,"not original tag; testes mushy; washed with ivory soap","Overwing coverts not visible due to back feathers, auto-align","VA.Giles","South",37.37291,-80.57508,NA
"606627","t",0.0444916402849319,0.00870706600743466,0.0395793815773606,0.00964944256229284,0.0461865072974119,0.00944197113304135,0.0593616674423156,0.00994848394046015,0.061910900663754,0.00996693144825194,0.0444916402849319,0.00870706600743466,101.800713079377,2496,"Setophaga caerulescens","13-Jun-88",13,"Jun",88,"Stoney Creek, 12mi NE Pembroke, Jefferson Nat'l Forest; 850m","Giles","VA","GRG","JPA","464-a,b","M","ASY","4.5x2.5, NA",9.3,"partial",66.4,54.2,3,3.7,10.7,7,NA,NA,"blue",16.9,15.2,2,2,2,2,NA,"not original tag; testes mushy; washed with ivory soap","Overwing coverts not visible due to back feathers, auto-align","VA.Giles","South",37.37291,-80.57508,NA
"606627","w",0.422660951520045,0.136227242990628,0.431740458378025,0.142873369170787,0.427801099162605,0.139175032797048,0.361763255328255,0.103742966619484,0.409192254492749,0.11579215795626,0.422660951520045,0.136227242990628,57.8742728466879,2496,"Setophaga caerulescens","13-Jun-88",13,"Jun",88,"Stoney Creek, 12mi NE Pembroke, Jefferson Nat'l Forest; 850m","Giles","VA","GRG","JPA","464-a,b","M","ASY","4.5x2.5, NA",9.3,"partial",66.4,54.2,3,3.7,10.7,7,NA,NA,"blue",16.9,15.2,2,2,2,2,NA,"not original tag; testes mushy; washed with ivory soap","Overwing coverts not visible due to back feathers, auto-align","VA.Giles","South",37.37291,-80.57508,NA
"606633","c",0.0653620897144433,0.0249847309367103,0.0537355411826721,0.0225996589884374,0.068487841431616,0.0266547200124467,0.0832985802298457,0.028603883165162,0.132950862479371,0.0390817640478351,0.0653620897144433,0.0249847309367103,72.3775567648715,2503,"Setophaga caerulescens","11-Jun-88",11,"Jun",88,"Jefferson Nat'l Forest, 4.5mi ENE Norton, Little Stoney Creek; 920m","Wise","VA","GRG","JPA","T-471-a,b","M","ASY",NA,NA,"partial",67.8,53.8,2.9,4.3,10.8,6.8,NA,NA,"blue",17.7,18.3,2,2,2,2,NA,"testes damaged by shot; not original label","","VA.Wise","South",36.879225,-82.542415,19.16
"606633","m",0.0520385637268187,0.0126898636499152,0.0472220038738548,0.011359323553032,0.0534432955536101,0.0139333666898707,0.067825647200039,0.0163304582575734,0.0819867932870817,0.0169334706901834,0.0520385637268187,0.0126898636499152,24.6360167636204,2503,"Setophaga caerulescens","11-Jun-88",11,"Jun",88,"Jefferson Nat'l Forest, 4.5mi ENE Norton, Little Stoney Creek; 920m","Wise","VA","GRG","JPA","T-471-a,b","M","ASY",NA,NA,"partial",67.8,53.8,2.9,4.3,10.8,6.8,NA,NA,"blue",17.7,18.3,2,2,2,2,NA,"testes damaged by shot; not original label","","VA.Wise","South",36.879225,-82.542415,19.16
"606633","o",0.0683881374452038,0.0202233005521113,0.0671007035828773,0.0232566612756267,0.0696575239424162,0.0207271033158805,0.077453574174786,0.0152881393718025,0.0869334062001649,0.0121857821799791,0.0683881374452038,0.0202233005521113,3.19459560893226,2503,"Setophaga caerulescens","11-Jun-88",11,"Jun",88,"Jefferson Nat'l Forest, 4.5mi ENE Norton, Little Stoney Creek; 920m","Wise","VA","GRG","JPA","T-471-a,b","M","ASY",NA,NA,"partial",67.8,53.8,2.9,4.3,10.8,6.8,NA,NA,"blue",17.7,18.3,2,2,2,2,NA,"testes damaged by shot; not original label","","VA.Wise","South",36.879225,-82.542415,19.16
"606633","t",0.0436772297182391,0.00980906084128804,0.0394748121156943,0.0118189309915672,0.0453749850955524,0.0105312563102992,0.0571844302030092,0.00957809376483734,0.0606755087234303,0.00944258224659756,0.0436772297182391,0.00980906084128804,118.852317507975,2503,"Setophaga caerulescens","11-Jun-88",11,"Jun",88,"Jefferson Nat'l Forest, 4.5mi ENE Norton, Little Stoney Creek; 920m","Wise","VA","GRG","JPA","T-471-a,b","M","ASY",NA,NA,"partial",67.8,53.8,2.9,4.3,10.8,6.8,NA,NA,"blue",17.7,18.3,2,2,2,2,NA,"testes damaged by shot; not original label","","VA.Wise","South",36.879225,-82.542415,19.16
"606633","w",0.436974814388899,0.131776757526022,0.446161091840815,0.138172215562554,0.440195728125178,0.134735073578864,0.378112571726606,0.101482404935779,0.420032822384878,0.0890208102155154,0.436974814388899,0.131776757526022,46.9859260649278,2503,"Setophaga caerulescens","11-Jun-88",11,"Jun",88,"Jefferson Nat'l Forest, 4.5mi ENE Norton, Little Stoney Creek; 920m","Wise","VA","GRG","JPA","T-471-a,b","M","ASY",NA,NA,"partial",67.8,53.8,2.9,4.3,10.8,6.8,NA,NA,"blue",17.7,18.3,2,2,2,2,NA,"testes damaged by shot; not original label","","VA.Wise","South",36.879225,-82.542415,19.16
"606634","c",0.0624091693800497,0.0267660726817248,0.0522777963265918,0.0269561160602853,0.0660069529604899,0.0279253775889814,0.0769865238056477,0.0279968022268897,0.120003550469826,0.0329915805062996,0.0624091693800497,0.0267660726817248,68.3227622443235,2504,"Setophaga caerulescens","11-Jun-88",11,"Jun",88,"Jefferson Nat'l Forest, 4.5mi ENE Norton, Little Stoney Creek; 920m","Wise","VA","GRG","JPA","T-472-a,b","M","ASY",NA,NA,"partial",64.8,54.2,3,3.7,10.9,6.4,17.7,NA,"blue",15.9,13.9,2,2,2,2,NA,"","","VA.Wise","South",36.879225,-82.542415,18.82
"606634","m",0.0588648086334896,0.0138944275822855,0.0524543872168559,0.0114749264361566,0.0603345056424142,0.0154106481183167,0.0769406004880061,0.0190394006946663,0.0889109297902403,0.0152735146861281,0.0588648086334896,0.0138944275822855,25.3668605742166,2504,"Setophaga caerulescens","11-Jun-88",11,"Jun",88,"Jefferson Nat'l Forest, 4.5mi ENE Norton, Little Stoney Creek; 920m","Wise","VA","GRG","JPA","T-472-a,b","M","ASY",NA,NA,"partial",64.8,54.2,3,3.7,10.9,6.4,17.7,NA,"blue",15.9,13.9,2,2,2,2,NA,"","","VA.Wise","South",36.879225,-82.542415,18.82
"606634","o",0.0707210743939984,0.020107683029293,0.0689746075975515,0.0202302490248513,0.0718966109344314,0.0216345310791448,0.0812161060196522,0.0205391966600832,0.0994436308389278,0.0201167674163072,0.0707210743939984,0.020107683029293,5.38937887033214,2504,"Setophaga caerulescens","11-Jun-88",11,"Jun",88,"Jefferson Nat'l Forest, 4.5mi ENE Norton, Little Stoney Creek; 920m","Wise","VA","GRG","JPA","T-472-a,b","M","ASY",NA,NA,"partial",64.8,54.2,3,3.7,10.9,6.4,17.7,NA,"blue",15.9,13.9,2,2,2,2,NA,"","","VA.Wise","South",36.879225,-82.542415,18.82
"606634","t",0.0425130150454896,0.00811453405188498,0.0377890723090796,0.00907773839299664,0.0439627612408618,0.00929948229896979,0.0581978388307981,0.0103678307142199,0.0636057302294643,0.0105969397672023,0.0425130150454896,0.00811453405188498,94.2428222931132,2504,"Setophaga caerulescens","11-Jun-88",11,"Jun",88,"Jefferson Nat'l Forest, 4.5mi ENE Norton, Little Stoney Creek; 920m","Wise","VA","GRG","JPA","T-472-a,b","M","ASY",NA,NA,"partial",64.8,54.2,3,3.7,10.9,6.4,17.7,NA,"blue",15.9,13.9,2,2,2,2,NA,"","","VA.Wise","South",36.879225,-82.542415,18.82
"606634","w",0.43996624295737,0.108288709209621,0.44708175161254,0.112723166259266,0.444273184953083,0.111759707568488,0.378908108725455,0.0884640016995878,0.440771938018001,0.0920737208724931,0.43996624295737,0.108288709209621,54.3111277913305,2504,"Setophaga caerulescens","11-Jun-88",11,"Jun",88,"Jefferson Nat'l Forest, 4.5mi ENE Norton, Little Stoney Creek; 920m","Wise","VA","GRG","JPA","T-472-a,b","M","ASY",NA,NA,"partial",64.8,54.2,3,3.7,10.9,6.4,17.7,NA,"blue",15.9,13.9,2,2,2,2,NA,"","","VA.Wise","South",36.879225,-82.542415,18.82
"606637","c",0.0725239861710366,0.0224467378697642,0.058281109181319,0.0228316853480291,0.0766303963649627,0.0239752511140083,0.0914774501843465,0.0260090848960853,0.153588592345933,0.0544476835400095,0.0725239861710366,0.0224467378697642,40.8361793957591,2507,"Setophaga caerulescens","12-Jun-88",12,"Jun",88,"Jefferson Nat'l Forest, 7mi NNE Pembroke, Stony Creek; 750m","Giles","VA","GRG","JPA","475-a,b","M","SY","NA, 5x5",9,"partial",61.4,52.8,2.9,3.9,11,7.4,NA,NA,"green",8.4,8,2,2,2,2,NA,"not original tag","auto-align","VA.Giles","South",37.37291,-80.57508,19.03
"606637","m",0.0779530764376971,0.0107674092794088,0.0683434694405844,0.00936348575619054,0.080719696432091,0.0123804244159219,0.0956847117093232,0.0177145497011502,0.116153910415201,0.0144890182196179,0.0779530764376971,0.0107674092794088,25.4128979796084,2507,"Setophaga caerulescens","12-Jun-88",12,"Jun",88,"Jefferson Nat'l Forest, 7mi NNE Pembroke, Stony Creek; 750m","Giles","VA","GRG","JPA","475-a,b","M","SY","NA, 5x5",9,"partial",61.4,52.8,2.9,3.9,11,7.4,NA,NA,"green",8.4,8,2,2,2,2,NA,"not original tag","auto-align","VA.Giles","South",37.37291,-80.57508,19.03
"606637","o",0.0880547351081433,0.0182260354150191,0.0910719249096448,0.0217353506741656,0.0897887595956872,0.0202943742400873,0.0872097001191801,0.0162568684678264,0.10705251168029,0.0150313924076498,0.0880547351081433,0.0182260354150191,3.82735972978045,2507,"Setophaga caerulescens","12-Jun-88",12,"Jun",88,"Jefferson Nat'l Forest, 7mi NNE Pembroke, Stony Creek; 750m","Giles","VA","GRG","JPA","475-a,b","M","SY","NA, 5x5",9,"partial",61.4,52.8,2.9,3.9,11,7.4,NA,NA,"green",8.4,8,2,2,2,2,NA,"not original tag","auto-align","VA.Giles","South",37.37291,-80.57508,19.03
"606637","t",0.0498108531426573,0.00982768488276658,0.0451762088525438,0.01061100800481,0.051536975244155,0.0109828875131958,0.0638998167131406,0.0115967447917224,0.0701375694217742,0.0115246634858543,0.0498108531426573,0.00982768488276658,102.029649089886,2507,"Setophaga caerulescens","12-Jun-88",12,"Jun",88,"Jefferson Nat'l Forest, 7mi NNE Pembroke, Stony Creek; 750m","Giles","VA","GRG","JPA","475-a,b","M","SY","NA, 5x5",9,"partial",61.4,52.8,2.9,3.9,11,7.4,NA,NA,"green",8.4,8,2,2,2,2,NA,"not original tag","auto-align","VA.Giles","South",37.37291,-80.57508,19.03
"606637","w",0.375463616779611,0.110648161195691,0.375072756862266,0.113457002345249,0.376497340880492,0.112535051700385,0.340201232003194,0.0931636320859054,0.453082885309729,0.120852473037263,0.375463616779611,0.110648161195691,12.9255019703509,2507,"Setophaga caerulescens","12-Jun-88",12,"Jun",88,"Jefferson Nat'l Forest, 7mi NNE Pembroke, Stony Creek; 750m","Giles","VA","GRG","JPA","475-a,b","M","SY","NA, 5x5",9,"partial",61.4,52.8,2.9,3.9,11,7.4,NA,NA,"green",8.4,8,2,2,2,2,NA,"not original tag","auto-align","VA.Giles","South",37.37291,-80.57508,19.03
"606639","c",0.067978385248652,0.0236459159224768,0.0539579997038297,0.0187540075758153,0.07121856328105,0.0248549419618468,0.0890123046035335,0.0328978349324088,0.14781465195024,0.0484155957975425,0.067978385248652,0.0236459159224768,87.9534621880278,2509,"Setophaga caerulescens","12-Jun-88",12,"Jun",88,"Jefferson Nat'l Forest, 4mi SE Norton, Bark Camp Branch; 920m","Wise","VA","GRG","U","T-477-a,b","M","SY","8x4",9,"partial",62,50.4,3.2,3.4,10.5,6.6,NA,NA,"green",13.3,11.9,2,2,2,2,NA,"not original label","","VA.Wise","South",36.879,-82.574,19.17
"606639","m",0.0717698270815397,0.0181384282460075,0.0641799574443219,0.0157710908704627,0.0732212466820981,0.0212516386257025,0.0905372095539372,0.0240973308061318,0.109264072250637,0.0150818979382294,0.0717698270815397,0.0181384282460075,25.1376743604178,2509,"Setophaga caerulescens","12-Jun-88",12,"Jun",88,"Jefferson Nat'l Forest, 4mi SE Norton, Bark Camp Branch; 920m","Wise","VA","GRG","U","T-477-a,b","M","SY","8x4",9,"partial",62,50.4,3.2,3.4,10.5,6.6,NA,NA,"green",13.3,11.9,2,2,2,2,NA,"not original label","","VA.Wise","South",36.879,-82.574,19.17
"606639","o",0.130455709648119,0.0419320404392578,0.142486999257299,0.0475725681812712,0.131478947056703,0.0428352902064272,0.113210727636934,0.0295408733452052,0.116253567075489,0.0198402104002793,0.130455709648119,0.0419320404392578,1.9072996809908,2509,"Setophaga caerulescens","12-Jun-88",12,"Jun",88,"Jefferson Nat'l Forest, 4mi SE Norton, Bark Camp Branch; 920m","Wise","VA","GRG","U","T-477-a,b","M","SY","8x4",9,"partial",62,50.4,3.2,3.4,10.5,6.6,NA,NA,"green",13.3,11.9,2,2,2,2,NA,"not original label","","VA.Wise","South",36.879,-82.574,19.17
"606639","t",0.0481942616184235,0.008570412295387,0.0440795587644098,0.0105748457959661,0.049655237528469,0.00978177968302429,0.0621118602660722,0.0112169896071913,0.0630533063945524,0.00777506565301482,0.0481942616184235,0.008570412295387,81.2174892099831,2509,"Setophaga caerulescens","12-Jun-88",12,"Jun",88,"Jefferson Nat'l Forest, 4mi SE Norton, Bark Camp Branch; 920m","Wise","VA","GRG","U","T-477-a,b","M","SY","8x4",9,"partial",62,50.4,3.2,3.4,10.5,6.6,NA,NA,"green",13.3,11.9,2,2,2,2,NA,"not original label","","VA.Wise","South",36.879,-82.574,19.17
"606639","w",0.378776908359736,0.0971943757868057,0.388354073693219,0.101912011519616,0.381875540861734,0.09869734168551,0.331202467893083,0.0807361781914738,0.348276019039231,0.070094538612073,0.378776908359736,0.0971943757868057,27.6502158003378,2509,"Setophaga caerulescens","12-Jun-88",12,"Jun",88,"Jefferson Nat'l Forest, 4mi SE Norton, Bark Camp Branch; 920m","Wise","VA","GRG","U","T-477-a,b","M","SY","8x4",9,"partial",62,50.4,3.2,3.4,10.5,6.6,NA,NA,"green",13.3,11.9,2,2,2,2,NA,"not original label","","VA.Wise","South",36.879,-82.574,19.17
"606641","c",0.074852989875154,0.0250255564879495,0.0603208273018548,0.0228946900257089,0.0778591229765625,0.0255065046039467,0.0971882383032634,0.0303882085067136,0.155349642390899,0.0467808838086693,0.074852989875154,0.0250255564879495,69.8660161381122,2511,"Setophaga caerulescens","12-Jun-88",12,"Jun",88,"Jefferson Nat'l Forest, 4mi SE Norton, Bark Camp Branch; 920m","Wise","VA","GRG","U","T-479-a,b","M","SY","8x7, NA",9.5,"partial",60.8,52.5,NA,NA,NA,NA,NA,NA,"green",10.3,12.6,2,2,2,2,NA,"not original label; upper bill is broken","","VA.Wise","South",36.879,-82.574,18.85
"606641","m",0.0723126605540076,0.0111735834231842,0.0688356364911159,0.0107215563597136,0.0736087595727751,0.0126057405381858,0.0849136471037742,0.015861638976836,0.100674230523384,0.0136908106414943,0.0723126605540076,0.0111735834231842,24.5922311878401,2511,"Setophaga caerulescens","12-Jun-88",12,"Jun",88,"Jefferson Nat'l Forest, 4mi SE Norton, Bark Camp Branch; 920m","Wise","VA","GRG","U","T-479-a,b","M","SY","8x7, NA",9.5,"partial",60.8,52.5,NA,NA,NA,NA,NA,NA,"green",10.3,12.6,2,2,2,2,NA,"not original label; upper bill is broken","","VA.Wise","South",36.879,-82.574,18.85
"606641","o",0.10987064873438,0.0355602262030927,0.120320936006856,0.0394971195223134,0.110154436359575,0.0362560083723742,0.099371257978112,0.0264492021260557,0.110464709567651,0.0217446076865018,0.10987064873438,0.0355602262030927,2.83580409082379,2511,"Setophaga caerulescens","12-Jun-88",12,"Jun",88,"Jefferson Nat'l Forest, 4mi SE Norton, Bark Camp Branch; 920m","Wise","VA","GRG","U","T-479-a,b","M","SY","8x7, NA",9.5,"partial",60.8,52.5,NA,NA,NA,NA,NA,NA,"green",10.3,12.6,2,2,2,2,NA,"not original label; upper bill is broken","","VA.Wise","South",36.879,-82.574,18.85
"606641","t",0.0557554811939654,0.0121038912374582,0.0521174965306107,0.0136211065879278,0.0573402045014142,0.012850941481325,0.067841618866896,0.0125115560318844,0.071175938171305,0.0106325699812527,0.0557554811939654,0.0121038912374582,54.6136235691499,2511,"Setophaga caerulescens","12-Jun-88",12,"Jun",88,"Jefferson Nat'l Forest, 4mi SE Norton, Bark Camp Branch; 920m","Wise","VA","GRG","U","T-479-a,b","M","SY","8x7, NA",9.5,"partial",60.8,52.5,NA,NA,NA,NA,NA,NA,"green",10.3,12.6,2,2,2,2,NA,"not original label; upper bill is broken","","VA.Wise","South",36.879,-82.574,18.85
"606641","w",0.287654806052631,0.0980112213533415,0.291013009239843,0.0965778349077222,0.288302360531426,0.0990277666426839,0.266131489084383,0.0893485296020977,0.322818033377051,0.0862850954301634,0.287654806052631,0.0980112213533415,21.2902983674235,2511,"Setophaga caerulescens","12-Jun-88",12,"Jun",88,"Jefferson Nat'l Forest, 4mi SE Norton, Bark Camp Branch; 920m","Wise","VA","GRG","U","T-479-a,b","M","SY","8x7, NA",9.5,"partial",60.8,52.5,NA,NA,NA,NA,NA,NA,"green",10.3,12.6,2,2,2,2,NA,"not original label; upper bill is broken","","VA.Wise","South",36.879,-82.574,18.85
"606642","c",0.0648102796330007,0.023257153895344,0.0547354998692406,0.0214526396617453,0.0686833669723628,0.0252795797032401,0.0781378902450934,0.0249682759883292,0.117735034681333,0.035728386219416,0.0648102796330007,0.023257153895344,65.1904672546444,2512,"Setophaga caerulescens","12-Jun-88",12,"Jun",88,"Jefferson Nat'l Forest, 4.5mi SE Norton, Bark Camp Branch; 920m","Wise","VA","GRG","JPA","T-480-a,b","M","ASY","8x6",9,"partial",63.4,53,3,4.1,10.8,6.8,NA,NA,"blue",13.6,14.9,2,2,2,2,NA,"Not original label","","VA.Wise","South",36.87043,-82.525983,18.99
"606642","m",0.0594470145593136,0.0129372194291034,0.051770245811925,0.010408599909023,0.0611914285665751,0.014256433188524,0.0786259416003068,0.0184938147542329,0.0965122840821786,0.0160786086307795,0.0594470145593136,0.0129372194291034,24.5049102395697,2512,"Setophaga caerulescens","12-Jun-88",12,"Jun",88,"Jefferson Nat'l Forest, 4.5mi SE Norton, Bark Camp Branch; 920m","Wise","VA","GRG","JPA","T-480-a,b","M","ASY","8x6",9,"partial",63.4,53,3,4.1,10.8,6.8,NA,NA,"blue",13.6,14.9,2,2,2,2,NA,"Not original label","","VA.Wise","South",36.87043,-82.525983,18.99
"606642","o",0.0618617367914657,0.011837449870055,0.0600176198735155,0.01413239512219,0.0630618450612271,0.0124059820746654,0.0729422510942045,0.0106133315757639,0.0878829201064404,0.0105396780878893,0.0618617367914657,0.011837449870055,3.69450178269844,2512,"Setophaga caerulescens","12-Jun-88",12,"Jun",88,"Jefferson Nat'l Forest, 4.5mi SE Norton, Bark Camp Branch; 920m","Wise","VA","GRG","JPA","T-480-a,b","M","ASY","8x6",9,"partial",63.4,53,3,4.1,10.8,6.8,NA,NA,"blue",13.6,14.9,2,2,2,2,NA,"Not original label","","VA.Wise","South",36.87043,-82.525983,18.99
"606642","t",0.0386789702824971,0.00926091523292421,0.0341994593541672,0.0110559899578685,0.0404198291525883,0.0102016350582519,0.0533493467726566,0.0109589358938301,0.0578658628819425,0.00849629787984615,0.0386789702824971,0.00926091523292421,78.3644210921374,2512,"Setophaga caerulescens","12-Jun-88",12,"Jun",88,"Jefferson Nat'l Forest, 4.5mi SE Norton, Bark Camp Branch; 920m","Wise","VA","GRG","JPA","T-480-a,b","M","ASY","8x6",9,"partial",63.4,53,3,4.1,10.8,6.8,NA,NA,"blue",13.6,14.9,2,2,2,2,NA,"Not original label","","VA.Wise","South",36.87043,-82.525983,18.99
"606642","w",0.427715648082387,0.147370678579317,0.430346595138069,0.151453410209738,0.430487940176318,0.148936266320327,0.37705220691201,0.117392430463596,0.471621374198687,0.122972780406092,0.427715648082387,0.147370678579317,29.1056483392757,2512,"Setophaga caerulescens","12-Jun-88",12,"Jun",88,"Jefferson Nat'l Forest, 4.5mi SE Norton, Bark Camp Branch; 920m","Wise","VA","GRG","JPA","T-480-a,b","M","ASY","8x6",9,"partial",63.4,53,3,4.1,10.8,6.8,NA,NA,"blue",13.6,14.9,2,2,2,2,NA,"Not original label","","VA.Wise","South",36.87043,-82.525983,18.99
"606643","c",0.0507800251719007,0.0164823341897292,0.0420331658233327,0.0146373721004978,0.0546956254563723,0.0176132420051954,0.0624363593081311,0.021252289285614,0.0928320699282615,0.0302111523655769,0.0507800251719007,0.0164823341897292,88.5531994745731,2513,"Setophaga caerulescens","12-Jun-88",12,"Jun",88,"Jefferson Nat'l Forest, 4.5mi SE Norton, Bark Camp Branch; 920m","Wise","VA","GRG","JPA","T-481-a,b","M","ASY","6x5, 5x4",9.5,"partial",62.6,54.4,3.1,3.9,10.4,7,18.6,NA,"blue",12.5,14,2,2,2,2,NA,"Not original label","","VA.Wise","South",36.87043,-82.525983,19.17
"606643","m",0.0658967566802808,0.0158892460212869,0.0582676335987455,0.012600890819544,0.0675233668660069,0.0183858411490385,0.0848589403787881,0.0233937850726177,0.106285216983782,0.0130640016220509,0.0658967566802808,0.0158892460212869,24.7718771501845,2513,"Setophaga caerulescens","12-Jun-88",12,"Jun",88,"Jefferson Nat'l Forest, 4.5mi SE Norton, Bark Camp Branch; 920m","Wise","VA","GRG","JPA","T-481-a,b","M","ASY","6x5, 5x4",9.5,"partial",62.6,54.4,3.1,3.9,10.4,7,18.6,NA,"blue",12.5,14,2,2,2,2,NA,"Not original label","","VA.Wise","South",36.87043,-82.525983,19.17
"606643","o",0.0698085980948338,0.0144614114072311,0.0699032390605426,0.0171837659837149,0.0708503085073054,0.0153041415129817,0.0772666486406596,0.0118060953635761,0.0908713753479977,0.00966113696549989,0.0698085980948338,0.0144614114072311,2.03039969975605,2513,"Setophaga caerulescens","12-Jun-88",12,"Jun",88,"Jefferson Nat'l Forest, 4.5mi SE Norton, Bark Camp Branch; 920m","Wise","VA","GRG","JPA","T-481-a,b","M","ASY","6x5, 5x4",9.5,"partial",62.6,54.4,3.1,3.9,10.4,7,18.6,NA,"blue",12.5,14,2,2,2,2,NA,"Not original label","","VA.Wise","South",36.87043,-82.525983,19.17
"606643","t",0.0425068468825033,0.0080197104463505,0.0388428910944527,0.00907434785039624,0.0439918814616644,0.00932966499401239,0.0564295046100245,0.0108586471279156,0.0627840365730741,0.00835844046265386,0.0425068468825033,0.0080197104463505,111.166072433853,2513,"Setophaga caerulescens","12-Jun-88",12,"Jun",88,"Jefferson Nat'l Forest, 4.5mi SE Norton, Bark Camp Branch; 920m","Wise","VA","GRG","JPA","T-481-a,b","M","ASY","6x5, 5x4",9.5,"partial",62.6,54.4,3.1,3.9,10.4,7,18.6,NA,"blue",12.5,14,2,2,2,2,NA,"Not original label","","VA.Wise","South",36.87043,-82.525983,19.17
"606643","w",0.43053135726585,0.138408636192752,0.434046720200078,0.141235738130137,0.434568068678918,0.141107175656647,0.376152890135354,0.114898765257453,0.460801516444678,0.122098269213838,0.43053135726585,0.138408636192752,26.3088759617189,2513,"Setophaga caerulescens","12-Jun-88",12,"Jun",88,"Jefferson Nat'l Forest, 4.5mi SE Norton, Bark Camp Branch; 920m","Wise","VA","GRG","JPA","T-481-a,b","M","ASY","6x5, 5x4",9.5,"partial",62.6,54.4,3.1,3.9,10.4,7,18.6,NA,"blue",12.5,14,2,2,2,2,NA,"Not original label","","VA.Wise","South",36.87043,-82.525983,19.17
"606647","c",0.081234501791734,0.0305108361655616,0.0663418209505513,0.0246002011990532,0.0848910494571069,0.0331866218122164,0.102047120931411,0.0393048150737197,0.175460579652963,0.0516018530732304,0.081234501791734,0.0305108361655616,57.7038844060799,2517,"Setophaga caerulescens","13-Jun-88",13,"Jun",88,"Stoney Creek, 10mi NE Pembroke, Jefferson Nat'l Forest; 800m","Giles","VA","GRG","JPA","485-a,b","M","ASY","NA, 5x5",8.5,"partial",64.8,53.4,2.8,4.2,10.9,7.2,NA,NA,"blue",13.6,14.6,2,2,2,2,NA,"not original tag","","VA.Giles","South",37.37291,-80.57508,NA
"606647","m",0.0597109368832352,0.00927507596913928,0.0528506077250737,0.00800215785859605,0.0615486991666735,0.00993390173962259,0.0768786022033556,0.0129899746934017,0.0980814475924443,0.0151844587963519,0.0597109368832352,0.00927507596913928,24.8634515543879,2517,"Setophaga caerulescens","13-Jun-88",13,"Jun",88,"Stoney Creek, 10mi NE Pembroke, Jefferson Nat'l Forest; 800m","Giles","VA","GRG","JPA","485-a,b","M","ASY","NA, 5x5",8.5,"partial",64.8,53.4,2.8,4.2,10.9,7.2,NA,NA,"blue",13.6,14.6,2,2,2,2,NA,"not original tag","","VA.Giles","South",37.37291,-80.57508,NA
"606647","o",0.0643533974215909,0.0248129785572978,0.0637383162369076,0.0279718658350482,0.0656537654601548,0.0252964922531052,0.0721103499742154,0.0184531062289992,0.0825646457222696,0.0126238371663302,0.0643533974215909,0.0248129785572978,9.38037155188591,2517,"Setophaga caerulescens","13-Jun-88",13,"Jun",88,"Stoney Creek, 10mi NE Pembroke, Jefferson Nat'l Forest; 800m","Giles","VA","GRG","JPA","485-a,b","M","ASY","NA, 5x5",8.5,"partial",64.8,53.4,2.8,4.2,10.9,7.2,NA,NA,"blue",13.6,14.6,2,2,2,2,NA,"not original tag","","VA.Giles","South",37.37291,-80.57508,NA
"606647","t",0.0436942963653685,0.00776931875196642,0.0388555099065144,0.00901662458672044,0.0456100031399631,0.00884344488877141,0.0576696069389684,0.00961165780359319,0.0627251286694765,0.00814252988476789,0.0436942963653685,0.00776931875196642,126.919121786451,2517,"Setophaga caerulescens","13-Jun-88",13,"Jun",88,"Stoney Creek, 10mi NE Pembroke, Jefferson Nat'l Forest; 800m","Giles","VA","GRG","JPA","485-a,b","M","ASY","NA, 5x5",8.5,"partial",64.8,53.4,2.8,4.2,10.9,7.2,NA,NA,"blue",13.6,14.6,2,2,2,2,NA,"not original tag","","VA.Giles","South",37.37291,-80.57508,NA
"606647","w",0.476437574429929,0.130929761651596,0.491996600800861,0.136779255298553,0.483684512373439,0.134211236918003,0.395582789368056,0.0995561976650234,0.400259150305523,0.0825748551664332,0.476437574429929,0.130929761651596,47.145055357478,2517,"Setophaga caerulescens","13-Jun-88",13,"Jun",88,"Stoney Creek, 10mi NE Pembroke, Jefferson Nat'l Forest; 800m","Giles","VA","GRG","JPA","485-a,b","M","ASY","NA, 5x5",8.5,"partial",64.8,53.4,2.8,4.2,10.9,7.2,NA,NA,"blue",13.6,14.6,2,2,2,2,NA,"not original tag","","VA.Giles","South",37.37291,-80.57508,NA
"606654","c",0.0897284997681386,0.0321887500538539,0.0722174924350311,0.031898579041386,0.093641101073443,0.0350854192564671,0.112686877349001,0.0317562329901802,0.186951612032349,0.0512414494773621,0.0897284997681386,0.0321887500538539,45.041095890411,2524,"Setophaga caerulescens","13-Jun-88",13,"Jun",88,"Stoney Creek, 12mi NE Pembroke, Jefferson Nat'l Forest; 850m","Giles","VA","GRG","JPA","492-a,b","M","ASY","6x5, NA",9,"partial",64.2,54.4,3.1,4.1,10.9,6.7,NA,NA,"blue",11.9,14.4,2,2,2,2,NA,"not original tag","","VA.Giles","South",37.37291,-80.57508,19.6
"606654","m",0.0450873836116602,0.0146111300791059,0.0356409536536294,0.0136132319448466,0.0487559405838272,0.0156695300447336,0.0621426857260408,0.0178217203885739,NA,NA,0.0450873836116602,0.0146111300791059,24.5459435791581,2524,"Setophaga caerulescens","13-Jun-88",13,"Jun",88,"Stoney Creek, 12mi NE Pembroke, Jefferson Nat'l Forest; 850m","Giles","VA","GRG","JPA","492-a,b","M","ASY","6x5, NA",9,"partial",64.2,54.4,3.1,4.1,10.9,6.7,NA,NA,"blue",11.9,14.4,2,2,2,2,NA,"not original tag","","VA.Giles","South",37.37291,-80.57508,19.6
"606654","o",0.06561391728949,0.017254270945728,0.063037133730123,0.0199768338418457,0.067267552465103,0.0175375047036258,0.0754357452944191,0.0141230277358039,0.0853042709919371,0.0105353139065295,0.06561391728949,0.017254270945728,2.00788140364046,2524,"Setophaga caerulescens","13-Jun-88",13,"Jun",88,"Stoney Creek, 12mi NE Pembroke, Jefferson Nat'l Forest; 850m","Giles","VA","GRG","JPA","492-a,b","M","ASY","6x5, NA",9,"partial",64.2,54.4,3.1,4.1,10.9,6.7,NA,NA,"blue",11.9,14.4,2,2,2,2,NA,"not original tag","","VA.Giles","South",37.37291,-80.57508,19.6
"606654","t",0.0391041626063781,0.0059460602953847,0.0340910267347574,0.00703372312224041,0.0406069642926109,0.00743776430397557,0.0552618690764879,0.0102057673975488,0.0570396484795608,0.00725328353355494,0.0391041626063781,0.0059460602953847,120.411334209045,2524,"Setophaga caerulescens","13-Jun-88",13,"Jun",88,"Stoney Creek, 12mi NE Pembroke, Jefferson Nat'l Forest; 850m","Giles","VA","GRG","JPA","492-a,b","M","ASY","6x5, NA",9,"partial",64.2,54.4,3.1,4.1,10.9,6.7,NA,NA,"blue",11.9,14.4,2,2,2,2,NA,"not original tag","","VA.Giles","South",37.37291,-80.57508,19.6
"606654","w",0.455591627831526,0.125647104328861,0.455167625144226,0.129048292764979,0.458183506338234,0.126980065754943,0.404469196013517,0.10158697963623,0.51728143544062,0.128739260074757,0.455591627831526,0.125647104328861,26.3351473071871,2524,"Setophaga caerulescens","13-Jun-88",13,"Jun",88,"Stoney Creek, 12mi NE Pembroke, Jefferson Nat'l Forest; 850m","Giles","VA","GRG","JPA","492-a,b","M","ASY","6x5, NA",9,"partial",64.2,54.4,3.1,4.1,10.9,6.7,NA,NA,"blue",11.9,14.4,2,2,2,2,NA,"not original tag","","VA.Giles","South",37.37291,-80.57508,19.6
"606655","c",0.0586815575146316,0.0173689831775155,0.0483850957011979,0.0143320377314678,0.0629704006701888,0.0183272176374273,0.0712944994988762,0.0240735812680623,0.11612075648748,0.0375490544924864,0.0586815575146316,0.0173689831775155,68.0848189153687,2525,"Setophaga caerulescens","11-Jun-88",11,"Jun",88,"Bark Camp Branch, 4mi SE Norton, Jefferson Nat'l Forest; 920m","Wise","VA","GRG","JPA","T-493-a,b","M","ASY","4x5",8.5,"partial",64.1,54.4,2.9,3.9,10.8,6.5,NA,NA,"blue",16.4,18.8,2,2,2,2,NA,"Not original label","","VA.Wise","South",36.87043,-82.525983,18.58
"606655","m",0.050829434733639,0.0126508498867708,0.04572738069278,0.0109615428893279,0.0521772901060561,0.0140436614560249,0.0673554148348783,0.015722894207271,0.0805462300552966,0.0161212200819422,0.050829434733639,0.0126508498867708,25.6898730218302,2525,"Setophaga caerulescens","11-Jun-88",11,"Jun",88,"Bark Camp Branch, 4mi SE Norton, Jefferson Nat'l Forest; 920m","Wise","VA","GRG","JPA","T-493-a,b","M","ASY","4x5",8.5,"partial",64.1,54.4,2.9,3.9,10.8,6.5,NA,NA,"blue",16.4,18.8,2,2,2,2,NA,"Not original label","","VA.Wise","South",36.87043,-82.525983,18.58
"606655","o",0.0750436292580721,0.0266987624406221,0.0744442243769078,0.0299176109740192,0.0761009590143547,0.0270457140724361,0.0831252180718737,0.0207859228395244,0.0909973329765228,0.0111285955503636,0.0750436292580721,0.0266987624406221,3.51660724338525,2525,"Setophaga caerulescens","11-Jun-88",11,"Jun",88,"Bark Camp Branch, 4mi SE Norton, Jefferson Nat'l Forest; 920m","Wise","VA","GRG","JPA","T-493-a,b","M","ASY","4x5",8.5,"partial",64.1,54.4,2.9,3.9,10.8,6.5,NA,NA,"blue",16.4,18.8,2,2,2,2,NA,"Not original label","","VA.Wise","South",36.87043,-82.525983,18.58
"606655","t",0.0412165143411355,0.00992737827575403,0.0371229401045519,0.0110189477345453,0.0427107671886711,0.0108776189343009,0.0556511645939502,0.0115257990860754,0.0614664650302442,0.00926466694908106,0.0412165143411355,0.00992737827575403,110.334396697317,2525,"Setophaga caerulescens","11-Jun-88",11,"Jun",88,"Bark Camp Branch, 4mi SE Norton, Jefferson Nat'l Forest; 920m","Wise","VA","GRG","JPA","T-493-a,b","M","ASY","4x5",8.5,"partial",64.1,54.4,2.9,3.9,10.8,6.5,NA,NA,"blue",16.4,18.8,2,2,2,2,NA,"Not original label","","VA.Wise","South",36.87043,-82.525983,18.58
"606655","w",0.456263958263105,0.132807103988376,0.467780396818968,0.137811462776331,0.461285116126673,0.135782211171452,0.387773233505741,0.102891101569675,0.43184282691739,0.0958363149422483,0.456263958263105,0.132807103988376,63.0039407018202,2525,"Setophaga caerulescens","11-Jun-88",11,"Jun",88,"Bark Camp Branch, 4mi SE Norton, Jefferson Nat'l Forest; 920m","Wise","VA","GRG","JPA","T-493-a,b","M","ASY","4x5",8.5,"partial",64.1,54.4,2.9,3.9,10.8,6.5,NA,NA,"blue",16.4,18.8,2,2,2,2,NA,"Not original label","","VA.Wise","South",36.87043,-82.525983,18.58
"606656","c",0.0585202588559235,0.0251898260935727,0.0476671094471681,0.0228593328904711,0.062215034825663,0.0266881603879434,0.0737645231268143,0.0296875277160447,0.11599639299867,0.044549132863314,0.0585202588559235,0.0251898260935727,65.1747044473635,2526,"Setophaga caerulescens","11-Jun-88",11,"Jun",88,"Bark Camp Branch, 4mi SE Norton, Jefferson Nat'l Forest; 920m","Wise","VA","GRG","JPA","T-494-a,b","M","ASY","7.5x5.5",10,"partial",62.1,54.9,3.2,3.5,10.9,6.4,NA,NA,"blue",16.8,16.4,2,2,2,2,NA,"Not original label","","VA.Wise","South",36.87043,-82.525983,18.38
"606656","m",0.0385448235738073,0.0064120446793079,0.0344794452441595,0.00658518786525472,0.0394679557673516,0.00770696503852671,0.0557771081147454,0.0105233645512966,0.0662002848808059,0.00951572886522342,0.0385448235738073,0.0064120446793079,25.0923875648965,2526,"Setophaga caerulescens","11-Jun-88",11,"Jun",88,"Bark Camp Branch, 4mi SE Norton, Jefferson Nat'l Forest; 920m","Wise","VA","GRG","JPA","T-494-a,b","M","ASY","7.5x5.5",10,"partial",62.1,54.9,3.2,3.5,10.9,6.4,NA,NA,"blue",16.8,16.4,2,2,2,2,NA,"Not original label","","VA.Wise","South",36.87043,-82.525983,18.38
"606656","o",0.0686850782936084,0.0197618627438275,0.0678524438450208,0.0226551848658231,0.0696403094513869,0.0205211713129618,0.0781889089898663,0.0158370016390706,0.0903226593053106,0.0126857479338353,0.0686850782936084,0.0197618627438275,3.24113342090449,2526,"Setophaga caerulescens","11-Jun-88",11,"Jun",88,"Bark Camp Branch, 4mi SE Norton, Jefferson Nat'l Forest; 920m","Wise","VA","GRG","JPA","T-494-a,b","M","ASY","7.5x5.5",10,"partial",62.1,54.9,3.2,3.5,10.9,6.4,NA,NA,"blue",16.8,16.4,2,2,2,2,NA,"Not original label","","VA.Wise","South",36.87043,-82.525983,18.38
"606656","t",0.0456481160148762,0.00965928649621165,0.041614863189751,0.0112202713338616,0.0469920048295183,0.0106971954114127,0.0602871634923478,0.0112255405288977,0.0657605276940241,0.0104830429452754,0.0456481160148762,0.00965928649621165,105.93432163633,2526,"Setophaga caerulescens","11-Jun-88",11,"Jun",88,"Bark Camp Branch, 4mi SE Norton, Jefferson Nat'l Forest; 920m","Wise","VA","GRG","JPA","T-494-a,b","M","ASY","7.5x5.5",10,"partial",62.1,54.9,3.2,3.5,10.9,6.4,NA,NA,"blue",16.8,16.4,2,2,2,2,NA,"Not original label","","VA.Wise","South",36.87043,-82.525983,18.38
"606656","w",0.513222893251815,0.119644737487259,0.526460519696721,0.127104387756477,0.518676566604384,0.123182123993048,0.429422526336527,0.0887909872800292,0.468562509991619,0.0886854783071941,0.513222893251815,0.119644737487259,56.6462750985175,2526,"Setophaga caerulescens","11-Jun-88",11,"Jun",88,"Bark Camp Branch, 4mi SE Norton, Jefferson Nat'l Forest; 920m","Wise","VA","GRG","JPA","T-494-a,b","M","ASY","7.5x5.5",10,"partial",62.1,54.9,3.2,3.5,10.9,6.4,NA,NA,"blue",16.8,16.4,2,2,2,2,NA,"Not original label","","VA.Wise","South",36.87043,-82.525983,18.38
"606657","c",0.061811466007668,0.022777094166252,0.0498190659063271,0.0211237526225592,0.0656848073798126,0.0244475956697651,0.0782905939179093,0.0248383859185442,0.12515919694486,0.0460017544081647,0.061811466007668,0.022777094166252,73.9823606680428,2527,"Setophaga caerulescens","11-Jun-88",11,"Jun",88,"Bark Camp Branch, 4mi SE Norton, Jefferson Nat'l Forest; 920m","Wise","VA","GRG","JPA","T-495-a,b","M","ASY","5x5",9.5,"partial",63.8,52,2.9,3.7,10.5,6.9,NA,NA,"blue",16.8,14.1,2,2,2,2,NA,"Not original label","","VA.Wise","South",36.87043,-82.525983,19.32
"606657","m",0.0531374416120299,0.0140907642566301,0.0470649579627725,0.011765505121843,0.0544316191305807,0.0158769281476272,0.0713056642281118,0.0194550849986665,0.085612788890003,0.0192020322534404,0.0531374416120299,0.0140907642566301,24.9998123475324,2527,"Setophaga caerulescens","11-Jun-88",11,"Jun",88,"Bark Camp Branch, 4mi SE Norton, Jefferson Nat'l Forest; 920m","Wise","VA","GRG","JPA","T-495-a,b","M","ASY","5x5",9.5,"partial",63.8,52,2.9,3.7,10.5,6.9,NA,NA,"blue",16.8,14.1,2,2,2,2,NA,"Not original label","","VA.Wise","South",36.87043,-82.525983,19.32
"606657","o",0.0666903209889199,0.0175603266102027,0.0645919410817155,0.0197068057184047,0.0679131362342858,0.01825734023468,0.0774374444340263,0.0147250558277792,0.0905887611353086,0.01716348132948,0.0666903209889199,0.0175603266102027,9.45618314880841,2527,"Setophaga caerulescens","11-Jun-88",11,"Jun",88,"Bark Camp Branch, 4mi SE Norton, Jefferson Nat'l Forest; 920m","Wise","VA","GRG","JPA","T-495-a,b","M","ASY","5x5",9.5,"partial",63.8,52,2.9,3.7,10.5,6.9,NA,NA,"blue",16.8,14.1,2,2,2,2,NA,"Not original label","","VA.Wise","South",36.87043,-82.525983,19.32
"606657","t",0.0408487813227429,0.00722738652448426,0.0363649335448566,0.00852886271919304,0.0424236837541293,0.00859500291999814,0.0554558558384721,0.0106684999236895,0.0560556097021878,0.00944173231804887,0.0408487813227429,0.00722738652448426,106.264589979358,2527,"Setophaga caerulescens","11-Jun-88",11,"Jun",88,"Bark Camp Branch, 4mi SE Norton, Jefferson Nat'l Forest; 920m","Wise","VA","GRG","JPA","T-495-a,b","M","ASY","5x5",9.5,"partial",63.8,52,2.9,3.7,10.5,6.9,NA,NA,"blue",16.8,14.1,2,2,2,2,NA,"Not original label","","VA.Wise","South",36.87043,-82.525983,19.32
"606657","w",0.452223640621636,0.114086254010011,0.454294669127048,0.119729199356364,0.454027674217736,0.116127197009284,0.401755260750888,0.0873044822329834,0.486993022716537,0.0913289719664617,0.452223640621636,0.114086254010011,61.6003002439482,2527,"Setophaga caerulescens","11-Jun-88",11,"Jun",88,"Bark Camp Branch, 4mi SE Norton, Jefferson Nat'l Forest; 920m","Wise","VA","GRG","JPA","T-495-a,b","M","ASY","5x5",9.5,"partial",63.8,52,2.9,3.7,10.5,6.9,NA,NA,"blue",16.8,14.1,2,2,2,2,NA,"Not original label","","VA.Wise","South",36.87043,-82.525983,19.32
"606662","c",0.0710251780886377,0.0215009654373135,0.0607297404202624,0.0224977843882221,0.0750093886995846,0.0224536010210217,0.0843578890193011,0.0225322827993097,0.122133435784408,0.0436138997553943,0.0710251780886377,0.0215009654373135,60.1606305122912,2532,"Setophaga caerulescens","13-Jun-88",13,"Jun",88,"Stoney Creek, 10mi NE Pembroke, Jefferson Nat'l Forest; 850m","Giles","VA","GRG","JPA","500-a,b","M","SY","5x5",9.5,"partial",62.6,51.8,3,3.7,11.2,7,NA,NA,"green",12.4,14.9,2,2,2,2,NA,"not original tag; testes mushy","","VA.Giles","South",37.37291,-80.57508,19.03
"606662","m",0.0661126944407108,0.0184363642355346,0.0610315923729548,0.0154450104655961,0.068094101573177,0.0209273994808682,0.0797039163480841,0.0223006291501175,0.103352975815917,0.0162585229670933,0.0661126944407108,0.0184363642355346,26.0146368924751,2532,"Setophaga caerulescens","13-Jun-88",13,"Jun",88,"Stoney Creek, 10mi NE Pembroke, Jefferson Nat'l Forest; 850m","Giles","VA","GRG","JPA","500-a,b","M","SY","5x5",9.5,"partial",62.6,51.8,3,3.7,11.2,7,NA,NA,"green",12.4,14.9,2,2,2,2,NA,"not original tag; testes mushy","","VA.Giles","South",37.37291,-80.57508,19.03
"606662","o",0.0808438370430247,0.030950232320777,0.0856139395225996,0.0372109001866021,0.0821157941138232,0.0316104205776299,0.0788178259642389,0.0193822960719608,0.0905029377144242,0.0123187959021535,0.0808438370430247,0.030950232320777,4.90448489397636,2532,"Setophaga caerulescens","13-Jun-88",13,"Jun",88,"Stoney Creek, 10mi NE Pembroke, Jefferson Nat'l Forest; 850m","Giles","VA","GRG","JPA","500-a,b","M","SY","5x5",9.5,"partial",62.6,51.8,3,3.7,11.2,7,NA,NA,"green",12.4,14.9,2,2,2,2,NA,"not original tag; testes mushy","","VA.Giles","South",37.37291,-80.57508,19.03
"606662","t",0.048899716106528,0.0101581467032397,0.0454979463319735,0.0129050236952788,0.0502335934565749,0.010928373686215,0.062137454866428,0.0100004907533164,0.062828333240107,0.0081308002069007,0.048899716106528,0.0101581467032397,116.490148245449,2532,"Setophaga caerulescens","13-Jun-88",13,"Jun",88,"Stoney Creek, 10mi NE Pembroke, Jefferson Nat'l Forest; 850m","Giles","VA","GRG","JPA","500-a,b","M","SY","5x5",9.5,"partial",62.6,51.8,3,3.7,11.2,7,NA,NA,"green",12.4,14.9,2,2,2,2,NA,"not original tag; testes mushy","","VA.Giles","South",37.37291,-80.57508,19.03
"606662","w",0.37651048500253,0.112093111537681,0.388570723741002,0.117967071668493,0.380577643360794,0.114929891927878,0.323010473096937,0.0879714442599481,0.361976776307701,0.0853107464856951,0.37651048500253,0.112093111537681,30.1092137361606,2532,"Setophaga caerulescens","13-Jun-88",13,"Jun",88,"Stoney Creek, 10mi NE Pembroke, Jefferson Nat'l Forest; 850m","Giles","VA","GRG","JPA","500-a,b","M","SY","5x5",9.5,"partial",62.6,51.8,3,3.7,11.2,7,NA,NA,"green",12.4,14.9,2,2,2,2,NA,"not original tag; testes mushy","","VA.Giles","South",37.37291,-80.57508,19.03
"606663","c",0.0712313317576981,0.0288347886246744,0.0590663114638001,0.0254378346806869,0.0759984857050152,0.0317755641343945,0.0845885080975827,0.0315055669261323,0.126708506102876,0.0414678188165344,0.0712313317576981,0.0288347886246744,53.0921373616063,2533,"Setophaga caerulescens","13-Jun-88",13,"Jun",88,"Stoney Creek, 10mi NE Pembroke, Jefferson Nat'l Forest; 850m","Giles","VA","GRG","JPA","501-a,b","M","ASY","7x6",9.5,"partial",62.9,53.8,3.3,4.2,10.6,7.2,NA,NA,"blue",11.9,13.9,2,2,2,2,NA,"not original tag","","VA.Giles","South",37.37291,-80.57508,19.31
"606663","m",0.0455493543271886,0.0118124652129268,0.0405535746018686,0.0107526946880467,0.0468501502657227,0.0136124192134471,0.0623552440849517,0.0157636298407418,0.0733001816372019,0.0145293555612503,0.0455493543271886,0.0118124652129268,24.6355163570401,2533,"Setophaga caerulescens","13-Jun-88",13,"Jun",88,"Stoney Creek, 10mi NE Pembroke, Jefferson Nat'l Forest; 850m","Giles","VA","GRG","JPA","501-a,b","M","ASY","7x6",9.5,"partial",62.9,53.8,3.3,4.2,10.6,7.2,NA,NA,"blue",11.9,13.9,2,2,2,2,NA,"not original tag","","VA.Giles","South",37.37291,-80.57508,19.31
"606663","o",0.0699842347821859,0.0128573016802706,0.0690662596221036,0.0153691781261538,0.0708806359518596,0.0134248046136034,0.0794851963058423,0.0107673083330256,0.0948026708667708,0.00928168866219271,0.0699842347821859,0.0128573016802706,3.75004691311691,2533,"Setophaga caerulescens","13-Jun-88",13,"Jun",88,"Stoney Creek, 10mi NE Pembroke, Jefferson Nat'l Forest; 850m","Giles","VA","GRG","JPA","501-a,b","M","ASY","7x6",9.5,"partial",62.9,53.8,3.3,4.2,10.6,7.2,NA,NA,"blue",11.9,13.9,2,2,2,2,NA,"not original tag","","VA.Giles","South",37.37291,-80.57508,19.31
"606663","t",0.041326813556671,0.00679167191963481,0.0362415152206909,0.0076698162929494,0.0428978026075384,0.00848434447419849,0.0572185073195426,0.0114680569225902,0.0641266488459488,0.00787091637124454,0.041326813556671,0.00679167191963481,151.115781572528,2533,"Setophaga caerulescens","13-Jun-88",13,"Jun",88,"Stoney Creek, 10mi NE Pembroke, Jefferson Nat'l Forest; 850m","Giles","VA","GRG","JPA","501-a,b","M","ASY","7x6",9.5,"partial",62.9,53.8,3.3,4.2,10.6,7.2,NA,NA,"blue",11.9,13.9,2,2,2,2,NA,"not original tag","","VA.Giles","South",37.37291,-80.57508,19.31
"606663","w",0.49068546809468,0.11203667493334,0.494062312792824,0.117846083597919,0.492167908326717,0.11374821895107,0.431742576982134,0.0875095023835952,0.535509250067061,0.0964622484584125,0.49068546809468,0.11203667493334,36.1711390504785,2533,"Setophaga caerulescens","13-Jun-88",13,"Jun",88,"Stoney Creek, 10mi NE Pembroke, Jefferson Nat'l Forest; 850m","Giles","VA","GRG","JPA","501-a,b","M","ASY","7x6",9.5,"partial",62.9,53.8,3.3,4.2,10.6,7.2,NA,NA,"blue",11.9,13.9,2,2,2,2,NA,"not original tag","","VA.Giles","South",37.37291,-80.57508,19.31
"606673","c",0.0677895065207039,0.0306977737739649,0.0550950841410203,0.0254033749101446,0.0720944809603108,0.0327315734610399,0.0834959248409184,0.0360189622371238,0.138475660551559,0.0475369733026228,0.0677895065207039,0.0306977737739649,54.6083693000563,2543,"Setophaga caerulescens","21-Jun-88",21,"Jun",88,"Monogahela Nat'l Forest; 2mi E. Gauley Mills","Webster","WV","GRG","JPA","511-a,b","M","ASY","6.5x5",9.5,"partial",62.3,51.4,3,4,9.8,6.7,NA,NA,"blue",13,11.1,2,2,2,2,NA,"660m elev; not original label","","WV.Webster","Central",38.3614987,-80.5834224,NA
"606673","m",0.052071982415787,0.00698683588615464,0.0485132998267984,0.00607773971364535,0.0538608758279356,0.00756447174774269,0.0650293871468732,0.00942305735613989,0.0643618378530037,0.0131940540758257,0.052071982415787,0.00698683588615464,24.5922311878401,2543,"Setophaga caerulescens","21-Jun-88",21,"Jun",88,"Monogahela Nat'l Forest; 2mi E. Gauley Mills","Webster","WV","GRG","JPA","511-a,b","M","ASY","6.5x5",9.5,"partial",62.3,51.4,3,4,9.8,6.7,NA,NA,"blue",13,11.1,2,2,2,2,NA,"660m elev; not original label","","WV.Webster","Central",38.3614987,-80.5834224,NA
"606673","o",0.0652051511775441,0.0116241979641184,0.0652737336794514,0.0140421434726913,0.0667954632812266,0.0128673514894246,0.0721649542597829,0.0108805337759433,0.0791375002358123,0.0129294675920659,0.0652051511775441,0.0116241979641184,3.4955901670107,2543,"Setophaga caerulescens","21-Jun-88",21,"Jun",88,"Monogahela Nat'l Forest; 2mi E. Gauley Mills","Webster","WV","GRG","JPA","511-a,b","M","ASY","6.5x5",9.5,"partial",62.3,51.4,3,4,9.8,6.7,NA,NA,"blue",13,11.1,2,2,2,2,NA,"660m elev; not original label","","WV.Webster","Central",38.3614987,-80.5834224,NA
"606673","t",0.04472580317787,0.00657548695726759,0.0428329627883335,0.00706896773915894,0.0463033976561867,0.00753685766142845,0.0556142887107597,0.00855347922039195,0.0458933775668362,0.0101990768945379,0.04472580317787,0.00657548695726759,109.516982548321,2543,"Setophaga caerulescens","21-Jun-88",21,"Jun",88,"Monogahela Nat'l Forest; 2mi E. Gauley Mills","Webster","WV","GRG","JPA","511-a,b","M","ASY","6.5x5",9.5,"partial",62.3,51.4,3,4,9.8,6.7,NA,NA,"blue",13,11.1,2,2,2,2,NA,"660m elev; not original label","","WV.Webster","Central",38.3614987,-80.5834224,NA
"606673","w",0.379983983476191,0.0844578852178895,0.383394844734402,0.0892724866297161,0.382641710595177,0.0865428635831949,0.333026499552354,0.0666205114844965,0.420200485452634,0.0804764510832597,0.379983983476191,0.0844578852178895,33.1071495590167,2543,"Setophaga caerulescens","21-Jun-88",21,"Jun",88,"Monogahela Nat'l Forest; 2mi E. Gauley Mills","Webster","WV","GRG","JPA","511-a,b","M","ASY","6.5x5",9.5,"partial",62.3,51.4,3,4,9.8,6.7,NA,NA,"blue",13,11.1,2,2,2,2,NA,"660m elev; not original label","","WV.Webster","Central",38.3614987,-80.5834224,NA
"606674","c",0.0715079676048225,0.0245760543728469,0.0579699591006185,0.0192028852974772,0.0754072384627563,0.0255518368005655,0.089410338244387,0.0336072102651666,0.147302161008943,0.0409440256640086,0.0715079676048225,0.0245760543728469,72.8451867142053,2544,"Setophaga caerulescens","21-Jun-88",21,"Jun",88,"Monogahela Nat'l Forest;Gauley River, 2mi E. Gauley Mills","Webster","WV","GRG","JPA","512-a,b","M","ASY","7x5, 6x5",9,"partial",62.4,50.1,2.8,4.2,10.5,7,NA,NA,"blue",17.5,17.6,2,2,2,2,NA,"660m elev; not original label","","WV.Webster","Central",38.3614987,-80.5834224,NA
"606674","m",0.0673715082655078,0.0158089972826301,0.0607856447911311,0.0127976137380316,0.0693314932707545,0.01784918511154,0.0839547217536381,0.0222577247274671,0.0970018605205048,0.0194281358086561,0.0673715082655078,0.0158089972826301,25.1376743604178,2544,"Setophaga caerulescens","21-Jun-88",21,"Jun",88,"Monogahela Nat'l Forest;Gauley River, 2mi E. Gauley Mills","Webster","WV","GRG","JPA","512-a,b","M","ASY","7x5, 6x5",9,"partial",62.4,50.1,2.8,4.2,10.5,7,NA,NA,"blue",17.5,17.6,2,2,2,2,NA,"660m elev; not original label","","WV.Webster","Central",38.3614987,-80.5834224,NA
"606674","o",0.0719878970604733,0.0151326174739443,0.0722071201783579,0.0174369375538433,0.0737104360521434,0.0161713460319079,0.0779748686758908,0.0140138451679077,0.0846351646910721,0.0129742647701407,0.0719878970604733,0.0151326174739443,4.3677988365547,2544,"Setophaga caerulescens","21-Jun-88",21,"Jun",88,"Monogahela Nat'l Forest;Gauley River, 2mi E. Gauley Mills","Webster","WV","GRG","JPA","512-a,b","M","ASY","7x5, 6x5",9,"partial",62.4,50.1,2.8,4.2,10.5,7,NA,NA,"blue",17.5,17.6,2,2,2,2,NA,"660m elev; not original label","","WV.Webster","Central",38.3614987,-80.5834224,NA
"606674","t",0.047347105188632,0.00905762382326748,0.0453780021365467,0.0096225771055958,0.0491973534263851,0.0098453028337945,0.0570855847004393,0.00979527369529933,0.0479462195582396,0.0113359064407234,0.047347105188632,0.00905762382326748,122.784012009758,2544,"Setophaga caerulescens","21-Jun-88",21,"Jun",88,"Monogahela Nat'l Forest;Gauley River, 2mi E. Gauley Mills","Webster","WV","GRG","JPA","512-a,b","M","ASY","7x5, 6x5",9,"partial",62.4,50.1,2.8,4.2,10.5,7,NA,NA,"blue",17.5,17.6,2,2,2,2,NA,"660m elev; not original label","","WV.Webster","Central",38.3614987,-80.5834224,NA
"606674","w",0.467148789821672,0.110893822951389,0.470531586349121,0.115437351843798,0.467223882106617,0.112478213839749,0.404513054156396,0.0874804988417345,0.512634043242221,0.0996593520743685,0.467148789821672,0.110893822951389,54.9784199662226,2544,"Setophaga caerulescens","21-Jun-88",21,"Jun",88,"Monogahela Nat'l Forest;Gauley River, 2mi E. Gauley Mills","Webster","WV","GRG","JPA","512-a,b","M","ASY","7x5, 6x5",9,"partial",62.4,50.1,2.8,4.2,10.5,7,NA,NA,"blue",17.5,17.6,2,2,2,2,NA,"660m elev; not original label","","WV.Webster","Central",38.3614987,-80.5834224,NA
"606675","c",0.072501508215828,0.0273756352822103,0.0567390578714188,0.0261481382605138,0.0758376651813178,0.028558327130846,0.0956569498761238,0.0296375507697713,0.161912913077163,0.0641078847593042,0.072501508215828,0.0273756352822103,79.4025145430662,2545,"Setophaga caerulescens","21-Jun-88",21,"Jun",88,"Monogahela Nat'l Forest;Gauley River, 2mi E. Gauley Mills","Webster","WV","GRG","JPA","513-a,b","M","ASY","7x5.5",9,"partial",62.2,55.8,3.2,3.8,11.1,7.2,NA,NA,"blue",12.7,14.6,2,2,2,2,NA,"660m elev; not original label","","WV.Webster","Central",38.3614987,-80.5834224,NA
"606675","m",0.0701714518001308,0.00937628048438014,0.0631544328736586,0.00816916531854032,0.0724866743806709,0.0108315593835782,0.0860460855518291,0.0152070346076302,0.106565842001105,0.0142879783361914,0.0701714518001308,0.00937628048438014,24.8181647588666,2545,"Setophaga caerulescens","21-Jun-88",21,"Jun",88,"Monogahela Nat'l Forest;Gauley River, 2mi E. Gauley Mills","Webster","WV","GRG","JPA","513-a,b","M","ASY","7x5.5",9,"partial",62.2,55.8,3.2,3.8,11.1,7.2,NA,NA,"blue",12.7,14.6,2,2,2,2,NA,"660m elev; not original label","","WV.Webster","Central",38.3614987,-80.5834224,NA
"606675","o",0.0667628332220648,0.0146323293496963,0.0681343119395525,0.0169100515339999,0.0682991404222653,0.0154554799597355,0.0716656742174349,0.0117472586272932,0.0753550121318863,0.0145178311865939,0.0667628332220648,0.0146323293496963,5.65284293488459,2545,"Setophaga caerulescens","21-Jun-88",21,"Jun",88,"Monogahela Nat'l Forest;Gauley River, 2mi E. Gauley Mills","Webster","WV","GRG","JPA","513-a,b","M","ASY","7x5.5",9,"partial",62.2,55.8,3.2,3.8,11.1,7.2,NA,NA,"blue",12.7,14.6,2,2,2,2,NA,"660m elev; not original label","","WV.Webster","Central",38.3614987,-80.5834224,NA
"606675","t",0.0466240880467206,0.00730189890141305,0.0445536588494897,0.00832869379048718,0.048495179506344,0.00807270511065879,0.0566111337351477,0.00798759599201163,0.0491849486585058,0.01187250255123,0.0466240880467206,0.00730189890141305,135.828110339651,2545,"Setophaga caerulescens","21-Jun-88",21,"Jun",88,"Monogahela Nat'l Forest;Gauley River, 2mi E. Gauley Mills","Webster","WV","GRG","JPA","513-a,b","M","ASY","7x5.5",9,"partial",62.2,55.8,3.2,3.8,11.1,7.2,NA,NA,"blue",12.7,14.6,2,2,2,2,NA,"660m elev; not original label","","WV.Webster","Central",38.3614987,-80.5834224,NA
"606675","w",0.404706248724799,0.112427282622142,0.418965480881204,0.119480006012292,0.411525481261711,0.114490953674548,0.331791383124125,0.0884028938187476,0.385128812638847,0.0936856290653786,0.404706248724799,0.112427282622142,43.1548132857947,2545,"Setophaga caerulescens","21-Jun-88",21,"Jun",88,"Monogahela Nat'l Forest;Gauley River, 2mi E. Gauley Mills","Webster","WV","GRG","JPA","513-a,b","M","ASY","7x5.5",9,"partial",62.2,55.8,3.2,3.8,11.1,7.2,NA,NA,"blue",12.7,14.6,2,2,2,2,NA,"660m elev; not original label","","WV.Webster","Central",38.3614987,-80.5834224,NA
"606681","c",0.0598121614397745,0.0208013354511723,0.0493529413385685,0.0169008119591097,0.0638322129449212,0.0218042376188133,0.0733532687979496,0.0267776965079135,0.117548359919087,0.0402634653265255,0.0598121614397745,0.0208013354511723,53.1717020078814,2551,"Setophaga caerulescens","19-Jun-88",19,"Jun",88,"Monongahela Nat'l Forest, Shaver's Fork, 1mi N Hwy 92; 1070m","Randolph","WV","GRG","JPA","T-519-a,b","M","ASY","8x5.5",9.5,"partial",64.5,53.6,3.1,3.7,11.1,7,NA,NA,"blue",19.6,20,2,2,2,2,NA,"Not original label","","WV.Randolph","Central",38.63488,-79.88203,19.2
"606681","m",0.0415428719986357,0.00914595960966834,0.0232487189475236,0.00865634733225018,0.0479086692976479,0.00943820060242626,0.0606081276918732,0.0116744320402723,0.0774795290018193,0.014652315659912,0.0415428719986357,0.00914595960966834,26.0178895352474,2551,"Setophaga caerulescens","19-Jun-88",19,"Jun",88,"Monongahela Nat'l Forest, Shaver's Fork, 1mi N Hwy 92; 1070m","Randolph","WV","GRG","JPA","T-519-a,b","M","ASY","8x5.5",9.5,"partial",64.5,53.6,3.1,3.7,11.1,7,NA,NA,"blue",19.6,20,2,2,2,2,NA,"Not original label","","WV.Randolph","Central",38.63488,-79.88203,19.2
"606681","o",0.0600323780761864,0.0172111499067596,0.0572996990588892,0.0194204286987553,0.0612459595095201,0.0176531015142113,0.0725486690152983,0.0150171529663006,0.0888631261441518,0.0160811289723205,0.0600323780761864,0.0172111499067596,11.6862450741227,2551,"Setophaga caerulescens","19-Jun-88",19,"Jun",88,"Monongahela Nat'l Forest, Shaver's Fork, 1mi N Hwy 92; 1070m","Randolph","WV","GRG","JPA","T-519-a,b","M","ASY","8x5.5",9.5,"partial",64.5,53.6,3.1,3.7,11.1,7,NA,NA,"blue",19.6,20,2,2,2,2,NA,"Not original label","","WV.Randolph","Central",38.63488,-79.88203,19.2
"606681","t",0.0452067864402899,0.0134591396137483,0.0415894921352994,0.0167606669716546,0.0467345899346832,0.0141950591990076,0.0585706359855749,0.0124094334193654,0.0623135616943133,0.0115708147689194,0.0452067864402899,0.0134591396137483,118.882341902796,2551,"Setophaga caerulescens","19-Jun-88",19,"Jun",88,"Monongahela Nat'l Forest, Shaver's Fork, 1mi N Hwy 92; 1070m","Randolph","WV","GRG","JPA","T-519-a,b","M","ASY","8x5.5",9.5,"partial",64.5,53.6,3.1,3.7,11.1,7,NA,NA,"blue",19.6,20,2,2,2,2,NA,"Not original label","","WV.Randolph","Central",38.63488,-79.88203,19.2
"606681","w",0.455991929092897,0.115883564648963,0.456785404035725,0.122360203288511,0.457929249933611,0.117264851743766,0.403743492540865,0.0895340464401268,0.49297353058119,0.114887049042678,0.455991929092897,0.115883564648963,62.9131169074873,2551,"Setophaga caerulescens","19-Jun-88",19,"Jun",88,"Monongahela Nat'l Forest, Shaver's Fork, 1mi N Hwy 92; 1070m","Randolph","WV","GRG","JPA","T-519-a,b","M","ASY","8x5.5",9.5,"partial",64.5,53.6,3.1,3.7,11.1,7,NA,NA,"blue",19.6,20,2,2,2,2,NA,"Not original label","","WV.Randolph","Central",38.63488,-79.88203,19.2
"606682","c",0.0643999075179297,0.0213037468575084,0.0542588735330239,0.0218956335309627,0.0680969284714234,0.0225552962293723,0.0784128120304034,0.0204989554133636,0.11894110223668,0.0400933574287744,0.0643999075179297,0.0213037468575084,59.3297053856258,2552,"Setophaga caerulescens","19-Jun-88",19,"Jun",88,"Monongahela Nat'l Forest, Shaver's Fork, 1mi N Hwy 92; 1070m","Randolph","WV","GRG","JPA","T-520-a,b","M","ASY","6x6",9,"partial",63,46.7,3,4.2,10.7,7.2,NA,NA,"blue",10.6,13.3,2,2,2,2,NA,"Not original label","","WV.Randolph","Central",38.63488,-79.88203,NA
"606682","m",0.0381686010585026,0.00478755895186886,0.0344741253451408,0.00535266344447024,0.0396196186463798,0.00577228058255335,0.0526626583593433,0.00713171280420369,0.0645023745453804,0.00600648413141819,0.0381686010585026,0.00478755895186886,25.4596859948708,2552,"Setophaga caerulescens","19-Jun-88",19,"Jun",88,"Monongahela Nat'l Forest, Shaver's Fork, 1mi N Hwy 92; 1070m","Randolph","WV","GRG","JPA","T-520-a,b","M","ASY","6x6",9,"partial",63,46.7,3,4.2,10.7,7.2,NA,NA,"blue",10.6,13.3,2,2,2,2,NA,"Not original label","","WV.Randolph","Central",38.63488,-79.88203,NA
"606682","o",0.0595469527532781,0.0225506152428898,0.0586137187417401,0.0254453314756966,0.0610770445138985,0.0229839711441849,0.0680973512600633,0.0174525125470788,0.0833689413260943,0.0148452447245028,0.0595469527532781,0.0225506152428898,12.6530305873522,2552,"Setophaga caerulescens","19-Jun-88",19,"Jun",88,"Monongahela Nat'l Forest, Shaver's Fork, 1mi N Hwy 92; 1070m","Randolph","WV","GRG","JPA","T-520-a,b","M","ASY","6x6",9,"partial",63,46.7,3,4.2,10.7,7.2,NA,NA,"blue",10.6,13.3,2,2,2,2,NA,"Not original label","","WV.Randolph","Central",38.63488,-79.88203,NA
"606682","t",0.0372884630713564,0.00705098461422421,0.0320847281176655,0.00806272354271187,0.039123021330777,0.00805069573038007,0.0526934965277179,0.00859114809056812,0.0561517881734035,0.00622746678966729,0.0372884630713564,0.00705098461422421,53.7571777068868,2552,"Setophaga caerulescens","19-Jun-88",19,"Jun",88,"Monongahela Nat'l Forest, Shaver's Fork, 1mi N Hwy 92; 1070m","Randolph","WV","GRG","JPA","T-520-a,b","M","ASY","6x6",9,"partial",63,46.7,3,4.2,10.7,7.2,NA,NA,"blue",10.6,13.3,2,2,2,2,NA,"Not original label","","WV.Randolph","Central",38.63488,-79.88203,NA
"606682","w",0.481103965574014,0.115518267421835,0.493900373210819,0.120180768673465,0.487181319637354,0.117728582839801,0.401051239776987,0.0912854437144617,0.450148573894677,0.102199570439945,0.481103965574014,0.115518267421835,24.24544942766,2552,"Setophaga caerulescens","19-Jun-88",19,"Jun",88,"Monongahela Nat'l Forest, Shaver's Fork, 1mi N Hwy 92; 1070m","Randolph","WV","GRG","JPA","T-520-a,b","M","ASY","6x6",9,"partial",63,46.7,3,4.2,10.7,7.2,NA,NA,"blue",10.6,13.3,2,2,2,2,NA,"Not original label","","WV.Randolph","Central",38.63488,-79.88203,NA
"606683","c",0.0584182300207377,0.0210240861874525,0.0506299514579873,0.0204114717427248,0.0620642751663527,0.0224314723989593,0.0689757802766654,0.0205702521332675,0.0996526801763387,0.0334103339380771,0.0584182300207377,0.0210240861874525,86.9528992306249,2553,"Setophaga caerulescens","19-Jun-88",19,"Jun",88,"Monongahela Nat'l Forest, Shaver's Fork, 1mi N Hwy 92; 1070m","Randolph","WV","GRG","JPA","T-521-a,b","M","ASY","7x5",9.5,"partial",65,52,3.4,3.5,10.5,6.8,NA,NA,"blue",13.4,14,2,2,2,2,NA,"Not original label","","WV.Randolph","Central",38.63488,-79.88203,NA
"606683","m",0.0577712687184791,0.015923723604372,0.0491762935628331,0.0125531974832418,0.0592119815619234,0.0182843681192055,0.0794183203874427,0.0223315681761601,0.104985847389316,0.0163675301135177,0.0577712687184791,0.015923723604372,25.1867142052918,2553,"Setophaga caerulescens","19-Jun-88",19,"Jun",88,"Monongahela Nat'l Forest, Shaver's Fork, 1mi N Hwy 92; 1070m","Randolph","WV","GRG","JPA","T-521-a,b","M","ASY","7x5",9.5,"partial",65,52,3.4,3.5,10.5,6.8,NA,NA,"blue",13.4,14,2,2,2,2,NA,"Not original label","","WV.Randolph","Central",38.63488,-79.88203,NA
"606683","o",0.0611264461473116,0.0184586874934999,0.058269663688688,0.020587095420326,0.0626077758526311,0.0191138758854291,0.0731173098757834,0.0160214446995045,0.0881857689695328,0.0133193847248993,0.0611264461473116,0.0184586874934999,11.2261212234941,2553,"Setophaga caerulescens","19-Jun-88",19,"Jun",88,"Monongahela Nat'l Forest, Shaver's Fork, 1mi N Hwy 92; 1070m","Randolph","WV","GRG","JPA","T-521-a,b","M","ASY","7x5",9.5,"partial",65,52,3.4,3.5,10.5,6.8,NA,NA,"blue",13.4,14,2,2,2,2,NA,"Not original label","","WV.Randolph","Central",38.63488,-79.88203,NA
"606683","t",0.0351190794812682,0.00729687815254002,0.0306701295954118,0.00846362313294038,0.0366972400357632,0.00843671149176378,0.0502346432769361,0.00976708764753216,0.0549867134153124,0.0067001822766417,0.0351190794812682,0.00729687815254002,83.6231938449991,2553,"Setophaga caerulescens","19-Jun-88",19,"Jun",88,"Monongahela Nat'l Forest, Shaver's Fork, 1mi N Hwy 92; 1070m","Randolph","WV","GRG","JPA","T-521-a,b","M","ASY","7x5",9.5,"partial",65,52,3.4,3.5,10.5,6.8,NA,NA,"blue",13.4,14,2,2,2,2,NA,"Not original label","","WV.Randolph","Central",38.63488,-79.88203,NA
"606683","w",0.416779728752568,0.128309426049057,0.424267357595346,0.134478844540062,0.420063889207567,0.13045676322394,0.364141955743091,0.10111536526536,0.421851525548806,0.087423224562789,0.416779728752568,0.128309426049057,30.3741790204541,2553,"Setophaga caerulescens","19-Jun-88",19,"Jun",88,"Monongahela Nat'l Forest, Shaver's Fork, 1mi N Hwy 92; 1070m","Randolph","WV","GRG","JPA","T-521-a,b","M","ASY","7x5",9.5,"partial",65,52,3.4,3.5,10.5,6.8,NA,NA,"blue",13.4,14,2,2,2,2,NA,"Not original label","","WV.Randolph","Central",38.63488,-79.88203,NA
"606684","c",0.0751894798045471,0.0295159545121952,0.065836422524212,0.0255222674764102,0.0791304451194448,0.0320790050734675,0.0865790471353079,0.0329107833093163,0.136715259571413,0.0496879354143118,0.0751894798045471,0.0295159545121952,43.6614749483956,2554,"Setophaga caerulescens","19-Jun-88",19,"Jun",88,"Monongahela Nat'l Forest, Shaver's Fork, 2mi N Hwy 92; 1100m","Randolph","WV","GRG","JPA","T-522-a,b","M","SY","7x4",8.5,"partial",58.3,50.9,3.4,3.8,10.7,6,NA,NA,"green",6.9,9.5,2,2,2,2,NA,"Not original label","","WV.Randolph","Central",38.63488,-79.88203,NA
"606684","m",0.0654642795209172,0.00897654134739462,0.0604724565053461,0.00957739610477558,0.0673493071728099,0.00990231866975614,0.0793016902414835,0.010999656396682,0.105548487712299,0.0126270755957886,0.0654642795209172,0.00897654134739462,25.5054731969725,2554,"Setophaga caerulescens","19-Jun-88",19,"Jun",88,"Monongahela Nat'l Forest, Shaver's Fork, 2mi N Hwy 92; 1100m","Randolph","WV","GRG","JPA","T-522-a,b","M","SY","7x4",8.5,"partial",58.3,50.9,3.4,3.8,10.7,6,NA,NA,"green",6.9,9.5,2,2,2,2,NA,"Not original label","","WV.Randolph","Central",38.63488,-79.88203,NA
"606684","o",0.0579016933014125,0.0151719804794025,0.0550552152866551,0.0161441782603356,0.0592378496315766,0.0160379221539026,0.0704643047496081,0.0160241350926771,0.0927959157335131,0.0214311387111585,0.0579016933014125,0.0151719804794025,16.5974854569338,2554,"Setophaga caerulescens","19-Jun-88",19,"Jun",88,"Monongahela Nat'l Forest, Shaver's Fork, 2mi N Hwy 92; 1100m","Randolph","WV","GRG","JPA","T-522-a,b","M","SY","7x4",8.5,"partial",58.3,50.9,3.4,3.8,10.7,6,NA,NA,"green",6.9,9.5,2,2,2,2,NA,"Not original label","","WV.Randolph","Central",38.63488,-79.88203,NA
"606684","t",0.0450056145151229,0.0093204134273701,0.0413038609046938,0.0107603379226626,0.0469685279355465,0.0105146901788331,0.0570158889795188,0.0103719627991836,0.0652382282129873,0.00886449298495172,0.0450056145151229,0.0093204134273701,145.648339275661,2554,"Setophaga caerulescens","19-Jun-88",19,"Jun",88,"Monongahela Nat'l Forest, Shaver's Fork, 2mi N Hwy 92; 1100m","Randolph","WV","GRG","JPA","T-522-a,b","M","SY","7x4",8.5,"partial",58.3,50.9,3.4,3.8,10.7,6,NA,NA,"green",6.9,9.5,2,2,2,2,NA,"Not original label","","WV.Randolph","Central",38.63488,-79.88203,NA
"606684","w",0.239614183783873,0.0761708211794215,0.241345370934268,0.0754031430934403,0.241799638845174,0.076440009125814,0.221917421466356,0.0690646631948753,0.280813557532941,0.107157725943952,0.239614183783873,0.0761708211794215,32.3002439482079,2554,"Setophaga caerulescens","19-Jun-88",19,"Jun",88,"Monongahela Nat'l Forest, Shaver's Fork, 2mi N Hwy 92; 1100m","Randolph","WV","GRG","JPA","T-522-a,b","M","SY","7x4",8.5,"partial",58.3,50.9,3.4,3.8,10.7,6,NA,NA,"green",6.9,9.5,2,2,2,2,NA,"Not original label","","WV.Randolph","Central",38.63488,-79.88203,NA
"606690","c",0.0703362577193364,0.0241850551997761,0.0607217368835923,0.0231924001287424,0.0741324945320809,0.0254100559235163,0.0829341355304774,0.0252228929687115,0.136657359934457,0.0494353091911533,0.0703362577193364,0.0241850551997761,51.6629761681366,2562,"Setophaga caerulescens","19-Jun-88",19,"Jun",88,"Monongahela Nat'l Forest, Shaver's Fork, 4mi N Hwy 92; 1050m","Randolph","WV","GRG","JPA","T-530-a,b","M","SY","7.5x5, 5.5x5",9,"partial",62.2,54.8,2.9,3.9,11.2,7.4,NA,NA,"green",11.2,11.1,2,2,2,2,NA,"Not original label","","WV.Randolph","Central",38.63488,-79.88203,NA
"606690","m",0.0713863385669671,0.00951230889015409,0.0657370343951584,0.0102765706807022,0.0736218333644301,0.0101651648093804,0.0844285396210716,0.0105446478090485,0.107812904919749,0.0129683480005043,0.0713863385669671,0.00951230889015409,25.0045662100457,2562,"Setophaga caerulescens","19-Jun-88",19,"Jun",88,"Monongahela Nat'l Forest, Shaver's Fork, 4mi N Hwy 92; 1050m","Randolph","WV","GRG","JPA","T-530-a,b","M","SY","7.5x5, 5.5x5",9,"partial",62.2,54.8,2.9,3.9,11.2,7.4,NA,NA,"green",11.2,11.1,2,2,2,2,NA,"Not original label","","WV.Randolph","Central",38.63488,-79.88203,NA
"606690","o",0.0811263913402625,0.0222589516422884,0.0820969603106703,0.0241117231002395,0.0824463390966603,0.0232398278896591,0.0858924817064702,0.0186563540967265,0.101562510077186,0.021739130607424,0.0811263913402625,0.0222589516422884,11.223118784012,2562,"Setophaga caerulescens","19-Jun-88",19,"Jun",88,"Monongahela Nat'l Forest, Shaver's Fork, 4mi N Hwy 92; 1050m","Randolph","WV","GRG","JPA","T-530-a,b","M","SY","7.5x5, 5.5x5",9,"partial",62.2,54.8,2.9,3.9,11.2,7.4,NA,NA,"green",11.2,11.1,2,2,2,2,NA,"Not original label","","WV.Randolph","Central",38.63488,-79.88203,NA
"606690","t",0.0448589338080491,0.00875398229021459,0.0396713263073035,0.00978628705926165,0.0465888836264559,0.00998632067376556,0.0599066898517012,0.0113289048574919,0.0635052116102668,0.00945503683493749,0.0448589338080491,0.00875398229021459,74.1159692249953,2562,"Setophaga caerulescens","19-Jun-88",19,"Jun",88,"Monongahela Nat'l Forest, Shaver's Fork, 4mi N Hwy 92; 1050m","Randolph","WV","GRG","JPA","T-530-a,b","M","SY","7.5x5, 5.5x5",9,"partial",62.2,54.8,2.9,3.9,11.2,7.4,NA,NA,"green",11.2,11.1,2,2,2,2,NA,"Not original label","","WV.Randolph","Central",38.63488,-79.88203,NA
"606690","w",0.422926631128061,0.081777159529558,0.432397194344083,0.086522749988101,0.425374588660441,0.083816045969233,0.368567014454739,0.0652583598579044,0.417870036675453,0.0692812679289078,0.422926631128061,0.081777159529558,14.3178832801651,2562,"Setophaga caerulescens","19-Jun-88",19,"Jun",88,"Monongahela Nat'l Forest, Shaver's Fork, 4mi N Hwy 92; 1050m","Randolph","WV","GRG","JPA","T-530-a,b","M","SY","7.5x5, 5.5x5",9,"partial",62.2,54.8,2.9,3.9,11.2,7.4,NA,NA,"green",11.2,11.1,2,2,2,2,NA,"Not original label","","WV.Randolph","Central",38.63488,-79.88203,NA
"606695","c",0.0619225371752301,0.0203371291262308,0.052822496142003,0.0177282856402186,0.0654485243145426,0.0218687659405744,0.0749256602234957,0.0245572500283837,0.120324652109152,0.036369799785791,0.0619225371752301,0.0203371291262308,46.4897729405142,2567,"Setophaga caerulescens","19-Jun-88",19,"Jun",88,"Monongahela Nat'l Forest, Shaver's Fork, 4mi N Hwy 92; 1100m","Randolph","WV","GRG","JPA","T-535-a,b","M","SY","8x6, NA",9.5,"partial",61.9,51.3,3.4,3.9,10.5,6.8,NA,NA,"green",12.5,11.6,2,3,2,2,NA,"R testis not enlarged; not original label","","WV.Randolph","Central",38.63488,-79.88203,19.73
"606695","m",0.0634577336065847,0.0156732554836947,0.0601071773915279,0.0157744337690037,0.0653062842892466,0.0171385812591372,0.0748525804777768,0.0162248557261066,0.089959660826337,0.0147391965811536,0.0634577336065847,0.0156732554836947,25.2307499843623,2567,"Setophaga caerulescens","19-Jun-88",19,"Jun",88,"Monongahela Nat'l Forest, Shaver's Fork, 4mi N Hwy 92; 1100m","Randolph","WV","GRG","JPA","T-535-a,b","M","SY","8x6, NA",9.5,"partial",61.9,51.3,3.4,3.9,10.5,6.8,NA,NA,"green",12.5,11.6,2,3,2,2,NA,"R testis not enlarged; not original label","","WV.Randolph","Central",38.63488,-79.88203,19.73
"606695","o",0.072372154338403,0.0105160692827699,0.0721233415517104,0.011611196504713,0.073916801261925,0.0111897681726854,0.0788316199819428,0.0112181353566417,0.0986065297476267,0.0271524549752905,0.072372154338403,0.0105160692827699,6.56108087821355,2567,"Setophaga caerulescens","19-Jun-88",19,"Jun",88,"Monongahela Nat'l Forest, Shaver's Fork, 4mi N Hwy 92; 1100m","Randolph","WV","GRG","JPA","T-535-a,b","M","SY","8x6, NA",9.5,"partial",61.9,51.3,3.4,3.9,10.5,6.8,NA,NA,"green",12.5,11.6,2,3,2,2,NA,"R testis not enlarged; not original label","","WV.Randolph","Central",38.63488,-79.88203,19.73
"606695","t",0.0511799804728578,0.0110969688160892,0.0465623431293285,0.012458591863254,0.0533698076514229,0.0116635268724001,0.0634866392705072,0.0103966318800261,0.0664385275164773,0.0112582209569505,0.0511799804728578,0.0110969688160892,104.340776881216,2567,"Setophaga caerulescens","19-Jun-88",19,"Jun",88,"Monongahela Nat'l Forest, Shaver's Fork, 4mi N Hwy 92; 1100m","Randolph","WV","GRG","JPA","T-535-a,b","M","SY","8x6, NA",9.5,"partial",61.9,51.3,3.4,3.9,10.5,6.8,NA,NA,"green",12.5,11.6,2,3,2,2,NA,"R testis not enlarged; not original label","","WV.Randolph","Central",38.63488,-79.88203,19.73
"606695","w",0.30724323549396,0.0892452251773543,0.314976030797232,0.0911493163812559,0.30998246513825,0.0907978038599589,0.272967097003944,0.0768153638098419,0.29774966012665,0.0735344909360415,0.30724323549396,0.0892452251773543,30.3051229123663,2567,"Setophaga caerulescens","19-Jun-88",19,"Jun",88,"Monongahela Nat'l Forest, Shaver's Fork, 4mi N Hwy 92; 1100m","Randolph","WV","GRG","JPA","T-535-a,b","M","SY","8x6, NA",9.5,"partial",61.9,51.3,3.4,3.9,10.5,6.8,NA,NA,"green",12.5,11.6,2,3,2,2,NA,"R testis not enlarged; not original label","","WV.Randolph","Central",38.63488,-79.88203,19.73
"606696","c",0.0914347232196446,0.031390625908907,0.0736700919494985,0.0260471530135096,0.0955803382560582,0.0347129907693255,0.113816438358334,0.0363021802545273,0.210889292232011,0.0536171090864384,0.0914347232196446,0.031390625908907,72.3955714017639,2568,"Setophaga caerulescens","19-Jun-88",19,"Jun",88,"Monongahela Nat'l Forest, Shaver's Fork, 4mi N Hwy 92; 1100m","Randolph","WV","GRG","JPA","T-563-a,b","M","SY","8x5, NA",9,"partial",63.7,52.5,3,4.2,10.5,6.9,NA,NA,"green",9.2,8.6,2,2,2,2,NA,"R testis not enlarged; not original label","","WV.Randolph","Central",38.63488,-79.88203,19.12
"606696","m",0.0793567855403913,0.0208595356723671,0.0711101154840301,0.0167305186970569,0.0816952088267346,0.0239813514271424,0.0963318251320187,0.0276010290679023,0.120571208796855,0.0156666834750819,0.0793567855403913,0.0208595356723671,25.6928754613123,2568,"Setophaga caerulescens","19-Jun-88",19,"Jun",88,"Monongahela Nat'l Forest, Shaver's Fork, 4mi N Hwy 92; 1100m","Randolph","WV","GRG","JPA","T-563-a,b","M","SY","8x5, NA",9,"partial",63.7,52.5,3,4.2,10.5,6.9,NA,NA,"green",9.2,8.6,2,2,2,2,NA,"R testis not enlarged; not original label","","WV.Randolph","Central",38.63488,-79.88203,19.12
"606696","o",0.0920735450880282,0.0166863530033919,0.0946557483599489,0.0191697388404537,0.093469421010742,0.0172507620396434,0.0928753026462724,0.0130249452010066,0.111150879184137,0.0108550344981742,0.0920735450880282,0.0166863530033919,4.97954588102834,2568,"Setophaga caerulescens","19-Jun-88",19,"Jun",88,"Monongahela Nat'l Forest, Shaver's Fork, 4mi N Hwy 92; 1100m","Randolph","WV","GRG","JPA","T-563-a,b","M","SY","8x5, NA",9,"partial",63.7,52.5,3,4.2,10.5,6.9,NA,NA,"green",9.2,8.6,2,2,2,2,NA,"R testis not enlarged; not original label","","WV.Randolph","Central",38.63488,-79.88203,19.12
"606696","t",0.0408361740270799,0.00896826782234011,0.0358996414409746,0.00993522649914665,0.0422834745806262,0.0101975967917704,0.0569928178447904,0.0116790190018489,0.0562715352699234,0.00875882059117509,0.0408361740270799,0.00896826782234011,127.894164008257,2568,"Setophaga caerulescens","19-Jun-88",19,"Jun",88,"Monongahela Nat'l Forest, Shaver's Fork, 4mi N Hwy 92; 1100m","Randolph","WV","GRG","JPA","T-563-a,b","M","SY","8x5, NA",9,"partial",63.7,52.5,3,4.2,10.5,6.9,NA,NA,"green",9.2,8.6,2,2,2,2,NA,"R testis not enlarged; not original label","","WV.Randolph","Central",38.63488,-79.88203,19.12
"606696","w",0.257376835565181,0.0839473567830195,0.257088088383911,0.0810236982250718,0.261604011227364,0.0847183964462837,0.237253295677099,0.0772140392898052,0.324583685559986,0.0715211703907252,0.257376835565181,0.0839473567830195,14.3854381685119,2568,"Setophaga caerulescens","19-Jun-88",19,"Jun",88,"Monongahela Nat'l Forest, Shaver's Fork, 4mi N Hwy 92; 1100m","Randolph","WV","GRG","JPA","T-563-a,b","M","SY","8x5, NA",9,"partial",63.7,52.5,3,4.2,10.5,6.9,NA,NA,"green",9.2,8.6,2,2,2,2,NA,"R testis not enlarged; not original label","","WV.Randolph","Central",38.63488,-79.88203,19.12
"606697","c",0.0746932661767846,0.0350427450066342,0.0589057827743469,0.0320012703159456,0.0794648627699875,0.0382442862300897,0.0935940198345113,0.0373456473807499,0.171724650920081,0.0610318259800328,0.0746932661767846,0.0350427450066342,64.6650403452805,2569,"Setophaga caerulescens","21-Jun-88",21,"Jun",88,"Monogahela Nat'l Forest; Gauley River; 2mi E Gauley Mills; 660M","Webster","WV","GRG","JPA","537-a,b","M","ASY","9x5.5, NA",9,"partial",65.1,51.2,3.1,3.2,9.4,6.5,NA,NA,"blue",15.8,16,2,2,2,2,NA,"","","WV.Webster","Central",38.3614987,-80.5834224,NA
"606697","m",0.0611860802653398,0.0101410583111159,0.0562333642973376,0.00884587117973923,0.0629096824994423,0.0112788252509243,0.0757970694060034,0.0140854941116212,0.0834255680499954,0.0169241301541535,0.0611860802653398,0.0101410583111159,25.1376743604178,2569,"Setophaga caerulescens","21-Jun-88",21,"Jun",88,"Monogahela Nat'l Forest; Gauley River; 2mi E Gauley Mills; 660M","Webster","WV","GRG","JPA","537-a,b","M","ASY","9x5.5, NA",9,"partial",65.1,51.2,3.1,3.2,9.4,6.5,NA,NA,"blue",15.8,16,2,2,2,2,NA,"","","WV.Webster","Central",38.3614987,-80.5834224,NA
"606697","o",0.0617278775049042,0.00678478741232137,0.0610985863592612,0.00759888081912518,0.0638181920532422,0.00727132175169239,0.0684729821100373,0.00716924396875789,0.073298765581996,0.00917590966642205,0.0617278775049042,0.00678478741232137,5.12366297616814,2569,"Setophaga caerulescens","21-Jun-88",21,"Jun",88,"Monogahela Nat'l Forest; Gauley River; 2mi E Gauley Mills; 660M","Webster","WV","GRG","JPA","537-a,b","M","ASY","9x5.5, NA",9,"partial",65.1,51.2,3.1,3.2,9.4,6.5,NA,NA,"blue",15.8,16,2,2,2,2,NA,"","","WV.Webster","Central",38.3614987,-80.5834224,NA
"606697","t",0.0459598196222735,0.00551621439497872,0.0445964811928609,0.00631784239587228,0.0477548115463376,0.00653454737653451,0.0550628512587166,0.00761396458591069,0.0432220791970448,0.00707375855932056,0.0459598196222735,0.00551621439497872,94.2458247325952,2569,"Setophaga caerulescens","21-Jun-88",21,"Jun",88,"Monogahela Nat'l Forest; Gauley River; 2mi E Gauley Mills; 660M","Webster","WV","GRG","JPA","537-a,b","M","ASY","9x5.5, NA",9,"partial",65.1,51.2,3.1,3.2,9.4,6.5,NA,NA,"blue",15.8,16,2,2,2,2,NA,"","","WV.Webster","Central",38.3614987,-80.5834224,NA
"606697","w",0.395804970712383,0.103932581394866,0.398774646969553,0.10405138378036,0.399575750113806,0.104342281971487,0.341968186130757,0.0883976020230803,0.439171801877709,0.122820267259783,0.395804970712383,0.103932581394866,48.8129104897729,2569,"Setophaga caerulescens","21-Jun-88",21,"Jun",88,"Monogahela Nat'l Forest; Gauley River; 2mi E Gauley Mills; 660M","Webster","WV","GRG","JPA","537-a,b","M","ASY","9x5.5, NA",9,"partial",65.1,51.2,3.1,3.2,9.4,6.5,NA,NA,"blue",15.8,16,2,2,2,2,NA,"","","WV.Webster","Central",38.3614987,-80.5834224,NA
"606698","c",0.0557252730988923,0.0219704005002526,0.0470157725700028,0.0199521130958164,0.0598865045776141,0.02426855002246,0.0668459633969357,0.0250372918266625,0.10942345595425,0.0383618500774226,0.0557252730988923,0.0219704005002526,70.8748358040908,2570,"Setophaga caerulescens","21-Jun-88",21,"Jun",88,"Monogahela Nat'l Forest;Gauley River, 2mi E. Gauley Mills","Webster","WV","GRG","JPA","538-a,b","M","SY","5x3.5",9.45,"partial",64.7,53.7,3,4.1,9.5,7.4,NA,NA,"green",16.4,14.4,2,2,2,2,NA,"660m elev;  not original label","side very misaligned, but aligned based on wingspot","WV.Webster","Central",38.3614987,-80.5834224,NA
"606698","m",0.0775186436843154,0.00677760226006992,0.0720894838176991,0.00708873598909902,0.0797894399573396,0.00840224350781629,0.0899625122099383,0.0116679565301447,0.109145586549533,0.0122327671815487,0.0775186436843154,0.00677760226006992,24.9099893663602,2570,"Setophaga caerulescens","21-Jun-88",21,"Jun",88,"Monogahela Nat'l Forest;Gauley River, 2mi E. Gauley Mills","Webster","WV","GRG","JPA","538-a,b","M","SY","5x3.5",9.45,"partial",64.7,53.7,3,4.1,9.5,7.4,NA,NA,"green",16.4,14.4,2,2,2,2,NA,"660m elev;  not original label","side very misaligned, but aligned based on wingspot","WV.Webster","Central",38.3614987,-80.5834224,NA
"606698","o",0.0947977304398539,0.0217872758915548,0.10030374446722,0.0259837837117002,0.0967277308223127,0.0221622900981542,0.0893133019490102,0.0146207630581282,0.100693587306526,0.0121756319688106,0.0947977304398539,0.0217872758915548,5.54625633327078,2570,"Setophaga caerulescens","21-Jun-88",21,"Jun",88,"Monogahela Nat'l Forest;Gauley River, 2mi E. Gauley Mills","Webster","WV","GRG","JPA","538-a,b","M","SY","5x3.5",9.45,"partial",64.7,53.7,3,4.1,9.5,7.4,NA,NA,"green",16.4,14.4,2,2,2,2,NA,"660m elev;  not original label","side very misaligned, but aligned based on wingspot","WV.Webster","Central",38.3614987,-80.5834224,NA
"606698","t",0.0556027443482314,0.0113870747329952,0.055510376220045,0.0125104801762746,0.0573855803648402,0.0119584821201876,0.0615396511926032,0.0121109710427298,0.0579579395279049,0.0135172809167299,0.0556027443482314,0.0113870747329952,132.270970163258,2570,"Setophaga caerulescens","21-Jun-88",21,"Jun",88,"Monogahela Nat'l Forest;Gauley River, 2mi E. Gauley Mills","Webster","WV","GRG","JPA","538-a,b","M","SY","5x3.5",9.45,"partial",64.7,53.7,3,4.1,9.5,7.4,NA,NA,"green",16.4,14.4,2,2,2,2,NA,"660m elev;  not original label","side very misaligned, but aligned based on wingspot","WV.Webster","Central",38.3614987,-80.5834224,NA
"606698","w",0.335720580678988,0.0859730795347522,0.339273651809922,0.0892140193302592,0.340103637079558,0.086870447714046,0.295866996564733,0.0688008108678414,0.366386809460333,0.0753902055330636,0.335720580678988,0.0859730795347522,41.8262338149747,2570,"Setophaga caerulescens","21-Jun-88",21,"Jun",88,"Monogahela Nat'l Forest;Gauley River, 2mi E. Gauley Mills","Webster","WV","GRG","JPA","538-a,b","M","SY","5x3.5",9.45,"partial",64.7,53.7,3,4.1,9.5,7.4,NA,NA,"green",16.4,14.4,2,2,2,2,NA,"660m elev;  not original label","side very misaligned, but aligned based on wingspot","WV.Webster","Central",38.3614987,-80.5834224,NA
"606699","c",0.0829537943652385,0.0322163820397844,0.065623615555791,0.0252145145148103,0.0873234386619225,0.0343089159467185,0.104897691392105,0.0446690069638163,0.182605366774737,0.0523999257849391,0.0829537943652385,0.0322163820397844,59.9136798648902,2571,"Setophaga caerulescens","21-Jun-88",21,"Jun",88,"Monogahela Nat'l Forest;Gauley River, 2mi E. Gauley Mills","Webster","WV","GRG","JPA","539-a,b","M","ASY",NA,10,"partial",64.7,56.6,3.1,4.1,10.2,7.2,NA,NA,"blue",12.8,NA,2,2,2,2,NA,"660m elev;  not original label; gonads not seen; some R wing primaries broken","","WV.Webster","Central",38.3614987,-80.5834224,NA
"606699","m",0.0764495669149074,0.0118397191871321,0.0676625562919023,0.00798457475580157,0.0789588577271906,0.0127868423825088,0.0939697406282381,0.019255433714023,0.117506835792505,0.0169833010204146,0.0764495669149074,0.0118397191871321,24.5904797648089,2571,"Setophaga caerulescens","21-Jun-88",21,"Jun",88,"Monogahela Nat'l Forest;Gauley River, 2mi E. Gauley Mills","Webster","WV","GRG","JPA","539-a,b","M","ASY",NA,10,"partial",64.7,56.6,3.1,4.1,10.2,7.2,NA,NA,"blue",12.8,NA,2,2,2,2,NA,"660m elev;  not original label; gonads not seen; some R wing primaries broken","","WV.Webster","Central",38.3614987,-80.5834224,NA
"606699","o",0.0686800625253956,0.0316583874475069,0.0688567408481034,0.034744447739465,0.070089348812504,0.0327274707521239,0.0753265570503159,0.024851153440191,0.0789454120914736,0.0272782543753055,0.0686800625253956,0.0316583874475069,5.42841058359917,2571,"Setophaga caerulescens","21-Jun-88",21,"Jun",88,"Monogahela Nat'l Forest;Gauley River, 2mi E. Gauley Mills","Webster","WV","GRG","JPA","539-a,b","M","ASY",NA,10,"partial",64.7,56.6,3.1,4.1,10.2,7.2,NA,NA,"blue",12.8,NA,2,2,2,2,NA,"660m elev;  not original label; gonads not seen; some R wing primaries broken","","WV.Webster","Central",38.3614987,-80.5834224,NA
"606699","t",0.0453960343569962,0.00705781209739734,0.0435731806360953,0.00758904719415224,0.0471496946049318,0.00780973489097423,0.0549440371341393,0.00842669974341635,0.0464549385305988,0.00896246265704761,0.0453960343569962,0.00705781209739734,104.093826233815,2571,"Setophaga caerulescens","21-Jun-88",21,"Jun",88,"Monogahela Nat'l Forest;Gauley River, 2mi E. Gauley Mills","Webster","WV","GRG","JPA","539-a,b","M","ASY",NA,10,"partial",64.7,56.6,3.1,4.1,10.2,7.2,NA,NA,"blue",12.8,NA,2,2,2,2,NA,"660m elev;  not original label; gonads not seen; some R wing primaries broken","","WV.Webster","Central",38.3614987,-80.5834224,NA
"606699","w",0.410838077195637,0.0988988973646012,0.403207996085276,0.100622975499821,0.409945300747929,0.0992197571883488,0.372821797286455,0.0825873602010186,0.502937421346236,0.0994766228116487,0.410838077195637,0.0988988973646012,42.4169637830737,2571,"Setophaga caerulescens","21-Jun-88",21,"Jun",88,"Monogahela Nat'l Forest;Gauley River, 2mi E. Gauley Mills","Webster","WV","GRG","JPA","539-a,b","M","ASY",NA,10,"partial",64.7,56.6,3.1,4.1,10.2,7.2,NA,NA,"blue",12.8,NA,2,2,2,2,NA,"660m elev;  not original label; gonads not seen; some R wing primaries broken","","WV.Webster","Central",38.3614987,-80.5834224,NA
"606700","c",0.0531457916247881,0.019440643891149,0.0424788103689298,0.019026148919058,0.0567287893024933,0.0199591639781933,0.070095664307653,0.02316018006138,0.118679344854273,0.0495504089691214,0.0531457916247881,0.019440643891149,91.7215237380371,2572,"Setophaga caerulescens","21-Jun-88",21,"Jun",88,"Monogahela Nat'l Forest;Gauley River, 2mi E. Gauley Mills","Webster","WV","GRG","JPA","540-a,b","M","ASY",NA,9,"partial",64.2,52.6,3.1,3.9,9.9,7.3,NA,NA,"blue",13.5,14.8,2,2,2,2,NA,"660m elev; testes destroyed; not original label","","WV.Webster","Central",38.3614987,-80.5834224,NA
"606700","m",0.0584744186998927,0.00832583730422928,0.0543216129283165,0.00760355950833602,0.0601197764898,0.00959295750853058,0.0726355306151515,0.0131016047775588,0.0798200909572948,0.0176184229801945,0.0584744186998927,0.00832583730422928,24.6820541690123,2572,"Setophaga caerulescens","21-Jun-88",21,"Jun",88,"Monogahela Nat'l Forest;Gauley River, 2mi E. Gauley Mills","Webster","WV","GRG","JPA","540-a,b","M","ASY",NA,9,"partial",64.2,52.6,3.1,3.9,9.9,7.3,NA,NA,"blue",13.5,14.8,2,2,2,2,NA,"660m elev; testes destroyed; not original label","","WV.Webster","Central",38.3614987,-80.5834224,NA
"606700","o",0.0669638766816099,0.0155378300002364,0.0682850253800806,0.0175882198240824,0.0685765185567024,0.0162260319409711,0.0712577711632533,0.0148058155109993,0.0746028226211116,0.010576593364462,0.0669638766816099,0.0155378300002364,2.41621317320323,2572,"Setophaga caerulescens","21-Jun-88",21,"Jun",88,"Monogahela Nat'l Forest;Gauley River, 2mi E. Gauley Mills","Webster","WV","GRG","JPA","540-a,b","M","ASY",NA,9,"partial",64.2,52.6,3.1,3.9,9.9,7.3,NA,NA,"blue",13.5,14.8,2,2,2,2,NA,"660m elev; testes destroyed; not original label","","WV.Webster","Central",38.3614987,-80.5834224,NA
"606700","t",0.0471785311728025,0.00531149279272041,0.0456112112877758,0.00640029613937596,0.0488380887348192,0.00659671225103604,0.0573462832977541,0.00822002729948517,0.0501443293877709,0.00716477549825371,0.0471785311728025,0.00531149279272041,107.900919497091,2572,"Setophaga caerulescens","21-Jun-88",21,"Jun",88,"Monogahela Nat'l Forest;Gauley River, 2mi E. Gauley Mills","Webster","WV","GRG","JPA","540-a,b","M","ASY",NA,9,"partial",64.2,52.6,3.1,3.9,9.9,7.3,NA,NA,"blue",13.5,14.8,2,2,2,2,NA,"660m elev; testes destroyed; not original label","","WV.Webster","Central",38.3614987,-80.5834224,NA
"606700","w",0.417625828202204,0.110947460490239,0.413977064166597,0.110841956404826,0.414345701911426,0.109094202949657,0.379838516917775,0.0991065565954903,0.50194303369073,0.136021129681122,0.417625828202204,0.110947460490239,49.5597673109401,2572,"Setophaga caerulescens","21-Jun-88",21,"Jun",88,"Monogahela Nat'l Forest;Gauley River, 2mi E. Gauley Mills","Webster","WV","GRG","JPA","540-a,b","M","ASY",NA,9,"partial",64.2,52.6,3.1,3.9,9.9,7.3,NA,NA,"blue",13.5,14.8,2,2,2,2,NA,"660m elev; testes destroyed; not original label","","WV.Webster","Central",38.3614987,-80.5834224,NA
"608313","c",0.0662287254377713,0.0245316823322711,0.0579596894859366,0.0207689931186805,0.0702660878144732,0.0272706275455922,0.076330279269062,0.0274974826605291,0.107466813699493,0.0316952961202209,0.0662287254377713,0.0245316823322711,58.6458997935823,3203,"Setophaga caerulescens","13-Jun-92",13,"Jun",92,"1.5mi NW Black Moshannon Reservoir on Huckleberry Rd, Moshannon State Forest; 600m","Centre","PA","GRG","CJD","T-923","M","SY","6x4, 5x5",9.5,"partial",62.5,49.7,3,4,10.2,6.7,NA,NA,"green",14.7,12.7,2,3,2,2,NA,"bill black; mouth lining cream; legs munsell 2.5Y 4/2; no fat; stomach saved; no molt","wingspot obscured","PA.Centre","Central",40.92719,-78.0898,19.46
"608313","m",0.0760852442051705,0.0130821134337416,0.0700937506806175,0.0151177328990992,0.078451399911413,0.0137726643213757,0.0890023999230123,0.0117748064999124,0.113679864328443,0.0162808056452421,0.0760852442051705,0.0130821134337416,24.0560455369988,3203,"Setophaga caerulescens","13-Jun-92",13,"Jun",92,"1.5mi NW Black Moshannon Reservoir on Huckleberry Rd, Moshannon State Forest; 600m","Centre","PA","GRG","CJD","T-923","M","SY","6x4, 5x5",9.5,"partial",62.5,49.7,3,4,10.2,6.7,NA,NA,"green",14.7,12.7,2,3,2,2,NA,"bill black; mouth lining cream; legs munsell 2.5Y 4/2; no fat; stomach saved; no molt","wingspot obscured","PA.Centre","Central",40.92719,-78.0898,19.46
"608313","t",0.0515084257472246,0.00975440915036428,0.0473819503162405,0.0115891909391503,0.0534293745245506,0.0107583712487086,0.0636442503430283,0.0109125111168863,0.0708621746865897,0.00940101114250113,0.0515084257472246,0.00975440915036428,134.536310752486,3203,"Setophaga caerulescens","13-Jun-92",13,"Jun",92,"1.5mi NW Black Moshannon Reservoir on Huckleberry Rd, Moshannon State Forest; 600m","Centre","PA","GRG","CJD","T-923","M","SY","6x4, 5x5",9.5,"partial",62.5,49.7,3,4,10.2,6.7,NA,NA,"green",14.7,12.7,2,3,2,2,NA,"bill black; mouth lining cream; legs munsell 2.5Y 4/2; no fat; stomach saved; no molt","wingspot obscured","PA.Centre","Central",40.92719,-78.0898,19.46
"608314","c",0.0885285326329923,0.0323899870172323,0.0733133966965698,0.0245086641897254,0.0932074895405714,0.0354465195156249,0.10625616274834,0.0418294589547751,0.178374961710112,0.0541114911104899,0.0885285326329923,0.0323899870172323,54.4229686620379,3251,"Setophaga caerulescens","13-Jun-92",13,"Jun",92,"0.5mi W Sixmile Run on Strawband Beaver Rd, Moshannon State Forest; 650m","Centre","PA","GRG","CJD","T-971","M","SY","5x4, NA",9.6,"partial",64.5,49.9,2.9,3.9,10.1,6.8,NA,NA,"green",9,7,2,2,2,2,NA,"bill black; legs munsell 5Y 2.5/1; moderate fat; stomach saved; no molt; R testis deflated","","PA.Centre","Central",40.86828,-78.05871,18.04
"608314","m",0.0792848884026469,0.0226850522712026,0.0760686059772916,0.021300569076847,0.0814208851652585,0.0256365023107186,0.0880095099345332,0.0210355835300426,0.10872952324023,0.0132207402101316,0.0792848884026469,0.0226850522712026,24.9084881466191,3251,"Setophaga caerulescens","13-Jun-92",13,"Jun",92,"0.5mi W Sixmile Run on Strawband Beaver Rd, Moshannon State Forest; 650m","Centre","PA","GRG","CJD","T-971","M","SY","5x4, NA",9.6,"partial",64.5,49.9,2.9,3.9,10.1,6.8,NA,NA,"green",9,7,2,2,2,2,NA,"bill black; legs munsell 5Y 2.5/1; moderate fat; stomach saved; no molt; R testis deflated","","PA.Centre","Central",40.86828,-78.05871,18.04
"608314","o",0.08904936613792,0.0110070200338624,0.0930783332696687,0.0145359229022007,0.0907250694556208,0.0123329201885001,0.0865800619336322,0.0113974502352425,0.10997274851479,0.0113342984923186,0.08904936613792,0.0110070200338624,2.06117470444736,3251,"Setophaga caerulescens","13-Jun-92",13,"Jun",92,"0.5mi W Sixmile Run on Strawband Beaver Rd, Moshannon State Forest; 650m","Centre","PA","GRG","CJD","T-971","M","SY","5x4, NA",9.6,"partial",64.5,49.9,2.9,3.9,10.1,6.8,NA,NA,"green",9,7,2,2,2,2,NA,"bill black; legs munsell 5Y 2.5/1; moderate fat; stomach saved; no molt; R testis deflated","","PA.Centre","Central",40.86828,-78.05871,18.04
"608314","t",0.0421215596832778,0.00709463398819856,0.0366339136512323,0.0079895991743854,0.0439908427568933,0.00822549389118604,0.0572426360460537,0.00975257366993884,0.0624165006464659,0.00674283659679807,0.0421215596832778,0.00709463398819856,106.359166823044,3251,"Setophaga caerulescens","13-Jun-92",13,"Jun",92,"0.5mi W Sixmile Run on Strawband Beaver Rd, Moshannon State Forest; 650m","Centre","PA","GRG","CJD","T-971","M","SY","5x4, NA",9.6,"partial",64.5,49.9,2.9,3.9,10.1,6.8,NA,NA,"green",9,7,2,2,2,2,NA,"bill black; legs munsell 5Y 2.5/1; moderate fat; stomach saved; no molt; R testis deflated","","PA.Centre","Central",40.86828,-78.05871,18.04
"608314","w",0.29749485570093,0.08914584312437,0.309622890244088,0.0961277804620818,0.301977274393107,0.0909105562294478,0.253284736299618,0.0695734397706166,0.283458989244649,0.0717579803958321,0.29749485570093,0.08914584312437,13.1199099268155,3251,"Setophaga caerulescens","13-Jun-92",13,"Jun",92,"0.5mi W Sixmile Run on Strawband Beaver Rd, Moshannon State Forest; 650m","Centre","PA","GRG","CJD","T-971","M","SY","5x4, NA",9.6,"partial",64.5,49.9,2.9,3.9,10.1,6.8,NA,NA,"green",9,7,2,2,2,2,NA,"bill black; legs munsell 5Y 2.5/1; moderate fat; stomach saved; no molt; R testis deflated","","PA.Centre","Central",40.86828,-78.05871,18.04
"608321","c",0.0729629836131875,0.0229087135079957,0.0588278188939684,0.0171850473490827,0.0764832767294737,0.0242993425206058,0.0937411452881317,0.0342419556772024,0.151295139807275,0.0424515631235344,0.0729629836131875,0.0229087135079957,72.1763933195722,3258,"Setophaga caerulescens","14-Jun-92",14,"Jun",92,"3.5mi SW Black Moshannon Reservoir on Strawband Beaver Rd, Moshannon State Forest; 600m","Centre","PA","GRG","CJD","T-978","M","SY","7x5, 4x4",9.1,"partial",59.9,53.2,3,3.9,10.9,7.2,NA,NA,"green",9.2,9.5,2,2,2,2,NA,"bill black; mouth lining cream; legs munsell 2.5Y 3/2; no fat; stomach saved; no molt; foot pads yellowish","","PA.Centre","Central",40.86828,-78.05871,NA
"608321","m",0.0568380111871014,0.00768004476727882,0.0497127246044567,0.00734190820712454,0.0586847781511174,0.00890645277085679,0.0751117040995741,0.0121754062233758,0.105709381005684,0.0113440605216103,0.0568380111871014,0.00768004476727882,24.4561205979859,3258,"Setophaga caerulescens","14-Jun-92",14,"Jun",92,"3.5mi SW Black Moshannon Reservoir on Strawband Beaver Rd, Moshannon State Forest; 600m","Centre","PA","GRG","CJD","T-978","M","SY","7x5, 4x4",9.1,"partial",59.9,53.2,3,3.9,10.9,7.2,NA,NA,"green",9.2,9.5,2,2,2,2,NA,"bill black; mouth lining cream; legs munsell 2.5Y 3/2; no fat; stomach saved; no molt; foot pads yellowish","","PA.Centre","Central",40.86828,-78.05871,NA
"608321","o",0.0860210953059915,0.0303368720490151,0.0891358767834798,0.0348358488730275,0.087609001499202,0.0312069712509605,0.0852297039162212,0.0214310446086197,0.100239041202095,0.0165370122975511,0.0860210953059915,0.0303368720490151,3.37324075811597,3258,"Setophaga caerulescens","14-Jun-92",14,"Jun",92,"3.5mi SW Black Moshannon Reservoir on Strawband Beaver Rd, Moshannon State Forest; 600m","Centre","PA","GRG","CJD","T-978","M","SY","7x5, 4x4",9.1,"partial",59.9,53.2,3,3.9,10.9,7.2,NA,NA,"green",9.2,9.5,2,2,2,2,NA,"bill black; mouth lining cream; legs munsell 2.5Y 3/2; no fat; stomach saved; no molt; foot pads yellowish","","PA.Centre","Central",40.86828,-78.05871,NA
"608321","t",0.0468048190249958,0.009420678479991,0.041954087505261,0.011534262752582,0.0485854221544395,0.0104537904630538,0.060933224923238,0.0105797872105334,0.0694716056681799,0.00960259597586991,0.0468048190249958,0.009420678479991,83.223118784012,3258,"Setophaga caerulescens","14-Jun-92",14,"Jun",92,"3.5mi SW Black Moshannon Reservoir on Strawband Beaver Rd, Moshannon State Forest; 600m","Centre","PA","GRG","CJD","T-978","M","SY","7x5, 4x4",9.1,"partial",59.9,53.2,3,3.9,10.9,7.2,NA,NA,"green",9.2,9.5,2,2,2,2,NA,"bill black; mouth lining cream; legs munsell 2.5Y 3/2; no fat; stomach saved; no molt; foot pads yellowish","","PA.Centre","Central",40.86828,-78.05871,NA
"608321","w",0.35745679785268,0.121876046581451,0.361860101283884,0.126890082943553,0.361145013558271,0.124184518734515,0.317678003397928,0.0976642648539063,0.345662727511951,0.0937973023215025,0.35745679785268,0.121876046581451,22.2961155939201,3258,"Setophaga caerulescens","14-Jun-92",14,"Jun",92,"3.5mi SW Black Moshannon Reservoir on Strawband Beaver Rd, Moshannon State Forest; 600m","Centre","PA","GRG","CJD","T-978","M","SY","7x5, 4x4",9.1,"partial",59.9,53.2,3,3.9,10.9,7.2,NA,NA,"green",9.2,9.5,2,2,2,2,NA,"bill black; mouth lining cream; legs munsell 2.5Y 3/2; no fat; stomach saved; no molt; foot pads yellowish","","PA.Centre","Central",40.86828,-78.05871,NA
"608323","c",0.084537018127027,0.0246228256686322,0.0703832714264287,0.0196523726413644,0.0885237113801624,0.0261123611397658,0.103396280157355,0.0338299678325585,0.173984423319309,0.0379075363219394,0.084537018127027,0.0246228256686322,52.3632951773316,3263,"Setophaga caerulescens","14-Jun-92",14,"Jun",92,"0.4mi N of Hwy 322 on Sandy Ridge Trail, State Game Lands No. 33; 700m","Centre","PA","GRG","JPD","T-983","M","SY","NA, 6x5.5",9,"partial",62.3,52.4,2.9,3.9,11,7.3,NA,NA,"green",12.7,12,2,2,2,2,NA,"bill black; mouth lining black; legs munsell 2.5Y 4/2; very light fat; stomach saved; no molt; L testis ruptured","","PA.Centre","Central",40.83079,-78.14433,NA
"608323","m",0.0716669733472229,0.0108663998503248,0.0653398376880956,0.0104245166286331,0.0737990081103402,0.0127586658478646,0.0861318596888382,0.0184284951087495,0.108951540365309,0.0100495391052949,0.0716669733472229,0.0108663998503248,25.3671107775067,3263,"Setophaga caerulescens","14-Jun-92",14,"Jun",92,"0.4mi N of Hwy 322 on Sandy Ridge Trail, State Game Lands No. 33; 700m","Centre","PA","GRG","JPD","T-983","M","SY","NA, 6x5.5",9,"partial",62.3,52.4,2.9,3.9,11,7.3,NA,NA,"green",12.7,12,2,2,2,2,NA,"bill black; mouth lining black; legs munsell 2.5Y 4/2; very light fat; stomach saved; no molt; L testis ruptured","","PA.Centre","Central",40.83079,-78.14433,NA
"608323","o",0.0967992687969402,0.0218156947361135,0.103508305517078,0.0253647999488453,0.098295064132673,0.0230867409401996,0.0890336429216804,0.0165033531650128,0.107695203256751,0.0121099432931044,0.0967992687969402,0.0218156947361135,1.83449052355038,3263,"Setophaga caerulescens","14-Jun-92",14,"Jun",92,"0.4mi N of Hwy 322 on Sandy Ridge Trail, State Game Lands No. 33; 700m","Centre","PA","GRG","JPD","T-983","M","SY","NA, 6x5.5",9,"partial",62.3,52.4,2.9,3.9,11,7.3,NA,NA,"green",12.7,12,2,2,2,2,NA,"bill black; mouth lining black; legs munsell 2.5Y 4/2; very light fat; stomach saved; no molt; L testis ruptured","","PA.Centre","Central",40.83079,-78.14433,NA
"608323","t",0.0480906956224235,0.0122787225324639,0.0440022933660805,0.0143963516667803,0.0501141178846556,0.0131057707763427,0.0602080129499955,0.0121134272653269,0.0680418154792839,0.0114578734297521,0.0480906956224235,0.0122787225324639,117.803715518859,3263,"Setophaga caerulescens","14-Jun-92",14,"Jun",92,"0.4mi N of Hwy 322 on Sandy Ridge Trail, State Game Lands No. 33; 700m","Centre","PA","GRG","JPD","T-983","M","SY","NA, 6x5.5",9,"partial",62.3,52.4,2.9,3.9,11,7.3,NA,NA,"green",12.7,12,2,2,2,2,NA,"bill black; mouth lining black; legs munsell 2.5Y 4/2; very light fat; stomach saved; no molt; L testis ruptured","","PA.Centre","Central",40.83079,-78.14433,NA
"608323","w",0.421240686928162,0.112043025093563,0.430022435126924,0.11747436768771,0.425915371416578,0.115041800936778,0.363639721619324,0.0886253890829004,0.388007370307863,0.074304868936019,0.421240686928162,0.112043025093563,38.6879339463314,3263,"Setophaga caerulescens","14-Jun-92",14,"Jun",92,"0.4mi N of Hwy 322 on Sandy Ridge Trail, State Game Lands No. 33; 700m","Centre","PA","GRG","JPD","T-983","M","SY","NA, 6x5.5",9,"partial",62.3,52.4,2.9,3.9,11,7.3,NA,NA,"green",12.7,12,2,2,2,2,NA,"bill black; mouth lining black; legs munsell 2.5Y 4/2; very light fat; stomach saved; no molt; L testis ruptured","","PA.Centre","Central",40.83079,-78.14433,NA
"608325","c",0.074602708030919,0.0267275294587808,0.0630547987283148,0.021045729795071,0.079032502236267,0.0300262660099285,0.0880740749711543,0.0333369454685022,0.138315534081417,0.0406379540838131,0.074602708030919,0.0267275294587808,79.2283730531056,3205,"Setophaga caerulescens","14-Jun-92",14,"Jun",92,"1mi W of Hwy 322 on Sandy Ridge Trail; State game lands No.33; 700m","Centre","PA","GRG","CJD","T-925","M","SY","5x4, 4x4",9.4,"partial",59.1,52.5,3,4,11.2,6.5,NA,NA,"green",13.5,12.6,2,2,2,2,NA,"bill black; mouth lining light cream; legs munsell 2.5Y 432; no fat; stomach saved; no molt","","PA.Centre","Central",40.83079,-78.14433,18.45
"608325","m",0.0774014186583476,0.0266209625847503,0.0714235540975374,0.0221358232441043,0.0798331404516716,0.0299639026583498,0.0901036691558426,0.0322750559766487,0.116070337540334,0.0180175812687468,0.0774014186583476,0.0266209625847503,24.1909051104022,3205,"Setophaga caerulescens","14-Jun-92",14,"Jun",92,"1mi W of Hwy 322 on Sandy Ridge Trail; State game lands No.33; 700m","Centre","PA","GRG","CJD","T-925","M","SY","5x4, 4x4",9.4,"partial",59.1,52.5,3,4,11.2,6.5,NA,NA,"green",13.5,12.6,2,2,2,2,NA,"bill black; mouth lining light cream; legs munsell 2.5Y 432; no fat; stomach saved; no molt","","PA.Centre","Central",40.83079,-78.14433,18.45
"608325","o",0.105417136405184,0.0258335444840461,0.111833223667353,0.0275356219152034,0.107601202212297,0.0265940869847438,0.0952028401498801,0.023296738517471,0.121877601933398,0.0247422635309632,0.105417136405184,0.0258335444840461,2.83280165134172,3205,"Setophaga caerulescens","14-Jun-92",14,"Jun",92,"1mi W of Hwy 322 on Sandy Ridge Trail; State game lands No.33; 700m","Centre","PA","GRG","CJD","T-925","M","SY","5x4, 4x4",9.4,"partial",59.1,52.5,3,4,11.2,6.5,NA,NA,"green",13.5,12.6,2,2,2,2,NA,"bill black; mouth lining light cream; legs munsell 2.5Y 432; no fat; stomach saved; no molt","","PA.Centre","Central",40.83079,-78.14433,18.45
"608325","t",0.0494651428319259,0.00656296640868493,0.045921148710122,0.00832274797742871,0.0516384509147684,0.00793900601753049,0.0598397195982156,0.0101406747194947,0.0694034284315685,0.00713935930362982,0.0494651428319259,0.00656296640868493,88.1523738037155,3205,"Setophaga caerulescens","14-Jun-92",14,"Jun",92,"1mi W of Hwy 322 on Sandy Ridge Trail; State game lands No.33; 700m","Centre","PA","GRG","CJD","T-925","M","SY","5x4, 4x4",9.4,"partial",59.1,52.5,3,4,11.2,6.5,NA,NA,"green",13.5,12.6,2,2,2,2,NA,"bill black; mouth lining light cream; legs munsell 2.5Y 432; no fat; stomach saved; no molt","","PA.Centre","Central",40.83079,-78.14433,18.45
"608325","w",0.372247671769409,0.134006542580234,0.376271417693136,0.13540025578503,0.378088273621486,0.136646086116419,0.323707540197421,0.110705994558166,0.388325034775877,0.112496135811709,0.372247671769409,0.134006542580234,37.8562582097955,3205,"Setophaga caerulescens","14-Jun-92",14,"Jun",92,"1mi W of Hwy 322 on Sandy Ridge Trail; State game lands No.33; 700m","Centre","PA","GRG","CJD","T-925","M","SY","5x4, 4x4",9.4,"partial",59.1,52.5,3,4,11.2,6.5,NA,NA,"green",13.5,12.6,2,2,2,2,NA,"bill black; mouth lining light cream; legs munsell 2.5Y 432; no fat; stomach saved; no molt","","PA.Centre","Central",40.83079,-78.14433,18.45
"608326","c",0.0784178313495438,0.0290276621266929,0.0688373082656174,0.0248682052004309,0.0825877703064623,0.0324335063038905,0.0893707609547047,0.0323165870486109,0.134476942744202,0.034374731994775,0.0784178313495438,0.0290276621266929,63.4588102833552,3259,"Setophaga caerulescens","14-Jun-92",14,"Jun",92,"1mi W of Hwy 322 on Sandy Ridge Trail; State game lands No.33; 700m","Centre","PA","GRG","JPD","T-979","M","SY","8x5, 6.5x5.5",9.5,"partial",63.5,54.1,3.2,4.1,11,7.5,NA,NA,"green",12.3,8.7,2,2,2,2,NA,"bill black; mouth lining gray; legs munsell 5Y 4/2; fat moderate; stomach saved; no molt","jacked-up wingspot","PA.Centre","Central",40.83079,-78.14433,17.9
"608326","m",0.0851257333563525,0.0113581853354748,0.0822222688328439,0.0111511323278166,0.0876897715340957,0.0134293433231009,0.0918125367929757,0.0176953625382167,0.117259020133049,0.0159377617435755,0.0851257333563525,0.0113581853354748,25.2289985613311,3259,"Setophaga caerulescens","14-Jun-92",14,"Jun",92,"1mi W of Hwy 322 on Sandy Ridge Trail; State game lands No.33; 700m","Centre","PA","GRG","JPD","T-979","M","SY","8x5, 6.5x5.5",9.5,"partial",63.5,54.1,3.2,4.1,11,7.5,NA,NA,"green",12.3,8.7,2,2,2,2,NA,"bill black; mouth lining gray; legs munsell 5Y 4/2; fat moderate; stomach saved; no molt","jacked-up wingspot","PA.Centre","Central",40.83079,-78.14433,17.9
"608326","o",0.103632641309522,0.026781719851365,0.111005942286969,0.029531498402565,0.105320457996097,0.0276166944308665,0.0935735177276376,0.0209730524710902,0.106861232910455,0.0147061195183127,0.103632641309522,0.026781719851365,3.77406642897354,3259,"Setophaga caerulescens","14-Jun-92",14,"Jun",92,"1mi W of Hwy 322 on Sandy Ridge Trail; State game lands No.33; 700m","Centre","PA","GRG","JPD","T-979","M","SY","8x5, 6.5x5.5",9.5,"partial",63.5,54.1,3.2,4.1,11,7.5,NA,NA,"green",12.3,8.7,2,2,2,2,NA,"bill black; mouth lining gray; legs munsell 5Y 4/2; fat moderate; stomach saved; no molt","jacked-up wingspot","PA.Centre","Central",40.83079,-78.14433,17.9
"608326","t",0.0567227536057905,0.0174883380262933,0.0531910220411644,0.0182217508529575,0.0590677798963317,0.0187140545979113,0.0666213103555296,0.0167528271856022,0.0743383828697698,0.0153073939563383,0.0567227536057905,0.0174883380262933,81.4674422968662,3259,"Setophaga caerulescens","14-Jun-92",14,"Jun",92,"1mi W of Hwy 322 on Sandy Ridge Trail; State game lands No.33; 700m","Centre","PA","GRG","JPD","T-979","M","SY","8x5, 6.5x5.5",9.5,"partial",63.5,54.1,3.2,4.1,11,7.5,NA,NA,"green",12.3,8.7,2,2,2,2,NA,"bill black; mouth lining gray; legs munsell 5Y 4/2; fat moderate; stomach saved; no molt","jacked-up wingspot","PA.Centre","Central",40.83079,-78.14433,17.9
"608326","w",0.308038331890717,0.108099753325427,0.318233268562051,0.110360504228207,0.313018650073017,0.11073310532748,0.26465377057151,0.0888257626398482,0.276022016479774,0.0739518013051793,0.308038331890717,0.108099753325427,24.3445299305686,3259,"Setophaga caerulescens","14-Jun-92",14,"Jun",92,"1mi W of Hwy 322 on Sandy Ridge Trail; State game lands No.33; 700m","Centre","PA","GRG","JPD","T-979","M","SY","8x5, 6.5x5.5",9.5,"partial",63.5,54.1,3.2,4.1,11,7.5,NA,NA,"green",12.3,8.7,2,2,2,2,NA,"bill black; mouth lining gray; legs munsell 5Y 4/2; fat moderate; stomach saved; no molt","jacked-up wingspot","PA.Centre","Central",40.83079,-78.14433,17.9
"608328","c",0.082908947812131,0.0306828032642589,0.0685227296650819,0.0301150167073489,0.0870629618941199,0.0334205289123795,0.101852888560102,0.0308866367482428,0.161587621364747,0.0464915425552687,0.082908947812131,0.0306828032642589,47.8731469318822,3260,"Setophaga caerulescens","14-Jun-92",14,"Jun",92,"State Game Lands No. 33, 2.2 mi W Hwy 322 On Sandy Ridge Road","Centre","PA","GRG","","T-980","M","SY","",8.9,"partial",NA,NA,NA,NA,NA,NA,NA,NA,"",NA,NA,NA,NA,NA,NA,NA,"","","PA.Centre","Central",40.83201,-78.14412,NA
"608329","c",0.0781778109243487,0.0286426256482321,0.0651149645366368,0.022694526315345,0.0818569989857369,0.0324715333243043,0.0963123911928807,0.0337229424923879,0.150319801989805,0.03711366357818,0.0781778109243487,0.0286426256482321,75.4993432163633,3261,"Setophaga caerulescens","14-Jun-92",14,"Jun",92,"State Game Lands No. 33, 3.6 mi W Hwy 322 On Sandy Ridge Road","Centre","PA","GRG","","T-981","M","ASY","",8.75,"partial",NA,NA,NA,NA,NA,NA,NA,NA,"",NA,NA,NA,NA,2,NA,NA,"","","PA.Centre","Central",40.83201,-78.14412,NA
"608330","c",0.054892001114377,0.0148844598934698,0.0478059323079168,0.014863481554747,0.0593006564832786,0.0155702636255822,0.062293843390931,0.0170689776944428,0.088230707763836,0.0336325825354188,0.054892001114377,0.0148844598934698,65.3030587352224,3264,"Setophaga caerulescens","14-Jun-92",14,"Jun",92,"0.3mi S Black Moshannon Creek on Hannah Furnace Rd, Moshannon State Forest; 475m","Centre","PA","GRG","JPD","T-984","M","SY","7x5, 5.5x4.5",9.8,"partial",61.9,51.3,3.2,NA,10.7,7,NA,NA,"green",11.6,12.6,2,2,2,2,NA,"bill black; mouth lining black; legs munsell 5Y 2.5/2; stomach saved; no molt; lower bill tip broken","","PA.Centre","Central",40.91309,-78.12391,18.46
"608330","m",0.0701172088128384,0.0148806399689797,0.0651455846790402,0.0168848124665488,0.0727780031105104,0.0159974447643805,0.0807095159717691,0.0136156499187469,0.105687719374443,0.0180873159808626,0.0701172088128384,0.0148806399689797,24.5917307812598,3264,"Setophaga caerulescens","14-Jun-92",14,"Jun",92,"0.3mi S Black Moshannon Creek on Hannah Furnace Rd, Moshannon State Forest; 475m","Centre","PA","GRG","JPD","T-984","M","SY","7x5, 5.5x4.5",9.8,"partial",61.9,51.3,3.2,NA,10.7,7,NA,NA,"green",11.6,12.6,2,2,2,2,NA,"bill black; mouth lining black; legs munsell 5Y 2.5/2; stomach saved; no molt; lower bill tip broken","","PA.Centre","Central",40.91309,-78.12391,18.46
"608330","o",0.074755934681033,0.020025787113992,0.0769011234969481,0.0221980021964509,0.0765087903836372,0.0211934432934802,0.0756846986785938,0.0177815146762919,0.0934574168716002,0.0161879694981499,0.074755934681033,0.020025787113992,5.23024957778195,3264,"Setophaga caerulescens","14-Jun-92",14,"Jun",92,"0.3mi S Black Moshannon Creek on Hannah Furnace Rd, Moshannon State Forest; 475m","Centre","PA","GRG","JPD","T-984","M","SY","7x5, 5.5x4.5",9.8,"partial",61.9,51.3,3.2,NA,10.7,7,NA,NA,"green",11.6,12.6,2,2,2,2,NA,"bill black; mouth lining black; legs munsell 5Y 2.5/2; stomach saved; no molt; lower bill tip broken","","PA.Centre","Central",40.91309,-78.12391,18.46
"608330","t",0.0518911865218829,0.0127425819264126,0.0491219072571616,0.0152154664406023,0.0539113478302471,0.0134634881863699,0.0614205447168995,0.0125156249032688,0.067240293165747,0.0130533916268644,0.0518911865218829,0.0127425819264126,76.7641208481892,3264,"Setophaga caerulescens","14-Jun-92",14,"Jun",92,"0.3mi S Black Moshannon Creek on Hannah Furnace Rd, Moshannon State Forest; 475m","Centre","PA","GRG","JPD","T-984","M","SY","7x5, 5.5x4.5",9.8,"partial",61.9,51.3,3.2,NA,10.7,7,NA,NA,"green",11.6,12.6,2,2,2,2,NA,"bill black; mouth lining black; legs munsell 5Y 2.5/2; stomach saved; no molt; lower bill tip broken","","PA.Centre","Central",40.91309,-78.12391,18.46
"608330","w",0.319416906215906,0.0902428518026222,0.319923366918666,0.0880856437788956,0.323801700947879,0.092396846518591,0.290373154658772,0.0860930562666748,0.327375895790625,0.0780387646266016,0.319416906215906,0.0902428518026222,25.5642709701633,3264,"Setophaga caerulescens","14-Jun-92",14,"Jun",92,"0.3mi S Black Moshannon Creek on Hannah Furnace Rd, Moshannon State Forest; 475m","Centre","PA","GRG","JPD","T-984","M","SY","7x5, 5.5x4.5",9.8,"partial",61.9,51.3,3.2,NA,10.7,7,NA,NA,"green",11.6,12.6,2,2,2,2,NA,"bill black; mouth lining black; legs munsell 5Y 2.5/2; stomach saved; no molt; lower bill tip broken","","PA.Centre","Central",40.91309,-78.12391,18.46
"608331","c",0.0889808722975812,0.0212885926745279,0.0743878864390887,0.0189621781124231,0.0935579118260134,0.0224514277607241,0.106700459534161,0.0280768226341042,0.178870745120062,0.0368676034190036,0.0889808722975812,0.0212885926745279,66.8898480015012,3265,"Setophaga caerulescens","14-Jun-92",14,"Jun",92,"0.3mi S Black Moshannon Creek on Hannah Furnace Rd, Moshannon State Forest; 475m","Centre","PA","GRG","JPD","T-985","M","SY","5.5x5, NA",8.3,"partial",61.1,51.8,2.9,4.1,11.5,6.7,NA,NA,"green",12.9,11.1,2,2,3,2,NA,"bill black; mouth lining black; legs munsell 5Y 3/2; fat light; stomach saved; R testis ruptured","","PA.Centre","Central",40.91309,-78.12391,18.39
"608331","m",0.0683672105894915,0.0121405195352611,0.0643228162735372,0.0144685751586866,0.0708237572390834,0.0128407724008346,0.0782711697674107,0.0119863915393276,0.101523701385651,0.0201115415114067,0.0683672105894915,0.0121405195352611,25.1854631888409,3265,"Setophaga caerulescens","14-Jun-92",14,"Jun",92,"0.3mi S Black Moshannon Creek on Hannah Furnace Rd, Moshannon State Forest; 475m","Centre","PA","GRG","JPD","T-985","M","SY","5.5x5, NA",8.3,"partial",61.1,51.8,2.9,4.1,11.5,6.7,NA,NA,"green",12.9,11.1,2,2,3,2,NA,"bill black; mouth lining black; legs munsell 5Y 3/2; fat light; stomach saved; R testis ruptured","","PA.Centre","Central",40.91309,-78.12391,18.39
"608331","o",0.064935218169296,0.0159867625875949,0.0663373646900749,0.0181005315495036,0.0667188480547165,0.0170186764094021,0.0676773443835279,0.0159411770968742,0.0832562244649475,0.00996792484341735,0.064935218169296,0.0159867625875949,5.39688496903734,3265,"Setophaga caerulescens","14-Jun-92",14,"Jun",92,"0.3mi S Black Moshannon Creek on Hannah Furnace Rd, Moshannon State Forest; 475m","Centre","PA","GRG","JPD","T-985","M","SY","5.5x5, NA",8.3,"partial",61.1,51.8,2.9,4.1,11.5,6.7,NA,NA,"green",12.9,11.1,2,2,3,2,NA,"bill black; mouth lining black; legs munsell 5Y 3/2; fat light; stomach saved; R testis ruptured","","PA.Centre","Central",40.91309,-78.12391,18.39
"608331","t",0.0495091762115897,0.0106160401386587,0.0459539915405397,0.0117149487198051,0.0518164446753071,0.0113673485653635,0.0597058185787593,0.0113284632692328,0.0687004703780892,0.0135488559764102,0.0495091762115897,0.0106160401386587,79.1135297429161,3265,"Setophaga caerulescens","14-Jun-92",14,"Jun",92,"0.3mi S Black Moshannon Creek on Hannah Furnace Rd, Moshannon State Forest; 475m","Centre","PA","GRG","JPD","T-985","M","SY","5.5x5, NA",8.3,"partial",61.1,51.8,2.9,4.1,11.5,6.7,NA,NA,"green",12.9,11.1,2,2,3,2,NA,"bill black; mouth lining black; legs munsell 5Y 3/2; fat light; stomach saved; R testis ruptured","","PA.Centre","Central",40.91309,-78.12391,18.39
"608331","w",0.341339583382125,0.103794428124245,0.355765962547024,0.111148513130452,0.344726088660026,0.104572993059117,0.291830230677297,0.0847053214541973,0.301210150782863,0.075369904943526,0.341339583382125,0.103794428124245,27.8716457121411,3265,"Setophaga caerulescens","14-Jun-92",14,"Jun",92,"0.3mi S Black Moshannon Creek on Hannah Furnace Rd, Moshannon State Forest; 475m","Centre","PA","GRG","JPD","T-985","M","SY","5.5x5, NA",8.3,"partial",61.1,51.8,2.9,4.1,11.5,6.7,NA,NA,"green",12.9,11.1,2,2,3,2,NA,"bill black; mouth lining black; legs munsell 5Y 3/2; fat light; stomach saved; R testis ruptured","","PA.Centre","Central",40.91309,-78.12391,18.39
"608335","c",0.0689669724511698,0.0216133127714134,0.0550665346190074,0.0158510012482814,0.0721745780333798,0.0227592670490829,0.0904619928679499,0.0309814483715263,0.150943120844582,0.0450773443753824,0.0689669724511698,0.0216133127714134,63.5683993244511,3269,"Setophaga caerulescens","16-Jun-92",16,"Jun",92,"1.5mi NNE Lyman Lake on side road off Rock Run Rd., Susquehannock State Forest; 700m","Potter","PA","GRG","CJD","T-989","M","SY","6x5, 5x5",9.3,"partial",61.2,52.8,3,4,11.1,6.8,NA,NA,"green",10.6,14.5,2,2,2,2,NA,"bill black; mouth lining cream; legs munsell 2.5Y 3/2; foot pads yellowish; no fat; stomach saved; no molt","","PA.Potter","Central",41.7220797,-77.7767117,18.97
"608335","m",0.0739898936828495,0.0103126689074549,0.0651311449900314,0.0077832899848913,0.0768467281593004,0.0112390025128846,0.0901535006061935,0.0160827154984606,0.112819580504602,0.0106425297451896,0.0739898936828495,0.0103126689074549,22.6008632013511,3269,"Setophaga caerulescens","16-Jun-92",16,"Jun",92,"1.5mi NNE Lyman Lake on side road off Rock Run Rd., Susquehannock State Forest; 700m","Potter","PA","GRG","CJD","T-989","M","SY","6x5, 5x5",9.3,"partial",61.2,52.8,3,4,11.1,6.8,NA,NA,"green",10.6,14.5,2,2,2,2,NA,"bill black; mouth lining cream; legs munsell 2.5Y 3/2; foot pads yellowish; no fat; stomach saved; no molt","","PA.Potter","Central",41.7220797,-77.7767117,18.97
"608335","o",0.0805302032072356,0.0118978002941359,0.0821396695796721,0.0126011906418222,0.0820966479407919,0.0135515853267707,0.0830837448110705,0.0116788225040025,0.102211248697327,0.0112038656522135,0.0805302032072356,0.0118978002941359,13.5327453556014,3269,"Setophaga caerulescens","16-Jun-92",16,"Jun",92,"1.5mi NNE Lyman Lake on side road off Rock Run Rd., Susquehannock State Forest; 700m","Potter","PA","GRG","CJD","T-989","M","SY","6x5, 5x5",9.3,"partial",61.2,52.8,3,4,11.1,6.8,NA,NA,"green",10.6,14.5,2,2,2,2,NA,"bill black; mouth lining cream; legs munsell 2.5Y 3/2; foot pads yellowish; no fat; stomach saved; no molt","","PA.Potter","Central",41.7220797,-77.7767117,18.97
"608335","t",0.0407102602170949,0.00669811920143368,0.0368351440951414,0.00774025912750535,0.0420485728328192,0.00759537317922395,0.054567690387599,0.00858673447002962,0.0571834951486677,0.00756102212791298,0.0407102602170949,0.00669811920143368,65.8532557703134,3269,"Setophaga caerulescens","16-Jun-92",16,"Jun",92,"1.5mi NNE Lyman Lake on side road off Rock Run Rd., Susquehannock State Forest; 700m","Potter","PA","GRG","CJD","T-989","M","SY","6x5, 5x5",9.3,"partial",61.2,52.8,3,4,11.1,6.8,NA,NA,"green",10.6,14.5,2,2,2,2,NA,"bill black; mouth lining cream; legs munsell 2.5Y 3/2; foot pads yellowish; no fat; stomach saved; no molt","","PA.Potter","Central",41.7220797,-77.7767117,18.97
"608335","w",0.481647313846728,0.120461359314742,0.496138162010902,0.129596770488789,0.489532163488839,0.124867343186858,0.394946384809191,0.0850469457733567,0.410391131770643,0.103607101892392,0.481647313846728,0.120461359314742,26.4454869581535,3269,"Setophaga caerulescens","16-Jun-92",16,"Jun",92,"1.5mi NNE Lyman Lake on side road off Rock Run Rd., Susquehannock State Forest; 700m","Potter","PA","GRG","CJD","T-989","M","SY","6x5, 5x5",9.3,"partial",61.2,52.8,3,4,11.1,6.8,NA,NA,"green",10.6,14.5,2,2,2,2,NA,"bill black; mouth lining cream; legs munsell 2.5Y 3/2; foot pads yellowish; no fat; stomach saved; no molt","","PA.Potter","Central",41.7220797,-77.7767117,18.97
"608336","c",0.0709843102778202,0.0299732075447102,0.0557017315366534,0.0240687482008887,0.0746876110402454,0.0328533520439993,0.0925950798737122,0.0369234926006991,0.155347008545252,0.0525245457618382,0.0709843102778202,0.0299732075447102,86.5993619816101,3211,"Setophaga caerulescens","16-Jun-92",16,"Jun",92,"1.5mi NE Lyman Lake on Rock Run Rd., Susquehannock State Forest; 650m","Potter","PA","GRG","JPD","T-931","M","SY","7x4.5, 6.5x5",8.9,"partial",62.4,51.6,2.9,4,10.7,6.9,NA,NA,"green",15.4,18.2,2,2,2,2,NA,"bill black; mouth lining cream; legs Munsell 2.5Y 4/4; light fat; no molt - wings and tail worn; stomach saved","","PA.Potter","Central",41.72457,-77.75484,18.91
"608336","m",0.0771248296210309,0.0149631055746033,0.0693954394714037,0.0145013030675495,0.0801969090898477,0.0153450372183905,0.0896367815048058,0.0166182216601408,0.109659753287832,0.0174957571940068,0.0771248296210309,0.0149631055746033,25.5099768561957,3211,"Setophaga caerulescens","16-Jun-92",16,"Jun",92,"1.5mi NE Lyman Lake on Rock Run Rd., Susquehannock State Forest; 650m","Potter","PA","GRG","JPD","T-931","M","SY","7x4.5, 6.5x5",8.9,"partial",62.4,51.6,2.9,4,10.7,6.9,NA,NA,"green",15.4,18.2,2,2,2,2,NA,"bill black; mouth lining cream; legs Munsell 2.5Y 4/4; light fat; no molt - wings and tail worn; stomach saved","","PA.Potter","Central",41.72457,-77.75484,18.91
"608336","o",0.0754939043697903,0.00623877964016115,0.076104114504442,0.00770439570908049,0.0766235350441087,0.0074327858596156,0.0811938226585089,0.00810768078183999,0.0930449840155614,0.00499747386260478,0.0754939043697903,0.00623877964016115,5.80896978795271,3211,"Setophaga caerulescens","16-Jun-92",16,"Jun",92,"1.5mi NE Lyman Lake on Rock Run Rd., Susquehannock State Forest; 650m","Potter","PA","GRG","JPD","T-931","M","SY","7x4.5, 6.5x5",8.9,"partial",62.4,51.6,2.9,4,10.7,6.9,NA,NA,"green",15.4,18.2,2,2,2,2,NA,"bill black; mouth lining cream; legs Munsell 2.5Y 4/4; light fat; no molt - wings and tail worn; stomach saved","","PA.Potter","Central",41.72457,-77.75484,18.91
"608336","t",0.0412828385220089,0.00524496341549115,0.0367779198153376,0.00642499255936038,0.0421530431160977,0.00664772430039658,0.0574115034978585,0.00912938100440888,0.0543393877388669,0.00534474300637481,0.0412828385220089,0.00524496341549115,58.1009570275849,3211,"Setophaga caerulescens","16-Jun-92",16,"Jun",92,"1.5mi NE Lyman Lake on Rock Run Rd., Susquehannock State Forest; 650m","Potter","PA","GRG","JPD","T-931","M","SY","7x4.5, 6.5x5",8.9,"partial",62.4,51.6,2.9,4,10.7,6.9,NA,NA,"green",15.4,18.2,2,2,2,2,NA,"bill black; mouth lining cream; legs Munsell 2.5Y 4/4; light fat; no molt - wings and tail worn; stomach saved","","PA.Potter","Central",41.72457,-77.75484,18.91
"608336","w",0.459918048095168,0.109359226479917,0.483656917093313,0.117874568412945,0.467920974926376,0.113490298821728,0.366034406442679,0.0759524030060935,0.348253665963967,0.0808653031667235,0.459918048095168,0.109359226479917,50.3223869393883,3211,"Setophaga caerulescens","16-Jun-92",16,"Jun",92,"1.5mi NE Lyman Lake on Rock Run Rd., Susquehannock State Forest; 650m","Potter","PA","GRG","JPD","T-931","M","SY","7x4.5, 6.5x5",8.9,"partial",62.4,51.6,2.9,4,10.7,6.9,NA,NA,"green",15.4,18.2,2,2,2,2,NA,"bill black; mouth lining cream; legs Munsell 2.5Y 4/4; light fat; no molt - wings and tail worn; stomach saved","","PA.Potter","Central",41.72457,-77.75484,18.91
"608338","c",0.0805935313344003,0.0281537677040207,0.065654469782799,0.0232916715981958,0.0852314054612926,0.0311866265436722,0.0982466272057667,0.0323330274406708,0.170189802666801,0.0456204079797747,0.0805935313344003,0.0281537677040207,57.7917057609308,3271,"Setophaga caerulescens","16-Jun-92",16,"Jun",92,"1.5mi NNE Lyman Lake on side road off Rock Run Rd., Susquehannock State Forest; 700m","Potter","PA","GRG","CJD","T-991","M","ASY","8x6, 5x4",9.1,"partial",65,55.2,3.2,3.9,10.4,7,NA,NA,"blue",18.7,18.1,2,2,2,2,NA,"bill black; mouth lining dark brown; legs munsell 2.5Y 4/2; foot pads yellowish; no fat; stomach saved; no molt","","PA.Potter","Central",41.7220797,-77.7767117,19.4
"608338","m",0.0737708985257616,0.00907901679640763,0.0667646219429466,0.0082044521811404,0.0760729399688957,0.010215485757515,0.0887434808868769,0.0132680722202969,0.112966131025265,0.0112738652902583,0.0737708985257616,0.00907901679640763,24.6908112841684,3271,"Setophaga caerulescens","16-Jun-92",16,"Jun",92,"1.5mi NNE Lyman Lake on side road off Rock Run Rd., Susquehannock State Forest; 700m","Potter","PA","GRG","CJD","T-991","M","ASY","8x6, 5x4",9.1,"partial",65,55.2,3.2,3.9,10.4,7,NA,NA,"blue",18.7,18.1,2,2,2,2,NA,"bill black; mouth lining dark brown; legs munsell 2.5Y 4/2; foot pads yellowish; no fat; stomach saved; no molt","","PA.Potter","Central",41.7220797,-77.7767117,19.4
"608338","o",0.0724176165839889,0.010520347922283,0.0710213713614344,0.013122634828245,0.0740865993348001,0.0111706128737038,0.0801173415120348,0.00870904685662849,0.100127557181872,0.012028050840144,0.0724176165839889,0.010520347922283,3.27716269468943,3271,"Setophaga caerulescens","16-Jun-92",16,"Jun",92,"1.5mi NNE Lyman Lake on side road off Rock Run Rd., Susquehannock State Forest; 700m","Potter","PA","GRG","CJD","T-991","M","ASY","8x6, 5x4",9.1,"partial",65,55.2,3.2,3.9,10.4,7,NA,NA,"blue",18.7,18.1,2,2,2,2,NA,"bill black; mouth lining dark brown; legs munsell 2.5Y 4/2; foot pads yellowish; no fat; stomach saved; no molt","","PA.Potter","Central",41.7220797,-77.7767117,19.4
"608338","t",0.0456491189915476,0.00564412233867678,0.0414939758053667,0.00669551762909005,0.0468101115576173,0.00698569369331179,0.0597238263973754,0.0093097976080182,0.0625747895063638,0.00633284185965345,0.0456491189915476,0.00564412233867678,76.020266466504,3271,"Setophaga caerulescens","16-Jun-92",16,"Jun",92,"1.5mi NNE Lyman Lake on side road off Rock Run Rd., Susquehannock State Forest; 700m","Potter","PA","GRG","CJD","T-991","M","ASY","8x6, 5x4",9.1,"partial",65,55.2,3.2,3.9,10.4,7,NA,NA,"blue",18.7,18.1,2,2,2,2,NA,"bill black; mouth lining dark brown; legs munsell 2.5Y 4/2; foot pads yellowish; no fat; stomach saved; no molt","","PA.Potter","Central",41.7220797,-77.7767117,19.4
"608338","w",0.524542163662119,0.106344304497503,0.540631252246832,0.113370913791168,0.533304089344269,0.110527042526479,0.42873696841002,0.0740290521202608,0.432209276875982,0.0856742958764004,0.524542163662119,0.106344304497503,44.9255019703509,3271,"Setophaga caerulescens","16-Jun-92",16,"Jun",92,"1.5mi NNE Lyman Lake on side road off Rock Run Rd., Susquehannock State Forest; 700m","Potter","PA","GRG","CJD","T-991","M","ASY","8x6, 5x4",9.1,"partial",65,55.2,3.2,3.9,10.4,7,NA,NA,"blue",18.7,18.1,2,2,2,2,NA,"bill black; mouth lining dark brown; legs munsell 2.5Y 4/2; foot pads yellowish; no fat; stomach saved; no molt","","PA.Potter","Central",41.7220797,-77.7767117,19.4
"608340","c",0.0597263784258509,0.0198549612492768,0.0503729306902425,0.0170663223261313,0.0634024428798857,0.0204033428992508,0.0726808580954956,0.0240203350272168,0.110711937929248,0.0375656274330518,0.0597263784258509,0.0198549612492768,82.4357290298367,3208,"Setophaga caerulescens","16-Jun-92",16,"Jun",92,"1.5mi NNE Lyman Lake on side road off Rock Run Rd., Susquehannock State Forest; 700m","Potter","PA","GRG","CJD","T-928","M","SY","6.5x5, 5x5",8.8,"partial",57.3,54.9,2.8,4.1,10.3,6.7,NA,NA,"green",10.8,10.8,2,2,2,2,NA,"bill black; mouth lining cream; legs munsell 5Y 3/2; no fat; stomach saved; no molt","","PA.Potter","Central",41.7220797,-77.7767117,18.57
"608340","m",0.0768329154653633,0.0107195866946756,0.0725011254242811,0.00932041978337233,0.0792934924321669,0.0119343501007379,0.0867574187992315,0.0134790605957284,0.109336146015236,0.0130563095098604,0.0768329154653633,0.0107195866946756,25.6943766810534,3208,"Setophaga caerulescens","16-Jun-92",16,"Jun",92,"1.5mi NNE Lyman Lake on side road off Rock Run Rd., Susquehannock State Forest; 700m","Potter","PA","GRG","CJD","T-928","M","SY","6.5x5, 5x5",8.8,"partial",57.3,54.9,2.8,4.1,10.3,6.7,NA,NA,"green",10.8,10.8,2,2,2,2,NA,"bill black; mouth lining cream; legs munsell 5Y 3/2; no fat; stomach saved; no molt","","PA.Potter","Central",41.7220797,-77.7767117,18.57
"608340","o",0.0827333928644326,0.00954567088638033,0.0823383772763696,0.00985180279585491,0.0841402169950453,0.0113980754230892,0.0880130303241963,0.0122401410333213,0.110118595056699,0.00875877359419634,0.0827333928644326,0.00954567088638033,14.9476449615312,3208,"Setophaga caerulescens","16-Jun-92",16,"Jun",92,"1.5mi NNE Lyman Lake on side road off Rock Run Rd., Susquehannock State Forest; 700m","Potter","PA","GRG","CJD","T-928","M","SY","6.5x5, 5x5",8.8,"partial",57.3,54.9,2.8,4.1,10.3,6.7,NA,NA,"green",10.8,10.8,2,2,2,2,NA,"bill black; mouth lining cream; legs munsell 5Y 3/2; no fat; stomach saved; no molt","","PA.Potter","Central",41.7220797,-77.7767117,18.57
"608340","t",0.0425569851423891,0.00609065500347755,0.0383862401652647,0.0069014771893665,0.0435363899318859,0.00749185241937835,0.0573549606298663,0.009839140778249,0.0607517573156754,0.00734521873026746,0.0425569851423891,0.00609065500347755,115.423531619441,3208,"Setophaga caerulescens","16-Jun-92",16,"Jun",92,"1.5mi NNE Lyman Lake on side road off Rock Run Rd., Susquehannock State Forest; 700m","Potter","PA","GRG","CJD","T-928","M","SY","6.5x5, 5x5",8.8,"partial",57.3,54.9,2.8,4.1,10.3,6.7,NA,NA,"green",10.8,10.8,2,2,2,2,NA,"bill black; mouth lining cream; legs munsell 5Y 3/2; no fat; stomach saved; no molt","","PA.Potter","Central",41.7220797,-77.7767117,18.57
"608340","w",0.423492885532477,0.104254578538098,0.441766801293084,0.110312003532373,0.434649376895796,0.109521913510469,0.334798455913792,0.0747224057412618,0.361208898873195,0.0892867481588425,0.423492885532477,0.104254578538098,20.2709701632576,3208,"Setophaga caerulescens","16-Jun-92",16,"Jun",92,"1.5mi NNE Lyman Lake on side road off Rock Run Rd., Susquehannock State Forest; 700m","Potter","PA","GRG","CJD","T-928","M","SY","6.5x5, 5x5",8.8,"partial",57.3,54.9,2.8,4.1,10.3,6.7,NA,NA,"green",10.8,10.8,2,2,2,2,NA,"bill black; mouth lining cream; legs munsell 5Y 3/2; no fat; stomach saved; no molt","","PA.Potter","Central",41.7220797,-77.7767117,18.57
"608346","c",0.0858696504740457,0.0327154225943139,0.0702277550618211,0.0293419543727683,0.0905704851177647,0.036003936556697,0.103534428970013,0.0316497677565198,0.175037941339812,0.0510398287362097,0.0858696504740457,0.0327154225943139,77.8427472321261,3275,"Setophaga caerulescens","16-Jun-92",16,"Jun",92,"2.5mi NNE Lyman Lake on side road off Rock Run Rd., Susquehannock State Forest; 700m","Potter","PA","GRG","JPD","T-995","M","SY","7x5.5, 6.5x5",10,"partial",59.8,55.6,3.2,4,NA,NA,NA,NA,"green",11.8,10,2,2,2,2,NA,"bill black; legs munsell 5Y 4/2; moderate fat; stomach saved; no molt; bill broken","","PA.Potter","Central",41.7220797,-77.7767117,NA
"608346","m",0.0828590131848683,0.0157574620739175,0.0787775323805452,0.0185548533130419,0.0853928701617824,0.0164692149862266,0.0920152823464832,0.0127436510356141,0.114302710522801,0.022045676727614,0.0828590131848683,0.0157574620739175,26.1122161756427,3275,"Setophaga caerulescens","16-Jun-92",16,"Jun",92,"2.5mi NNE Lyman Lake on side road off Rock Run Rd., Susquehannock State Forest; 700m","Potter","PA","GRG","JPD","T-995","M","SY","7x5.5, 6.5x5",10,"partial",59.8,55.6,3.2,4,NA,NA,NA,NA,"green",11.8,10,2,2,2,2,NA,"bill black; legs munsell 5Y 4/2; moderate fat; stomach saved; no molt; bill broken","","PA.Potter","Central",41.7220797,-77.7767117,NA
"608346","o",0.0793498367115303,0.00958238829991927,0.0802830160645832,0.0108762608646771,0.0810908394160364,0.0104629029329669,0.0826679025617732,0.0100844174139969,0.104370554748912,0.010677308533377,0.0793498367115303,0.00958238829991927,14.3719271908426,3275,"Setophaga caerulescens","16-Jun-92",16,"Jun",92,"2.5mi NNE Lyman Lake on side road off Rock Run Rd., Susquehannock State Forest; 700m","Potter","PA","GRG","JPD","T-995","M","SY","7x5.5, 6.5x5",10,"partial",59.8,55.6,3.2,4,NA,NA,NA,NA,"green",11.8,10,2,2,2,2,NA,"bill black; legs munsell 5Y 4/2; moderate fat; stomach saved; no molt; bill broken","","PA.Potter","Central",41.7220797,-77.7767117,NA
"608346","t",0.0415673379096238,0.00566838572208086,0.037459677597793,0.00673578659451213,0.0430533937417121,0.00678960127438745,0.0553717310705661,0.00851310372473562,0.0569046518716169,0.00616997231937246,0.0415673379096238,0.00566838572208086,66.2022893601051,3275,"Setophaga caerulescens","16-Jun-92",16,"Jun",92,"2.5mi NNE Lyman Lake on side road off Rock Run Rd., Susquehannock State Forest; 700m","Potter","PA","GRG","JPD","T-995","M","SY","7x5.5, 6.5x5",10,"partial",59.8,55.6,3.2,4,NA,NA,NA,NA,"green",11.8,10,2,2,2,2,NA,"bill black; legs munsell 5Y 4/2; moderate fat; stomach saved; no molt; bill broken","","PA.Potter","Central",41.7220797,-77.7767117,NA
"608346","w",0.422120663560504,0.0715403244023146,0.431219184283055,0.0732653475625926,0.42761147206557,0.0737036491952171,0.359019378984585,0.0614155853342548,0.409359556562779,0.0930981257638028,0.422120663560504,0.0715403244023146,27.3694877087634,3275,"Setophaga caerulescens","16-Jun-92",16,"Jun",92,"2.5mi NNE Lyman Lake on side road off Rock Run Rd., Susquehannock State Forest; 700m","Potter","PA","GRG","JPD","T-995","M","SY","7x5.5, 6.5x5",10,"partial",59.8,55.6,3.2,4,NA,NA,NA,NA,"green",11.8,10,2,2,2,2,NA,"bill black; legs munsell 5Y 4/2; moderate fat; stomach saved; no molt; bill broken","","PA.Potter","Central",41.7220797,-77.7767117,NA
"608347","c",0.0981980543896137,0.028165497715124,0.0819673325270009,0.0298998648521301,0.102310647042872,0.0290425420950966,0.118865861297814,0.0268511806491932,0.197529828040095,0.0636034161391425,0.0981980543896137,0.028165497715124,63.9286920623006,3276,"Setophaga caerulescens","16-Jun-92",16,"Jun",92,"2.75mi NNE Lyman Lake on side road off Rock Run Rd., Susquehannock State Forest; 700m","Potter","PA","GRG","JPD","T-996","M","ASY","6.5x5, 7x5.5",9.4,"partial",66.2,52.5,3.3,4.2,11,6.8,NA,NA,"blue",14.8,15.1,2,2,2,2,NA,"bill black; mouth lining black; legs munsell 2.5Y 4/4; moderate fat; stomach saved; no molt","","PA.Potter","Central",41.7220797,-77.7767117,18.74
"608347","m",0.0767460487465372,0.0195334708886337,0.069945099099579,0.0163476421613595,0.0786786021031046,0.0224224004436939,0.0923654540365782,0.0242074383557379,0.121273956964903,0.0157499532908575,0.0767460487465372,0.0195334708886337,26.128479389504,3276,"Setophaga caerulescens","16-Jun-92",16,"Jun",92,"2.75mi NNE Lyman Lake on side road off Rock Run Rd., Susquehannock State Forest; 700m","Potter","PA","GRG","JPD","T-996","M","ASY","6.5x5, 7x5.5",9.4,"partial",66.2,52.5,3.3,4.2,11,6.8,NA,NA,"blue",14.8,15.1,2,2,2,2,NA,"bill black; mouth lining black; legs munsell 2.5Y 4/4; moderate fat; stomach saved; no molt","","PA.Potter","Central",41.7220797,-77.7767117,18.74
"608347","o",0.062080379212072,0.0116875125097823,0.0583457331856841,0.0128220753198331,0.0633125873845191,0.0132224860895372,0.0757269159474755,0.012531210011276,0.0922322324533876,0.010319194634464,0.062080379212072,0.0116875125097823,16.60649277538,3276,"Setophaga caerulescens","16-Jun-92",16,"Jun",92,"2.75mi NNE Lyman Lake on side road off Rock Run Rd., Susquehannock State Forest; 700m","Potter","PA","GRG","JPD","T-996","M","ASY","6.5x5, 7x5.5",9.4,"partial",66.2,52.5,3.3,4.2,11,6.8,NA,NA,"blue",14.8,15.1,2,2,2,2,NA,"bill black; mouth lining black; legs munsell 2.5Y 4/4; moderate fat; stomach saved; no molt","","PA.Potter","Central",41.7220797,-77.7767117,18.74
"608347","t",0.0408711134090986,0.00564166269062498,0.0360016771161078,0.00668040245240532,0.0422130560394962,0.00729733768729333,0.0573516916834441,0.0101950868351184,0.0602270232171005,0.00638040259542075,0.0408711134090986,0.00564166269062498,95.1270407205855,3276,"Setophaga caerulescens","16-Jun-92",16,"Jun",92,"2.75mi NNE Lyman Lake on side road off Rock Run Rd., Susquehannock State Forest; 700m","Potter","PA","GRG","JPD","T-996","M","ASY","6.5x5, 7x5.5",9.4,"partial",66.2,52.5,3.3,4.2,11,6.8,NA,NA,"blue",14.8,15.1,2,2,2,2,NA,"bill black; mouth lining black; legs munsell 2.5Y 4/4; moderate fat; stomach saved; no molt","","PA.Potter","Central",41.7220797,-77.7767117,18.74
"608347","w",0.442437981586327,0.115011355814057,0.449834967711284,0.120484357198723,0.447055864492603,0.117652923945571,0.380858220839773,0.0887987362256342,0.433724944882372,0.102779345819603,0.442437981586327,0.115011355814057,56.0863201351098,3276,"Setophaga caerulescens","16-Jun-92",16,"Jun",92,"2.75mi NNE Lyman Lake on side road off Rock Run Rd., Susquehannock State Forest; 700m","Potter","PA","GRG","JPD","T-996","M","ASY","6.5x5, 7x5.5",9.4,"partial",66.2,52.5,3.3,4.2,11,6.8,NA,NA,"blue",14.8,15.1,2,2,2,2,NA,"bill black; mouth lining black; legs munsell 2.5Y 4/4; moderate fat; stomach saved; no molt","","PA.Potter","Central",41.7220797,-77.7767117,18.74
"608348","c",0.0594717624107885,0.0194749221915801,0.0483304602759125,0.0163659094224593,0.0630614314563402,0.0212608713137649,0.0754447963076863,0.0225943743207475,0.115279503114386,0.0324289705967589,0.0594717624107885,0.0194749221915801,84.6004878964158,3277,"Setophaga caerulescens","17-Jun-92",17,"Jun",92,"3mi NNE Lyman Lake on side road off Rock Run Rd., Susquehannock State Forest; 700m","Potter","PA","GRG","JPD","T-997","M","SY","7x5, 6x5",9.35,"partial",59.8,50.3,3,4,10.8,7.6,NA,NA,"green",9.7,10.1,2,2,2,2,NA,"bill black; mouth lining black; legs munsell 5Y 4/4; light fat; stomach saved; no molt","","PA.Potter","Central",41.7220797,-77.7767117,18.38
"608348","m",0.0716176680869636,0.0114821986120011,0.063905758700312,0.00960333804398314,0.0742189800492509,0.0132965189538822,0.0868136652629119,0.0176191174591896,0.0952218720112163,0.0135692480286155,0.0716176680869636,0.0114821986120011,25.6460874460499,3277,"Setophaga caerulescens","17-Jun-92",17,"Jun",92,"3mi NNE Lyman Lake on side road off Rock Run Rd., Susquehannock State Forest; 700m","Potter","PA","GRG","JPD","T-997","M","SY","7x5, 6x5",9.35,"partial",59.8,50.3,3,4,10.8,7.6,NA,NA,"green",9.7,10.1,2,2,2,2,NA,"bill black; mouth lining black; legs munsell 5Y 4/4; light fat; stomach saved; no molt","","PA.Potter","Central",41.7220797,-77.7767117,18.38
"608348","o",0.0808240687529927,0.0101865419349969,0.0827393641167632,0.0109901683209126,0.0826169181417919,0.0117746539950862,0.0826230384814246,0.0101594633209526,0.099576305661558,0.00874936413356565,0.0808240687529927,0.0101865419349969,9.62582097954588,3277,"Setophaga caerulescens","17-Jun-92",17,"Jun",92,"3mi NNE Lyman Lake on side road off Rock Run Rd., Susquehannock State Forest; 700m","Potter","PA","GRG","JPD","T-997","M","SY","7x5, 6x5",9.35,"partial",59.8,50.3,3,4,10.8,7.6,NA,NA,"green",9.7,10.1,2,2,2,2,NA,"bill black; mouth lining black; legs munsell 5Y 4/4; light fat; stomach saved; no molt","","PA.Potter","Central",41.7220797,-77.7767117,18.38
"608348","t",0.0378894461612222,0.00639261451601811,0.0334567154024208,0.00745067174161244,0.039470555499651,0.00785959740173087,0.0534492876449721,0.0100050774524241,0.0561945951270552,0.00699935022948528,0.0378894461612222,0.00639261451601811,57.3856258209795,3277,"Setophaga caerulescens","17-Jun-92",17,"Jun",92,"3mi NNE Lyman Lake on side road off Rock Run Rd., Susquehannock State Forest; 700m","Potter","PA","GRG","JPD","T-997","M","SY","7x5, 6x5",9.35,"partial",59.8,50.3,3,4,10.8,7.6,NA,NA,"green",9.7,10.1,2,2,2,2,NA,"bill black; mouth lining black; legs munsell 5Y 4/4; light fat; stomach saved; no molt","","PA.Potter","Central",41.7220797,-77.7767117,18.38
"608348","w",0.373588811534847,0.0714728286132759,0.37537763644531,0.0711314077254127,0.377283692780151,0.0752428166729532,0.334057808859565,0.0622717176240938,0.4012500122527,0.0830861389925099,0.373588811534847,0.0714728286132759,22.0904484893976,3277,"Setophaga caerulescens","17-Jun-92",17,"Jun",92,"3mi NNE Lyman Lake on side road off Rock Run Rd., Susquehannock State Forest; 700m","Potter","PA","GRG","JPD","T-997","M","SY","7x5, 6x5",9.35,"partial",59.8,50.3,3,4,10.8,7.6,NA,NA,"green",9.7,10.1,2,2,2,2,NA,"bill black; mouth lining black; legs munsell 5Y 4/4; light fat; stomach saved; no molt","","PA.Potter","Central",41.7220797,-77.7767117,18.38
"608350","c",0.0817704921318696,0.0255916367395729,0.0660700051937327,0.0246227160060407,0.0856822427181819,0.0271936877042521,0.102654205282764,0.0259420782592153,0.169758642910115,0.0529073155278962,0.0817704921318696,0.0255916367395729,56.7626196284481,3279,"Setophaga caerulescens","17-Jun-92",17,"Jun",92,"3mi NNE Lyman Lake on side road off Rock Run Rd., Susquehannock State Forest; 700m","Potter","PA","GRG","CJD","T-999","M","ASY","7x5, 5x5",9.3,"partial",64.4,47.9,3.2,4.1,10.8,7.2,NA,NA,"blue",16.7,17.2,2,2,2,2,NA,"bill black; mouth lining brown; legs munsell 2.5Y 3/2; light fat; stomach saved; no molt; some throat feathers in sheath","","PA.Potter","Central",41.7220797,-77.7767117,19.03
"608350","m",0.0636741833883682,0.0213992983014745,0.0564545924270475,0.0162179157165115,0.0659566321628933,0.0246215505048777,0.0803723665238581,0.0319841961886277,0.120703573522366,0.0159037069860074,0.0636741833883682,0.0213992983014745,25.6030524801401,3279,"Setophaga caerulescens","17-Jun-92",17,"Jun",92,"3mi NNE Lyman Lake on side road off Rock Run Rd., Susquehannock State Forest; 700m","Potter","PA","GRG","CJD","T-999","M","ASY","7x5, 5x5",9.3,"partial",64.4,47.9,3.2,4.1,10.8,7.2,NA,NA,"blue",16.7,17.2,2,2,2,2,NA,"bill black; mouth lining brown; legs munsell 2.5Y 3/2; light fat; stomach saved; no molt; some throat feathers in sheath","","PA.Potter","Central",41.7220797,-77.7767117,19.03
"608350","o",0.0654014552784711,0.0125824519615724,0.0602369226888023,0.0122594816998296,0.0669544042058373,0.0145308387256438,0.0805515304283546,0.0165080123067967,0.100603899962813,0.0134998131254908,0.0654014552784711,0.0125824519615724,11.9399512103584,3279,"Setophaga caerulescens","17-Jun-92",17,"Jun",92,"3mi NNE Lyman Lake on side road off Rock Run Rd., Susquehannock State Forest; 700m","Potter","PA","GRG","CJD","T-999","M","ASY","7x5, 5x5",9.3,"partial",64.4,47.9,3.2,4.1,10.8,7.2,NA,NA,"blue",16.7,17.2,2,2,2,2,NA,"bill black; mouth lining brown; legs munsell 2.5Y 3/2; light fat; stomach saved; no molt; some throat feathers in sheath","","PA.Potter","Central",41.7220797,-77.7767117,19.03
"608350","t",0.0384198094250744,0.00571638847366806,0.0335534986856456,0.00662730496465948,0.0399408885492015,0.00708299260072875,0.0546961039609117,0.00933154236512508,0.0591964705426374,0.00602647227392113,0.0384198094250744,0.00571638847366806,97.0103208857197,3279,"Setophaga caerulescens","17-Jun-92",17,"Jun",92,"3mi NNE Lyman Lake on side road off Rock Run Rd., Susquehannock State Forest; 700m","Potter","PA","GRG","CJD","T-999","M","ASY","7x5, 5x5",9.3,"partial",64.4,47.9,3.2,4.1,10.8,7.2,NA,NA,"blue",16.7,17.2,2,2,2,2,NA,"bill black; mouth lining brown; legs munsell 2.5Y 3/2; light fat; stomach saved; no molt; some throat feathers in sheath","","PA.Potter","Central",41.7220797,-77.7767117,19.03
"608350","w",0.502694965209863,0.103501177831712,0.517116298507788,0.110677096277024,0.507600846233125,0.107203293007964,0.419898336431585,0.0793372301001225,0.458460529771328,0.105796655680718,0.502694965209863,0.103501177831712,45.366109964346,3279,"Setophaga caerulescens","17-Jun-92",17,"Jun",92,"3mi NNE Lyman Lake on side road off Rock Run Rd., Susquehannock State Forest; 700m","Potter","PA","GRG","CJD","T-999","M","ASY","7x5, 5x5",9.3,"partial",64.4,47.9,3.2,4.1,10.8,7.2,NA,NA,"blue",16.7,17.2,2,2,2,2,NA,"bill black; mouth lining brown; legs munsell 2.5Y 3/2; light fat; stomach saved; no molt; some throat feathers in sheath","","PA.Potter","Central",41.7220797,-77.7767117,19.03
"608370","c",0.0796704996126591,0.0266763469153731,0.0667465060079751,0.0205823589742411,0.083977664804837,0.0294979547968542,0.0952389056803175,0.0352818610297423,0.154923946204944,0.0460045480076363,0.0796704996126591,0.0266763469153731,65.0080690561081,3239,"Setophaga caerulescens","20-Jun-92",20,"Jun",92,"1.5mi SSE Denman Mountain, Catskills State Park; 650m","Sullivan","NY","GRG","CJD","T-959","M","ASY","9x6, 6x5",9.3,"partial",63.5,52.8,2.8,3.9,10,6.2,NA,NA,"blue",15.9,15.3,2,2,2,2,NA,"bill black; mouth lining brown; legs munsell 5Y 2.5/1; light fat; stomach saved; no molt","","NY.Sullivan","North Central",41.90287,-74.5396005,NA
"608370","m",0.0703144591847409,0.0175701669254329,0.0651148256412403,0.0147824309134033,0.072084927652558,0.020425942642801,0.0843203546714672,0.0228106687053994,0.10608731142894,0.0133231192635996,0.0703144591847409,0.0175701669254329,24.954525552011,3239,"Setophaga caerulescens","20-Jun-92",20,"Jun",92,"1.5mi SSE Denman Mountain, Catskills State Park; 650m","Sullivan","NY","GRG","CJD","T-959","M","ASY","9x6, 6x5",9.3,"partial",63.5,52.8,2.8,3.9,10,6.2,NA,NA,"blue",15.9,15.3,2,2,2,2,NA,"bill black; mouth lining brown; legs munsell 5Y 2.5/1; light fat; stomach saved; no molt","","NY.Sullivan","North Central",41.90287,-74.5396005,NA
"608370","o",0.0655301699961814,0.0150914587761297,0.0643549822917072,0.0185807612181893,0.0667157586414129,0.0158348371999836,0.0747851407429965,0.0119772873915682,0.0884212498264958,0.012620559441384,0.0655301699961814,0.0150914587761297,6.94539313191969,3239,"Setophaga caerulescens","20-Jun-92",20,"Jun",92,"1.5mi SSE Denman Mountain, Catskills State Park; 650m","Sullivan","NY","GRG","CJD","T-959","M","ASY","9x6, 6x5",9.3,"partial",63.5,52.8,2.8,3.9,10,6.2,NA,NA,"blue",15.9,15.3,2,2,2,2,NA,"bill black; mouth lining brown; legs munsell 5Y 2.5/1; light fat; stomach saved; no molt","","NY.Sullivan","North Central",41.90287,-74.5396005,NA
"608370","t",0.0464101090139075,0.00745833523718133,0.0420278396004654,0.00861312099606076,0.048100679709038,0.00826354800663185,0.0600467294930649,0.00897531011271629,0.0644093132869922,0.0089364218094106,0.0464101090139075,0.00745833523718133,117.783449052355,3239,"Setophaga caerulescens","20-Jun-92",20,"Jun",92,"1.5mi SSE Denman Mountain, Catskills State Park; 650m","Sullivan","NY","GRG","CJD","T-959","M","ASY","9x6, 6x5",9.3,"partial",63.5,52.8,2.8,3.9,10,6.2,NA,NA,"blue",15.9,15.3,2,2,2,2,NA,"bill black; mouth lining brown; legs munsell 5Y 2.5/1; light fat; stomach saved; no molt","","NY.Sullivan","North Central",41.90287,-74.5396005,NA
"608370","w",0.398835184759223,0.156209542908727,0.410644991854077,0.166609655356454,0.405281079086541,0.159828638312254,0.333934908859595,0.113070407041976,0.359896747870984,0.0873771649112714,0.398835184759223,0.156209542908727,52.4893976355789,3239,"Setophaga caerulescens","20-Jun-92",20,"Jun",92,"1.5mi SSE Denman Mountain, Catskills State Park; 650m","Sullivan","NY","GRG","CJD","T-959","M","ASY","9x6, 6x5",9.3,"partial",63.5,52.8,2.8,3.9,10,6.2,NA,NA,"blue",15.9,15.3,2,2,2,2,NA,"bill black; mouth lining brown; legs munsell 5Y 2.5/1; light fat; stomach saved; no molt","","NY.Sullivan","North Central",41.90287,-74.5396005,NA
"608371","c",0.079010577638905,0.02522712475742,0.0645629229752521,0.0256136651476494,0.0830444439734742,0.0270577348584781,0.0980651498142792,0.0254099715516189,0.162119894692454,0.0475178344599036,0.079010577638905,0.02522712475742,74.4154625633327,3240,"Setophaga caerulescens","20-Jun-92",20,"Jun",92,"1.5mi SSE Denman Mountain, Catskills State Park; 650m","Sullivan","NY","GRG","CJD","T-960","M","ASY","6x5, 5x4",9.6,"partial",60,48.1,3.1,4,10.4,6.5,NA,NA,"blue",11.6,18.3,2,2,2,2,NA,"bill black; mouth lining dark brown; legs munsell 5Y 3/1; no fat; stomach saved; no molt","","NY.Sullivan","North Central",41.90287,-74.5396005,18.81
"608371","m",0.0693353809547074,0.012744231750063,0.0616376326996675,0.00969694797412598,0.0713843701367711,0.0140007590112087,0.0864113664026036,0.0185928852999009,0.111741170085954,0.0161108764544232,0.0693353809547074,0.012744231750063,25.3253268280478,3240,"Setophaga caerulescens","20-Jun-92",20,"Jun",92,"1.5mi SSE Denman Mountain, Catskills State Park; 650m","Sullivan","NY","GRG","CJD","T-960","M","ASY","6x5, 5x4",9.6,"partial",60,48.1,3.1,4,10.4,6.5,NA,NA,"blue",11.6,18.3,2,2,2,2,NA,"bill black; mouth lining dark brown; legs munsell 5Y 3/1; no fat; stomach saved; no molt","","NY.Sullivan","North Central",41.90287,-74.5396005,18.81
"608371","o",0.0983896669701231,0.0195197687775806,0.100668190041528,0.0231954106534049,0.0997291784457367,0.020012727298911,0.0990251933787613,0.0147745380600796,0.123460730235937,0.0122983771886916,0.0983896669701231,0.0195197687775806,4.16663539125539,3240,"Setophaga caerulescens","20-Jun-92",20,"Jun",92,"1.5mi SSE Denman Mountain, Catskills State Park; 650m","Sullivan","NY","GRG","CJD","T-960","M","ASY","6x5, 5x4",9.6,"partial",60,48.1,3.1,4,10.4,6.5,NA,NA,"blue",11.6,18.3,2,2,2,2,NA,"bill black; mouth lining dark brown; legs munsell 5Y 3/1; no fat; stomach saved; no molt","","NY.Sullivan","North Central",41.90287,-74.5396005,18.81
"608371","t",0.0438408264214388,0.00519721922988399,0.0388143650701229,0.00648179185503322,0.0452532815939236,0.00655905130043854,0.0597991687135009,0.00884291715824405,0.0618906890466272,0.00684576449297709,0.0438408264214388,0.00519721922988399,77.6948770876337,3240,"Setophaga caerulescens","20-Jun-92",20,"Jun",92,"1.5mi SSE Denman Mountain, Catskills State Park; 650m","Sullivan","NY","GRG","CJD","T-960","M","ASY","6x5, 5x4",9.6,"partial",60,48.1,3.1,4,10.4,6.5,NA,NA,"blue",11.6,18.3,2,2,2,2,NA,"bill black; mouth lining dark brown; legs munsell 5Y 3/1; no fat; stomach saved; no molt","","NY.Sullivan","North Central",41.90287,-74.5396005,18.81
"608371","w",0.366725737422483,0.119536790227497,0.374767737882824,0.120594205876089,0.372416431258153,0.121784164267756,0.314489427731012,0.0999834297237268,0.347652980722896,0.113376746545373,0.366725737422483,0.119536790227497,51.1150309626572,3240,"Setophaga caerulescens","20-Jun-92",20,"Jun",92,"1.5mi SSE Denman Mountain, Catskills State Park; 650m","Sullivan","NY","GRG","CJD","T-960","M","ASY","6x5, 5x4",9.6,"partial",60,48.1,3.1,4,10.4,6.5,NA,NA,"blue",11.6,18.3,2,2,2,2,NA,"bill black; mouth lining dark brown; legs munsell 5Y 3/1; no fat; stomach saved; no molt","","NY.Sullivan","North Central",41.90287,-74.5396005,18.81
"608372","c",0.0839064798890479,0.0269525598548391,0.0682683728591541,0.021595250545738,0.0877807937442576,0.0289475153155413,0.105127124419722,0.0364237878717289,0.190182582192405,0.0507295721082652,0.0839064798890479,0.0269525598548391,70.8530681178458,3241,"Setophaga caerulescens","20-Jun-92",20,"Jun",92,"1.5mi SSE Denman Mountain, Catskills State Park; 650m","Sullivan","NY","GRG","CJD","T-961","M","ASY","6x5, 4x3",9,"partial",58.1,52.2,3.3,3.9,11,6.9,NA,NA,"blue",17,14.8,2,2,2,2,NA,"bill black; mouth lining cream; legs munsell 2.5Y 3/2; no fat; stomach saved; no molt","","NY.Sullivan","North Central",41.90287,-74.5396005,19.02
"608372","m",0.0780641849018942,0.0120618168533719,0.0712795957587441,0.0104883693537827,0.0800878925777656,0.0131800234104219,0.093203538995718,0.0178236538208885,0.12373570133415,0.0141951887710757,0.0780641849018942,0.0120618168533719,24.9555263651717,3241,"Setophaga caerulescens","20-Jun-92",20,"Jun",92,"1.5mi SSE Denman Mountain, Catskills State Park; 650m","Sullivan","NY","GRG","CJD","T-961","M","ASY","6x5, 4x3",9,"partial",58.1,52.2,3.3,3.9,11,6.9,NA,NA,"blue",17,14.8,2,2,2,2,NA,"bill black; mouth lining cream; legs munsell 2.5Y 3/2; no fat; stomach saved; no molt","","NY.Sullivan","North Central",41.90287,-74.5396005,19.02
"608372","o",0.0915227909640764,0.0229189859306561,0.0926253190521541,0.0259546699581596,0.092713635709221,0.0234455552658354,0.0950898899958703,0.0185031532407725,0.117389325809425,0.0166877889817812,0.0915227909640764,0.0229189859306561,3.1202852317508,3241,"Setophaga caerulescens","20-Jun-92",20,"Jun",92,"1.5mi SSE Denman Mountain, Catskills State Park; 650m","Sullivan","NY","GRG","CJD","T-961","M","ASY","6x5, 4x3",9,"partial",58.1,52.2,3.3,3.9,11,6.9,NA,NA,"blue",17,14.8,2,2,2,2,NA,"bill black; mouth lining cream; legs munsell 2.5Y 3/2; no fat; stomach saved; no molt","","NY.Sullivan","North Central",41.90287,-74.5396005,19.02
"608372","t",0.0455256917269253,0.00786162461449117,0.0404674951780279,0.0088127159990805,0.0467366097518657,0.00896333291279454,0.0621156218339624,0.0102561678671986,0.064256342934456,0.00946592666487502,0.0455256917269253,0.00786162461449117,116.689059861137,3241,"Setophaga caerulescens","20-Jun-92",20,"Jun",92,"1.5mi SSE Denman Mountain, Catskills State Park; 650m","Sullivan","NY","GRG","CJD","T-961","M","ASY","6x5, 4x3",9,"partial",58.1,52.2,3.3,3.9,11,6.9,NA,NA,"blue",17,14.8,2,2,2,2,NA,"bill black; mouth lining cream; legs munsell 2.5Y 3/2; no fat; stomach saved; no molt","","NY.Sullivan","North Central",41.90287,-74.5396005,19.02
"608372","w",0.400364228909902,0.0850324751374505,0.402283539061693,0.0855574197295207,0.404672824349691,0.0866397390219382,0.356729501536154,0.0747985157121125,0.414856469348964,0.0740433012892906,0.400364228909902,0.0850324751374505,51.4385438168512,3241,"Setophaga caerulescens","20-Jun-92",20,"Jun",92,"1.5mi SSE Denman Mountain, Catskills State Park; 650m","Sullivan","NY","GRG","CJD","T-961","M","ASY","6x5, 4x3",9,"partial",58.1,52.2,3.3,3.9,11,6.9,NA,NA,"blue",17,14.8,2,2,2,2,NA,"bill black; mouth lining cream; legs munsell 2.5Y 3/2; no fat; stomach saved; no molt","","NY.Sullivan","North Central",41.90287,-74.5396005,19.02
"608373","c",0.0832532122151253,0.0210211111727503,0.0705156665863331,0.021807969392587,0.0875511573589047,0.021748515625517,0.0985868425201621,0.0212801566931579,0.153288605165355,0.0434554018090261,0.0832532122151253,0.0210211111727503,49.9470820041284,3242,"Setophaga caerulescens","20-Jun-92",20,"Jun",92,"1.5mi SSE Denman Mountain, Catskills State Park; 650m","Sullivan","NY","GRG","CJD","T-962","M","SY","6x4, 6x4",9.8,"partial",60.3,51.8,3.3,4.1,10.2,7.1,NA,NA,"green",13,13.9,2,2,2,2,NA,"bill black; mouth lining cream; legs munsell 2.5Y 3/2; feet: yellowish pads; moderate fat; stomach saved; no molt","","NY.Sullivan","North Central",41.90287,-74.5396005,19.48
"608373","m",0.0777585611649809,0.0231902427498778,0.0686418847291158,0.0212554655921141,0.0803950974100755,0.027211132028801,0.0950836434926793,0.0246770477278299,0.124265218361017,0.0187859385694432,0.0777585611649809,0.0231902427498778,25.1844623756802,3242,"Setophaga caerulescens","20-Jun-92",20,"Jun",92,"1.5mi SSE Denman Mountain, Catskills State Park; 650m","Sullivan","NY","GRG","CJD","T-962","M","SY","6x4, 6x4",9.8,"partial",60.3,51.8,3.3,4.1,10.2,7.1,NA,NA,"green",13,13.9,2,2,2,2,NA,"bill black; mouth lining cream; legs munsell 2.5Y 3/2; feet: yellowish pads; moderate fat; stomach saved; no molt","","NY.Sullivan","North Central",41.90287,-74.5396005,19.48
"608373","o",0.0965480060930567,0.0279351151916489,0.100014440063172,0.0325463136245375,0.0979031894280235,0.0285155554748881,0.0950894958382485,0.0195839078688846,0.113877318788921,0.0130576806324399,0.0965480060930567,0.0279351151916489,4.87446049915556,3242,"Setophaga caerulescens","20-Jun-92",20,"Jun",92,"1.5mi SSE Denman Mountain, Catskills State Park; 650m","Sullivan","NY","GRG","CJD","T-962","M","SY","6x4, 6x4",9.8,"partial",60.3,51.8,3.3,4.1,10.2,7.1,NA,NA,"green",13,13.9,2,2,2,2,NA,"bill black; mouth lining cream; legs munsell 2.5Y 3/2; feet: yellowish pads; moderate fat; stomach saved; no molt","","NY.Sullivan","North Central",41.90287,-74.5396005,19.48
"608373","t",0.0498773534871841,0.00826836060210779,0.0456749850773817,0.00963969714131912,0.0512959634831411,0.00943905846527174,0.063903806034037,0.0101969900532028,0.0680706526531867,0.00746180705469918,0.0498773534871841,0.00826836060210779,102.384687558641,3242,"Setophaga caerulescens","20-Jun-92",20,"Jun",92,"1.5mi SSE Denman Mountain, Catskills State Park; 650m","Sullivan","NY","GRG","CJD","T-962","M","SY","6x4, 6x4",9.8,"partial",60.3,51.8,3.3,4.1,10.2,7.1,NA,NA,"green",13,13.9,2,2,2,2,NA,"bill black; mouth lining cream; legs munsell 2.5Y 3/2; feet: yellowish pads; moderate fat; stomach saved; no molt","","NY.Sullivan","North Central",41.90287,-74.5396005,19.48
"608373","w",0.35921717612032,0.106203694931387,0.366468369077762,0.107943131598284,0.36452492773673,0.109036841338262,0.311015810765537,0.0864567936860144,0.35465085166118,0.0885121800015625,0.35921717612032,0.106203694931387,30.4409832989304,3242,"Setophaga caerulescens","20-Jun-92",20,"Jun",92,"1.5mi SSE Denman Mountain, Catskills State Park; 650m","Sullivan","NY","GRG","CJD","T-962","M","SY","6x4, 6x4",9.8,"partial",60.3,51.8,3.3,4.1,10.2,7.1,NA,NA,"green",13,13.9,2,2,2,2,NA,"bill black; mouth lining cream; legs munsell 2.5Y 3/2; feet: yellowish pads; moderate fat; stomach saved; no molt","","NY.Sullivan","North Central",41.90287,-74.5396005,19.48
"608374","c",0.0892903404830187,0.0239433688273417,0.0737390425691569,0.0191938106272409,0.0934579542640302,0.0256968619221385,0.109041956770357,0.0317614428579872,0.185111305701421,0.0410862533771187,0.0892903404830187,0.0239433688273417,62.2030399699756,3214,"Setophaga caerulescens","20-Jun-92",20,"Jun",92,"1.5mi SSE Denman Mountain, Catskills State Park; 650m","Sullivan","NY","GRG","CJD","T-934","M","ASY","7x5, 6x6",9.3,"partial",63.7,51,3.4,4.3,11,6.9,NA,NA,"blue",12.6,16.8,2,2,2,2,NA,"bill black; mouth lining cream; legs munsell 2.5Y 4/2; no fat; stomach saved; no molt","","NY.Sullivan","North Central",41.90287,-74.5396005,NA
"608374","m",0.0739377177711846,0.0173800047592804,0.0652934133717888,0.0135379126769685,0.0761097869408906,0.0205139971906839,0.0920663308896185,0.0254722302684678,0.118048269471837,0.018090232748219,0.0739377177711846,0.0173800047592804,25.1371739538375,3214,"Setophaga caerulescens","20-Jun-92",20,"Jun",92,"1.5mi SSE Denman Mountain, Catskills State Park; 650m","Sullivan","NY","GRG","CJD","T-934","M","ASY","7x5, 6x6",9.3,"partial",63.7,51,3.4,4.3,11,6.9,NA,NA,"blue",12.6,16.8,2,2,2,2,NA,"bill black; mouth lining cream; legs munsell 2.5Y 4/2; no fat; stomach saved; no molt","","NY.Sullivan","North Central",41.90287,-74.5396005,NA
"608374","o",0.0712651278763513,0.0185398863722038,0.0708440244327462,0.0218592550248864,0.0726957574480476,0.0191906323223471,0.0780324190028129,0.0142726849454621,0.0929485892882391,0.0108445162871661,0.0712651278763513,0.0185398863722038,6.74197785700882,3214,"Setophaga caerulescens","20-Jun-92",20,"Jun",92,"1.5mi SSE Denman Mountain, Catskills State Park; 650m","Sullivan","NY","GRG","CJD","T-934","M","ASY","7x5, 6x6",9.3,"partial",63.7,51,3.4,4.3,11,6.9,NA,NA,"blue",12.6,16.8,2,2,2,2,NA,"bill black; mouth lining cream; legs munsell 2.5Y 4/2; no fat; stomach saved; no molt","","NY.Sullivan","North Central",41.90287,-74.5396005,NA
"608374","t",0.0514198976334815,0.0113023137773828,0.0479242295748808,0.0134412098890043,0.0529526082540714,0.0120969933299837,0.0639480400650177,0.0109888708820757,0.0670837643732136,0.0098116281646351,0.0514198976334815,0.0113023137773828,97.495965471946,3214,"Setophaga caerulescens","20-Jun-92",20,"Jun",92,"1.5mi SSE Denman Mountain, Catskills State Park; 650m","Sullivan","NY","GRG","CJD","T-934","M","ASY","7x5, 6x6",9.3,"partial",63.7,51,3.4,4.3,11,6.9,NA,NA,"blue",12.6,16.8,2,2,2,2,NA,"bill black; mouth lining cream; legs munsell 2.5Y 4/2; no fat; stomach saved; no molt","","NY.Sullivan","North Central",41.90287,-74.5396005,NA
"608374","w",0.443739047513722,0.101955353144,0.453281150409885,0.105537616050792,0.448088050896364,0.1049815185201,0.38133722493124,0.0823162266257514,0.42858773827478,0.088258610040983,0.443739047513722,0.101955353144,56.0165134171514,3214,"Setophaga caerulescens","20-Jun-92",20,"Jun",92,"1.5mi SSE Denman Mountain, Catskills State Park; 650m","Sullivan","NY","GRG","CJD","T-934","M","ASY","7x5, 6x6",9.3,"partial",63.7,51,3.4,4.3,11,6.9,NA,NA,"blue",12.6,16.8,2,2,2,2,NA,"bill black; mouth lining cream; legs munsell 2.5Y 4/2; no fat; stomach saved; no molt","","NY.Sullivan","North Central",41.90287,-74.5396005,NA
"608375","c",0.0869148733088697,0.0285702392975202,0.0732267317601635,0.0296293738153206,0.0913358470254368,0.0303776163235933,0.103020008407336,0.0290569582334746,0.170942264548932,0.0586735550954068,0.0869148733088697,0.0285702392975202,67.4227810095703,3243,"Setophaga caerulescens","20-Jun-92",20,"Jun",92,"1.5mi SSE Denman Mountain, Catskills State Park; 650m","Sullivan","NY","GRG","JPD","T-963","M","?SY","NA, 5.5x 5.5",8.9,"partial",61.7,52.2,3,4,10.7,7,NA,NA,"bluish green",15.8,18.8,2,2,NA,2,NA,"bill black; mouth lining black; legs munsell 2.5Y 3/2; no fat; stomach saved; no molt; L testis destroyed by shot; R testis mushy","","NY.Sullivan","North Central",41.90287,-74.5396005,17.5
"608375","m",0.0738180879740518,0.0112694230439958,0.0658434964453867,0.0089846761728893,0.0758526699083847,0.0127294822554144,0.0909600188098505,0.0179214619074531,0.118360526393802,0.0118350042563191,0.0738180879740518,0.0112694230439958,25.1434290360918,3243,"Setophaga caerulescens","20-Jun-92",20,"Jun",92,"1.5mi SSE Denman Mountain, Catskills State Park; 650m","Sullivan","NY","GRG","JPD","T-963","M","?SY","NA, 5.5x 5.5",8.9,"partial",61.7,52.2,3,4,10.7,7,NA,NA,"bluish green",15.8,18.8,2,2,NA,2,NA,"bill black; mouth lining black; legs munsell 2.5Y 3/2; no fat; stomach saved; no molt; L testis destroyed by shot; R testis mushy","","NY.Sullivan","North Central",41.90287,-74.5396005,17.5
"608375","o",0.0648261408507236,0.0117971157110876,0.0624532617959752,0.014692430540765,0.0661997824718144,0.0124901478340359,0.0755642993341351,0.0106281702892494,0.0912527208820728,0.00958689313501969,0.0648261408507236,0.0117971157110876,4.30174516794896,3243,"Setophaga caerulescens","20-Jun-92",20,"Jun",92,"1.5mi SSE Denman Mountain, Catskills State Park; 650m","Sullivan","NY","GRG","JPD","T-963","M","?SY","NA, 5.5x 5.5",8.9,"partial",61.7,52.2,3,4,10.7,7,NA,NA,"bluish green",15.8,18.8,2,2,NA,2,NA,"bill black; mouth lining black; legs munsell 2.5Y 3/2; no fat; stomach saved; no molt; L testis destroyed by shot; R testis mushy","","NY.Sullivan","North Central",41.90287,-74.5396005,17.5
"608375","t",0.0437085285532317,0.00659503513341712,0.0395485486512657,0.00754168800295249,0.0451245430068213,0.00788664706913806,0.0581139613759696,0.00951358853602226,0.0618557240489006,0.00782353578791302,0.0437085285532317,0.00659503513341712,89.5582660911991,3243,"Setophaga caerulescens","20-Jun-92",20,"Jun",92,"1.5mi SSE Denman Mountain, Catskills State Park; 650m","Sullivan","NY","GRG","JPD","T-963","M","?SY","NA, 5.5x 5.5",8.9,"partial",61.7,52.2,3,4,10.7,7,NA,NA,"bluish green",15.8,18.8,2,2,NA,2,NA,"bill black; mouth lining black; legs munsell 2.5Y 3/2; no fat; stomach saved; no molt; L testis destroyed by shot; R testis mushy","","NY.Sullivan","North Central",41.90287,-74.5396005,17.5
"608375","w",0.435263632820802,0.130046553266779,0.449912770404678,0.138723879546289,0.441810064790324,0.133661988678194,0.361692351165477,0.0952913098282145,0.379613782979456,0.100239689175851,0.435263632820802,0.130046553266779,48.2221805216739,3243,"Setophaga caerulescens","20-Jun-92",20,"Jun",92,"1.5mi SSE Denman Mountain, Catskills State Park; 650m","Sullivan","NY","GRG","JPD","T-963","M","?SY","NA, 5.5x 5.5",8.9,"partial",61.7,52.2,3,4,10.7,7,NA,NA,"bluish green",15.8,18.8,2,2,NA,2,NA,"bill black; mouth lining black; legs munsell 2.5Y 3/2; no fat; stomach saved; no molt; L testis destroyed by shot; R testis mushy","","NY.Sullivan","North Central",41.90287,-74.5396005,17.5
"608376","c",0.093531186266484,0.028809118683134,0.0790922273613585,0.0311447492965213,0.097824963264745,0.0304644404886118,0.110990905333928,0.028181976429269,0.18053272635069,0.0585954369163436,0.093531186266484,0.028809118683134,44.1050853818728,3245,"Setophaga caerulescens","20-Jun-92",20,"Jun",92,"1.5mi SSE Denman Mountain, Catskills State Park; 650m","Sullivan","NY","GRG","JPD","T-965","M","SY","6x4, NA",9.8,"partial",62.9,55.5,NA,NA,NA,NA,NA,NA,"green",9.9,12.1,2,2,2,2,NA,"bill black; mouth lining cream; legs munsell 5Y 4/2; stomach saved; no molt; R testis not found; Rectrix right 1 80% grown; bill broken off","","NY.Sullivan","North Central",41.90287,-74.5396005,18.36
"608376","m",0.072093045193616,0.0160724601615907,0.0665477196525982,0.0130584770878488,0.0741381933099782,0.0176854234795107,0.0856880738966135,0.0205591266674477,0.105313014947644,0.0147368083238441,0.072093045193616,0.0160724601615907,25.4601864014512,3245,"Setophaga caerulescens","20-Jun-92",20,"Jun",92,"1.5mi SSE Denman Mountain, Catskills State Park; 650m","Sullivan","NY","GRG","JPD","T-965","M","SY","6x4, NA",9.8,"partial",62.9,55.5,NA,NA,NA,NA,NA,NA,"green",9.9,12.1,2,2,2,2,NA,"bill black; mouth lining cream; legs munsell 5Y 4/2; stomach saved; no molt; R testis not found; Rectrix right 1 80% grown; bill broken off","","NY.Sullivan","North Central",41.90287,-74.5396005,18.36
"608376","o",0.0916802663574851,0.0221781653529382,0.0965659292014162,0.0262728036110413,0.092815383631942,0.0230252862892624,0.0892391630023352,0.0162605209245924,0.107704430595861,0.0161386545690843,0.0916802663574851,0.0221781653529382,5.59654719459561,3245,"Setophaga caerulescens","20-Jun-92",20,"Jun",92,"1.5mi SSE Denman Mountain, Catskills State Park; 650m","Sullivan","NY","GRG","JPD","T-965","M","SY","6x4, NA",9.8,"partial",62.9,55.5,NA,NA,NA,NA,NA,NA,"green",9.9,12.1,2,2,2,2,NA,"bill black; mouth lining cream; legs munsell 5Y 4/2; stomach saved; no molt; R testis not found; Rectrix right 1 80% grown; bill broken off","","NY.Sullivan","North Central",41.90287,-74.5396005,18.36
"608376","t",0.0485829609847338,0.00890321528099942,0.044469917206021,0.011246022036322,0.0500130026948409,0.00999308524999344,0.0629399976926811,0.0107604148469411,0.067581287809185,0.0084339407691705,0.0485829609847338,0.00890321528099942,75.354475511353,3245,"Setophaga caerulescens","20-Jun-92",20,"Jun",92,"1.5mi SSE Denman Mountain, Catskills State Park; 650m","Sullivan","NY","GRG","JPD","T-965","M","SY","6x4, NA",9.8,"partial",62.9,55.5,NA,NA,NA,NA,NA,NA,"green",9.9,12.1,2,2,2,2,NA,"bill black; mouth lining cream; legs munsell 5Y 4/2; stomach saved; no molt; R testis not found; Rectrix right 1 80% grown; bill broken off","","NY.Sullivan","North Central",41.90287,-74.5396005,18.36
"608376","w",0.382069631685404,0.102788372139712,0.388277103297703,0.10625251865894,0.38667097419225,0.106091215695703,0.333727529059454,0.0819020765550471,0.382554272243746,0.0813766915680751,0.382069631685404,0.102788372139712,26.7900168887221,3245,"Setophaga caerulescens","20-Jun-92",20,"Jun",92,"1.5mi SSE Denman Mountain, Catskills State Park; 650m","Sullivan","NY","GRG","JPD","T-965","M","SY","6x4, NA",9.8,"partial",62.9,55.5,NA,NA,NA,NA,NA,NA,"green",9.9,12.1,2,2,2,2,NA,"bill black; mouth lining cream; legs munsell 5Y 4/2; stomach saved; no molt; R testis not found; Rectrix right 1 80% grown; bill broken off","","NY.Sullivan","North Central",41.90287,-74.5396005,18.36
"608377","c",0.0801814228374334,0.0284428740456874,0.0672652704408219,0.0240421738011021,0.0847175006269883,0.0319480736822481,0.0951480811415477,0.0348887707707476,0.153606904713348,0.0414628674372979,0.0801814228374334,0.0284428740456874,40.5959842371927,3244,"Setophaga caerulescens","20-Jun-92",20,"Jun",92,"1.5mi SSE Denman Mountain, Catskills State Park; 650m","Sullivan","NY","GRG","CJD","T-964","M","SY","7x4, 6x5",9,"partial",59.8,53.4,3,4,10.9,6.9,NA,NA,"green",11.8,12.2,2,2,2,2,NA,"bill black; mouth lining cream; legs munsell 2.5Y 3/2; no fat; stomach saved; no molt","","NY.Sullivan","North Central",41.90287,-74.5396005,18.97
"608377","m",0.0734784887140382,0.0159681477221066,0.0685658490332894,0.0138386440384133,0.0753453806187515,0.0177976761015836,0.0861639308425392,0.0192190403018356,0.109004273638463,0.0154331897645877,0.0734784887140382,0.0159681477221066,25.2310001876525,3244,"Setophaga caerulescens","20-Jun-92",20,"Jun",92,"1.5mi SSE Denman Mountain, Catskills State Park; 650m","Sullivan","NY","GRG","CJD","T-964","M","SY","7x4, 6x5",9,"partial",59.8,53.4,3,4,10.9,6.9,NA,NA,"green",11.8,12.2,2,2,2,2,NA,"bill black; mouth lining cream; legs munsell 2.5Y 3/2; no fat; stomach saved; no molt","","NY.Sullivan","North Central",41.90287,-74.5396005,18.97
"608377","o",0.0856948415453201,0.016190931357898,0.0873132332799284,0.0178801860682867,0.0875734052742948,0.017556753069078,0.0866197662747803,0.0163110671494601,0.113545040043882,0.0162437108811706,0.0856948415453201,0.016190931357898,4.41733908800901,3244,"Setophaga caerulescens","20-Jun-92",20,"Jun",92,"1.5mi SSE Denman Mountain, Catskills State Park; 650m","Sullivan","NY","GRG","CJD","T-964","M","SY","7x4, 6x5",9,"partial",59.8,53.4,3,4,10.9,6.9,NA,NA,"green",11.8,12.2,2,2,2,2,NA,"bill black; mouth lining cream; legs munsell 2.5Y 3/2; no fat; stomach saved; no molt","","NY.Sullivan","North Central",41.90287,-74.5396005,18.97
"608377","t",0.0547248001136908,0.0116928835315873,0.0511722347565092,0.0136987576796463,0.0563713697353165,0.0124822459958576,0.0666322676275735,0.0109049825323859,0.0689580126926036,0.00883385964893653,0.0547248001136908,0.0116928835315873,76.7633702383186,3244,"Setophaga caerulescens","20-Jun-92",20,"Jun",92,"1.5mi SSE Denman Mountain, Catskills State Park; 650m","Sullivan","NY","GRG","CJD","T-964","M","SY","7x4, 6x5",9,"partial",59.8,53.4,3,4,10.9,6.9,NA,NA,"green",11.8,12.2,2,2,2,2,NA,"bill black; mouth lining cream; legs munsell 2.5Y 3/2; no fat; stomach saved; no molt","","NY.Sullivan","North Central",41.90287,-74.5396005,18.97
"608377","w",0.383020537324294,0.118871178070427,0.382661790608016,0.120918595199974,0.387236596237561,0.120686251947359,0.341164540421954,0.101993966428548,0.429121095349201,0.0942153893720694,0.383020537324294,0.118871178070427,35.2989303809345,3244,"Setophaga caerulescens","20-Jun-92",20,"Jun",92,"1.5mi SSE Denman Mountain, Catskills State Park; 650m","Sullivan","NY","GRG","CJD","T-964","M","SY","7x4, 6x5",9,"partial",59.8,53.4,3,4,10.9,6.9,NA,NA,"green",11.8,12.2,2,2,2,2,NA,"bill black; mouth lining cream; legs munsell 2.5Y 3/2; no fat; stomach saved; no molt","","NY.Sullivan","North Central",41.90287,-74.5396005,18.97
"608378","c",0.0781600283155936,0.0261132480897149,0.0632363637089914,0.0253679500880744,0.0820957151130544,0.0282734541014147,0.0983538619681761,0.0266436047087014,0.167831729099009,0.0483274982576197,0.0781600283155936,0.0261132480897149,67.3694877087634,3246,"Setophaga caerulescens","20-Jun-92",20,"Jun",92,"1.5mi SSE Denman Mountain, Catskills State Park; 650m","Sullivan","NY","GRG","CJD","T-966","M","ASY","6x5, 5x5",9.4,"partial",64.9,53.5,3.1,4.1,11,6.4,NA,NA,"blue",13,15,2,2,2,2,NA,"bill black; mouth lining dark brown; legs munsell 5Y 2.5/2; light fat; stomach saved; no molt","","NY.Sullivan","North Central",41.90287,-74.5396005,19.13
"608378","m",0.0793477294361513,0.0207716825924988,0.0700086592803185,0.0156951269661463,0.0811908004553623,0.0234275933199487,0.0991670756355083,0.0272129758483032,0.127471117782374,0.0194450573589016,0.0793477294361513,0.0207716825924988,25.6008006505286,3246,"Setophaga caerulescens","20-Jun-92",20,"Jun",92,"1.5mi SSE Denman Mountain, Catskills State Park; 650m","Sullivan","NY","GRG","CJD","T-966","M","ASY","6x5, 5x5",9.4,"partial",64.9,53.5,3.1,4.1,11,6.4,NA,NA,"blue",13,15,2,2,2,2,NA,"bill black; mouth lining dark brown; legs munsell 5Y 2.5/2; light fat; stomach saved; no molt","","NY.Sullivan","North Central",41.90287,-74.5396005,19.13
"608378","o",0.0914006499425998,0.0236952141006894,0.0920937688770273,0.0260573817869523,0.0926000076729728,0.0243548848597166,0.0956798852668348,0.0201841438845946,0.122255447971675,0.0247348705414909,0.0914006499425998,0.0236952141006894,2.35766560330268,3246,"Setophaga caerulescens","20-Jun-92",20,"Jun",92,"1.5mi SSE Denman Mountain, Catskills State Park; 650m","Sullivan","NY","GRG","CJD","T-966","M","ASY","6x5, 5x5",9.4,"partial",64.9,53.5,3.1,4.1,11,6.4,NA,NA,"blue",13,15,2,2,2,2,NA,"bill black; mouth lining dark brown; legs munsell 5Y 2.5/2; light fat; stomach saved; no molt","","NY.Sullivan","North Central",41.90287,-74.5396005,19.13
"608378","t",0.042711956293139,0.00614786685511659,0.0374574030138741,0.00668899018663863,0.0442751533594848,0.0072290296462031,0.0586399008082401,0.00921243333960329,0.0616469410612715,0.00755326504877798,0.042711956293139,0.00614786685511659,140.406079939951,3246,"Setophaga caerulescens","20-Jun-92",20,"Jun",92,"1.5mi SSE Denman Mountain, Catskills State Park; 650m","Sullivan","NY","GRG","CJD","T-966","M","ASY","6x5, 5x5",9.4,"partial",64.9,53.5,3.1,4.1,11,6.4,NA,NA,"blue",13,15,2,2,2,2,NA,"bill black; mouth lining dark brown; legs munsell 5Y 2.5/2; light fat; stomach saved; no molt","","NY.Sullivan","North Central",41.90287,-74.5396005,19.13
"608378","w",0.449134447278594,0.12458072325193,0.451811543654142,0.126085653144634,0.453142302341741,0.126712055443071,0.392314221789345,0.102359835636622,0.46440306917581,0.109089025759819,0.449134447278594,0.12458072325193,52.1058359917433,3246,"Setophaga caerulescens","20-Jun-92",20,"Jun",92,"1.5mi SSE Denman Mountain, Catskills State Park; 650m","Sullivan","NY","GRG","CJD","T-966","M","ASY","6x5, 5x5",9.4,"partial",64.9,53.5,3.1,4.1,11,6.4,NA,NA,"blue",13,15,2,2,2,2,NA,"bill black; mouth lining dark brown; legs munsell 5Y 2.5/2; light fat; stomach saved; no molt","","NY.Sullivan","North Central",41.90287,-74.5396005,19.13
"608379","c",0.0684421418603179,0.0225658634408421,0.0559868901848419,0.0227227020709937,0.0726373856599863,0.024200770074957,0.0843505473321326,0.0235174317808198,0.134665620146639,0.0452137569178396,0.0684421418603179,0.0225658634408421,56.3505348095327,3216,"Setophaga caerulescens","20-Jun-92",20,"Jun",92,"1.5mi SSE Denman Mountain, Catskills State Park; 650m","Sullivan","NY","GRG","CJD","T-936","M","ASY","8x6, 6x5",9.6,"partial",63.1,51.6,3.1,4.4,10.6,7.1,NA,NA,"blue",14.5,14.9,2,2,NA,2,NA,"bill black; mouth lining light brown; legs munsell 2.5Y 3/2; light fat; stomach saved; no molt","","NY.Sullivan","North Central",41.90287,-74.5396005,NA
"608379","m",0.0760418320904183,0.0152567830119026,0.0683745415932734,0.017298421276285,0.0779832807784277,0.0161722481601842,0.0928916016002003,0.0136079822773618,0.116039724096227,0.0270398523103018,0.0760418320904183,0.0152567830119026,25.5517608056546,3216,"Setophaga caerulescens","20-Jun-92",20,"Jun",92,"1.5mi SSE Denman Mountain, Catskills State Park; 650m","Sullivan","NY","GRG","CJD","T-936","M","ASY","8x6, 6x5",9.6,"partial",63.1,51.6,3.1,4.4,10.6,7.1,NA,NA,"blue",14.5,14.9,2,2,NA,2,NA,"bill black; mouth lining light brown; legs munsell 2.5Y 3/2; light fat; stomach saved; no molt","","NY.Sullivan","North Central",41.90287,-74.5396005,NA
"608379","o",0.0815227783795028,0.023731848065692,0.0798172338458952,0.0270118115645902,0.083073379329372,0.0243466106638553,0.089374957100653,0.0181934039399848,0.104528916527654,0.0168446782472332,0.0815227783795028,0.023731848065692,4.50891349221242,3216,"Setophaga caerulescens","20-Jun-92",20,"Jun",92,"1.5mi SSE Denman Mountain, Catskills State Park; 650m","Sullivan","NY","GRG","CJD","T-936","M","ASY","8x6, 6x5",9.6,"partial",63.1,51.6,3.1,4.4,10.6,7.1,NA,NA,"blue",14.5,14.9,2,2,NA,2,NA,"bill black; mouth lining light brown; legs munsell 2.5Y 3/2; light fat; stomach saved; no molt","","NY.Sullivan","North Central",41.90287,-74.5396005,NA
"608379","t",0.0507698988322219,0.0107493899619336,0.046772080273418,0.0121930645874137,0.051999452060039,0.011408844623531,0.0647804804247723,0.0100290922095372,0.0659965674586971,0.00917091067386483,0.0507698988322219,0.0107493899619336,89.3623569149934,3216,"Setophaga caerulescens","20-Jun-92",20,"Jun",92,"1.5mi SSE Denman Mountain, Catskills State Park; 650m","Sullivan","NY","GRG","CJD","T-936","M","ASY","8x6, 6x5",9.6,"partial",63.1,51.6,3.1,4.4,10.6,7.1,NA,NA,"blue",14.5,14.9,2,2,NA,2,NA,"bill black; mouth lining light brown; legs munsell 2.5Y 3/2; light fat; stomach saved; no molt","","NY.Sullivan","North Central",41.90287,-74.5396005,NA
"608379","w",0.528400825929026,0.110643327694053,0.539888369714869,0.116172758676595,0.535380455958701,0.113653715942268,0.440748281541843,0.0836038894562372,0.470157002661336,0.0951513365736403,0.528400825929026,0.110643327694053,55.6382060424095,3216,"Setophaga caerulescens","20-Jun-92",20,"Jun",92,"1.5mi SSE Denman Mountain, Catskills State Park; 650m","Sullivan","NY","GRG","CJD","T-936","M","ASY","8x6, 6x5",9.6,"partial",63.1,51.6,3.1,4.4,10.6,7.1,NA,NA,"blue",14.5,14.9,2,2,NA,2,NA,"bill black; mouth lining light brown; legs munsell 2.5Y 3/2; light fat; stomach saved; no molt","","NY.Sullivan","North Central",41.90287,-74.5396005,NA
"608406","c",0.0697667555530041,0.0143106283746176,0.0582627144139982,0.0123732011312723,0.0741020171588639,0.0154954080124229,0.0841830824334636,0.0201872235296199,0.145071653284078,0.0289461356693594,0.0697667555530041,0.0143106283746176,78.4665040345281,3305,"Setophaga caerulescens","23-Jun-92",23,"Jun",92,"Fawn Lake, Adirondack State Park; 650m","Hamilton","NY","GRG","CJD","T-1025","M","SY","6x5, NA",10.1,"partial",61.9,49.9,NA,NA,10,6.5,NA,NA,"green",14.6,11,2,2,2,2,NA,"bill black; mouth lining brown; legs munsell 2.5Y 3/2; feet:yellowish pads; moderate fat; stomach saved; no molt; R testis deflated; base of bill broken at nares","","NY.Hamilton","North Central",43.4890471,-74.4540282,NA
"608406","m",0.0779641527268278,0.0100530869247104,0.071156256646676,0.00961054345246876,0.0802187942414935,0.0114291053526489,0.0927358933161867,0.0156938696730487,0.113141714167103,0.0134644879694282,0.0779641527268278,0.0100530869247104,25.2294989679114,3305,"Setophaga caerulescens","23-Jun-92",23,"Jun",92,"Fawn Lake, Adirondack State Park; 650m","Hamilton","NY","GRG","CJD","T-1025","M","SY","6x5, NA",10.1,"partial",61.9,49.9,NA,NA,10,6.5,NA,NA,"green",14.6,11,2,2,2,2,NA,"bill black; mouth lining brown; legs munsell 2.5Y 3/2; feet:yellowish pads; moderate fat; stomach saved; no molt; R testis deflated; base of bill broken at nares","","NY.Hamilton","North Central",43.4890471,-74.4540282,NA
"608406","o",0.0974698470621467,0.0183652339309154,0.104739081306068,0.0224575010431228,0.0983997838780844,0.0198163928139487,0.0923360095727181,0.0184852484661379,0.101567261835115,0.0124137323178809,0.0974698470621467,0.0183652339309154,4.28373053105648,3305,"Setophaga caerulescens","23-Jun-92",23,"Jun",92,"Fawn Lake, Adirondack State Park; 650m","Hamilton","NY","GRG","CJD","T-1025","M","SY","6x5, NA",10.1,"partial",61.9,49.9,NA,NA,10,6.5,NA,NA,"green",14.6,11,2,2,2,2,NA,"bill black; mouth lining brown; legs munsell 2.5Y 3/2; feet:yellowish pads; moderate fat; stomach saved; no molt; R testis deflated; base of bill broken at nares","","NY.Hamilton","North Central",43.4890471,-74.4540282,NA
"608406","t",0.0447043877805102,0.00667263033326324,0.0396033183385117,0.00751282588342683,0.04578250100575,0.00808975640835456,0.0616347296147982,0.0103772999671554,0.0668379342529596,0.00795935925765417,0.0447043877805102,0.00667263033326324,136.231938449991,3305,"Setophaga caerulescens","23-Jun-92",23,"Jun",92,"Fawn Lake, Adirondack State Park; 650m","Hamilton","NY","GRG","CJD","T-1025","M","SY","6x5, NA",10.1,"partial",61.9,49.9,NA,NA,10,6.5,NA,NA,"green",14.6,11,2,2,2,2,NA,"bill black; mouth lining brown; legs munsell 2.5Y 3/2; feet:yellowish pads; moderate fat; stomach saved; no molt; R testis deflated; base of bill broken at nares","","NY.Hamilton","North Central",43.4890471,-74.4540282,NA
"608406","w",0.354537946416665,0.102116617680441,0.362704177735888,0.103828741184869,0.361006556344607,0.105385549866305,0.301071408685775,0.0874947637812345,0.354349440730946,0.0739019837397647,0.354537946416665,0.102116617680441,23.1300431600676,3305,"Setophaga caerulescens","23-Jun-92",23,"Jun",92,"Fawn Lake, Adirondack State Park; 650m","Hamilton","NY","GRG","CJD","T-1025","M","SY","6x5, NA",10.1,"partial",61.9,49.9,NA,NA,10,6.5,NA,NA,"green",14.6,11,2,2,2,2,NA,"bill black; mouth lining brown; legs munsell 2.5Y 3/2; feet:yellowish pads; moderate fat; stomach saved; no molt; R testis deflated; base of bill broken at nares","","NY.Hamilton","North Central",43.4890471,-74.4540282,NA
"608409","c",0.0647913556073763,0.0194747921447415,0.0568175555130312,0.0170843577223816,0.0686486104758393,0.0214381089916075,0.0747518400655345,0.0233675651415903,0.105195314212888,0.0273017718731129,0.0647913556073763,0.0194747921447415,55.4415462563333,3320,"Setophaga caerulescens","25-Jun-92",25,"Jun",92,"Fawn Lake, Adirondack State Park; 650m","Hamilton","NY","GRG","JPD","T-1040","M","SY","4x5, 6x5.5",9.65,"partial",59.6,52.5,3.1,4.2,11.1,7.4,NA,NA,"green",9.9,11.6,2,2,2,2,NA,"bill black; mouth lining cream; legs munsell 5Y 4/4; light fat; stomach saved; no molt; L testis deflated","lots of feathers missing from belly, only did 2 measures","NY.Hamilton","North Central",43.4890471,-74.4540282,18.79
"608409","m",0.0748775691943386,0.0137247774863782,0.0698204961886398,0.0127658886690067,0.077061532433633,0.0148740850647231,0.0869997271669208,0.0169786149266691,0.113812163074497,0.0151420145913298,0.0748775691943386,0.0137247774863782,24.8674548070307,3320,"Setophaga caerulescens","25-Jun-92",25,"Jun",92,"Fawn Lake, Adirondack State Park; 650m","Hamilton","NY","GRG","JPD","T-1040","M","SY","4x5, 6x5.5",9.65,"partial",59.6,52.5,3.1,4.2,11.1,7.4,NA,NA,"green",9.9,11.6,2,2,2,2,NA,"bill black; mouth lining cream; legs munsell 5Y 4/4; light fat; stomach saved; no molt; L testis deflated","lots of feathers missing from belly, only did 2 measures","NY.Hamilton","North Central",43.4890471,-74.4540282,18.79
"608409","o",0.105597802624466,0.0381044033482003,0.114064273386684,0.0434939702627386,0.107481227395735,0.0389908336898542,0.0939377734103359,0.0269981307406941,0.107892113382151,0.0137098367907588,0.105597802624466,0.0381044033482003,2.86357665603303,3320,"Setophaga caerulescens","25-Jun-92",25,"Jun",92,"Fawn Lake, Adirondack State Park; 650m","Hamilton","NY","GRG","JPD","T-1040","M","SY","4x5, 6x5.5",9.65,"partial",59.6,52.5,3.1,4.2,11.1,7.4,NA,NA,"green",9.9,11.6,2,2,2,2,NA,"bill black; mouth lining cream; legs munsell 5Y 4/4; light fat; stomach saved; no molt; L testis deflated","lots of feathers missing from belly, only did 2 measures","NY.Hamilton","North Central",43.4890471,-74.4540282,18.79
"608409","t",0.0457712334076019,0.00975801334411994,0.0415666825960325,0.0113247727185805,0.0474937472444543,0.0105576859708086,0.0594148166314407,0.0100449834841586,0.0642849696799279,0.0109804790008204,0.0457712334076019,0.00975801334411994,68.5419403265153,3320,"Setophaga caerulescens","25-Jun-92",25,"Jun",92,"Fawn Lake, Adirondack State Park; 650m","Hamilton","NY","GRG","JPD","T-1040","M","SY","4x5, 6x5.5",9.65,"partial",59.6,52.5,3.1,4.2,11.1,7.4,NA,NA,"green",9.9,11.6,2,2,2,2,NA,"bill black; mouth lining cream; legs munsell 5Y 4/4; light fat; stomach saved; no molt; L testis deflated","lots of feathers missing from belly, only did 2 measures","NY.Hamilton","North Central",43.4890471,-74.4540282,18.79
"608409","w",0.427387661132331,0.120058919919927,0.437574977901826,0.125495305787705,0.436181098902014,0.123737093127429,0.356724287564218,0.0953272396460589,0.380255251983576,0.0769847211549328,0.427387661132331,0.120058919919927,21.9253143178833,3320,"Setophaga caerulescens","25-Jun-92",25,"Jun",92,"Fawn Lake, Adirondack State Park; 650m","Hamilton","NY","GRG","JPD","T-1040","M","SY","4x5, 6x5.5",9.65,"partial",59.6,52.5,3.1,4.2,11.1,7.4,NA,NA,"green",9.9,11.6,2,2,2,2,NA,"bill black; mouth lining cream; legs munsell 5Y 4/4; light fat; stomach saved; no molt; L testis deflated","lots of feathers missing from belly, only did 2 measures","NY.Hamilton","North Central",43.4890471,-74.4540282,18.79
"608411","c",0.0734086112339968,0.0282181922821114,0.0603464306441822,0.0236141315773139,0.07710780507749,0.0306788926570987,0.0915258316280996,0.0351431999169638,0.142998282101267,0.0495757211731455,0.0734086112339968,0.0282181922821114,80.5269281291049,3307,"Setophaga caerulescens","23-Jun-92",23,"Jun",92,"SE Flank of Fawn Lake Mountain, Adirondack State Park; 650m","Hamilton","NY","GRG","CJD","T-1027","M","ASY","6x5, 5x4",10,"partial",63.4,52.2,2.8,3.8,NA,NA,NA,NA,"green",11.8,12.2,2,2,2,2,NA,"bill black; mouth lining brown; legs munsell 5Y 3/1; moderate fat; stomach saved; no molt; upper bill broken","","NY.Hamilton","North Central",43.708677,-74.7798908,19.46
"608411","m",0.0804444250320495,0.022932384597044,0.07266169030147,0.0179332351077319,0.0833725780031185,0.0260976691075218,0.0944088807462765,0.028518206280432,0.122765533939291,0.0171364190921078,0.0804444250320495,0.022932384597044,24.2749734159004,3307,"Setophaga caerulescens","23-Jun-92",23,"Jun",92,"SE Flank of Fawn Lake Mountain, Adirondack State Park; 650m","Hamilton","NY","GRG","CJD","T-1027","M","ASY","6x5, 5x4",10,"partial",63.4,52.2,2.8,3.8,NA,NA,NA,NA,"green",11.8,12.2,2,2,2,2,NA,"bill black; mouth lining brown; legs munsell 5Y 3/1; moderate fat; stomach saved; no molt; upper bill broken","","NY.Hamilton","North Central",43.708677,-74.7798908,19.46
"608411","o",0.0806529796337391,0.0157523067366759,0.0821339124209178,0.0176062367969683,0.0825907326960671,0.0178466814952436,0.0817031042453281,0.0136865473130789,0.102746396284321,0.0130410163233822,0.0806529796337391,0.0157523067366759,5.345843497842,3307,"Setophaga caerulescens","23-Jun-92",23,"Jun",92,"SE Flank of Fawn Lake Mountain, Adirondack State Park; 650m","Hamilton","NY","GRG","CJD","T-1027","M","ASY","6x5, 5x4",10,"partial",63.4,52.2,2.8,3.8,NA,NA,NA,NA,"green",11.8,12.2,2,2,2,2,NA,"bill black; mouth lining brown; legs munsell 5Y 3/1; moderate fat; stomach saved; no molt; upper bill broken","","NY.Hamilton","North Central",43.708677,-74.7798908,19.46
"608411","t",0.0461641425692881,0.00707142288107538,0.0406670649606765,0.00810979531395545,0.0477110617288142,0.0083095030956856,0.0618843815274651,0.0101333981029485,0.0666533292997982,0.00903627107280401,0.0461641425692881,0.00707142288107538,63.2208669544004,3307,"Setophaga caerulescens","23-Jun-92",23,"Jun",92,"SE Flank of Fawn Lake Mountain, Adirondack State Park; 650m","Hamilton","NY","GRG","CJD","T-1027","M","ASY","6x5, 5x4",10,"partial",63.4,52.2,2.8,3.8,NA,NA,NA,NA,"green",11.8,12.2,2,2,2,2,NA,"bill black; mouth lining brown; legs munsell 5Y 3/1; moderate fat; stomach saved; no molt; upper bill broken","","NY.Hamilton","North Central",43.708677,-74.7798908,19.46
"608411","w",0.329519297487926,0.0960092328789775,0.336581851050357,0.096359508763048,0.334371313562735,0.0998165752970238,0.288676806715781,0.0812175715422655,0.312116904595949,0.0655676668781234,0.329519297487926,0.0960092328789775,22.3764308500657,3307,"Setophaga caerulescens","23-Jun-92",23,"Jun",92,"SE Flank of Fawn Lake Mountain, Adirondack State Park; 650m","Hamilton","NY","GRG","CJD","T-1027","M","ASY","6x5, 5x4",10,"partial",63.4,52.2,2.8,3.8,NA,NA,NA,NA,"green",11.8,12.2,2,2,2,2,NA,"bill black; mouth lining brown; legs munsell 5Y 3/1; moderate fat; stomach saved; no molt; upper bill broken","","NY.Hamilton","North Central",43.708677,-74.7798908,19.46
"608417","c",0.0756533242234258,0.0200664124052108,0.0634389838935551,0.0173956511786095,0.0793721689692035,0.0212443704960815,0.092561222439681,0.0276041489060695,0.150203116401758,0.0381532191273313,0.0756533242234258,0.0200664124052108,32.7986489022331,3223,"Setophaga caerulescens","24-Jun-92",24,"Jun",92,"SE Flank of Fawn Lake Mountain, Adirondack State Park; 650m","Hamilton","NY","GRG","JPD","T-943","M","SY","6.5x5.5, 6x4.5",9.15,"partial",62.2,51.1,2.9,3.9,NA,NA,NA,NA,"green",10.7,12,2,2,2,2,NA,"bill black; mouth lining brownish ivory; legs munsell 2.5Y 4/2; no fat; stomach saved; no molt; very tip of bill chipped off","","NY.Hamilton","North Central",43.708677,-74.7798908,18.58
"608417","m",0.0658230169959644,0.0142306709894149,0.0624040720536363,0.0153680865834927,0.0674880545993321,0.0159209306842643,0.0770755060055982,0.0142370958140153,0.100622118779159,0.0149067191267759,0.0658230169959644,0.0142306709894149,24.4999061737662,3223,"Setophaga caerulescens","24-Jun-92",24,"Jun",92,"SE Flank of Fawn Lake Mountain, Adirondack State Park; 650m","Hamilton","NY","GRG","JPD","T-943","M","SY","6.5x5.5, 6x4.5",9.15,"partial",62.2,51.1,2.9,3.9,NA,NA,NA,NA,"green",10.7,12,2,2,2,2,NA,"bill black; mouth lining brownish ivory; legs munsell 2.5Y 4/2; no fat; stomach saved; no molt; very tip of bill chipped off","","NY.Hamilton","North Central",43.708677,-74.7798908,18.58
"608417","o",0.137313893146301,0.0478367146778956,0.149644907119067,0.0542826616035912,0.139603664006349,0.0488450169038294,0.115342328716043,0.033519217116871,0.136172214719091,0.0268835109478846,0.137313893146301,0.0478367146778956,2.56558453743667,3223,"Setophaga caerulescens","24-Jun-92",24,"Jun",92,"SE Flank of Fawn Lake Mountain, Adirondack State Park; 650m","Hamilton","NY","GRG","JPD","T-943","M","SY","6.5x5.5, 6x4.5",9.15,"partial",62.2,51.1,2.9,3.9,NA,NA,NA,NA,"green",10.7,12,2,2,2,2,NA,"bill black; mouth lining brownish ivory; legs munsell 2.5Y 4/2; no fat; stomach saved; no molt; very tip of bill chipped off","","NY.Hamilton","North Central",43.708677,-74.7798908,18.58
"608417","t",0.0462162268438092,0.0082279712516057,0.0422295148404836,0.00956163436690926,0.0474392979255667,0.00923996387070936,0.0608504584058008,0.0104191249449587,0.0626835450881512,0.00857294298896773,0.0462162268438092,0.0082279712516057,94.6841808969788,3223,"Setophaga caerulescens","24-Jun-92",24,"Jun",92,"SE Flank of Fawn Lake Mountain, Adirondack State Park; 650m","Hamilton","NY","GRG","JPD","T-943","M","SY","6.5x5.5, 6x4.5",9.15,"partial",62.2,51.1,2.9,3.9,NA,NA,NA,NA,"green",10.7,12,2,2,2,2,NA,"bill black; mouth lining brownish ivory; legs munsell 2.5Y 4/2; no fat; stomach saved; no molt; very tip of bill chipped off","","NY.Hamilton","North Central",43.708677,-74.7798908,18.58
"608417","w",0.399709896277754,0.102093120384494,0.408033338986697,0.105996369719404,0.407442661057697,0.104646288713799,0.337665986853154,0.0826985544565622,0.396536765043499,0.0676361674374199,0.399709896277754,0.102093120384494,32.2274347907675,3223,"Setophaga caerulescens","24-Jun-92",24,"Jun",92,"SE Flank of Fawn Lake Mountain, Adirondack State Park; 650m","Hamilton","NY","GRG","JPD","T-943","M","SY","6.5x5.5, 6x4.5",9.15,"partial",62.2,51.1,2.9,3.9,NA,NA,NA,NA,"green",10.7,12,2,2,2,2,NA,"bill black; mouth lining brownish ivory; legs munsell 2.5Y 4/2; no fat; stomach saved; no molt; very tip of bill chipped off","","NY.Hamilton","North Central",43.708677,-74.7798908,18.58
"608419","c",0.0956787541022943,0.0270828546401425,0.0760981847765969,0.0222442329073479,0.0991240388535078,0.0280556073226424,0.12367398124098,0.0374877436849066,0.213275524162469,0.0504436785129393,0.0956787541022943,0.0270828546401425,55.3424657534247,3322,"Setophaga caerulescens","25-Jun-92",25,"Jun",92,"SE Flank of Fawn Lake Mountain, Adirondack State Park; 650m","Hamilton","NY","GRG","JPD","T-1042","M","ASY","7.5x6, 6.5x5",9.8,"partial",61.4,53.8,3,4.1,10,6.7,NA,NA,"blue",10.4,13.1,2,2,2,2,NA,"bill black; mouth lining black; legs Munsell 5Y 2.5/2; light fat; no molt; stomach saved","","NY.Hamilton","North Central",43.71678,-74.75517,18.76
"608419","m",0.0776502115290633,0.0105591139674238,0.0706828580983561,0.00943867847812812,0.0790288393473257,0.0125837415115241,0.0953373491729208,0.018666978730796,0.117649668764187,0.011443650540582,0.0776502115290633,0.0105591139674238,24.8179145555764,3322,"Setophaga caerulescens","25-Jun-92",25,"Jun",92,"SE Flank of Fawn Lake Mountain, Adirondack State Park; 650m","Hamilton","NY","GRG","JPD","T-1042","M","ASY","7.5x6, 6.5x5",9.8,"partial",61.4,53.8,3,4.1,10,6.7,NA,NA,"blue",10.4,13.1,2,2,2,2,NA,"bill black; mouth lining black; legs Munsell 5Y 2.5/2; light fat; no molt; stomach saved","","NY.Hamilton","North Central",43.71678,-74.75517,18.76
"608419","o",0.0975198531208239,0.0209740520853095,0.102355549579876,0.0241076372979193,0.0985384040623441,0.0217143541999601,0.0952219929942548,0.0166128863194234,0.113137961553546,0.0191885091431352,0.0975198531208239,0.0209740520853095,1.50422218052167,3322,"Setophaga caerulescens","25-Jun-92",25,"Jun",92,"SE Flank of Fawn Lake Mountain, Adirondack State Park; 650m","Hamilton","NY","GRG","JPD","T-1042","M","ASY","7.5x6, 6.5x5",9.8,"partial",61.4,53.8,3,4.1,10,6.7,NA,NA,"blue",10.4,13.1,2,2,2,2,NA,"bill black; mouth lining black; legs Munsell 5Y 2.5/2; light fat; no molt; stomach saved","","NY.Hamilton","North Central",43.71678,-74.75517,18.76
"608419","t",0.0440378946739021,0.00639547709680886,0.0392114024208484,0.00747203340699982,0.0455503355892745,0.00796481580890236,0.0598061399662932,0.0116169140682798,0.0600254620274359,0.00818191444493905,0.0440378946739021,0.00639547709680886,96.1914055169825,3322,"Setophaga caerulescens","25-Jun-92",25,"Jun",92,"SE Flank of Fawn Lake Mountain, Adirondack State Park; 650m","Hamilton","NY","GRG","JPD","T-1042","M","ASY","7.5x6, 6.5x5",9.8,"partial",61.4,53.8,3,4.1,10,6.7,NA,NA,"blue",10.4,13.1,2,2,2,2,NA,"bill black; mouth lining black; legs Munsell 5Y 2.5/2; light fat; no molt; stomach saved","","NY.Hamilton","North Central",43.71678,-74.75517,18.76
"608419","w",0.478096077745227,0.104316467868806,0.488791660373191,0.111011641824362,0.481630145290138,0.106396320596663,0.411025587841281,0.079289539002025,0.437501127484197,0.0684048859666491,0.478096077745227,0.104316467868806,23.5796584725089,3322,"Setophaga caerulescens","25-Jun-92",25,"Jun",92,"SE Flank of Fawn Lake Mountain, Adirondack State Park; 650m","Hamilton","NY","GRG","JPD","T-1042","M","ASY","7.5x6, 6.5x5",9.8,"partial",61.4,53.8,3,4.1,10,6.7,NA,NA,"blue",10.4,13.1,2,2,2,2,NA,"bill black; mouth lining black; legs Munsell 5Y 2.5/2; light fat; no molt; stomach saved","","NY.Hamilton","North Central",43.71678,-74.75517,18.76
"608426","c",0.0872084557524461,0.034120866292986,0.073968897568668,0.0290389095588849,0.0913307680055775,0.0374333358593104,0.103854112660556,0.0405347548189997,0.167293762304127,0.0501067743995549,0.0872084557524461,0.034120866292986,47.660724338525,3225,"Setophaga caerulescens","24-Jun-92",24,"Jun",92,"East End of Squaw Lake, Adirondack State Park; 700m","Hamilton","NY","GRG","JPD","T-945","M","ASY","8x6, 6.5x5.5",9.5,"partial",61.3,51.6,3.3,4.2,10,6.3,NA,NA,"blue",11.6,13.1,2,2,2,2,NA,"bill black; mouth lining brownish cream; legs munsell 5Y 4/2; stomach saved; no molt","","NY.Hamilton","North Central",43.6333221,-74.7388276,18.05
"608426","m",0.0794633552340752,0.0221583939573587,0.0696048609984628,0.0217895555774615,0.081711862350092,0.0255232860161646,0.0988832019040957,0.0224480770515343,0.125617997322352,0.0260147486056494,0.0794633552340752,0.0221583939573587,25.6005504472384,3225,"Setophaga caerulescens","24-Jun-92",24,"Jun",92,"East End of Squaw Lake, Adirondack State Park; 700m","Hamilton","NY","GRG","JPD","T-945","M","ASY","8x6, 6.5x5.5",9.5,"partial",61.3,51.6,3.3,4.2,10,6.3,NA,NA,"blue",11.6,13.1,2,2,2,2,NA,"bill black; mouth lining brownish cream; legs munsell 5Y 4/2; stomach saved; no molt","","NY.Hamilton","North Central",43.6333221,-74.7388276,18.05
"608426","o",0.1149538502821,0.035056847546345,0.122676264684666,0.0396517945874606,0.116599290332158,0.0361201102778035,0.103838061409237,0.0247292769847838,0.116461175154022,0.0191874690630462,0.1149538502821,0.035056847546345,2.84406079939951,3225,"Setophaga caerulescens","24-Jun-92",24,"Jun",92,"East End of Squaw Lake, Adirondack State Park; 700m","Hamilton","NY","GRG","JPD","T-945","M","ASY","8x6, 6.5x5.5",9.5,"partial",61.3,51.6,3.3,4.2,10,6.3,NA,NA,"blue",11.6,13.1,2,2,2,2,NA,"bill black; mouth lining brownish cream; legs munsell 5Y 4/2; stomach saved; no molt","","NY.Hamilton","North Central",43.6333221,-74.7388276,18.05
"608426","t",0.045263395113881,0.00847883311830005,0.0405995436840583,0.00917571992019724,0.0467192582521852,0.00952263441829323,0.0604429895241178,0.0114530054963361,0.0659854751059672,0.00905661268191454,0.045263395113881,0.00847883311830005,130.910114468005,3225,"Setophaga caerulescens","24-Jun-92",24,"Jun",92,"East End of Squaw Lake, Adirondack State Park; 700m","Hamilton","NY","GRG","JPD","T-945","M","ASY","8x6, 6.5x5.5",9.5,"partial",61.3,51.6,3.3,4.2,10,6.3,NA,NA,"blue",11.6,13.1,2,2,2,2,NA,"bill black; mouth lining brownish cream; legs munsell 5Y 4/2; stomach saved; no molt","","NY.Hamilton","North Central",43.6333221,-74.7388276,18.05
"608426","w",0.477185676699456,0.108577907620195,0.480137623208026,0.11475367536246,0.482430793784679,0.111349944049171,0.414845722143203,0.0856091722750568,0.486077893863072,0.082182005600799,0.477185676699456,0.108577907620195,34.2015387502346,3225,"Setophaga caerulescens","24-Jun-92",24,"Jun",92,"East End of Squaw Lake, Adirondack State Park; 700m","Hamilton","NY","GRG","JPD","T-945","M","ASY","8x6, 6.5x5.5",9.5,"partial",61.3,51.6,3.3,4.2,10,6.3,NA,NA,"blue",11.6,13.1,2,2,2,2,NA,"bill black; mouth lining brownish cream; legs munsell 5Y 4/2; stomach saved; no molt","","NY.Hamilton","North Central",43.6333221,-74.7388276,18.05
"608427","c",0.0870113231503996,0.0314631957804608,0.0701601710446209,0.0268590155540392,0.0912443547460245,0.0345215066279539,0.108657880266159,0.036472060249743,0.181149647612086,0.0531485545133346,0.0870113231503996,0.0314631957804608,57.7031337962094,3326,"Setophaga caerulescens","24-Jun-92",24,"Jun",92,"1mi N Falls Pond, Adirondack State Park; 600m","Hamilton","NY","GRG","JPD","T-946","M","ASY","7.5x5, 7x5",10.2,"partial",62,51.5,3.1,4.1,10.6,6.5,NA,NA,"blue",15,14.3,2,2,2,2,NA,"bill black; mouth lining ivory; legs munsell 2.5Y 3/2; light fat; stomach saved; no molt","","NY.Hamilton","North Central",43.6310659,-74.6857839,18.75
"608427","m",0.0802504204244035,0.00745949033616267,0.0709214681995686,0.00745988010259399,0.0825487936475416,0.00904891125903441,0.0985482624187361,0.0126561161660794,0.130207725277554,0.011922451771894,0.0802504204244035,0.00745949033616267,24.6810533558516,3326,"Setophaga caerulescens","24-Jun-92",24,"Jun",92,"1mi N Falls Pond, Adirondack State Park; 600m","Hamilton","NY","GRG","JPD","T-946","M","ASY","7.5x5, 7x5",10.2,"partial",62,51.5,3.1,4.1,10.6,6.5,NA,NA,"blue",15,14.3,2,2,2,2,NA,"bill black; mouth lining ivory; legs munsell 2.5Y 3/2; light fat; stomach saved; no molt","","NY.Hamilton","North Central",43.6310659,-74.6857839,18.75
"608427","o",0.070722809816528,0.0174546036905713,0.0673497952993004,0.0196217546041546,0.0725784891575251,0.0186351471101625,0.0809916041371216,0.0150851340422017,0.0996689058720943,0.0127294634826222,0.070722809816528,0.0174546036905713,2.5820979545881,3326,"Setophaga caerulescens","24-Jun-92",24,"Jun",92,"1mi N Falls Pond, Adirondack State Park; 600m","Hamilton","NY","GRG","JPD","T-946","M","ASY","7.5x5, 7x5",10.2,"partial",62,51.5,3.1,4.1,10.6,6.5,NA,NA,"blue",15,14.3,2,2,2,2,NA,"bill black; mouth lining ivory; legs munsell 2.5Y 3/2; light fat; stomach saved; no molt","","NY.Hamilton","North Central",43.6310659,-74.6857839,18.75
"608427","t",0.0420644305243995,0.00909013446061368,0.0374062355354794,0.0109247761256983,0.0434501565498285,0.0101483985277082,0.0574796889610123,0.011104353489442,0.0602603113991,0.00821477388210954,0.0420644305243995,0.00909013446061368,147.298179771064,3326,"Setophaga caerulescens","24-Jun-92",24,"Jun",92,"1mi N Falls Pond, Adirondack State Park; 600m","Hamilton","NY","GRG","JPD","T-946","M","ASY","7.5x5, 7x5",10.2,"partial",62,51.5,3.1,4.1,10.6,6.5,NA,NA,"blue",15,14.3,2,2,2,2,NA,"bill black; mouth lining ivory; legs munsell 2.5Y 3/2; light fat; stomach saved; no molt","","NY.Hamilton","North Central",43.6310659,-74.6857839,18.75
"608427","w",0.511055751992438,0.111039470228421,0.516820037761821,0.116086607165271,0.516486280667122,0.114319114166531,0.438116832310401,0.086507953686173,0.516411844595846,0.0865106123527122,0.511055751992438,0.111039470228421,37.6063051229124,3326,"Setophaga caerulescens","24-Jun-92",24,"Jun",92,"1mi N Falls Pond, Adirondack State Park; 600m","Hamilton","NY","GRG","JPD","T-946","M","ASY","7.5x5, 7x5",10.2,"partial",62,51.5,3.1,4.1,10.6,6.5,NA,NA,"blue",15,14.3,2,2,2,2,NA,"bill black; mouth lining ivory; legs munsell 2.5Y 3/2; light fat; stomach saved; no molt","","NY.Hamilton","North Central",43.6310659,-74.6857839,18.75
"608428","c",0.0850340112104533,0.0277398846326685,0.0729840421894749,0.0230086550555197,0.0891585516577711,0.0294958349965957,0.0996531191222162,0.0342284805394637,0.158468170009247,0.0391104217154742,0.0850340112104533,0.0277398846326685,47.8408707074498,3316,"Setophaga caerulescens","24-Jun-92",24,"Jun",92,"1mi N Falls Pond, Adirondack State Park; 600m","Hamilton","NY","GRG","CJD","T-1036","M","SY","7x4, 6x6",10.1,"partial",62.1,54.5,2.8,4.5,11,6.7,NA,NA,"green",8.8,8.3,2,2,2,2,NA,"bill black; mouth lining cream; legs munsell 2.5Y 3/2; moderate fat; stomach saved; no molt","","NY.Hamilton","North Central",43.6310659,-74.6857839,19.84
"608428","m",0.0821607783558499,0.00989931316108258,0.075969332099306,0.00970876507910787,0.0842142216905135,0.0111006150691823,0.0959341241946413,0.0140612977924258,0.125674277104153,0.0129156819887876,0.0821607783558499,0.00989931316108258,24.772627760055,3316,"Setophaga caerulescens","24-Jun-92",24,"Jun",92,"1mi N Falls Pond, Adirondack State Park; 600m","Hamilton","NY","GRG","CJD","T-1036","M","SY","7x4, 6x6",10.1,"partial",62.1,54.5,2.8,4.5,11,6.7,NA,NA,"green",8.8,8.3,2,2,2,2,NA,"bill black; mouth lining cream; legs munsell 2.5Y 3/2; moderate fat; stomach saved; no molt","","NY.Hamilton","North Central",43.6310659,-74.6857839,19.84
"608428","o",0.109052789564855,0.0229022712547889,0.118169063301266,0.0266535970083613,0.110337325644341,0.0233344352877696,0.0973069267049962,0.0173411710986261,0.109316740130607,0.00977438999566895,0.109052789564855,0.0229022712547889,1.67310940138863,3316,"Setophaga caerulescens","24-Jun-92",24,"Jun",92,"1mi N Falls Pond, Adirondack State Park; 600m","Hamilton","NY","GRG","CJD","T-1036","M","SY","7x4, 6x6",10.1,"partial",62.1,54.5,2.8,4.5,11,6.7,NA,NA,"green",8.8,8.3,2,2,2,2,NA,"bill black; mouth lining cream; legs munsell 2.5Y 3/2; moderate fat; stomach saved; no molt","","NY.Hamilton","North Central",43.6310659,-74.6857839,19.84
"608428","t",0.046973085575678,0.00929279945031934,0.0425310786482762,0.010660016245402,0.0485918179282743,0.0102347410481068,0.0610939391174108,0.00980735279729025,0.0665991186278864,0.00802663932879557,0.046973085575678,0.00929279945031934,111.63970726215,3316,"Setophaga caerulescens","24-Jun-92",24,"Jun",92,"1mi N Falls Pond, Adirondack State Park; 600m","Hamilton","NY","GRG","CJD","T-1036","M","SY","7x4, 6x6",10.1,"partial",62.1,54.5,2.8,4.5,11,6.7,NA,NA,"green",8.8,8.3,2,2,2,2,NA,"bill black; mouth lining cream; legs munsell 2.5Y 3/2; moderate fat; stomach saved; no molt","","NY.Hamilton","North Central",43.6310659,-74.6857839,19.84
"608428","w",0.328025775650083,0.100983876848255,0.325395881477699,0.1019656926726,0.332866687368857,0.102648887364509,0.300579443738441,0.0878898228620398,0.352687974114402,0.0841421078067349,0.328025775650083,0.100983876848255,18.8830925126665,3316,"Setophaga caerulescens","24-Jun-92",24,"Jun",92,"1mi N Falls Pond, Adirondack State Park; 600m","Hamilton","NY","GRG","CJD","T-1036","M","SY","7x4, 6x6",10.1,"partial",62.1,54.5,2.8,4.5,11,6.7,NA,NA,"green",8.8,8.3,2,2,2,2,NA,"bill black; mouth lining cream; legs munsell 2.5Y 3/2; moderate fat; stomach saved; no molt","","NY.Hamilton","North Central",43.6310659,-74.6857839,19.84
"608568","c",0.071889190340172,0.0280258124872092,0.0574046796025004,0.0231566713376908,0.0755129678169223,0.029773031165656,0.0926964029400611,0.0349982731888647,0.16045851123913,0.0545446869242652,0.071889190340172,0.0280258124872092,75.0197035091011,3325,"Setophaga caerulescens","12-Jun-93",12,"Jun",93,"ca 9mi SW Davis on Red Run (10.5mi W Hwy 32 on Forest Service Road 13), Monongahela Nat'l Forest; 1000m","Tucker","WV","GRG","JPD","T-1045","M","SY","6.5x5, 5x4.5",9.3,"partial",60.4,53.3,2.9,3.9,10.5,7,NA,NA,"green",12.3,10.4,2,2,2,2,NA,"bill black; mouth lining black; legs: munsell 2.5Y 4/4 (olive brown); stomach saved","","WV.Tucker","Central",39.03255,-79.41061,17.95
"608568","m",0.069283323913922,0.0150129051121708,0.0614962878501433,0.0116851450120401,0.0710328448239599,0.0173021626597303,0.0879586237756562,0.0213338873843669,0.108877712644602,0.0128506763073225,0.069283323913922,0.0150129051121708,24.5024082066679,3325,"Setophaga caerulescens","12-Jun-93",12,"Jun",93,"ca 9mi SW Davis on Red Run (10.5mi W Hwy 32 on Forest Service Road 13), Monongahela Nat'l Forest; 1000m","Tucker","WV","GRG","JPD","T-1045","M","SY","6.5x5, 5x4.5",9.3,"partial",60.4,53.3,2.9,3.9,10.5,7,NA,NA,"green",12.3,10.4,2,2,2,2,NA,"bill black; mouth lining black; legs: munsell 2.5Y 4/4 (olive brown); stomach saved","","WV.Tucker","Central",39.03255,-79.41061,17.95
"608568","o",0.0780551578331404,0.0112687731632233,0.0796000944728523,0.0126940535516915,0.0792515001674383,0.0137385291359577,0.0824685820365034,0.0140998712059564,0.0968558300450631,0.00879934308759869,0.0780551578331404,0.0112687731632233,5.95608932257459,3325,"Setophaga caerulescens","12-Jun-93",12,"Jun",93,"ca 9mi SW Davis on Red Run (10.5mi W Hwy 32 on Forest Service Road 13), Monongahela Nat'l Forest; 1000m","Tucker","WV","GRG","JPD","T-1045","M","SY","6.5x5, 5x4.5",9.3,"partial",60.4,53.3,2.9,3.9,10.5,7,NA,NA,"green",12.3,10.4,2,2,2,2,NA,"bill black; mouth lining black; legs: munsell 2.5Y 4/4 (olive brown); stomach saved","","WV.Tucker","Central",39.03255,-79.41061,17.95
"608568","t",0.0456507070521831,0.00698188835175747,0.0403357313749338,0.00802534912770333,0.0474704536382142,0.00844760902014931,0.0608390325727746,0.0102349771327511,0.0621427896076471,0.00614258342271705,0.0456507070521831,0.00698188835175747,85.1596922499531,3325,"Setophaga caerulescens","12-Jun-93",12,"Jun",93,"ca 9mi SW Davis on Red Run (10.5mi W Hwy 32 on Forest Service Road 13), Monongahela Nat'l Forest; 1000m","Tucker","WV","GRG","JPD","T-1045","M","SY","6.5x5, 5x4.5",9.3,"partial",60.4,53.3,2.9,3.9,10.5,7,NA,NA,"green",12.3,10.4,2,2,2,2,NA,"bill black; mouth lining black; legs: munsell 2.5Y 4/4 (olive brown); stomach saved","","WV.Tucker","Central",39.03255,-79.41061,17.95
"608568","w",0.302685832157765,0.0883702409495969,0.305910102527084,0.0908643691385583,0.305451437189475,0.0912189580332626,0.274284623841366,0.0766615319384346,0.327964025384761,0.0755439536880815,0.302685832157765,0.0883702409495969,32.0668042784763,3325,"Setophaga caerulescens","12-Jun-93",12,"Jun",93,"ca 9mi SW Davis on Red Run (10.5mi W Hwy 32 on Forest Service Road 13), Monongahela Nat'l Forest; 1000m","Tucker","WV","GRG","JPD","T-1045","M","SY","6.5x5, 5x4.5",9.3,"partial",60.4,53.3,2.9,3.9,10.5,7,NA,NA,"green",12.3,10.4,2,2,2,2,NA,"bill black; mouth lining black; legs: munsell 2.5Y 4/4 (olive brown); stomach saved","","WV.Tucker","Central",39.03255,-79.41061,17.95
"608573","c",0.0728691918924491,0.0203781753604811,0.060043815099599,0.0209787344448228,0.0766856558097811,0.0211074339140912,0.0912657793456927,0.0224664988968824,0.140759018445936,0.0481938524456586,0.0728691918924491,0.0203781753604811,78.940138862826,3330,"Setophaga caerulescens","13-Jun-93",13,"Jun",93,"ca 9mi SW Davis on Red Run (10.5mi W Hwy 32 on Forest Service Road 13), Monongahela Nat'l Forest; 1000m","Tucker","WV","GRG","JPD","T-1050","M","ASY","7.5x5.5, 6.5x5.5",NA,"partial",63.7,53.6,2.6,3.5,9.4,6.6,NA,NA,"blue",11.7,11.8,2,2,2,2,NA,"bill black; mouth lining black; legs: munsell 2.5Y 3/2 (very dark grayish brown); no molt; stomach saved","","WV.Tucker","Central",39.03255,-79.41061,19.16
"608573","m",0.0706237699505218,0.0205020180524515,0.0623216939639343,0.0192563303952328,0.0725281829344053,0.0234104787356742,0.089404454796867,0.0206118450930313,0.111473385830521,0.021496013719837,0.0706237699505218,0.0205020180524515,24.4125852254957,3330,"Setophaga caerulescens","13-Jun-93",13,"Jun",93,"ca 9mi SW Davis on Red Run (10.5mi W Hwy 32 on Forest Service Road 13), Monongahela Nat'l Forest; 1000m","Tucker","WV","GRG","JPD","T-1050","M","ASY","7.5x5.5, 6.5x5.5",NA,"partial",63.7,53.6,2.6,3.5,9.4,6.6,NA,NA,"blue",11.7,11.8,2,2,2,2,NA,"bill black; mouth lining black; legs: munsell 2.5Y 3/2 (very dark grayish brown); no molt; stomach saved","","WV.Tucker","Central",39.03255,-79.41061,19.16
"608573","o",0.0640930683137071,0.0115098171939936,0.0609891373142326,0.0135690793787769,0.0656921370853562,0.0120799593152783,0.0755673221211822,0.00985690714813823,0.0891947696636048,0.00878202940638647,0.0640930683137071,0.0115098171939936,4.65903546631638,3330,"Setophaga caerulescens","13-Jun-93",13,"Jun",93,"ca 9mi SW Davis on Red Run (10.5mi W Hwy 32 on Forest Service Road 13), Monongahela Nat'l Forest; 1000m","Tucker","WV","GRG","JPD","T-1050","M","ASY","7.5x5.5, 6.5x5.5",NA,"partial",63.7,53.6,2.6,3.5,9.4,6.6,NA,NA,"blue",11.7,11.8,2,2,2,2,NA,"bill black; mouth lining black; legs: munsell 2.5Y 3/2 (very dark grayish brown); no molt; stomach saved","","WV.Tucker","Central",39.03255,-79.41061,19.16
"608573","t",0.0449504707258714,0.00838390189415242,0.0399718954893524,0.00938670176244046,0.0466269176954027,0.00937608017490789,0.0601769407343759,0.0102376126533935,0.0631312642590815,0.00949335757441675,0.0449504707258714,0.00838390189415242,111.151810846313,3330,"Setophaga caerulescens","13-Jun-93",13,"Jun",93,"ca 9mi SW Davis on Red Run (10.5mi W Hwy 32 on Forest Service Road 13), Monongahela Nat'l Forest; 1000m","Tucker","WV","GRG","JPD","T-1050","M","ASY","7.5x5.5, 6.5x5.5",NA,"partial",63.7,53.6,2.6,3.5,9.4,6.6,NA,NA,"blue",11.7,11.8,2,2,2,2,NA,"bill black; mouth lining black; legs: munsell 2.5Y 3/2 (very dark grayish brown); no molt; stomach saved","","WV.Tucker","Central",39.03255,-79.41061,19.16
"608573","w",0.407953311916946,0.133184478607637,0.422323215640235,0.139534844521928,0.412132762382192,0.135413917912622,0.344948820920461,0.102361342913875,0.3792317931268,0.0905597152343855,0.407953311916946,0.133184478607637,34.6241321073372,3330,"Setophaga caerulescens","13-Jun-93",13,"Jun",93,"ca 9mi SW Davis on Red Run (10.5mi W Hwy 32 on Forest Service Road 13), Monongahela Nat'l Forest; 1000m","Tucker","WV","GRG","JPD","T-1050","M","ASY","7.5x5.5, 6.5x5.5",NA,"partial",63.7,53.6,2.6,3.5,9.4,6.6,NA,NA,"blue",11.7,11.8,2,2,2,2,NA,"bill black; mouth lining black; legs: munsell 2.5Y 3/2 (very dark grayish brown); no molt; stomach saved","","WV.Tucker","Central",39.03255,-79.41061,19.16
"608575","c",0.0695776318324092,0.0280782130876817,0.0551051612290576,0.0240790823674459,0.0735850522365206,0.0310919511856483,0.0887767982379912,0.0347993681325663,0.151696872711364,0.0498815813442314,0.0695776318324092,0.0280782130876817,82.6849315068493,3332,"Setophaga caerulescens","13-Jun-93",13,"Jun",93,"ca 9mi SW Davis on Red Run (10.5mi W Hwy 32 on Forest Service Road 13), Monongahela Nat'l Forest; 1000m","Tucker","WV","GRG","JPD","T-1052","M","ASY","7x5, 6x5",9.4,"partial",64.3,53.8,3.1,3.8,10.6,7,NA,NA,"blue",17.8,20,2,2,2,2,NA,"bill black; mouth lining dark ivory edged with black; legs Munsell 2.5Y 3/2 (very dark grayish brown); very light fat; no molt; stomach saved","","WV.Tucker","Central",39.06175,-79.51135,19.21
"608575","m",0.0607430416046718,0.0142847405947709,0.0558825658298628,0.012652181730162,0.0622389198131654,0.01630355622377,0.0756806175692515,0.0184473744401372,0.092173381346529,0.0167392888590274,0.0607430416046718,0.0142847405947709,25.0511040220179,3332,"Setophaga caerulescens","13-Jun-93",13,"Jun",93,"ca 9mi SW Davis on Red Run (10.5mi W Hwy 32 on Forest Service Road 13), Monongahela Nat'l Forest; 1000m","Tucker","WV","GRG","JPD","T-1052","M","ASY","7x5, 6x5",9.4,"partial",64.3,53.8,3.1,3.8,10.6,7,NA,NA,"blue",17.8,20,2,2,2,2,NA,"bill black; mouth lining dark ivory edged with black; legs Munsell 2.5Y 3/2 (very dark grayish brown); very light fat; no molt; stomach saved","","WV.Tucker","Central",39.06175,-79.51135,19.21
"608575","o",0.0735786764241132,0.0236981064549158,0.0728645510859764,0.0269084382677537,0.0743614945187221,0.0241491757362603,0.0826841826272766,0.0181842252407055,0.0888613248184887,0.0112514128856263,0.0735786764241132,0.0236981064549158,2.69168699568399,3332,"Setophaga caerulescens","13-Jun-93",13,"Jun",93,"ca 9mi SW Davis on Red Run (10.5mi W Hwy 32 on Forest Service Road 13), Monongahela Nat'l Forest; 1000m","Tucker","WV","GRG","JPD","T-1052","M","ASY","7x5, 6x5",9.4,"partial",64.3,53.8,3.1,3.8,10.6,7,NA,NA,"blue",17.8,20,2,2,2,2,NA,"bill black; mouth lining dark ivory edged with black; legs Munsell 2.5Y 3/2 (very dark grayish brown); very light fat; no molt; stomach saved","","WV.Tucker","Central",39.06175,-79.51135,19.21
"608575","t",0.0419363848756427,0.00689954536655769,0.0373823683209493,0.00785581867464481,0.0432518015141325,0.00815351680326584,0.0575768179269503,0.0103773735755231,0.0570559154226817,0.00767112950174576,0.0419363848756427,0.00689954536655769,138.270594858322,3332,"Setophaga caerulescens","13-Jun-93",13,"Jun",93,"ca 9mi SW Davis on Red Run (10.5mi W Hwy 32 on Forest Service Road 13), Monongahela Nat'l Forest; 1000m","Tucker","WV","GRG","JPD","T-1052","M","ASY","7x5, 6x5",9.4,"partial",64.3,53.8,3.1,3.8,10.6,7,NA,NA,"blue",17.8,20,2,2,2,2,NA,"bill black; mouth lining dark ivory edged with black; legs Munsell 2.5Y 3/2 (very dark grayish brown); very light fat; no molt; stomach saved","","WV.Tucker","Central",39.06175,-79.51135,19.21
"608575","w",0.485585666253577,0.128532655882304,0.489098894063857,0.134621776570111,0.486222909882215,0.130699740267425,0.429073212173354,0.101320230100624,0.51202745280559,0.104727348936919,0.485585666253577,0.128532655882304,52.6380183899418,3332,"Setophaga caerulescens","13-Jun-93",13,"Jun",93,"ca 9mi SW Davis on Red Run (10.5mi W Hwy 32 on Forest Service Road 13), Monongahela Nat'l Forest; 1000m","Tucker","WV","GRG","JPD","T-1052","M","ASY","7x5, 6x5",9.4,"partial",64.3,53.8,3.1,3.8,10.6,7,NA,NA,"blue",17.8,20,2,2,2,2,NA,"bill black; mouth lining dark ivory edged with black; legs Munsell 2.5Y 3/2 (very dark grayish brown); very light fat; no molt; stomach saved","","WV.Tucker","Central",39.06175,-79.51135,19.21
"608576","c",0.0679515540857797,0.0264703302843336,0.055803401070979,0.0223334902316099,0.0716510499378928,0.0285928377301346,0.0850453261336563,0.0297362121659254,0.139988347417174,0.0481118055010468,0.0679515540857797,0.0264703302843336,89.02533308313,3333,"Setophaga caerulescens","13-Jun-93",13,"Jun",93,"ca 9mi SW Davis on Red Run (10mi W Hwy 32 on Forest Service Road 13), Monongahela Nat'l Forest; 990m","Tucker","WV","GRG","JPD","T-1053","M","ASY","6.5x5, 6x5",8.7,"partial",63.6,54.4,2.9,4.1,10,6.7,NA,NA,"blue",14.8,17.8,2,2,2,2,NA,"bill black; mouth lining center horn, edge black; legs: munsell 5Y 3/2 (dark olive gray); no fat; no molt; stomach saved","","WV.Tucker","Central",39.06243,-79.53341,18.84
"608576","m",0.0676262101333715,0.0129841405640283,0.0637190126151815,0.0132824183494006,0.0688170701635915,0.0145769817435188,0.0819953509272296,0.0166337077943017,0.111003262374697,0.0139034940073141,0.0676262101333715,0.0129841405640283,24.232438856571,3333,"Setophaga caerulescens","13-Jun-93",13,"Jun",93,"ca 9mi SW Davis on Red Run (10mi W Hwy 32 on Forest Service Road 13), Monongahela Nat'l Forest; 990m","Tucker","WV","GRG","JPD","T-1053","M","ASY","6.5x5, 6x5",8.7,"partial",63.6,54.4,2.9,4.1,10,6.7,NA,NA,"blue",14.8,17.8,2,2,2,2,NA,"bill black; mouth lining center horn, edge black; legs: munsell 5Y 3/2 (dark olive gray); no fat; no molt; stomach saved","","WV.Tucker","Central",39.06243,-79.53341,18.84
"608576","o",0.066642992266215,0.0114047631607468,0.0637181223501961,0.0134770063295365,0.0679719180091407,0.0121077769142419,0.0786808033529081,0.0097265328072723,0.0927225249074294,0.0103554164508281,0.066642992266215,0.0114047631607468,3.74329142428223,3333,"Setophaga caerulescens","13-Jun-93",13,"Jun",93,"ca 9mi SW Davis on Red Run (10mi W Hwy 32 on Forest Service Road 13), Monongahela Nat'l Forest; 990m","Tucker","WV","GRG","JPD","T-1053","M","ASY","6.5x5, 6x5",8.7,"partial",63.6,54.4,2.9,4.1,10,6.7,NA,NA,"blue",14.8,17.8,2,2,2,2,NA,"bill black; mouth lining center horn, edge black; legs: munsell 5Y 3/2 (dark olive gray); no fat; no molt; stomach saved","","WV.Tucker","Central",39.06243,-79.53341,18.84
"608576","t",0.0467463157937802,0.0116928509095742,0.0422515208587077,0.0143697947689721,0.0482869137472973,0.012636203400619,0.0614559358889046,0.0111006849011408,0.0602756442475507,0.00823229860407096,0.0467463157937802,0.0116928509095742,95.035466316382,3333,"Setophaga caerulescens","13-Jun-93",13,"Jun",93,"ca 9mi SW Davis on Red Run (10mi W Hwy 32 on Forest Service Road 13), Monongahela Nat'l Forest; 990m","Tucker","WV","GRG","JPD","T-1053","M","ASY","6.5x5, 6x5",8.7,"partial",63.6,54.4,2.9,4.1,10,6.7,NA,NA,"blue",14.8,17.8,2,2,2,2,NA,"bill black; mouth lining center horn, edge black; legs: munsell 5Y 3/2 (dark olive gray); no fat; no molt; stomach saved","","WV.Tucker","Central",39.06243,-79.53341,18.84
"608576","w",0.485864820608814,0.115108442045958,0.492637196993385,0.122266277718679,0.489084573822734,0.118473038318681,0.418223888501555,0.0859020808542634,0.497595809251379,0.102238068897819,0.485864820608814,0.115108442045958,50.2203039969976,3333,"Setophaga caerulescens","13-Jun-93",13,"Jun",93,"ca 9mi SW Davis on Red Run (10mi W Hwy 32 on Forest Service Road 13), Monongahela Nat'l Forest; 990m","Tucker","WV","GRG","JPD","T-1053","M","ASY","6.5x5, 6x5",8.7,"partial",63.6,54.4,2.9,4.1,10,6.7,NA,NA,"blue",14.8,17.8,2,2,2,2,NA,"bill black; mouth lining center horn, edge black; legs: munsell 5Y 3/2 (dark olive gray); no fat; no molt; stomach saved","","WV.Tucker","Central",39.06243,-79.53341,18.84
"608578","c",0.0627170759465028,0.0193078836857802,0.051360570735579,0.0152888512191317,0.0664016926504831,0.0213015641640626,0.0788039207908472,0.0251539265997982,0.127492873058425,0.0302638484775276,0.0627170759465028,0.0193078836857802,92.8106586601614,3335,"Setophaga caerulescens","13-Jun-93",13,"Jun",93,"ca 9mi SW Davis on Red Run (10mi W Hwy 32 on Forest Service Road 13), Monongahela Nat'l Forest; 990m","Tucker","WV","GRG","JPD","T-1055","M","SY","6.5x5.5, 6.5x5",9.6,"partial",59.4,51.9,3.1,4.1,10.7,6.9,NA,NA,"green",8.6,11.8,2,2,2,2,NA,"bill black; mouth lining dark gray; legs: munsell 5Y 2.5/2 (black); light fat; no molt; stomach saved","","WV.Tucker","Central",39.06243,-79.53341,19.03
"608578","m",0.0737472827654057,0.0196743232002925,0.0652110863487925,0.0185413626302938,0.0756105246520136,0.0226199328428808,0.0927595203648956,0.0192449533393547,0.111761113997407,0.0151436600112374,0.0737472827654057,0.0196743232002925,25.7389128667042,3335,"Setophaga caerulescens","13-Jun-93",13,"Jun",93,"ca 9mi SW Davis on Red Run (10mi W Hwy 32 on Forest Service Road 13), Monongahela Nat'l Forest; 990m","Tucker","WV","GRG","JPD","T-1055","M","SY","6.5x5.5, 6.5x5",9.6,"partial",59.4,51.9,3.1,4.1,10.7,6.9,NA,NA,"green",8.6,11.8,2,2,2,2,NA,"bill black; mouth lining dark gray; legs: munsell 5Y 2.5/2 (black); light fat; no molt; stomach saved","","WV.Tucker","Central",39.06243,-79.53341,19.03
"608578","o",0.0912947942139422,0.0256041789817217,0.0925487048922361,0.0283996099117524,0.0929421340356887,0.0263545479765054,0.0934873546725704,0.0207459027156438,0.11625947544458,0.0283061533023955,0.0912947942139422,0.0256041789817217,2.66616626008632,3335,"Setophaga caerulescens","13-Jun-93",13,"Jun",93,"ca 9mi SW Davis on Red Run (10mi W Hwy 32 on Forest Service Road 13), Monongahela Nat'l Forest; 990m","Tucker","WV","GRG","JPD","T-1055","M","SY","6.5x5.5, 6.5x5",9.6,"partial",59.4,51.9,3.1,4.1,10.7,6.9,NA,NA,"green",8.6,11.8,2,2,2,2,NA,"bill black; mouth lining dark gray; legs: munsell 5Y 2.5/2 (black); light fat; no molt; stomach saved","","WV.Tucker","Central",39.06243,-79.53341,19.03
"608578","t",0.0420512958522744,0.00779627341441081,0.0368830466874326,0.00896179584199102,0.0433643192020239,0.00894275608406381,0.0589407852677795,0.0110924771499063,0.0598495063872619,0.00878847689368137,0.0420512958522744,0.00779627341441081,118.234565584537,3335,"Setophaga caerulescens","13-Jun-93",13,"Jun",93,"ca 9mi SW Davis on Red Run (10mi W Hwy 32 on Forest Service Road 13), Monongahela Nat'l Forest; 990m","Tucker","WV","GRG","JPD","T-1055","M","SY","6.5x5.5, 6.5x5",9.6,"partial",59.4,51.9,3.1,4.1,10.7,6.9,NA,NA,"green",8.6,11.8,2,2,2,2,NA,"bill black; mouth lining dark gray; legs: munsell 5Y 2.5/2 (black); light fat; no molt; stomach saved","","WV.Tucker","Central",39.06243,-79.53341,19.03
"608578","w",0.356069626358758,0.09497342179179,0.358792609029039,0.100401398706417,0.357639564573257,0.0964080302318422,0.323558049807969,0.0758456076999196,0.369388637532909,0.121831164732692,0.356069626358758,0.09497342179179,23.1750797522987,3335,"Setophaga caerulescens","13-Jun-93",13,"Jun",93,"ca 9mi SW Davis on Red Run (10mi W Hwy 32 on Forest Service Road 13), Monongahela Nat'l Forest; 990m","Tucker","WV","GRG","JPD","T-1055","M","SY","6.5x5.5, 6.5x5",9.6,"partial",59.4,51.9,3.1,4.1,10.7,6.9,NA,NA,"green",8.6,11.8,2,2,2,2,NA,"bill black; mouth lining dark gray; legs: munsell 5Y 2.5/2 (black); light fat; no molt; stomach saved","","WV.Tucker","Central",39.06243,-79.53341,19.03
"608580","c",0.0720259236334714,0.0304371472545937,0.0593851701667812,0.0275418793873401,0.0761512911761942,0.0337923748369748,0.0878229628746792,0.0316565073167445,0.135021226192386,0.0398163045691593,0.0720259236334714,0.0304371472545937,47.0557327828861,3337,"Setophaga caerulescens","13-Jun-93",13,"Jun",93,"ca 9mi SW Davis on Red Run (10mi W Hwy 32 on Forest Service Road 13), Monongahela Nat'l Forest; 990m","Tucker","WV","GRG","JPD","T-1057","M","SY","NA, 6x5",9.8,"partial",64.1,53.4,3.1,4.3,10,6.8,NA,NA,"green",13,12.6,2,2,2,2,NA,"bill black; mouth lining ivory gray; legs Munsell 5Y 3/2 (dark olive gray); light fat; no molt; stomach saved; L testis shot away","","WV.Tucker","Central",39.06175,-79.51135,19.28
"608580","m",0.0630264386413682,0.00976108500705345,0.0582677724140596,0.00951412815780423,0.0646715313590422,0.0110255756380402,0.0771417639971852,0.0135968239131131,0.097318531136196,0.0135529214154089,0.0630264386413682,0.00976108500705345,24.5474447988991,3337,"Setophaga caerulescens","13-Jun-93",13,"Jun",93,"ca 9mi SW Davis on Red Run (10mi W Hwy 32 on Forest Service Road 13), Monongahela Nat'l Forest; 990m","Tucker","WV","GRG","JPD","T-1057","M","SY","NA, 6x5",9.8,"partial",64.1,53.4,3.1,4.3,10,6.8,NA,NA,"green",13,12.6,2,2,2,2,NA,"bill black; mouth lining ivory gray; legs Munsell 5Y 3/2 (dark olive gray); light fat; no molt; stomach saved; L testis shot away","","WV.Tucker","Central",39.06175,-79.51135,19.28
"608580","o",0.0736400889772877,0.0105364061997738,0.0747154749866507,0.0120897590534927,0.0751732389141286,0.0115732464733305,0.0777028123346211,0.010444555435094,0.092398649228902,0.00841161365729545,0.0736400889772877,0.0105364061997738,3.25164195909176,3337,"Setophaga caerulescens","13-Jun-93",13,"Jun",93,"ca 9mi SW Davis on Red Run (10mi W Hwy 32 on Forest Service Road 13), Monongahela Nat'l Forest; 990m","Tucker","WV","GRG","JPD","T-1057","M","SY","NA, 6x5",9.8,"partial",64.1,53.4,3.1,4.3,10,6.8,NA,NA,"green",13,12.6,2,2,2,2,NA,"bill black; mouth lining ivory gray; legs Munsell 5Y 3/2 (dark olive gray); light fat; no molt; stomach saved; L testis shot away","","WV.Tucker","Central",39.06175,-79.51135,19.28
"608580","t",0.0416818245009575,0.00898230856701302,0.0372454203797907,0.0104871707657569,0.0435458128896742,0.00988244869740588,0.0549288417769693,0.00991275915458772,0.0549278628803132,0.00729010523930736,0.0416818245009575,0.00898230856701302,100.352036029274,3337,"Setophaga caerulescens","13-Jun-93",13,"Jun",93,"ca 9mi SW Davis on Red Run (10mi W Hwy 32 on Forest Service Road 13), Monongahela Nat'l Forest; 990m","Tucker","WV","GRG","JPD","T-1057","M","SY","NA, 6x5",9.8,"partial",64.1,53.4,3.1,4.3,10,6.8,NA,NA,"green",13,12.6,2,2,2,2,NA,"bill black; mouth lining ivory gray; legs Munsell 5Y 3/2 (dark olive gray); light fat; no molt; stomach saved; L testis shot away","","WV.Tucker","Central",39.06175,-79.51135,19.28
"608580","w",0.350819778666237,0.118210372472954,0.35858594158521,0.120372380440386,0.352790589595484,0.11930759517682,0.310445844584448,0.10074110308669,0.374397086438146,0.100828268639486,0.350819778666237,0.118210372472954,25.3165697128917,3337,"Setophaga caerulescens","13-Jun-93",13,"Jun",93,"ca 9mi SW Davis on Red Run (10mi W Hwy 32 on Forest Service Road 13), Monongahela Nat'l Forest; 990m","Tucker","WV","GRG","JPD","T-1057","M","SY","NA, 6x5",9.8,"partial",64.1,53.4,3.1,4.3,10,6.8,NA,NA,"green",13,12.6,2,2,2,2,NA,"bill black; mouth lining ivory gray; legs Munsell 5Y 3/2 (dark olive gray); light fat; no molt; stomach saved; L testis shot away","","WV.Tucker","Central",39.06175,-79.51135,19.28
"608583","c",0.0673032516981667,0.027452601142682,0.0533057500585201,0.0228897036847045,0.0708756213826958,0.029534918594949,0.0878805844123115,0.034081120060328,0.151250716895627,0.0504225416717649,0.0673032516981667,0.027452601142682,76.9802964908989,3340,"Setophaga caerulescens","13-Jun-93",13,"Jun",93,"ca 9mi SW Davis on Red Run (10mi W Hwy 32 on Forest Service Road 13), Monongahela Nat'l Forest; 990m","Tucker","WV","GRG","JPD","T-1060","M","SY","6x5.5, NA",9.6,"partial",64.2,53.2,3,3.8,10.8,6.3,NA,NA,"green",14,13.9,2,2,2,2,NA,"bill black; mouth lining ivory; legs: munsell 2.5Y 3/2 (very dark grayish brown); light fat; no molt; stomach saved; R testis destroyed","","WV.Tucker","Central",39.06243,-79.53341,19.27
"608583","m",0.0721362549593682,0.0109767170104059,0.0673990525969225,0.0112599445560756,0.0736454453028629,0.0123991742803169,0.085978547088436,0.0152310216030657,0.110710663656281,0.0137761617607843,0.0721362549593682,0.0109767170104059,24.2812284981547,3340,"Setophaga caerulescens","13-Jun-93",13,"Jun",93,"ca 9mi SW Davis on Red Run (10mi W Hwy 32 on Forest Service Road 13), Monongahela Nat'l Forest; 990m","Tucker","WV","GRG","JPD","T-1060","M","SY","6x5.5, NA",9.6,"partial",64.2,53.2,3,3.8,10.8,6.3,NA,NA,"green",14,13.9,2,2,2,2,NA,"bill black; mouth lining ivory; legs: munsell 2.5Y 3/2 (very dark grayish brown); light fat; no molt; stomach saved; R testis destroyed","","WV.Tucker","Central",39.06243,-79.53341,19.27
"608583","o",0.113733400894038,0.069945224311737,0.119330816415977,0.0751005615310198,0.115012857190207,0.0707859967177817,0.107696584294719,0.0531239408102034,0.117968792715175,0.0445359462356928,0.113733400894038,0.069945224311737,5.15218615124789,3340,"Setophaga caerulescens","13-Jun-93",13,"Jun",93,"ca 9mi SW Davis on Red Run (10mi W Hwy 32 on Forest Service Road 13), Monongahela Nat'l Forest; 990m","Tucker","WV","GRG","JPD","T-1060","M","SY","6x5.5, NA",9.6,"partial",64.2,53.2,3,3.8,10.8,6.3,NA,NA,"green",14,13.9,2,2,2,2,NA,"bill black; mouth lining ivory; legs: munsell 2.5Y 3/2 (very dark grayish brown); light fat; no molt; stomach saved; R testis destroyed","","WV.Tucker","Central",39.06243,-79.53341,19.27
"608583","t",0.0470246537278742,0.00783782135984949,0.0417371022875965,0.00888304418091523,0.0485998840908083,0.00902465273300635,0.0626516274398813,0.0101642139583453,0.0638176401662406,0.00777630534061522,0.0470246537278742,0.00783782135984949,139.4220303997,3340,"Setophaga caerulescens","13-Jun-93",13,"Jun",93,"ca 9mi SW Davis on Red Run (10mi W Hwy 32 on Forest Service Road 13), Monongahela Nat'l Forest; 990m","Tucker","WV","GRG","JPD","T-1060","M","SY","6x5.5, NA",9.6,"partial",64.2,53.2,3,3.8,10.8,6.3,NA,NA,"green",14,13.9,2,2,2,2,NA,"bill black; mouth lining ivory; legs: munsell 2.5Y 3/2 (very dark grayish brown); light fat; no molt; stomach saved; R testis destroyed","","WV.Tucker","Central",39.06243,-79.53341,19.27
"608583","w",0.363240155910051,0.128275149047836,0.370774371688109,0.131466607154984,0.365543678242022,0.129517317501495,0.318870804114191,0.105257591849516,0.396624757351318,0.108776720233829,0.363240155910051,0.128275149047836,49.8322386939388,3340,"Setophaga caerulescens","13-Jun-93",13,"Jun",93,"ca 9mi SW Davis on Red Run (10mi W Hwy 32 on Forest Service Road 13), Monongahela Nat'l Forest; 990m","Tucker","WV","GRG","JPD","T-1060","M","SY","6x5.5, NA",9.6,"partial",64.2,53.2,3,3.8,10.8,6.3,NA,NA,"green",14,13.9,2,2,2,2,NA,"bill black; mouth lining ivory; legs: munsell 2.5Y 3/2 (very dark grayish brown); light fat; no molt; stomach saved; R testis destroyed","","WV.Tucker","Central",39.06243,-79.53341,19.27
"608585","c",0.08127999450428,0.0269368915874806,0.0640353980194281,0.0243008422634636,0.0849229622866515,0.0292673553380215,0.105825494944336,0.0325500387566335,0.192175116694398,0.0490566514122355,0.08127999450428,0.0269368915874806,77.4591855882905,3342,"Setophaga caerulescens","13-Jun-93",13,"Jun",93,"ca 9mi SW Davis on Red Run (10mi W Hwy 32 on Forest Service Road 13), Monongahela Nat'l Forest; 990m","Tucker","WV","GRG","JPD","T-1062","M","ASY",NA,9.7,"partial",63.7,52.9,3.1,3.8,10,6.9,NA,NA,"blue",11.6,12.1,2,2,2,2,NA,"bill black; mouth lining black; legs: munsell 5Y 3/2 (dark olive gray); no fat; no molt; stomach saved; testes seen but too damaged to measure","","WV.Tucker","Central",39.06243,-79.53341,18.76
"608585","m",0.0697817057303341,0.0174721243412539,0.060662839132663,0.0173718818232297,0.0718961793289598,0.019206422008957,0.0890538506071092,0.0172301431224681,0.108129014860442,0.0223464057984737,0.0697817057303341,0.0174721243412539,25.6911240382811,3342,"Setophaga caerulescens","13-Jun-93",13,"Jun",93,"ca 9mi SW Davis on Red Run (10mi W Hwy 32 on Forest Service Road 13), Monongahela Nat'l Forest; 990m","Tucker","WV","GRG","JPD","T-1062","M","ASY",NA,9.7,"partial",63.7,52.9,3.1,3.8,10,6.9,NA,NA,"blue",11.6,12.1,2,2,2,2,NA,"bill black; mouth lining black; legs: munsell 5Y 3/2 (dark olive gray); no fat; no molt; stomach saved; testes seen but too damaged to measure","","WV.Tucker","Central",39.06243,-79.53341,18.76
"608585","o",0.0740181427017463,0.010400455281735,0.0702479321474435,0.0118502467889907,0.0754654694438294,0.0109277293364986,0.0863736323396674,0.0106149420891792,0.104340975665227,0.00980952313062226,0.0740181427017463,0.010400455281735,2.12722837305311,3342,"Setophaga caerulescens","13-Jun-93",13,"Jun",93,"ca 9mi SW Davis on Red Run (10mi W Hwy 32 on Forest Service Road 13), Monongahela Nat'l Forest; 990m","Tucker","WV","GRG","JPD","T-1062","M","ASY",NA,9.7,"partial",63.7,52.9,3.1,3.8,10,6.9,NA,NA,"blue",11.6,12.1,2,2,2,2,NA,"bill black; mouth lining black; legs: munsell 5Y 3/2 (dark olive gray); no fat; no molt; stomach saved; testes seen but too damaged to measure","","WV.Tucker","Central",39.06243,-79.53341,18.76
"608585","t",0.0447388798802166,0.00735886466138,0.0390147358203856,0.00816766611361997,0.0462302489553891,0.00870256506824063,0.0617093261697715,0.0109923419059093,0.0633662948866733,0.00865742806605646,0.0447388798802166,0.00735886466138,107.187840120098,3342,"Setophaga caerulescens","13-Jun-93",13,"Jun",93,"ca 9mi SW Davis on Red Run (10mi W Hwy 32 on Forest Service Road 13), Monongahela Nat'l Forest; 990m","Tucker","WV","GRG","JPD","T-1062","M","ASY",NA,9.7,"partial",63.7,52.9,3.1,3.8,10,6.9,NA,NA,"blue",11.6,12.1,2,2,2,2,NA,"bill black; mouth lining black; legs: munsell 5Y 3/2 (dark olive gray); no fat; no molt; stomach saved; testes seen but too damaged to measure","","WV.Tucker","Central",39.06243,-79.53341,18.76
"608585","w",0.489337182742603,0.109376833292213,0.495450566332266,0.115453439428465,0.4908490298983,0.10992291678148,0.425865196857569,0.0840882284930387,0.512737636994396,0.101286496566378,0.489337182742603,0.109376833292213,27.8446237568024,3342,"Setophaga caerulescens","13-Jun-93",13,"Jun",93,"ca 9mi SW Davis on Red Run (10mi W Hwy 32 on Forest Service Road 13), Monongahela Nat'l Forest; 990m","Tucker","WV","GRG","JPD","T-1062","M","ASY",NA,9.7,"partial",63.7,52.9,3.1,3.8,10,6.9,NA,NA,"blue",11.6,12.1,2,2,2,2,NA,"bill black; mouth lining black; legs: munsell 5Y 3/2 (dark olive gray); no fat; no molt; stomach saved; testes seen but too damaged to measure","","WV.Tucker","Central",39.06243,-79.53341,18.76
"608587","c",0.066504431337503,0.0245268140878142,0.0556911952063145,0.020958182914697,0.0703942121235018,0.0269923619497239,0.0807819400252177,0.0281217124359792,0.127988776616052,0.0395439678707156,0.066504431337503,0.0245268140878142,79.1382998686433,3344,"Setophaga caerulescens","13-Jun-93",13,"Jun",93,"ca 9mi SW Davis on Red Run (10mi W Hwy 32 on Forest Service Road 13), Monongahela Nat'l Forest; 990m","Tucker","WV","GRG","JPD","T-1064","M","SY","6x5, 5x4.5",10.2,"partial",63.4,52.9,2.9,4,11.3,6.7,NA,NA,"green",10.8,12.3,2,2,2,2,NA,"bill black; mouth lining ivory gray; legs: munsell 5Y 2.5/1 (black); light fat; no molt; stomach saved","","WV.Tucker","Central",39.06243,-79.53341,19.79
"608587","m",0.0671865117622714,0.00995107204169662,0.0601680283659066,0.009320132274761,0.0690704998623168,0.0115432739383896,0.0843272309761802,0.0160938280522354,0.106005510501551,0.0105403175312619,0.0671865117622714,0.00995107204169662,25.0460999562144,3344,"Setophaga caerulescens","13-Jun-93",13,"Jun",93,"ca 9mi SW Davis on Red Run (10mi W Hwy 32 on Forest Service Road 13), Monongahela Nat'l Forest; 990m","Tucker","WV","GRG","JPD","T-1064","M","SY","6x5, 5x4.5",10.2,"partial",63.4,52.9,2.9,4,11.3,6.7,NA,NA,"green",10.8,12.3,2,2,2,2,NA,"bill black; mouth lining ivory gray; legs: munsell 5Y 2.5/1 (black); light fat; no molt; stomach saved","","WV.Tucker","Central",39.06243,-79.53341,19.79
"608587","o",0.0793452798611349,0.00991283414633067,0.0804495411239071,0.0118323658783706,0.0810144467524082,0.0108162629652887,0.0826508433858266,0.00963516902322395,0.101742511755779,0.00757507711795416,0.0793452798611349,0.00991283414633067,3.58641396134359,3344,"Setophaga caerulescens","13-Jun-93",13,"Jun",93,"ca 9mi SW Davis on Red Run (10mi W Hwy 32 on Forest Service Road 13), Monongahela Nat'l Forest; 990m","Tucker","WV","GRG","JPD","T-1064","M","SY","6x5, 5x4.5",10.2,"partial",63.4,52.9,2.9,4,11.3,6.7,NA,NA,"green",10.8,12.3,2,2,2,2,NA,"bill black; mouth lining ivory gray; legs: munsell 5Y 2.5/1 (black); light fat; no molt; stomach saved","","WV.Tucker","Central",39.06243,-79.53341,19.79
"608587","t",0.0504711977802114,0.0107679416902691,0.0466767009369908,0.0135400862057373,0.0520543670900491,0.0117452802224152,0.0636304525867272,0.0115246728897229,0.0679386854971048,0.00974425668964729,0.0504711977802114,0.0107679416902691,91.0737474197786,3344,"Setophaga caerulescens","13-Jun-93",13,"Jun",93,"ca 9mi SW Davis on Red Run (10mi W Hwy 32 on Forest Service Road 13), Monongahela Nat'l Forest; 990m","Tucker","WV","GRG","JPD","T-1064","M","SY","6x5, 5x4.5",10.2,"partial",63.4,52.9,2.9,4,11.3,6.7,NA,NA,"green",10.8,12.3,2,2,2,2,NA,"bill black; mouth lining ivory gray; legs: munsell 5Y 2.5/1 (black); light fat; no molt; stomach saved","","WV.Tucker","Central",39.06243,-79.53341,19.79
"608587","w",0.30425230615699,0.0647607843167453,0.305888438267752,0.064791613627153,0.306946361266881,0.065855621928745,0.279383531761749,0.0598535770426962,0.329466919141981,0.0603608926283204,0.30425230615699,0.0647607843167453,28.3024957778195,3344,"Setophaga caerulescens","13-Jun-93",13,"Jun",93,"ca 9mi SW Davis on Red Run (10mi W Hwy 32 on Forest Service Road 13), Monongahela Nat'l Forest; 990m","Tucker","WV","GRG","JPD","T-1064","M","SY","6x5, 5x4.5",10.2,"partial",63.4,52.9,2.9,4,11.3,6.7,NA,NA,"green",10.8,12.3,2,2,2,2,NA,"bill black; mouth lining ivory gray; legs: munsell 5Y 2.5/1 (black); light fat; no molt; stomach saved","","WV.Tucker","Central",39.06243,-79.53341,19.79
"608590","c",0.0740863058102287,0.0241765690548145,0.0594125820684756,0.021430080458335,0.077940943971728,0.0253427691516412,0.0941383502864198,0.0302987398484404,0.158278929002796,0.0404062150984078,0.0740863058102287,0.0241765690548145,83.0031900919497,3347,"Setophaga caerulescens","13-Jun-93",13,"Jun",93,"Red Run at junction of Forest Service Roads 13 and 412, 7mi W of Hwy 32, Monongahela Nat'l Forest; 895m","Tucker","WV","GRG","JPD","T-1067","M","ASY","8x6, 5x4",9.9,"partial",62.3,52.6,3.1,4.3,10.4,6.8,NA,NA,"blue",10.5,12.1,2,2,2,2,NA,"bill black; mouth lining black; legs: munsell 2.5Y 3/2 (very dark grayish brown); light fat; no molt; stomach saved","","WV.Tucker","Central",39.06243,-79.53341,18.92
"608590","m",0.0670461356522029,0.0126686220322308,0.0579703028618357,0.0143231214941095,0.0686599026627007,0.0141654893320312,0.0882743012538464,0.0144400911149675,0.108158930360864,0.0240223293845002,0.0670461356522029,0.0126686220322308,24.8627009445174,3347,"Setophaga caerulescens","13-Jun-93",13,"Jun",93,"Red Run at junction of Forest Service Roads 13 and 412, 7mi W of Hwy 32, Monongahela Nat'l Forest; 895m","Tucker","WV","GRG","JPD","T-1067","M","ASY","8x6, 5x4",9.9,"partial",62.3,52.6,3.1,4.3,10.4,6.8,NA,NA,"blue",10.5,12.1,2,2,2,2,NA,"bill black; mouth lining black; legs: munsell 2.5Y 3/2 (very dark grayish brown); light fat; no molt; stomach saved","","WV.Tucker","Central",39.06243,-79.53341,18.92
"608590","o",0.0991523132647128,0.0612585578192873,0.10187646159501,0.0660677645190778,0.100440722373136,0.0633818960003526,0.0987274427960229,0.0447012031676467,0.106871547546985,0.0329007337815293,0.0991523132647128,0.0612585578192873,1.42916119346969,3347,"Setophaga caerulescens","13-Jun-93",13,"Jun",93,"Red Run at junction of Forest Service Roads 13 and 412, 7mi W of Hwy 32, Monongahela Nat'l Forest; 895m","Tucker","WV","GRG","JPD","T-1067","M","ASY","8x6, 5x4",9.9,"partial",62.3,52.6,3.1,4.3,10.4,6.8,NA,NA,"blue",10.5,12.1,2,2,2,2,NA,"bill black; mouth lining black; legs: munsell 2.5Y 3/2 (very dark grayish brown); light fat; no molt; stomach saved","","WV.Tucker","Central",39.06243,-79.53341,18.92
"608590","t",0.0431788095319167,0.00918860530271246,0.037773569142298,0.00960015863607075,0.0446488640691452,0.010397578206278,0.0598757878054888,0.0120080943017941,0.0621209729858237,0.0105628078698008,0.0431788095319167,0.00918860530271246,107.315443798086,3347,"Setophaga caerulescens","13-Jun-93",13,"Jun",93,"Red Run at junction of Forest Service Roads 13 and 412, 7mi W of Hwy 32, Monongahela Nat'l Forest; 895m","Tucker","WV","GRG","JPD","T-1067","M","ASY","8x6, 5x4",9.9,"partial",62.3,52.6,3.1,4.3,10.4,6.8,NA,NA,"blue",10.5,12.1,2,2,2,2,NA,"bill black; mouth lining black; legs: munsell 2.5Y 3/2 (very dark grayish brown); light fat; no molt; stomach saved","","WV.Tucker","Central",39.06243,-79.53341,18.92
"608590","w",0.422827137206194,0.11187575033198,0.422648823357362,0.113724936781217,0.424081679479606,0.113555769465916,0.379010876472675,0.0949562241071368,0.495003716095574,0.125181162309212,0.422827137206194,0.11187575033198,20.322011634453,3347,"Setophaga caerulescens","13-Jun-93",13,"Jun",93,"Red Run at junction of Forest Service Roads 13 and 412, 7mi W of Hwy 32, Monongahela Nat'l Forest; 895m","Tucker","WV","GRG","JPD","T-1067","M","ASY","8x6, 5x4",9.9,"partial",62.3,52.6,3.1,4.3,10.4,6.8,NA,NA,"blue",10.5,12.1,2,2,2,2,NA,"bill black; mouth lining black; legs: munsell 2.5Y 3/2 (very dark grayish brown); light fat; no molt; stomach saved","","WV.Tucker","Central",39.06243,-79.53341,18.92
"608618","c",0.0669347311394012,0.0240104440761671,0.0577592249460029,0.0194873152103755,0.0677120424838749,0.0263725397600036,0.0890844884486657,0.0291892090677461,0.124726328278323,0.0419791580151078,0.0669347311394012,0.0240104440761671,51.5706511540627,3375,"Setophaga caerulescens","16-Jun-93",16,"Jun",93,"Skyview Rd; 800m","Bedford","PA","GRG","JPD","T-1095","M","ASY","6x5, 6.5x5",9.5,"partial",67.2,54.3,2.8,NA,10.5,7.4,NA,NA,"blue",13.5,14.8,2,2,2,2,NA,"bill black; mouth lining center ivory, edge black; legs munsell 2.5Y 3/2 (very dark grayish brown); light fat; stomach saved; no molt; L testis mushy","","PA.Bedford","Central",40.23369,-78.66564,19.1
"608618","m",0.0772916981252271,0.0227787606619675,0.0673194671240645,0.0225235710115257,0.0806972455563557,0.0251980220558777,0.0928700711632953,0.0190858036339339,0.120395342833455,0.0211394284967737,0.0772916981252271,0.0227787606619675,24.7270907612435,3375,"Setophaga caerulescens","16-Jun-93",16,"Jun",93,"Skyview Rd; 800m","Bedford","PA","GRG","JPD","T-1095","M","ASY","6x5, 6.5x5",9.5,"partial",67.2,54.3,2.8,NA,10.5,7.4,NA,NA,"blue",13.5,14.8,2,2,2,2,NA,"bill black; mouth lining center ivory, edge black; legs munsell 2.5Y 3/2 (very dark grayish brown); light fat; stomach saved; no molt; L testis mushy","","PA.Bedford","Central",40.23369,-78.66564,19.1
"608618","o",0.0887047931081045,0.0495510330207936,0.0870492383745465,0.052919340242201,0.0906062448309547,0.0503613419542987,0.0942312642094536,0.0392604574670243,0.119566428822064,0.0382014193595026,0.0887047931081045,0.0495510330207936,9.66034903358979,3375,"Setophaga caerulescens","16-Jun-93",16,"Jun",93,"Skyview Rd; 800m","Bedford","PA","GRG","JPD","T-1095","M","ASY","6x5, 6.5x5",9.5,"partial",67.2,54.3,2.8,NA,10.5,7.4,NA,NA,"blue",13.5,14.8,2,2,2,2,NA,"bill black; mouth lining center ivory, edge black; legs munsell 2.5Y 3/2 (very dark grayish brown); light fat; stomach saved; no molt; L testis mushy","","PA.Bedford","Central",40.23369,-78.66564,19.1
"608618","t",0.0471137464383364,0.0123138315964725,0.0422997753734832,0.0141972944964431,0.0490528420323866,0.0132158904694431,0.060907088061266,0.0112456916023926,0.0652073188163215,0.0105672331189269,0.0471137464383364,0.0123138315964725,130.225558266091,3375,"Setophaga caerulescens","16-Jun-93",16,"Jun",93,"Skyview Rd; 800m","Bedford","PA","GRG","JPD","T-1095","M","ASY","6x5, 6.5x5",9.5,"partial",67.2,54.3,2.8,NA,10.5,7.4,NA,NA,"blue",13.5,14.8,2,2,2,2,NA,"bill black; mouth lining center ivory, edge black; legs munsell 2.5Y 3/2 (very dark grayish brown); light fat; stomach saved; no molt; L testis mushy","","PA.Bedford","Central",40.23369,-78.66564,19.1
"608618","w",0.440762561821522,0.111043498828729,0.44700243282382,0.115802675207233,0.444372431110909,0.1132869006531,0.38233156830449,0.0878814570380264,0.455365322068568,0.0863635583828289,0.440762561821522,0.111043498828729,48.171889660349,3375,"Setophaga caerulescens","16-Jun-93",16,"Jun",93,"Skyview Rd; 800m","Bedford","PA","GRG","JPD","T-1095","M","ASY","6x5, 6.5x5",9.5,"partial",67.2,54.3,2.8,NA,10.5,7.4,NA,NA,"blue",13.5,14.8,2,2,2,2,NA,"bill black; mouth lining center ivory, edge black; legs munsell 2.5Y 3/2 (very dark grayish brown); light fat; stomach saved; no molt; L testis mushy","","PA.Bedford","Central",40.23369,-78.66564,19.1
"608621","c",0.0697278691454868,0.0242005750197358,0.0550791051905722,0.0227474214526377,0.0729928361703181,0.0255496715892455,0.0920045073579479,0.0259956428498017,0.147950882236952,0.0490502528563143,0.0697278691454868,0.0242005750197358,66.6098705197973,3378,"Setophaga caerulescens","16-Jun-93",16,"Jun",93,"Skyview Rd; 800m","Bedford","PA","GRG","JPD","T-1098","M","ASY","7.5x5.5, 7x5.5",9.7,"partial",62.9,53.3,3.3,3.8,11.2,6.9,NA,NA,"blue",11.1,12.2,2,2,2,2,NA,"bill black; mouth lining ivory gray; legs munsell 2.5Y 4/2 (dark grayish brown); light fat; stomach saved; no molt","","PA.Bedford","Central",40.23369,-78.66564,19.53
"608621","m",0.0549075190268968,0.0131767071118448,0.0490840275740048,0.0106460014737051,0.0570515509920903,0.0145579073532178,0.0696350237407572,0.0172616700724272,0.087182959742782,0.0145737569131814,0.0549075190268968,0.0131767071118448,26.2102958653906,3378,"Setophaga caerulescens","16-Jun-93",16,"Jun",93,"Skyview Rd; 800m","Bedford","PA","GRG","JPD","T-1098","M","ASY","7.5x5.5, 7x5.5",9.7,"partial",62.9,53.3,3.3,3.8,11.2,6.9,NA,NA,"blue",11.1,12.2,2,2,2,2,NA,"bill black; mouth lining ivory gray; legs munsell 2.5Y 4/2 (dark grayish brown); light fat; stomach saved; no molt","","PA.Bedford","Central",40.23369,-78.66564,19.53
"608621","o",0.0636101071548437,0.0224846935165072,0.0598600052169659,0.0233434707211083,0.0656592630295665,0.0228472951372173,0.0746921093317157,0.020183116335126,0.0936836430259264,0.0201616790615921,0.0636101071548437,0.0224846935165072,15.7650591105273,3378,"Setophaga caerulescens","16-Jun-93",16,"Jun",93,"Skyview Rd; 800m","Bedford","PA","GRG","JPD","T-1098","M","ASY","7.5x5.5, 7x5.5",9.7,"partial",62.9,53.3,3.3,3.8,11.2,6.9,NA,NA,"blue",11.1,12.2,2,2,2,2,NA,"bill black; mouth lining ivory gray; legs munsell 2.5Y 4/2 (dark grayish brown); light fat; stomach saved; no molt","","PA.Bedford","Central",40.23369,-78.66564,19.53
"608621","t",0.0397844349155553,0.00673761025680413,0.0341986602772829,0.0075146313422176,0.0419283455410472,0.00786651185277754,0.0546905548926629,0.00934575025957239,0.0584258113235404,0.0093686991021593,0.0397844349155553,0.00673761025680413,125.435916682304,3378,"Setophaga caerulescens","16-Jun-93",16,"Jun",93,"Skyview Rd; 800m","Bedford","PA","GRG","JPD","T-1098","M","ASY","7.5x5.5, 7x5.5",9.7,"partial",62.9,53.3,3.3,3.8,11.2,6.9,NA,NA,"blue",11.1,12.2,2,2,2,2,NA,"bill black; mouth lining ivory gray; legs munsell 2.5Y 4/2 (dark grayish brown); light fat; stomach saved; no molt","","PA.Bedford","Central",40.23369,-78.66564,19.53
"608621","w",0.435614953195765,0.10740119511986,0.438293314173098,0.111175320442203,0.439028363912227,0.108960060303024,0.382266807458934,0.0847371657925654,0.459431823465462,0.123604493264948,0.435614953195765,0.10740119511986,27.4407956464627,3378,"Setophaga caerulescens","16-Jun-93",16,"Jun",93,"Skyview Rd; 800m","Bedford","PA","GRG","JPD","T-1098","M","ASY","7.5x5.5, 7x5.5",9.7,"partial",62.9,53.3,3.3,3.8,11.2,6.9,NA,NA,"blue",11.1,12.2,2,2,2,2,NA,"bill black; mouth lining ivory gray; legs munsell 2.5Y 4/2 (dark grayish brown); light fat; stomach saved; no molt","","PA.Bedford","Central",40.23369,-78.66564,19.53
"608624","c",0.0705919650020701,0.0296266032712076,0.0572788511114826,0.023336611177225,0.0742279804522463,0.0314853339314575,0.0895405894135899,0.036672586171313,0.141026032446691,0.054919215907821,0.0705919650020701,0.0296266032712076,65.3571026458998,3381,"Setophaga caerulescens","16-Jun-93",16,"Jun",93,"Skyview Rd; 800m","Bedford","PA","GRG","JPD","T-1101","M","SY","7x5.5, 6.5x4.5",9.2,"partial",62.1,49.4,3,4,10.1,7,NA,NA,"green",11.1,10.9,2,2,2,2,NA,"bill black; mouth lining ivory; legs munsell 5Y 2.5/2 (black); light to moderate fat; stomach saved; no molt","","PA.Bedford","Central",40.23369,-78.66564,19.46
"608624","m",0.0589349544053339,0.0126249056774241,0.0532513083852078,0.0108057435881222,0.0610849265669576,0.0138546209528224,0.0731560392625339,0.0168932935038585,0.0933704221782008,0.0157143903410409,0.0589349544053339,0.0126249056774241,24.7733783699256,3381,"Setophaga caerulescens","16-Jun-93",16,"Jun",93,"Skyview Rd; 800m","Bedford","PA","GRG","JPD","T-1101","M","SY","7x5.5, 6.5x4.5",9.2,"partial",62.1,49.4,3,4,10.1,7,NA,NA,"green",11.1,10.9,2,2,2,2,NA,"bill black; mouth lining ivory; legs munsell 5Y 2.5/2 (black); light to moderate fat; stomach saved; no molt","","PA.Bedford","Central",40.23369,-78.66564,19.46
"608624","o",0.104573765822414,0.0667593206560383,0.108703478566052,0.073377671593183,0.106644759795024,0.0677443989766271,0.0988626065427924,0.0487039003230946,0.11020031837016,0.0167383221495738,0.104573765822414,0.0667593206560383,12.9435166072434,3381,"Setophaga caerulescens","16-Jun-93",16,"Jun",93,"Skyview Rd; 800m","Bedford","PA","GRG","JPD","T-1101","M","SY","7x5.5, 6.5x4.5",9.2,"partial",62.1,49.4,3,4,10.1,7,NA,NA,"green",11.1,10.9,2,2,2,2,NA,"bill black; mouth lining ivory; legs munsell 5Y 2.5/2 (black); light to moderate fat; stomach saved; no molt","","PA.Bedford","Central",40.23369,-78.66564,19.46
"608624","t",0.0462925726203783,0.0124546484934634,0.0433502666324796,0.016833041709477,0.0481008964536334,0.0127873496247888,0.057295133163268,0.00992499156042341,0.0598300334022991,0.00789575767812371,0.0462925726203783,0.0124546484934634,88.4826421467442,3381,"Setophaga caerulescens","16-Jun-93",16,"Jun",93,"Skyview Rd; 800m","Bedford","PA","GRG","JPD","T-1101","M","SY","7x5.5, 6.5x4.5",9.2,"partial",62.1,49.4,3,4,10.1,7,NA,NA,"green",11.1,10.9,2,2,2,2,NA,"bill black; mouth lining ivory; legs munsell 5Y 2.5/2 (black); light to moderate fat; stomach saved; no molt","","PA.Bedford","Central",40.23369,-78.66564,19.46
"608624","w",0.371881263343871,0.131260772632027,0.386946925709507,0.135950880751365,0.37775464369332,0.134739244198232,0.31000619949721,0.100819488791214,0.327821868002075,0.0781812895965899,0.371881263343871,0.131260772632027,40.986301369863,3381,"Setophaga caerulescens","16-Jun-93",16,"Jun",93,"Skyview Rd; 800m","Bedford","PA","GRG","JPD","T-1101","M","SY","7x5.5, 6.5x4.5",9.2,"partial",62.1,49.4,3,4,10.1,7,NA,NA,"green",11.1,10.9,2,2,2,2,NA,"bill black; mouth lining ivory; legs munsell 5Y 2.5/2 (black); light to moderate fat; stomach saved; no molt","","PA.Bedford","Central",40.23369,-78.66564,19.46
"608626","c",0.065973862352765,0.0195877512719784,0.0544376403907592,0.0161766451402428,0.0700632731243258,0.0202122398237242,0.0810496047529643,0.0254131839734643,0.125922294056056,0.039554341940383,0.065973862352765,0.0195877512719784,95.4850816288234,3383,"Setophaga caerulescens","16-Jun-93",16,"Jun",93,"Skyview Rd; 800m","Bedford","PA","GRG","CJD","T-1103","M","ASY","8x6",9.2,"partial",64.6,52,NA,NA,11.1,6.8,NA,NA,"blue",15.9,13.9,2,2,2,2,NA,"bill black; mouth lining cream; legs munsell 5Y 2.5/1 (black); stomach saved; light fat; no molt; R testis not found; upper and lower bill askew","","PA.Bedford","Central",40.23369,-78.66564,NA
"608626","m",0.0595441819427313,0.0179021367971248,0.0527317749898474,0.0174664963092804,0.0618615131901654,0.0197169560906015,0.0750644686129366,0.0181254978761521,0.101382408488389,0.0241638720246282,0.0595441819427313,0.0179021367971248,26.2958653906299,3383,"Setophaga caerulescens","16-Jun-93",16,"Jun",93,"Skyview Rd; 800m","Bedford","PA","GRG","CJD","T-1103","M","ASY","8x6",9.2,"partial",64.6,52,NA,NA,11.1,6.8,NA,NA,"blue",15.9,13.9,2,2,2,2,NA,"bill black; mouth lining cream; legs munsell 5Y 2.5/1 (black); stomach saved; light fat; no molt; R testis not found; upper and lower bill askew","","PA.Bedford","Central",40.23369,-78.66564,NA
"608626","o",0.0638893919365085,0.0349674951165021,0.0613144983713408,0.0379274373944919,0.0659058539250372,0.0354386195156278,0.0728831884478636,0.0266022610637062,0.0872095371612932,0.0205331377440504,0.0638893919365085,0.0349674951165021,27.429536498405,3383,"Setophaga caerulescens","16-Jun-93",16,"Jun",93,"Skyview Rd; 800m","Bedford","PA","GRG","CJD","T-1103","M","ASY","8x6",9.2,"partial",64.6,52,NA,NA,11.1,6.8,NA,NA,"blue",15.9,13.9,2,2,2,2,NA,"bill black; mouth lining cream; legs munsell 5Y 2.5/1 (black); stomach saved; light fat; no molt; R testis not found; upper and lower bill askew","","PA.Bedford","Central",40.23369,-78.66564,NA
"608626","t",0.0422225601791828,0.0102070335343865,0.0369465954817173,0.0111291830279806,0.0442156873219502,0.0110084186422914,0.0566572169317115,0.0106797092850888,0.0590903185195835,0.0117778198983043,0.0422225601791828,0.0102070335343865,90.0754362919872,3383,"Setophaga caerulescens","16-Jun-93",16,"Jun",93,"Skyview Rd; 800m","Bedford","PA","GRG","CJD","T-1103","M","ASY","8x6",9.2,"partial",64.6,52,NA,NA,11.1,6.8,NA,NA,"blue",15.9,13.9,2,2,2,2,NA,"bill black; mouth lining cream; legs munsell 5Y 2.5/1 (black); stomach saved; light fat; no molt; R testis not found; upper and lower bill askew","","PA.Bedford","Central",40.23369,-78.66564,NA
"608626","w",0.476970594236927,0.129998174683323,0.486697322812432,0.135565306458223,0.483298364929778,0.132426714994991,0.401723574811282,0.0983771065708272,0.478790059140529,0.107282081617517,0.476970594236927,0.129998174683323,57.0155751548133,3383,"Setophaga caerulescens","16-Jun-93",16,"Jun",93,"Skyview Rd; 800m","Bedford","PA","GRG","CJD","T-1103","M","ASY","8x6",9.2,"partial",64.6,52,NA,NA,11.1,6.8,NA,NA,"blue",15.9,13.9,2,2,2,2,NA,"bill black; mouth lining cream; legs munsell 5Y 2.5/1 (black); stomach saved; light fat; no molt; R testis not found; upper and lower bill askew","","PA.Bedford","Central",40.23369,-78.66564,NA
"608628","c",0.0738614217544532,0.0226274704263122,0.059850040541209,0.0187793694274938,0.0776814298190614,0.0230023965988307,0.0932924753411837,0.0286156921796024,0.146344694546541,0.0441250420528803,0.0738614217544532,0.0226274704263122,73.3495965471946,3386,"Setophaga caerulescens","17-Jun-93",17,"Jun",93,"Road T614 at Lincoln/West St. Clair Township line; 670m","Bedford","PA","GRG","JPD","T-1106","M","SY","7x5, 5x5",8.95,"partial",62.8,47.8,3,4.1,10.9,6.7,NA,NA,"green",9,10,2,2,2,2,NA,"bill black; mouth lining center cream, edge ivory; legs munsell 2.5Y 3/2 (very dark grayish brown); stomach saved; very light fat; no molt","","PA.Bedford","Central",40.22306,-78.66237,18.64
"608628","m",0.0730917295414039,0.0206706053538285,0.0653168789268898,0.0201637254014494,0.07581295903177,0.0229258847351417,0.0879152503875012,0.0196064757585973,0.114604053245533,0.0204727745676516,0.0730917295414039,0.0206706053538285,25.9690998936636,3386,"Setophaga caerulescens","17-Jun-93",17,"Jun",93,"Road T614 at Lincoln/West St. Clair Township line; 670m","Bedford","PA","GRG","JPD","T-1106","M","SY","7x5, 5x5",8.95,"partial",62.8,47.8,3,4.1,10.9,6.7,NA,NA,"green",9,10,2,2,2,2,NA,"bill black; mouth lining center cream, edge ivory; legs munsell 2.5Y 3/2 (very dark grayish brown); stomach saved; very light fat; no molt","","PA.Bedford","Central",40.22306,-78.66237,18.64
"608628","o",0.0953294199315415,0.0563880088321325,0.0991922545421898,0.0602725518266551,0.0980107744940565,0.0574040359399222,0.0888688555100771,0.0436755702243598,0.108341043786482,0.0216230442967084,0.0953294199315415,0.0563880088321325,16.434603115031,3386,"Setophaga caerulescens","17-Jun-93",17,"Jun",93,"Road T614 at Lincoln/West St. Clair Township line; 670m","Bedford","PA","GRG","JPD","T-1106","M","SY","7x5, 5x5",8.95,"partial",62.8,47.8,3,4.1,10.9,6.7,NA,NA,"green",9,10,2,2,2,2,NA,"bill black; mouth lining center cream, edge ivory; legs munsell 2.5Y 3/2 (very dark grayish brown); stomach saved; very light fat; no molt","","PA.Bedford","Central",40.22306,-78.66237,18.64
"608628","t",0.0374913106002915,0.00427090806995204,0.031414688997564,0.00532533637934787,0.0396744392826126,0.00596013011991349,0.0530254994994972,0.00879475791827176,0.0577040229500557,0.00478981206354321,0.0374913106002915,0.00427090806995204,76.6747982735973,3386,"Setophaga caerulescens","17-Jun-93",17,"Jun",93,"Road T614 at Lincoln/West St. Clair Township line; 670m","Bedford","PA","GRG","JPD","T-1106","M","SY","7x5, 5x5",8.95,"partial",62.8,47.8,3,4.1,10.9,6.7,NA,NA,"green",9,10,2,2,2,2,NA,"bill black; mouth lining center cream, edge ivory; legs munsell 2.5Y 3/2 (very dark grayish brown); stomach saved; very light fat; no molt","","PA.Bedford","Central",40.22306,-78.66237,18.64
"608628","w",0.396491543781671,0.13460257639153,0.401913480534875,0.135939942271934,0.400660373011914,0.136128960471323,0.346055845350727,0.112919935864287,0.436647384743907,0.110507311408079,0.396491543781671,0.13460257639153,18.0784387314693,3386,"Setophaga caerulescens","17-Jun-93",17,"Jun",93,"Road T614 at Lincoln/West St. Clair Township line; 670m","Bedford","PA","GRG","JPD","T-1106","M","SY","7x5, 5x5",8.95,"partial",62.8,47.8,3,4.1,10.9,6.7,NA,NA,"green",9,10,2,2,2,2,NA,"bill black; mouth lining center cream, edge ivory; legs munsell 2.5Y 3/2 (very dark grayish brown); stomach saved; very light fat; no molt","","PA.Bedford","Central",40.22306,-78.66237,18.64
"608629","c",0.0726116712334041,0.028564078048991,0.059600691846274,0.0259550274838934,0.0762005821378385,0.0308169783218334,0.0912364598802754,0.0295509351830212,0.139752603773,0.0483950122148424,0.0726116712334041,0.028564078048991,92.5764683805592,3387,"Setophaga caerulescens","17-Jun-93",17,"Jun",93,"1.5mi N Skyview Rd on Dirt Road to State Game Lands No.26; 800m","Bedford","PA","GRG","CJD","T-1107","M","ASY","7x5, 6x5",9.3,"partial",63.9,52.8,2.8,3.9,10.2,7,NA,NA,"blue",18.4,17.8,2,2,2,2,NA,"bill black; mouth lining cream; legs munsell 5Y 2.5/1 (black); stomach saved","","PA.Bedford","Central",40.24508,-78.68679,NA
"608629","m",0.0561478687793883,0.0122465544963902,0.0491979747862006,0.0103385329237967,0.0580546058066528,0.0136754019104167,0.0732851191410259,0.0170211981417777,0.091489380675072,0.0144340192568382,0.0561478687793883,0.0122465544963902,26.0183899418277,3387,"Setophaga caerulescens","17-Jun-93",17,"Jun",93,"1.5mi N Skyview Rd on Dirt Road to State Game Lands No.26; 800m","Bedford","PA","GRG","CJD","T-1107","M","ASY","7x5, 6x5",9.3,"partial",63.9,52.8,2.8,3.9,10.2,7,NA,NA,"blue",18.4,17.8,2,2,2,2,NA,"bill black; mouth lining cream; legs munsell 5Y 2.5/1 (black); stomach saved","","PA.Bedford","Central",40.24508,-78.68679,NA
"608629","o",0.0658169357715819,0.0164687750738011,0.0632292376703991,0.0196998906679957,0.0677957896994675,0.0169153729008388,0.0747721211025931,0.0124254350639728,0.0946289187312045,0.0158025360970034,0.0658169357715819,0.0164687750738011,17.6333270782511,3387,"Setophaga caerulescens","17-Jun-93",17,"Jun",93,"1.5mi N Skyview Rd on Dirt Road to State Game Lands No.26; 800m","Bedford","PA","GRG","CJD","T-1107","M","ASY","7x5, 6x5",9.3,"partial",63.9,52.8,2.8,3.9,10.2,7,NA,NA,"blue",18.4,17.8,2,2,2,2,NA,"bill black; mouth lining cream; legs munsell 5Y 2.5/1 (black); stomach saved","","PA.Bedford","Central",40.24508,-78.68679,NA
"608629","t",0.0426203124031304,0.00687615128827553,0.0374499515512234,0.00823276257836801,0.0447619992905298,0.00792207704153498,0.0564485102395038,0.00887360489645969,0.0619167692782504,0.00741743989789887,0.0426203124031304,0.00687615128827553,162.934884593732,3387,"Setophaga caerulescens","17-Jun-93",17,"Jun",93,"1.5mi N Skyview Rd on Dirt Road to State Game Lands No.26; 800m","Bedford","PA","GRG","CJD","T-1107","M","ASY","7x5, 6x5",9.3,"partial",63.9,52.8,2.8,3.9,10.2,7,NA,NA,"blue",18.4,17.8,2,2,2,2,NA,"bill black; mouth lining cream; legs munsell 5Y 2.5/1 (black); stomach saved","","PA.Bedford","Central",40.24508,-78.68679,NA
"608629","w",0.473907713098344,0.152529955277493,0.482144720679934,0.160261517614681,0.481077512203489,0.15623366391059,0.398673107074711,0.112331505298391,0.447885628984272,0.104182737881684,0.473907713098344,0.152529955277493,54.5408144117095,3387,"Setophaga caerulescens","17-Jun-93",17,"Jun",93,"1.5mi N Skyview Rd on Dirt Road to State Game Lands No.26; 800m","Bedford","PA","GRG","CJD","T-1107","M","ASY","7x5, 6x5",9.3,"partial",63.9,52.8,2.8,3.9,10.2,7,NA,NA,"blue",18.4,17.8,2,2,2,2,NA,"bill black; mouth lining cream; legs munsell 5Y 2.5/1 (black); stomach saved","","PA.Bedford","Central",40.24508,-78.68679,NA
"608630","c",0.0788738892042942,0.0288503392672424,0.0637246105211757,0.0269347703473725,0.0827265130881663,0.031363166450653,0.099798305361788,0.0285440558936925,0.164092128140389,0.0529056214996748,0.0788738892042942,0.0288503392672424,56.7656220679302,3388,"Setophaga caerulescens","17-Jun-93",17,"Jun",93,"2.5mi N Skyview Rd on Dirt Road to State Game Lands No.26; 700m","Bedford","PA","GRG","JPD","T-1108","M","ASY","6.5x5 6.5x5.5",9.2,"partial",63.1,49.9,3.2,4.1,10.3,6.9,NA,NA,"blue",20.3,16.6,2,2,2,2,NA,"bill black; mouth lining black; legs munsell 2.5Y 3/2 (very dark grayish brown); very light fat; stomach saved; no molt","","PA.Bedford","Central",40.24508,-78.68679,17.44
"608630","m",0.059006222633393,0.0182264995586926,0.0487634599575745,0.0165666478974363,0.0609007267115938,0.0205557961272443,0.081317503896735,0.0216865166790856,0.106899551039793,0.0230687961960204,0.059006222633393,0.0182264995586926,26.0631763307688,3388,"Setophaga caerulescens","17-Jun-93",17,"Jun",93,"2.5mi N Skyview Rd on Dirt Road to State Game Lands No.26; 700m","Bedford","PA","GRG","JPD","T-1108","M","ASY","6.5x5 6.5x5.5",9.2,"partial",63.1,49.9,3.2,4.1,10.3,6.9,NA,NA,"blue",20.3,16.6,2,2,2,2,NA,"bill black; mouth lining black; legs munsell 2.5Y 3/2 (very dark grayish brown); very light fat; stomach saved; no molt","","PA.Bedford","Central",40.24508,-78.68679,17.44
"608630","o",0.0654259850685792,0.015086461723161,0.0583414102612549,0.0127485529059164,0.0674774726672356,0.0154729235898005,0.0816471220617163,0.0208443867701009,0.106224733456906,0.027122234991622,0.0654259850685792,0.015086461723161,50.1474948395571,3388,"Setophaga caerulescens","17-Jun-93",17,"Jun",93,"2.5mi N Skyview Rd on Dirt Road to State Game Lands No.26; 700m","Bedford","PA","GRG","JPD","T-1108","M","ASY","6.5x5 6.5x5.5",9.2,"partial",63.1,49.9,3.2,4.1,10.3,6.9,NA,NA,"blue",20.3,16.6,2,2,2,2,NA,"bill black; mouth lining black; legs munsell 2.5Y 3/2 (very dark grayish brown); very light fat; stomach saved; no molt","","PA.Bedford","Central",40.24508,-78.68679,17.44
"608630","t",0.0462387958344799,0.00834976646612594,0.0409083869983927,0.00961531200387651,0.0479847825533845,0.00968067645055187,0.0615146993467109,0.0108436873977689,0.0696219082042637,0.00995303970622493,0.0462387958344799,0.00834976646612594,110.46950647401,3388,"Setophaga caerulescens","17-Jun-93",17,"Jun",93,"2.5mi N Skyview Rd on Dirt Road to State Game Lands No.26; 700m","Bedford","PA","GRG","JPD","T-1108","M","ASY","6.5x5 6.5x5.5",9.2,"partial",63.1,49.9,3.2,4.1,10.3,6.9,NA,NA,"blue",20.3,16.6,2,2,2,2,NA,"bill black; mouth lining black; legs munsell 2.5Y 3/2 (very dark grayish brown); very light fat; stomach saved; no molt","","PA.Bedford","Central",40.24508,-78.68679,17.44
"608630","w",0.506280381349546,0.124646216059438,0.516754406590129,0.131099108402579,0.513115898058546,0.127324328677764,0.424971199957469,0.0933101824306623,0.476992717907799,0.0915411785084825,0.506280381349546,0.124646216059438,44.7333458434978,3388,"Setophaga caerulescens","17-Jun-93",17,"Jun",93,"2.5mi N Skyview Rd on Dirt Road to State Game Lands No.26; 700m","Bedford","PA","GRG","JPD","T-1108","M","ASY","6.5x5 6.5x5.5",9.2,"partial",63.1,49.9,3.2,4.1,10.3,6.9,NA,NA,"blue",20.3,16.6,2,2,2,2,NA,"bill black; mouth lining black; legs munsell 2.5Y 3/2 (very dark grayish brown); very light fat; stomach saved; no molt","","PA.Bedford","Central",40.24508,-78.68679,17.44
"608631","c",0.087909541553894,0.0330482493401963,0.0718195566933768,0.0260285373921782,0.091890802891051,0.0360924162793403,0.109007565268389,0.0392188561122165,0.179262171029348,0.0481784583824667,0.087909541553894,0.0330482493401963,73.9110527303434,3389,"Setophaga caerulescens","17-Jun-93",17,"Jun",93,"Switch-back Trail on Slopes above Skyview Road and Township Rd T614; 750m (740m770m)","Bedford","PA","GRG","JPD","T-1109","M","ASY","8.5x6.5, 6.5x5.5",10.2,"partial",65.7,50.3,2.9,3.9,10.9,6.9,NA,NA,"blue",12.6,10.4,2,2,2,2,NA,"bill black; mouth lining black; legs munsell 5Y 3/1 (very dark gray); light fat; stomach saved; no molt; 1/2 tail missing; skin washed in ivory snow soap","","PA.Bedford","Central",40.22304,-78.66463,20.13
"608631","m",0.0691621030486495,0.0105246022904316,0.0600603801363201,0.00928192626062956,0.0718539020170346,0.0120656646040015,0.0866962606533985,0.0161294933030009,0.111404103232174,0.0134076013741541,0.0691621030486495,0.0105246022904316,24.555951710765,3389,"Setophaga caerulescens","17-Jun-93",17,"Jun",93,"Switch-back Trail on Slopes above Skyview Road and Township Rd T614; 750m (740m770m)","Bedford","PA","GRG","JPD","T-1109","M","ASY","8.5x6.5, 6.5x5.5",10.2,"partial",65.7,50.3,2.9,3.9,10.9,6.9,NA,NA,"blue",12.6,10.4,2,2,2,2,NA,"bill black; mouth lining black; legs munsell 5Y 3/1 (very dark gray); light fat; stomach saved; no molt; 1/2 tail missing; skin washed in ivory snow soap","","PA.Bedford","Central",40.22304,-78.66463,20.13
"608631","o",0.062835221689316,0.0186652333966085,0.0594336290133023,0.0205654725624786,0.0645590714888461,0.0201033497205227,0.0742372299892646,0.0183069550697715,0.0927923706373473,0.0197526238501711,0.062835221689316,0.0186652333966085,15.072996809908,3389,"Setophaga caerulescens","17-Jun-93",17,"Jun",93,"Switch-back Trail on Slopes above Skyview Road and Township Rd T614; 750m (740m770m)","Bedford","PA","GRG","JPD","T-1109","M","ASY","8.5x6.5, 6.5x5.5",10.2,"partial",65.7,50.3,2.9,3.9,10.9,6.9,NA,NA,"blue",12.6,10.4,2,2,2,2,NA,"bill black; mouth lining black; legs munsell 5Y 3/1 (very dark gray); light fat; stomach saved; no molt; 1/2 tail missing; skin washed in ivory snow soap","","PA.Bedford","Central",40.22304,-78.66463,20.13
"608631","t",0.039315977576446,0.00606424031532677,0.0334381983957942,0.0065028798929359,0.0417584055317046,0.00736709886934782,0.0534160563943222,0.00882861534590377,0.0567254871354036,0.00733097761865056,0.039315977576446,0.00606424031532677,114.157252767874,3389,"Setophaga caerulescens","17-Jun-93",17,"Jun",93,"Switch-back Trail on Slopes above Skyview Road and Township Rd T614; 750m (740m770m)","Bedford","PA","GRG","JPD","T-1109","M","ASY","8.5x6.5, 6.5x5.5",10.2,"partial",65.7,50.3,2.9,3.9,10.9,6.9,NA,NA,"blue",12.6,10.4,2,2,2,2,NA,"bill black; mouth lining black; legs munsell 5Y 3/1 (very dark gray); light fat; stomach saved; no molt; 1/2 tail missing; skin washed in ivory snow soap","","PA.Bedford","Central",40.22304,-78.66463,20.13
"608631","w",0.389373239134222,0.117185056886312,0.392916187080587,0.119066045458124,0.3926798885078,0.119633097254034,0.344684302915028,0.10045591592981,0.395750416263499,0.104019900581821,0.389373239134222,0.117185056886312,25.725652092325,3389,"Setophaga caerulescens","17-Jun-93",17,"Jun",93,"Switch-back Trail on Slopes above Skyview Road and Township Rd T614; 750m (740m770m)","Bedford","PA","GRG","JPD","T-1109","M","ASY","8.5x6.5, 6.5x5.5",10.2,"partial",65.7,50.3,2.9,3.9,10.9,6.9,NA,NA,"blue",12.6,10.4,2,2,2,2,NA,"bill black; mouth lining black; legs munsell 5Y 3/1 (very dark gray); light fat; stomach saved; no molt; 1/2 tail missing; skin washed in ivory snow soap","","PA.Bedford","Central",40.22304,-78.66463,20.13
"608641","c",0.0778364128104733,0.02399741700157,0.0626530019965556,0.0234955208736056,0.0809991782467767,0.0244987007088559,0.101530214123918,0.0279939267907842,0.155442328977519,0.061431657178647,0.0778364128104733,0.02399741700157,61.1446800525427,3399,"Setophaga caerulescens","18-Jun-93",18,"Jun",93,"Old Tyrone Pike, 0.6mi N Mountain Road above Bright Run; 560m","Centre","PA","GRG","JPD","T-1119","M","ASY",NA,9.35,"partial",61.7,53.7,3.1,3.7,9.5,6.6,NA,NA,"blue",13.7,13.7,2,2,2,2,NA,"bill black; mouth lining black; legs Munsell 5Y 3/2 (very dark grayish brown); light fat; no molt; stomach saved; testes ruptured, not measured","","PA.Centre","Central",40.761,-78.204,18.57
"608641","m",0.0727031058278612,0.00654707548805285,0.0658649547641035,0.00663744047963024,0.0745345585514583,0.00741389640058875,0.0888605145987701,0.00985445718371193,0.108436651809765,0.00960215442129474,0.0727031058278612,0.00654707548805285,24.8639519609683,3399,"Setophaga caerulescens","18-Jun-93",18,"Jun",93,"Old Tyrone Pike, 0.6mi N Mountain Road above Bright Run; 560m","Centre","PA","GRG","JPD","T-1119","M","ASY",NA,9.35,"partial",61.7,53.7,3.1,3.7,9.5,6.6,NA,NA,"blue",13.7,13.7,2,2,2,2,NA,"bill black; mouth lining black; legs Munsell 5Y 3/2 (very dark grayish brown); light fat; no molt; stomach saved; testes ruptured, not measured","","PA.Centre","Central",40.761,-78.204,18.57
"608641","o",0.0671510918271498,0.0113405030251573,0.0657287501382389,0.0139875400937719,0.0682699185728551,0.011679313510899,0.077172089388929,0.0107936328585446,0.0874040410611256,0.00891685260842763,0.0671510918271498,0.0113405030251573,6.63764308500657,3399,"Setophaga caerulescens","18-Jun-93",18,"Jun",93,"Old Tyrone Pike, 0.6mi N Mountain Road above Bright Run; 560m","Centre","PA","GRG","JPD","T-1119","M","ASY",NA,9.35,"partial",61.7,53.7,3.1,3.7,9.5,6.6,NA,NA,"blue",13.7,13.7,2,2,2,2,NA,"bill black; mouth lining black; legs Munsell 5Y 3/2 (very dark grayish brown); light fat; no molt; stomach saved; testes ruptured, not measured","","PA.Centre","Central",40.761,-78.204,18.57
"608641","t",0.0458296732635493,0.00667706566265288,0.0410927982078974,0.00767054797188592,0.0473988518576858,0.00803940906073826,0.0605275989934367,0.0105370182835964,0.0597335707567359,0.00772250927216787,0.0458296732635493,0.00667706566265288,90.7862638393695,3399,"Setophaga caerulescens","18-Jun-93",18,"Jun",93,"Old Tyrone Pike, 0.6mi N Mountain Road above Bright Run; 560m","Centre","PA","GRG","JPD","T-1119","M","ASY",NA,9.35,"partial",61.7,53.7,3.1,3.7,9.5,6.6,NA,NA,"blue",13.7,13.7,2,2,2,2,NA,"bill black; mouth lining black; legs Munsell 5Y 3/2 (very dark grayish brown); light fat; no molt; stomach saved; testes ruptured, not measured","","PA.Centre","Central",40.761,-78.204,18.57
"608641","w",0.450446725770682,0.117997335660926,0.463259076624672,0.125088095357243,0.454106925363725,0.119828555478062,0.384431788514914,0.0928430822963362,0.407309222608711,0.0928322494172893,0.450446725770682,0.117997335660926,24.9022330643648,3399,"Setophaga caerulescens","18-Jun-93",18,"Jun",93,"Old Tyrone Pike, 0.6mi N Mountain Road above Bright Run; 560m","Centre","PA","GRG","JPD","T-1119","M","ASY",NA,9.35,"partial",61.7,53.7,3.1,3.7,9.5,6.6,NA,NA,"blue",13.7,13.7,2,2,2,2,NA,"bill black; mouth lining black; legs Munsell 5Y 3/2 (very dark grayish brown); light fat; no molt; stomach saved; testes ruptured, not measured","","PA.Centre","Central",40.761,-78.204,18.57
"608642","c",0.0710024259726426,0.0188676414333853,0.0552397408877562,0.0194507699714515,0.0740788390360268,0.0196511868895216,0.0959923961173872,0.0233408642743231,0.165173933329457,0.0564637532485867,0.0710024259726426,0.0188676414333853,60.8264214674423,3400,"Setophaga caerulescens","18-Jun-93",18,"Jun",93,"Old Tyrone Pike, 0.6mi N Mountain Road above Bright Run; 560m","Centre","PA","GRG","JPD","T-1120","M","ASY","6.5x5, 5x5",9.8,"partial",63.6,51.8,3.2,4.1,11.5,6.8,NA,NA,"blue",12.8,15.5,2,2,3,2,NA,"bill black; mouth lining black; legs Munsell 5Y 2.5/2 (black); light fat; no molt; stomach saved; testes both mushy","","PA.Centre","Central",40.761,-78.204,19.09
"608642","m",0.0595138166957427,0.0104050724872031,0.0534082503189369,0.00932860009118004,0.0605411524212069,0.0117932391140645,0.078202419529834,0.0163668794556851,0.0929908556653005,0.0163567433142045,0.0595138166957427,0.0104050724872031,25.137924563708,3400,"Setophaga caerulescens","18-Jun-93",18,"Jun",93,"Old Tyrone Pike, 0.6mi N Mountain Road above Bright Run; 560m","Centre","PA","GRG","JPD","T-1120","M","ASY","6.5x5, 5x5",9.8,"partial",63.6,51.8,3.2,4.1,11.5,6.8,NA,NA,"blue",12.8,15.5,2,2,3,2,NA,"bill black; mouth lining black; legs Munsell 5Y 2.5/2 (black); light fat; no molt; stomach saved; testes both mushy","","PA.Centre","Central",40.761,-78.204,19.09
"608642","o",0.106915216308369,0.0255639949658279,0.11184678414017,0.0291645433424201,0.10815673144773,0.0262904105750657,0.102858243201548,0.0196765812872956,0.125084953282412,0.0157103689713467,0.106915216308369,0.0255639949658279,3.38224807656221,3400,"Setophaga caerulescens","18-Jun-93",18,"Jun",93,"Old Tyrone Pike, 0.6mi N Mountain Road above Bright Run; 560m","Centre","PA","GRG","JPD","T-1120","M","ASY","6.5x5, 5x5",9.8,"partial",63.6,51.8,3.2,4.1,11.5,6.8,NA,NA,"blue",12.8,15.5,2,2,3,2,NA,"bill black; mouth lining black; legs Munsell 5Y 2.5/2 (black); light fat; no molt; stomach saved; testes both mushy","","PA.Centre","Central",40.761,-78.204,19.09
"608642","t",0.0416466105095065,0.00521939046046321,0.0359295856969825,0.0060801508011139,0.0431655211596096,0.00656700120043723,0.0584633136820652,0.00940048149728273,0.0575769568603438,0.0062780336138337,0.0416466105095065,0.00521939046046321,73.5642709701633,3400,"Setophaga caerulescens","18-Jun-93",18,"Jun",93,"Old Tyrone Pike, 0.6mi N Mountain Road above Bright Run; 560m","Centre","PA","GRG","JPD","T-1120","M","ASY","6.5x5, 5x5",9.8,"partial",63.6,51.8,3.2,4.1,11.5,6.8,NA,NA,"blue",12.8,15.5,2,2,3,2,NA,"bill black; mouth lining black; legs Munsell 5Y 2.5/2 (black); light fat; no molt; stomach saved; testes both mushy","","PA.Centre","Central",40.761,-78.204,19.09
"608642","w",0.430798796383209,0.141989276937784,0.43787401952267,0.146765894777526,0.431405815921757,0.14235451104498,0.379402023117881,0.11469470069785,0.455637525873743,0.115725130680631,0.430798796383209,0.141989276937784,47.2306248827172,3400,"Setophaga caerulescens","18-Jun-93",18,"Jun",93,"Old Tyrone Pike, 0.6mi N Mountain Road above Bright Run; 560m","Centre","PA","GRG","JPD","T-1120","M","ASY","6.5x5, 5x5",9.8,"partial",63.6,51.8,3.2,4.1,11.5,6.8,NA,NA,"blue",12.8,15.5,2,2,3,2,NA,"bill black; mouth lining black; legs Munsell 5Y 2.5/2 (black); light fat; no molt; stomach saved; testes both mushy","","PA.Centre","Central",40.761,-78.204,19.09
"608648","c",0.0640190481991976,0.0307142453253287,0.0495686426245496,0.0306250557177742,0.0692227147595543,0.0326284518614013,0.0799075193943798,0.0285589887378546,0.1212311319839,0.0486485002565408,0.0640190481991976,0.0307142453253287,53.7654344154626,3406,"Setophaga caerulescens","18-Jun-93",18,"Jun",93,"Old Tyrone Pike, 0.95mi N Mountain Road above Bright Run; 610m","Centre","PA","GRG","CJD","T-1126","M","ASY","6x5, 5x5",9.8,"partial",64.2,55.4,3,4.1,10.1,6.9,NA,NA,"blue",13.6,16.5,2,2,3,2,NA,"bill black; mouth lining black; legs Munsell 5Y 2.5/1 (black); moderate fat; no molt; stomach saved; L testis flat","","PA.Centre","Central",40.764,-78.198,19.07
"608648","m",0.0554973238427956,0.0140957879512335,0.0498587309691346,0.012822480113256,0.0569541493850605,0.0159227362190542,0.0725158735247959,0.0190292761220411,0.0850538419798595,0.0171103606336947,0.0554973238427956,0.0140957879512335,25.4123975730281,3406,"Setophaga caerulescens","18-Jun-93",18,"Jun",93,"Old Tyrone Pike, 0.95mi N Mountain Road above Bright Run; 610m","Centre","PA","GRG","CJD","T-1126","M","ASY","6x5, 5x5",9.8,"partial",64.2,55.4,3,4.1,10.1,6.9,NA,NA,"blue",13.6,16.5,2,2,3,2,NA,"bill black; mouth lining black; legs Munsell 5Y 2.5/1 (black); moderate fat; no molt; stomach saved; L testis flat","","PA.Centre","Central",40.764,-78.198,19.07
"608648","o",0.0954088393852787,0.0351646497026422,0.0987881176344588,0.0410469601601263,0.0965792422212203,0.0356207963542648,0.0950371336922824,0.0238944189099033,0.107011110629019,0.0267344824696785,0.0954088393852787,0.0351646497026422,3.43178832801651,3406,"Setophaga caerulescens","18-Jun-93",18,"Jun",93,"Old Tyrone Pike, 0.95mi N Mountain Road above Bright Run; 610m","Centre","PA","GRG","CJD","T-1126","M","ASY","6x5, 5x5",9.8,"partial",64.2,55.4,3,4.1,10.1,6.9,NA,NA,"blue",13.6,16.5,2,2,3,2,NA,"bill black; mouth lining black; legs Munsell 5Y 2.5/1 (black); moderate fat; no molt; stomach saved; L testis flat","","PA.Centre","Central",40.764,-78.198,19.07
"608648","t",0.0436814685763378,0.00527687857094551,0.0392194452482662,0.006283572926817,0.0453413903598804,0.00661937457027173,0.0579857337332231,0.00895718582137649,0.0587280857708254,0.00561612834395532,0.0436814685763378,0.00527687857094551,114.496528429349,3406,"Setophaga caerulescens","18-Jun-93",18,"Jun",93,"Old Tyrone Pike, 0.95mi N Mountain Road above Bright Run; 610m","Centre","PA","GRG","CJD","T-1126","M","ASY","6x5, 5x5",9.8,"partial",64.2,55.4,3,4.1,10.1,6.9,NA,NA,"blue",13.6,16.5,2,2,3,2,NA,"bill black; mouth lining black; legs Munsell 5Y 2.5/1 (black); moderate fat; no molt; stomach saved; L testis flat","","PA.Centre","Central",40.764,-78.198,19.07
"608648","w",0.467571119661772,0.13684163454307,0.483666871688667,0.145012167190787,0.471413206664154,0.138869918827109,0.393482151251678,0.102095338081166,0.4160084483564,0.0897419513080693,0.467571119661772,0.13684163454307,39.8738975417527,3406,"Setophaga caerulescens","18-Jun-93",18,"Jun",93,"Old Tyrone Pike, 0.95mi N Mountain Road above Bright Run; 610m","Centre","PA","GRG","CJD","T-1126","M","ASY","6x5, 5x5",9.8,"partial",64.2,55.4,3,4.1,10.1,6.9,NA,NA,"blue",13.6,16.5,2,2,3,2,NA,"bill black; mouth lining black; legs Munsell 5Y 2.5/1 (black); moderate fat; no molt; stomach saved; L testis flat","","PA.Centre","Central",40.764,-78.198,19.07
"610037","c",0.0769301776270529,0.0267484059823696,0.0635842824495034,0.0220043453706767,0.0809426403146024,0.029140803569045,0.0943022958773086,0.0326535034007616,0.150258121081366,0.0440829632666733,0.0769301776270529,0.0267484059823696,45.8419966222556,3545,"Setophaga caerulescens","13-Jun-96",13,"Jun",96,"Santeetlah Creek, 4.85mi below Stratton Gap on Forest Service Road 81, Nantahala Nat'l Forest; 875m","Graham","NC","GRG","JPA","T-1265","M","ASY","6.5x6, 5x4.5",9.6,"partial",63.4,55.6,NA,NA,11,5.9,NA,NA,"blue",13.8,13.7,2,2,2,NA,NA,"mouth lining: slaty gray; legs Munsell 5Y 2.5/2; little fat; weight post-freezing; skull SCO","","NC.Graham","South",35.34761,-84.02686,18.3
"610037","m",0.0518264820237169,0.0137055772432632,0.0458994990653367,0.0137260709242644,0.0534531015334911,0.014690683757509,0.0688032083513511,0.0150321993955444,0.0817883786843898,0.0229128844971583,0.0518264820237169,0.0137055772432632,24.9550259585914,3545,"Setophaga caerulescens","13-Jun-96",13,"Jun",96,"Santeetlah Creek, 4.85mi below Stratton Gap on Forest Service Road 81, Nantahala Nat'l Forest; 875m","Graham","NC","GRG","JPA","T-1265","M","ASY","6.5x6, 5x4.5",9.6,"partial",63.4,55.6,NA,NA,11,5.9,NA,NA,"blue",13.8,13.7,2,2,2,NA,NA,"mouth lining: slaty gray; legs Munsell 5Y 2.5/2; little fat; weight post-freezing; skull SCO","","NC.Graham","South",35.34761,-84.02686,18.3
"610037","o",0.0578793543734054,0.0122885414023284,0.0536519453559978,0.0130335631304823,0.0594007221514854,0.0126180619390793,0.0717573476829347,0.0126608795182375,0.0859243763454356,0.0136868327911578,0.0578793543734054,0.0122885414023284,7.86413961343592,3545,"Setophaga caerulescens","13-Jun-96",13,"Jun",96,"Santeetlah Creek, 4.85mi below Stratton Gap on Forest Service Road 81, Nantahala Nat'l Forest; 875m","Graham","NC","GRG","JPA","T-1265","M","ASY","6.5x6, 5x4.5",9.6,"partial",63.4,55.6,NA,NA,11,5.9,NA,NA,"blue",13.8,13.7,2,2,2,NA,NA,"mouth lining: slaty gray; legs Munsell 5Y 2.5/2; little fat; weight post-freezing; skull SCO","","NC.Graham","South",35.34761,-84.02686,18.3
"610037","w",0.380162702916636,0.129963033994016,0.377058381544176,0.124544860860699,0.380321004160056,0.129655323402113,0.352195022731462,0.120644223586228,0.448533952053306,0.143978793703904,0.380162702916636,0.129963033994016,36.0930756239445,3545,"Setophaga caerulescens","13-Jun-96",13,"Jun",96,"Santeetlah Creek, 4.85mi below Stratton Gap on Forest Service Road 81, Nantahala Nat'l Forest; 875m","Graham","NC","GRG","JPA","T-1265","M","ASY","6.5x6, 5x4.5",9.6,"partial",63.4,55.6,NA,NA,11,5.9,NA,NA,"blue",13.8,13.7,2,2,2,NA,NA,"mouth lining: slaty gray; legs Munsell 5Y 2.5/2; little fat; weight post-freezing; skull SCO","","NC.Graham","South",35.34761,-84.02686,18.3
"610045","c",0.0734109834283525,0.0253759234411787,0.0599668728804756,0.0232715083085209,0.0769863291106657,0.0277031780579229,0.0926323321758403,0.0266668852133099,0.14809578701373,0.0457813916156042,0.0734109834283525,0.0253759234411787,62.596359542128,3553,"Setophaga caerulescens","14-Jun-96",14,"Jun",96,"Santeetlah Creek, 3.7mi below Stratton Gap on Forest Service Road 81, Nantahala Nat'l Forest; 1010m","Graham","NC","GRG","CMM","T-1273","M","ASY",NA,9.1,"partial",63,53.4,3,4,10.4,6.6,NA,NA,"blue",17.9,20.6,2,2,2,2,NA,"mouth lining: slaty; legs Munsell 5Y 3/2; little fat; no molt; weight post-freezing; seminal vesicles 4x4mm; testes not found","","NC.Graham","South",35.34761,-84.02686,18.91
"610045","m",0.0558058824686898,0.00997254380545785,0.0497020281558392,0.00982752324951295,0.0572997250800828,0.0116780890689668,0.0733167917280135,0.0150820974740292,0.0908444638710855,0.0149145130118296,0.0558058824686898,0.00997254380545785,25.1844623756802,3553,"Setophaga caerulescens","14-Jun-96",14,"Jun",96,"Santeetlah Creek, 3.7mi below Stratton Gap on Forest Service Road 81, Nantahala Nat'l Forest; 1010m","Graham","NC","GRG","CMM","T-1273","M","ASY",NA,9.1,"partial",63,53.4,3,4,10.4,6.6,NA,NA,"blue",17.9,20.6,2,2,2,2,NA,"mouth lining: slaty; legs Munsell 5Y 3/2; little fat; no molt; weight post-freezing; seminal vesicles 4x4mm; testes not found","","NC.Graham","South",35.34761,-84.02686,18.91
"610045","o",0.0653922707041737,0.0177705221974101,0.0629158394556458,0.0199584282866384,0.0664790898705791,0.0181991406357336,0.0771481923136131,0.0152216541185985,0.0894562836178753,0.0143044984856532,0.0653922707041737,0.0177705221974101,7.66747982735973,3553,"Setophaga caerulescens","14-Jun-96",14,"Jun",96,"Santeetlah Creek, 3.7mi below Stratton Gap on Forest Service Road 81, Nantahala Nat'l Forest; 1010m","Graham","NC","GRG","CMM","T-1273","M","ASY",NA,9.1,"partial",63,53.4,3,4,10.4,6.6,NA,NA,"blue",17.9,20.6,2,2,2,2,NA,"mouth lining: slaty; legs Munsell 5Y 3/2; little fat; no molt; weight post-freezing; seminal vesicles 4x4mm; testes not found","","NC.Graham","South",35.34761,-84.02686,18.91
"610045","t",0.0398320921382946,0.010195339283151,0.0357502511000307,0.011233052190858,0.0417346728493908,0.0109150097028307,0.0526175239399506,0.0102823703585231,0.0550996387776054,0.00992712896514459,0.0398320921382946,0.010195339283151,131.503846875586,3553,"Setophaga caerulescens","14-Jun-96",14,"Jun",96,"Santeetlah Creek, 3.7mi below Stratton Gap on Forest Service Road 81, Nantahala Nat'l Forest; 1010m","Graham","NC","GRG","CMM","T-1273","M","ASY",NA,9.1,"partial",63,53.4,3,4,10.4,6.6,NA,NA,"blue",17.9,20.6,2,2,2,2,NA,"mouth lining: slaty; legs Munsell 5Y 3/2; little fat; no molt; weight post-freezing; seminal vesicles 4x4mm; testes not found","","NC.Graham","South",35.34761,-84.02686,18.91
"610045","w",0.527020566353839,0.127499227514769,0.53827352678618,0.133401833251154,0.531349782592746,0.129816209296349,0.444626795888408,0.0990802665109486,0.513146615421044,0.100515947188607,0.527020566353839,0.127499227514769,61.4486770501032,3553,"Setophaga caerulescens","14-Jun-96",14,"Jun",96,"Santeetlah Creek, 3.7mi below Stratton Gap on Forest Service Road 81, Nantahala Nat'l Forest; 1010m","Graham","NC","GRG","CMM","T-1273","M","ASY",NA,9.1,"partial",63,53.4,3,4,10.4,6.6,NA,NA,"blue",17.9,20.6,2,2,2,2,NA,"mouth lining: slaty; legs Munsell 5Y 3/2; little fat; no molt; weight post-freezing; seminal vesicles 4x4mm; testes not found","","NC.Graham","South",35.34761,-84.02686,18.91
"610049","c",0.0633018733684776,0.0259651987007066,0.0511674806668091,0.0216951665224202,0.0670725444725874,0.0285937990765781,0.0801905522180819,0.0299704135842492,0.129616841620435,0.0439320690817975,0.0633018733684776,0.0259651987007066,96.8947269656596,3557,"Setophaga caerulescens","14-Jun-96",14,"Jun",96,"Santeetlah Creek, 2.7mi below Stratton Gap on Forest Service Road 81, Nantahala Nat'l Forest; 1125m","Graham","NC","GRG","BKS","T-1277","M","ASY","7x6, 5x4",10,"partial",66.1,55.1,2.8,4.5,NA,NA,NA,NA,"blue",20,20.3,2,2,2,2,NA,"mouth lining: black; legs Munsell 5Y 2.5/2; trace fat; no molt; weight post-freezing; skull 100% pneumatized; seminal vesicles 4x4mm, tubules enlarged; tip of bill broken","","NC.Graham","South",35.34761,-84.02686,19.04
"610049","m",0.0432377649113301,0.00759833144831466,0.0383543134438521,0.00742933178909684,0.0443834250421233,0.00900511986373481,0.0604761348080288,0.0118198567213546,0.0709713818864136,0.0113101735435244,0.0432377649113301,0.00759833144831466,24.954525552011,3557,"Setophaga caerulescens","14-Jun-96",14,"Jun",96,"Santeetlah Creek, 2.7mi below Stratton Gap on Forest Service Road 81, Nantahala Nat'l Forest; 1125m","Graham","NC","GRG","BKS","T-1277","M","ASY","7x6, 5x4",10,"partial",66.1,55.1,2.8,4.5,NA,NA,NA,NA,"blue",20,20.3,2,2,2,2,NA,"mouth lining: black; legs Munsell 5Y 2.5/2; trace fat; no molt; weight post-freezing; skull 100% pneumatized; seminal vesicles 4x4mm, tubules enlarged; tip of bill broken","","NC.Graham","South",35.34761,-84.02686,19.04
"610049","o",0.0701116537191984,0.0217044518575461,0.0687713795078762,0.0245902553801792,0.0711132741472389,0.0223421850459783,0.0802335535491366,0.0181516115943421,0.0937904576777834,0.0148166955793946,0.0701116537191984,0.0217044518575461,4.86545318070933,3557,"Setophaga caerulescens","14-Jun-96",14,"Jun",96,"Santeetlah Creek, 2.7mi below Stratton Gap on Forest Service Road 81, Nantahala Nat'l Forest; 1125m","Graham","NC","GRG","BKS","T-1277","M","ASY","7x6, 5x4",10,"partial",66.1,55.1,2.8,4.5,NA,NA,NA,NA,"blue",20,20.3,2,2,2,2,NA,"mouth lining: black; legs Munsell 5Y 2.5/2; trace fat; no molt; weight post-freezing; skull 100% pneumatized; seminal vesicles 4x4mm, tubules enlarged; tip of bill broken","","NC.Graham","South",35.34761,-84.02686,19.04
"610049","t",0.0390157079495649,0.00900067944164108,0.0344262322660249,0.00989611960946562,0.0401845257176112,0.0102217603426491,0.0553095750682242,0.0117333979296268,0.0560427893076424,0.00767810423045972,0.0390157079495649,0.00900067944164108,134.775755301182,3557,"Setophaga caerulescens","14-Jun-96",14,"Jun",96,"Santeetlah Creek, 2.7mi below Stratton Gap on Forest Service Road 81, Nantahala Nat'l Forest; 1125m","Graham","NC","GRG","BKS","T-1277","M","ASY","7x6, 5x4",10,"partial",66.1,55.1,2.8,4.5,NA,NA,NA,NA,"blue",20,20.3,2,2,2,2,NA,"mouth lining: black; legs Munsell 5Y 2.5/2; trace fat; no molt; weight post-freezing; skull 100% pneumatized; seminal vesicles 4x4mm, tubules enlarged; tip of bill broken","","NC.Graham","South",35.34761,-84.02686,19.04
"610049","w",0.44846959815675,0.112075311810927,0.45579888459812,0.114419864000177,0.450636846461284,0.113144678975653,0.391038904119066,0.0948629167221832,0.447313486452111,0.111410042629049,0.44846959815675,0.112075311810927,53.5582660911991,3557,"Setophaga caerulescens","14-Jun-96",14,"Jun",96,"Santeetlah Creek, 2.7mi below Stratton Gap on Forest Service Road 81, Nantahala Nat'l Forest; 1125m","Graham","NC","GRG","BKS","T-1277","M","ASY","7x6, 5x4",10,"partial",66.1,55.1,2.8,4.5,NA,NA,NA,NA,"blue",20,20.3,2,2,2,2,NA,"mouth lining: black; legs Munsell 5Y 2.5/2; trace fat; no molt; weight post-freezing; skull 100% pneumatized; seminal vesicles 4x4mm, tubules enlarged; tip of bill broken","","NC.Graham","South",35.34761,-84.02686,19.04
"610052","c",0.0735923580561546,0.027794685417114,0.0616704565504268,0.0219576168945896,0.0776853941985879,0.0305959619338347,0.0889434459396342,0.0354147225012117,0.154789193946776,0.0473596458402269,0.0735923580561546,0.027794685417114,63.3499718521299,3560,"Setophaga caerulescens","15-Jun-96",15,"Jun",96,"Santeetlah Creek, 2.3mi below Stratton Gap on Forest Service Road 81, Nantahala Nat'l Forest; 1175m","Graham","NC","GRG","JPA","T-1280","M","SY","7x6, 4.5x6",9.4,"partial",63.2,54.6,NA,NA,NA,NA,NA,NA,"green",8.7,7.2,2,2,2,2,NA,"mouth lining: cream; legs Munsell 2.5Y 3/2; no fat; skull SCO; weight post-freezing; bill cracked at nares and lower bill misaligned with upper bill","","NC.Graham","South",35.34761,-84.02686,17.83
"610052","m",0.0648504687095573,0.015369548292677,0.0588548651015774,0.0118551213484975,0.0663555898017586,0.0175737888807468,0.0814977098149795,0.0218737970599157,0.103306536102331,0.0113002493823134,0.0648504687095573,0.015369548292677,24.6355163570401,3560,"Setophaga caerulescens","15-Jun-96",15,"Jun",96,"Santeetlah Creek, 2.3mi below Stratton Gap on Forest Service Road 81, Nantahala Nat'l Forest; 1175m","Graham","NC","GRG","JPA","T-1280","M","SY","7x6, 4.5x6",9.4,"partial",63.2,54.6,NA,NA,NA,NA,NA,NA,"green",8.7,7.2,2,2,2,2,NA,"mouth lining: cream; legs Munsell 2.5Y 3/2; no fat; skull SCO; weight post-freezing; bill cracked at nares and lower bill misaligned with upper bill","","NC.Graham","South",35.34761,-84.02686,17.83
"610052","o",0.0746744377766418,0.0140465526741663,0.0777272611506371,0.0166903658599275,0.075711331757546,0.0152310741743081,0.0767424679956535,0.0105927893624151,0.0961006717505,0.0119615378611498,0.0746744377766418,0.0140465526741663,4.93525989866767,3560,"Setophaga caerulescens","15-Jun-96",15,"Jun",96,"Santeetlah Creek, 2.3mi below Stratton Gap on Forest Service Road 81, Nantahala Nat'l Forest; 1175m","Graham","NC","GRG","JPA","T-1280","M","SY","7x6, 4.5x6",9.4,"partial",63.2,54.6,NA,NA,NA,NA,NA,NA,"green",8.7,7.2,2,2,2,2,NA,"mouth lining: cream; legs Munsell 2.5Y 3/2; no fat; skull SCO; weight post-freezing; bill cracked at nares and lower bill misaligned with upper bill","","NC.Graham","South",35.34761,-84.02686,17.83
"610052","t",0.0496325205197047,0.0157641291602721,0.0459642068355132,0.0170897199934836,0.0514726823735098,0.0168589716331798,0.0617806910474374,0.014869036170405,0.0682245354650036,0.0131922979107836,0.0496325205197047,0.0157641291602721,80.4803903171327,3560,"Setophaga caerulescens","15-Jun-96",15,"Jun",96,"Santeetlah Creek, 2.3mi below Stratton Gap on Forest Service Road 81, Nantahala Nat'l Forest; 1175m","Graham","NC","GRG","JPA","T-1280","M","SY","7x6, 4.5x6",9.4,"partial",63.2,54.6,NA,NA,NA,NA,NA,NA,"green",8.7,7.2,2,2,2,2,NA,"mouth lining: cream; legs Munsell 2.5Y 3/2; no fat; skull SCO; weight post-freezing; bill cracked at nares and lower bill misaligned with upper bill","","NC.Graham","South",35.34761,-84.02686,17.83
"610052","w",0.30053042461093,0.0925213335458,0.300569092141816,0.0914299072092615,0.302319442114706,0.0936329766697249,0.279170993276167,0.0825268048481677,0.360045630252355,0.102264021211784,0.30053042461093,0.0925213335458,11.5976731094014,3560,"Setophaga caerulescens","15-Jun-96",15,"Jun",96,"Santeetlah Creek, 2.3mi below Stratton Gap on Forest Service Road 81, Nantahala Nat'l Forest; 1175m","Graham","NC","GRG","JPA","T-1280","M","SY","7x6, 4.5x6",9.4,"partial",63.2,54.6,NA,NA,NA,NA,NA,NA,"green",8.7,7.2,2,2,2,2,NA,"mouth lining: cream; legs Munsell 2.5Y 3/2; no fat; skull SCO; weight post-freezing; bill cracked at nares and lower bill misaligned with upper bill","","NC.Graham","South",35.34761,-84.02686,17.83
"610062","c",0.0683893551471449,0.0204873577508028,0.0542312588181395,0.020339533080305,0.0721996174275551,0.0221133809692649,0.0885659403158641,0.0213984150117157,0.149384948885719,0.0434983905002883,0.0683893551471449,0.0204873577508028,91.4032651529368,3570,"Setophaga caerulescens","17-Jun-96",17,"Jun",96,"Stratton Gap, 0.`mi below, on Forest Service Road 81, Nantahala Nat'l Forest; 1310m ","Graham","NC","GRG","CJD","T-1290-a,b","M","ASY","6x5, 5x5",9.9,"partial",65.3,59.2,3.1,4.4,11.4,7.8,NA,NA,"blue",18.1,22.4,2,2,2,2,NA,"mouth lining: dark gray; legs Munsell 5Y 25./1; no fat; no molt; weight post-freezing","no overwing covert visible","NC.Graham","South",35.33751,-84.03101,18.69
"610062","m",0.0617347372080839,0.0163033708552325,0.0547124745653466,0.0131259251623511,0.063036560050321,0.0181876545044842,0.0809251656056106,0.0242395853772633,0.0999972162617989,0.0177665188591286,0.0617347372080839,0.0163033708552325,25.6958779007944,3570,"Setophaga caerulescens","17-Jun-96",17,"Jun",96,"Stratton Gap, 0.`mi below, on Forest Service Road 81, Nantahala Nat'l Forest; 1310m ","Graham","NC","GRG","CJD","T-1290-a,b","M","ASY","6x5, 5x5",9.9,"partial",65.3,59.2,3.1,4.4,11.4,7.8,NA,NA,"blue",18.1,22.4,2,2,2,2,NA,"mouth lining: dark gray; legs Munsell 5Y 25./1; no fat; no molt; weight post-freezing","no overwing covert visible","NC.Graham","South",35.33751,-84.03101,18.69
"610062","t",0.0355101317294489,0.00611922232628783,0.0308416828276583,0.00706056595707614,0.0369931977670322,0.00748508323866954,0.0510510023074779,0.00965034334296577,0.0543130784012667,0.00668333452522446,0.0355101317294489,0.00611922232628783,124.856445862263,3570,"Setophaga caerulescens","17-Jun-96",17,"Jun",96,"Stratton Gap, 0.`mi below, on Forest Service Road 81, Nantahala Nat'l Forest; 1310m ","Graham","NC","GRG","CJD","T-1290-a,b","M","ASY","6x5, 5x5",9.9,"partial",65.3,59.2,3.1,4.4,11.4,7.8,NA,NA,"blue",18.1,22.4,2,2,2,2,NA,"mouth lining: dark gray; legs Munsell 5Y 25./1; no fat; no molt; weight post-freezing","no overwing covert visible","NC.Graham","South",35.33751,-84.03101,18.69
"610062","w",0.457360454643032,0.147888772231603,0.461801571888918,0.153518517286407,0.460499140318472,0.149530591474154,0.398520990257652,0.115619532408534,0.46736419593415,0.119967860694277,0.457360454643032,0.147888772231603,65.7691874648152,3570,"Setophaga caerulescens","17-Jun-96",17,"Jun",96,"Stratton Gap, 0.`mi below, on Forest Service Road 81, Nantahala Nat'l Forest; 1310m ","Graham","NC","GRG","CJD","T-1290-a,b","M","ASY","6x5, 5x5",9.9,"partial",65.3,59.2,3.1,4.4,11.4,7.8,NA,NA,"blue",18.1,22.4,2,2,2,2,NA,"mouth lining: dark gray; legs Munsell 5Y 25./1; no fat; no molt; weight post-freezing","no overwing covert visible","NC.Graham","South",35.33751,-84.03101,18.69
"610065","c",0.115397190176006,0.021671299745231,0.107819555051439,0.018878616775036,0.118860503714559,0.023763542705318,0.123562420049295,0.0249659360276802,0.152859670045352,0.0405587898132414,0.115397190176006,0.021671299745231,17.5267404766373,3573,"Setophaga caerulescens","17-Jun-96",17,"Jun",96,"Stratton Gap, 0.4mi below, on Forest Service Road 81, Nantahala Nat'l Forest; 1315m ","Graham","NC","GRG","CMM","T-1293","M","SY",NA,8.8,"partial",68.7,54.7,3.1,3.9,11,7.6,NA,NA,"green",17.9,18,2,2,2,2,NA,"mouth lining: brownish black; legs Munsell 5Y 25./2; light fat; no molt; ossified skull; testes shot; weight post-freezing","","NC.Graham","South",35.33751,-84.03101,18.38
"610065","m",0.0598199350680885,0.0103102292276156,0.0548706968424645,0.0108965683138634,0.0613403636326994,0.0114627027082886,0.0749392282683407,0.0129092726166725,0.0945855093316014,0.0143944419472461,0.0598199350680885,0.0103102292276156,25.137924563708,3573,"Setophaga caerulescens","17-Jun-96",17,"Jun",96,"Stratton Gap, 0.4mi below, on Forest Service Road 81, Nantahala Nat'l Forest; 1315m ","Graham","NC","GRG","CMM","T-1293","M","SY",NA,8.8,"partial",68.7,54.7,3.1,3.9,11,7.6,NA,NA,"green",17.9,18,2,2,2,2,NA,"mouth lining: brownish black; legs Munsell 5Y 25./2; light fat; no molt; ossified skull; testes shot; weight post-freezing","","NC.Graham","South",35.33751,-84.03101,18.38
"610065","o",0.106786172624557,0.0258041537433358,0.113464579106027,0.0296693913505223,0.107694709255667,0.0269705169936413,0.101062333799175,0.019033714401255,0.116217701915756,0.0139052828042321,0.106786172624557,0.0258041537433358,10.9656595984237,3573,"Setophaga caerulescens","17-Jun-96",17,"Jun",96,"Stratton Gap, 0.4mi below, on Forest Service Road 81, Nantahala Nat'l Forest; 1315m ","Graham","NC","GRG","CMM","T-1293","M","SY",NA,8.8,"partial",68.7,54.7,3.1,3.9,11,7.6,NA,NA,"green",17.9,18,2,2,2,2,NA,"mouth lining: brownish black; legs Munsell 5Y 25./2; light fat; no molt; ossified skull; testes shot; weight post-freezing","","NC.Graham","South",35.33751,-84.03101,18.38
"610065","t",0.0396409668252261,0.00718204471703805,0.0351101979761806,0.00817908302893174,0.040915424988986,0.00854801641096487,0.0554533650574734,0.0104679360151611,0.0570196535300295,0.00651248553351266,0.0396409668252261,0.00718204471703805,95.1788328016513,3573,"Setophaga caerulescens","17-Jun-96",17,"Jun",96,"Stratton Gap, 0.4mi below, on Forest Service Road 81, Nantahala Nat'l Forest; 1315m ","Graham","NC","GRG","CMM","T-1293","M","SY",NA,8.8,"partial",68.7,54.7,3.1,3.9,11,7.6,NA,NA,"green",17.9,18,2,2,2,2,NA,"mouth lining: brownish black; legs Munsell 5Y 25./2; light fat; no molt; ossified skull; testes shot; weight post-freezing","","NC.Graham","South",35.33751,-84.03101,18.38
"610065","w",0.412939914119501,0.15010411186408,0.427484397393703,0.158999664962545,0.417879971822935,0.153042500938223,0.346974032368953,0.112536837489004,0.371624147607939,0.0846046439899282,0.412939914119501,0.15010411186408,59.8153499718521,3573,"Setophaga caerulescens","17-Jun-96",17,"Jun",96,"Stratton Gap, 0.4mi below, on Forest Service Road 81, Nantahala Nat'l Forest; 1315m ","Graham","NC","GRG","CMM","T-1293","M","SY",NA,8.8,"partial",68.7,54.7,3.1,3.9,11,7.6,NA,NA,"green",17.9,18,2,2,2,2,NA,"mouth lining: brownish black; legs Munsell 5Y 25./2; light fat; no molt; ossified skull; testes shot; weight post-freezing","","NC.Graham","South",35.33751,-84.03101,18.38
"610076","c",0.0789550746717219,0.0314515104548432,0.0675653332086348,0.0278307308751683,0.0830876631966951,0.0328710888500408,0.092800765267473,0.0363937396797381,0.150646629628912,0.0504915920321845,0.0789550746717219,0.0314515104548432,59.6487145805967,3584,"Setophaga caerulescens","20-Jun-96",20,"Jun",96,"Wolf Laurel Road (FSs Road 81-F), 1.7mi above Jct. 81 and 81-F, Nantahala Nat'l Forest, 1265m","Graham","NC","GRG","JPA","T-1304","M","ASY","6.5x4, 5x4",9.3,"partial",64,54,3,4.2,10.7,6.8,NA,NA,"blue",14.9,12.1,2,2,2,2,NA,"mouth lining: slaty black; legs Munsell 5Y 25./1; weight post-freezing","","NC.Graham","South",35.35231,-83.99466,19.3
"610076","m",0.0461338871049999,0.00904168109592321,0.0406046105354142,0.00875584063266372,0.0474785425319343,0.0103183742885875,0.0635512983261094,0.0131701445094374,0.0772867944749034,0.0127521063488738,0.0461338871049999,0.00904168109592321,24.9565271783324,3584,"Setophaga caerulescens","20-Jun-96",20,"Jun",96,"Wolf Laurel Road (FSs Road 81-F), 1.7mi above Jct. 81 and 81-F, Nantahala Nat'l Forest, 1265m","Graham","NC","GRG","JPA","T-1304","M","ASY","6.5x4, 5x4",9.3,"partial",64,54,3,4.2,10.7,6.8,NA,NA,"blue",14.9,12.1,2,2,2,2,NA,"mouth lining: slaty black; legs Munsell 5Y 25./1; weight post-freezing","","NC.Graham","South",35.35231,-83.99466,19.3
"610076","o",0.0605251440266591,0.0143380675494287,0.0574526518724745,0.0165999996307578,0.0618741572159533,0.0145213288504211,0.0729457296125298,0.0122338423329231,0.0840693398185407,0.0112579871972149,0.0605251440266591,0.0143380675494287,9.6153124413586,3584,"Setophaga caerulescens","20-Jun-96",20,"Jun",96,"Wolf Laurel Road (FSs Road 81-F), 1.7mi above Jct. 81 and 81-F, Nantahala Nat'l Forest, 1265m","Graham","NC","GRG","JPA","T-1304","M","ASY","6.5x4, 5x4",9.3,"partial",64,54,3,4.2,10.7,6.8,NA,NA,"blue",14.9,12.1,2,2,2,2,NA,"mouth lining: slaty black; legs Munsell 5Y 25./1; weight post-freezing","","NC.Graham","South",35.35231,-83.99466,19.3
"610076","t",0.0445069938786896,0.0172019196585825,0.0413868902827919,0.0215222086021247,0.0458630902468919,0.0178934126586956,0.0574361811086637,0.0137854718596249,0.058799538254892,0.0098384965853956,0.0445069938786896,0.0172019196585825,102.905610808782,3584,"Setophaga caerulescens","20-Jun-96",20,"Jun",96,"Wolf Laurel Road (FSs Road 81-F), 1.7mi above Jct. 81 and 81-F, Nantahala Nat'l Forest, 1265m","Graham","NC","GRG","JPA","T-1304","M","ASY","6.5x4, 5x4",9.3,"partial",64,54,3,4.2,10.7,6.8,NA,NA,"blue",14.9,12.1,2,2,2,2,NA,"mouth lining: slaty black; legs Munsell 5Y 25./1; weight post-freezing","","NC.Graham","South",35.35231,-83.99466,19.3
"610076","w",0.399383366977503,0.128668905714193,0.406702455815024,0.134181812188147,0.402026169453453,0.129446997674533,0.350561457348546,0.103089639904009,0.40518053540688,0.124017525327425,0.399383366977503,0.128668905714193,44.1786451491837,3584,"Setophaga caerulescens","20-Jun-96",20,"Jun",96,"Wolf Laurel Road (FSs Road 81-F), 1.7mi above Jct. 81 and 81-F, Nantahala Nat'l Forest, 1265m","Graham","NC","GRG","JPA","T-1304","M","ASY","6.5x4, 5x4",9.3,"partial",64,54,3,4.2,10.7,6.8,NA,NA,"blue",14.9,12.1,2,2,2,2,NA,"mouth lining: slaty black; legs Munsell 5Y 25./1; weight post-freezing","","NC.Graham","South",35.35231,-83.99466,19.3
"612854","c",0.0652944266025403,0.0268664027977842,0.0513432652299679,0.0233304725298326,0.06954250582861,0.0289107364326365,0.0840916857800731,0.029755282399077,0.137705183176517,0.0458907766881608,0.0652944266025403,0.0268664027977842,81.7301557515481,2613,"Setophaga caerulescens","7-Jun-89",7,"Jun",89,"E. Fork Chattooga River at Hwy 107; Sumter Nat'l Forest; 885m","Oconee","SC","GRG","JPD","581-a,b","M","ASY","6x5, NA",9.6,"partial",65.4,53.9,2.9,4,10.2,7.2,NA,NA,"blue",11,11.2,2,2,2,2,NA,"testes mushy","","SC.Oconee","South",35.00456,-83.05503,18.3
"612854","m",0.0634234890608308,0.0144914930218608,0.0593897036834802,0.0152421233021251,0.0656021577991392,0.0156052309722782,0.0748841702721128,0.0146729555146912,0.0820507972647588,0.0253482785513665,0.0634234890608308,0.0144914930218608,24.9157440420342,2613,"Setophaga caerulescens","7-Jun-89",7,"Jun",89,"E. Fork Chattooga River at Hwy 107; Sumter Nat'l Forest; 885m","Oconee","SC","GRG","JPD","581-a,b","M","ASY","6x5, NA",9.6,"partial",65.4,53.9,2.9,4,10.2,7.2,NA,NA,"blue",11,11.2,2,2,2,2,NA,"testes mushy","","SC.Oconee","South",35.00456,-83.05503,18.3
"612854","o",0.0618952180770115,0.00489515951817791,0.0602528422137343,0.00582970162301485,0.0638742161884648,0.00579357383711378,0.070211998007163,0.00671051228408401,0.0746801846322114,0.00692474039841811,0.0618952180770115,0.00489515951817791,8.52017264027022,2613,"Setophaga caerulescens","7-Jun-89",7,"Jun",89,"E. Fork Chattooga River at Hwy 107; Sumter Nat'l Forest; 885m","Oconee","SC","GRG","JPD","581-a,b","M","ASY","6x5, NA",9.6,"partial",65.4,53.9,2.9,4,10.2,7.2,NA,NA,"blue",11,11.2,2,2,2,2,NA,"testes mushy","","SC.Oconee","South",35.00456,-83.05503,18.3
"612854","t",0.0444055589270086,0.00490259685683358,0.0415140580344677,0.00546059223776344,0.0465387077146071,0.00553123268853223,0.0545750966854052,0.00626343623002516,0.0415768730156634,0.00853961048518324,0.0444055589270086,0.00490259685683358,174.787765059111,2613,"Setophaga caerulescens","7-Jun-89",7,"Jun",89,"E. Fork Chattooga River at Hwy 107; Sumter Nat'l Forest; 885m","Oconee","SC","GRG","JPD","581-a,b","M","ASY","6x5, NA",9.6,"partial",65.4,53.9,2.9,4,10.2,7.2,NA,NA,"blue",11,11.2,2,2,2,2,NA,"testes mushy","","SC.Oconee","South",35.00456,-83.05503,18.3
"612854","w",0.458349103379476,0.113763951942927,0.472259373484121,0.121149386641652,0.46272437617341,0.115539831287825,0.381620213374587,0.0849584644164913,0.461447464068805,0.098626358137159,0.458349103379476,0.113763951942927,48.7040720585476,2613,"Setophaga caerulescens","7-Jun-89",7,"Jun",89,"E. Fork Chattooga River at Hwy 107; Sumter Nat'l Forest; 885m","Oconee","SC","GRG","JPD","581-a,b","M","ASY","6x5, NA",9.6,"partial",65.4,53.9,2.9,4,10.2,7.2,NA,NA,"blue",11,11.2,2,2,2,2,NA,"testes mushy","","SC.Oconee","South",35.00456,-83.05503,18.3
"612855","c",0.0660723690837666,0.0236249826826042,0.0533272337153604,0.0189702437277753,0.069681830710025,0.0256108328645581,0.08418710292132,0.0304321127070994,0.12982144770077,0.0431131289001447,0.0660723690837666,0.0236249826826042,79.9316945017827,2614,"Setophaga caerulescens","7-Jun-89",7,"Jun",89,"E. Fork Chattooga River at Hwy 107; Sumter Nat'l Forest; 885m","Oconee","SC","GRG","JPD","T-582-a,b","M","SY","7x5",9.3,"partial",63.4,50.9,3.3,3.5,10.6,7.5,NA,NA,"green",13,13.7,2,2,NA,2,NA,"","","SC.Oconee","South",35.00284,-83.05467,19.3
"612855","m",0.0664209789204595,0.007154526482373,0.0610689848369221,0.00745483446283886,0.0678593543829862,0.00875065395918939,0.0820840136251566,0.0120807709618531,0.0993380006154387,0.0108058769137864,0.0664209789204595,0.007154526482373,25.3203227622443,2614,"Setophaga caerulescens","7-Jun-89",7,"Jun",89,"E. Fork Chattooga River at Hwy 107; Sumter Nat'l Forest; 885m","Oconee","SC","GRG","JPD","T-582-a,b","M","SY","7x5",9.3,"partial",63.4,50.9,3.3,3.5,10.6,7.5,NA,NA,"green",13,13.7,2,2,NA,2,NA,"","","SC.Oconee","South",35.00284,-83.05467,19.3
"612855","o",0.0717789443835924,0.00519265691174013,0.071997345350333,0.00635389361920155,0.0731553572940253,0.00636452771968178,0.0778091198510919,0.00731084022338653,0.0906165838206525,0.00583661300633403,0.0717789443835924,0.00519265691174013,3.69525239256896,2614,"Setophaga caerulescens","7-Jun-89",7,"Jun",89,"E. Fork Chattooga River at Hwy 107; Sumter Nat'l Forest; 885m","Oconee","SC","GRG","JPD","T-582-a,b","M","SY","7x5",9.3,"partial",63.4,50.9,3.3,3.5,10.6,7.5,NA,NA,"green",13,13.7,2,2,NA,2,NA,"","","SC.Oconee","South",35.00284,-83.05467,19.3
"612855","t",0.0595127741280401,0.016182459503666,0.0566194088574647,0.0173408577275854,0.0610736819665437,0.0169396000434236,0.0703874612738632,0.0157259338645676,0.0758782753290188,0.014044174898719,0.0595127741280401,0.016182459503666,96.700319009195,2614,"Setophaga caerulescens","7-Jun-89",7,"Jun",89,"E. Fork Chattooga River at Hwy 107; Sumter Nat'l Forest; 885m","Oconee","SC","GRG","JPD","T-582-a,b","M","SY","7x5",9.3,"partial",63.4,50.9,3.3,3.5,10.6,7.5,NA,NA,"green",13,13.7,2,2,NA,2,NA,"","","SC.Oconee","South",35.00284,-83.05467,19.3
"612855","w",0.280363408632996,0.0662032387972556,0.282947108025614,0.0652164845103791,0.281562468532927,0.0666231261226322,0.261055418015308,0.0619864403266207,0.30328917770259,0.0712402845885662,0.280363408632996,0.0662032387972556,37.3623569149934,2614,"Setophaga caerulescens","7-Jun-89",7,"Jun",89,"E. Fork Chattooga River at Hwy 107; Sumter Nat'l Forest; 885m","Oconee","SC","GRG","JPD","T-582-a,b","M","SY","7x5",9.3,"partial",63.4,50.9,3.3,3.5,10.6,7.5,NA,NA,"green",13,13.7,2,2,NA,2,NA,"","","SC.Oconee","South",35.00284,-83.05467,19.3
"612856","c",0.0788991634369068,0.0294571182740415,0.0654037592883729,0.0236260887632299,0.0831444609665685,0.0307371242562451,0.096215950070993,0.038977267666827,0.155778448359525,0.0507092559513973,0.0788991634369068,0.0294571182740415,49.0523550384688,2615,"Setophaga caerulescens","7-Jun-89",7,"Jun",89,"E. Fork Chattooga River at Hwy 107; Sumter Nat'l Forest; 885m","Oconee","SC","GRG","JPD","583-a,b","M","ASY","8x6",8.7,"partial",63.9,54.9,2.9,3.6,10.8,6.9,NA,NA,"blue",13.7,13,2,2,2,2,NA,"","","SC.Oconee","South",35.00456,-83.05503,18.17
"612856","m",0.0644528364314337,0.0127643442944053,0.0570285037214615,0.00948376858745072,0.0666034631852682,0.0137511813770332,0.081227631786079,0.0187144099846166,0.0922899526675582,0.0179251941364451,0.0644528364314337,0.0127643442944053,25.1389253768687,2615,"Setophaga caerulescens","7-Jun-89",7,"Jun",89,"E. Fork Chattooga River at Hwy 107; Sumter Nat'l Forest; 885m","Oconee","SC","GRG","JPD","583-a,b","M","ASY","8x6",8.7,"partial",63.9,54.9,2.9,3.6,10.8,6.9,NA,NA,"blue",13.7,13,2,2,2,2,NA,"","","SC.Oconee","South",35.00456,-83.05503,18.17
"612856","o",0.0653600023799945,0.0138951338088921,0.064703728156712,0.0153303732973474,0.0668782079198564,0.0150023436909392,0.0733817748140492,0.0141584494801188,0.0793069178950922,0.0126582590684254,0.0653600023799945,0.0138951338088921,4.93976355789079,2615,"Setophaga caerulescens","7-Jun-89",7,"Jun",89,"E. Fork Chattooga River at Hwy 107; Sumter Nat'l Forest; 885m","Oconee","SC","GRG","JPD","583-a,b","M","ASY","8x6",8.7,"partial",63.9,54.9,2.9,3.6,10.8,6.9,NA,NA,"blue",13.7,13,2,2,2,2,NA,"","","SC.Oconee","South",35.00456,-83.05503,18.17
"612856","t",0.0425891421362672,0.00576967866226002,0.040180827539516,0.00678176986518254,0.0444166628773289,0.00662328536515523,0.053261636569956,0.0073603939809803,0.0403835009656516,0.00877236479427904,0.0425891421362672,0.00576967866226002,134.215049727904,2615,"Setophaga caerulescens","7-Jun-89",7,"Jun",89,"E. Fork Chattooga River at Hwy 107; Sumter Nat'l Forest; 885m","Oconee","SC","GRG","JPD","583-a,b","M","ASY","8x6",8.7,"partial",63.9,54.9,2.9,3.6,10.8,6.9,NA,NA,"blue",13.7,13,2,2,2,2,NA,"","","SC.Oconee","South",35.00456,-83.05503,18.17
"612856","w",0.441930991564902,0.133050938628116,0.451480906914827,0.140659312221581,0.444034525629783,0.133908022650883,0.377772246253825,0.102773027550579,0.470980417926674,0.107748488404373,0.441930991564902,0.133050938628116,54.3441546256333,2615,"Setophaga caerulescens","7-Jun-89",7,"Jun",89,"E. Fork Chattooga River at Hwy 107; Sumter Nat'l Forest; 885m","Oconee","SC","GRG","JPD","583-a,b","M","ASY","8x6",8.7,"partial",63.9,54.9,2.9,3.6,10.8,6.9,NA,NA,"blue",13.7,13,2,2,2,2,NA,"","","SC.Oconee","South",35.00456,-83.05503,18.17
"612857","c",0.0637580176788905,0.019365597952365,0.050207968393837,0.0192394869689408,0.0681475499541154,0.020586989504582,0.0815715627204229,0.0204930898311371,0.136123186547241,0.0417669830918135,0.0637580176788905,0.019365597952365,86.7712516419591,2620,"Setophaga caerulescens","5-Jun-89",5,"Jun",89,"Kings Creek; 0.5mi W Hwy 107; Sumter Nat'l Forest; 800m","Oconee","SC","GRG","JPD","588-a,b","M","ASY","8x6, 6x5.5",9.2,"partial",64,52.2,3,3.7,10.8,7.5,NA,NA,"blue",10.4,10.9,2,2,2,2,NA,"","","SC.Oconee","South",34.96542,-83.09102,18.7
"612857","m",0.0610087544851805,0.0135255266357911,0.0552665285971726,0.0111069984167651,0.0630629666948777,0.0149409617528611,0.0757858005966875,0.0181844174101294,0.0803282676267483,0.0198283917840385,0.0610087544851805,0.0135255266357911,25.1389253768687,2620,"Setophaga caerulescens","5-Jun-89",5,"Jun",89,"Kings Creek; 0.5mi W Hwy 107; Sumter Nat'l Forest; 800m","Oconee","SC","GRG","JPD","588-a,b","M","ASY","8x6, 6x5.5",9.2,"partial",64,52.2,3,3.7,10.8,7.5,NA,NA,"blue",10.4,10.9,2,2,2,2,NA,"","","SC.Oconee","South",34.96542,-83.09102,18.7
"612857","o",0.0773500068367117,0.0279538208396654,0.0804280482959971,0.0330904632517354,0.0792745356292023,0.0284572145470456,0.0773587792224481,0.0180027469463427,0.0786427836063645,0.0148805663064243,0.0773500068367117,0.0279538208396654,4.93676111840871,2620,"Setophaga caerulescens","5-Jun-89",5,"Jun",89,"Kings Creek; 0.5mi W Hwy 107; Sumter Nat'l Forest; 800m","Oconee","SC","GRG","JPD","588-a,b","M","ASY","8x6, 6x5.5",9.2,"partial",64,52.2,3,3.7,10.8,7.5,NA,NA,"blue",10.4,10.9,2,2,2,2,NA,"","","SC.Oconee","South",34.96542,-83.09102,18.7
"612857","t",0.0440177954280624,0.00697362915549512,0.041780638226988,0.00807006116216633,0.0456383059492717,0.00781678623534186,0.0548729977261178,0.00795435178372121,0.042251028031885,0.00847818640050529,0.0440177954280624,0.00697362915549512,138.850816288234,2620,"Setophaga caerulescens","5-Jun-89",5,"Jun",89,"Kings Creek; 0.5mi W Hwy 107; Sumter Nat'l Forest; 800m","Oconee","SC","GRG","JPD","588-a,b","M","ASY","8x6, 6x5.5",9.2,"partial",64,52.2,3,3.7,10.8,7.5,NA,NA,"blue",10.4,10.9,2,2,2,2,NA,"","","SC.Oconee","South",34.96542,-83.09102,18.7
"612857","w",0.419879202012745,0.12660587943571,0.425168570110044,0.133264025560482,0.422298140413394,0.126951197535395,0.363956517431574,0.098190399642997,0.457402256579273,0.118909305844647,0.419879202012745,0.12660587943571,38.7179583411522,2620,"Setophaga caerulescens","5-Jun-89",5,"Jun",89,"Kings Creek; 0.5mi W Hwy 107; Sumter Nat'l Forest; 800m","Oconee","SC","GRG","JPD","588-a,b","M","ASY","8x6, 6x5.5",9.2,"partial",64,52.2,3,3.7,10.8,7.5,NA,NA,"blue",10.4,10.9,2,2,2,2,NA,"","","SC.Oconee","South",34.96542,-83.09102,18.7
"612859","c",0.0641964359968586,0.0291045157000894,0.0515630608780007,0.022186716152003,0.0679300377151009,0.0315383049720462,0.0826551249849823,0.037023110448574,0.143856678241885,0.0438788615101986,0.0641964359968586,0.0291045157000894,67.8333646087446,2630,"Setophaga caerulescens","7-Jun-89",7,"Jun",89,"E. Fork Chattooga River at Hwy 107; Sumter Nat'l Forest; 885m","Oconee","SC","GRG","JPD","598-a,b","M","SY","5.5x4.5",10.4,"partial",65.5,49.2,3.3,4,10.3,7.4,NA,NA,"green",3.7,7.7,2,2,2,2,NA,"","I don't really trust this, because the wingspot is virtually non existant - maybe damaged?","SC.Oconee","South",35.00456,-83.05503,19.88
"612859","m",0.0667293346826945,0.0149838861335518,0.0610525062328994,0.0118865961244521,0.0687601651373818,0.0168337586662902,0.0812006334453772,0.0211473897242558,0.0909285864776297,0.0141868683899131,0.0667293346826945,0.0149838861335518,24.8632013510978,2630,"Setophaga caerulescens","7-Jun-89",7,"Jun",89,"E. Fork Chattooga River at Hwy 107; Sumter Nat'l Forest; 885m","Oconee","SC","GRG","JPD","598-a,b","M","SY","5.5x4.5",10.4,"partial",65.5,49.2,3.3,4,10.3,7.4,NA,NA,"green",3.7,7.7,2,2,2,2,NA,"","I don't really trust this, because the wingspot is virtually non existant - maybe damaged?","SC.Oconee","South",35.00456,-83.05503,19.88
"612859","o",0.071168346267857,0.00722626486383446,0.0695184859084756,0.00799770872117381,0.073458700826742,0.00799968646821747,0.0780117295397525,0.00809236389161526,0.0944768721324572,0.0108590869356984,0.071168346267857,0.00722626486383446,18.502533308313,2630,"Setophaga caerulescens","7-Jun-89",7,"Jun",89,"E. Fork Chattooga River at Hwy 107; Sumter Nat'l Forest; 885m","Oconee","SC","GRG","JPD","598-a,b","M","SY","5.5x4.5",10.4,"partial",65.5,49.2,3.3,4,10.3,7.4,NA,NA,"green",3.7,7.7,2,2,2,2,NA,"","I don't really trust this, because the wingspot is virtually non existant - maybe damaged?","SC.Oconee","South",35.00456,-83.05503,19.88
"612859","t",0.0428509418042995,0.00666068987902987,0.0406849550351434,0.00801811628544674,0.0446586535538917,0.00720533874077775,0.0529640980761242,0.00702204161099981,0.0397608713679753,0.00862773744574219,0.0428509418042995,0.00666068987902987,125.925314317883,2630,"Setophaga caerulescens","7-Jun-89",7,"Jun",89,"E. Fork Chattooga River at Hwy 107; Sumter Nat'l Forest; 885m","Oconee","SC","GRG","JPD","598-a,b","M","SY","5.5x4.5",10.4,"partial",65.5,49.2,3.3,4,10.3,7.4,NA,NA,"green",3.7,7.7,2,2,2,2,NA,"","I don't really trust this, because the wingspot is virtually non existant - maybe damaged?","SC.Oconee","South",35.00456,-83.05503,19.88
"612859","w",0.0932562313249944,0.0455382960566359,0.0930278046383726,0.0388524613299022,0.0952615722393864,0.0466727601597724,0.0973395200443409,0.048489093724353,0.145134518679178,0.0385222820691569,0.0932562313249944,0.0455382960566359,1.89153687370989,2630,"Setophaga caerulescens","7-Jun-89",7,"Jun",89,"E. Fork Chattooga River at Hwy 107; Sumter Nat'l Forest; 885m","Oconee","SC","GRG","JPD","598-a,b","M","SY","5.5x4.5",10.4,"partial",65.5,49.2,3.3,4,10.3,7.4,NA,NA,"green",3.7,7.7,2,2,2,2,NA,"","I don't really trust this, because the wingspot is virtually non existant - maybe damaged?","SC.Oconee","South",35.00456,-83.05503,19.88
"612863","c",0.0620732563582829,0.0217724985507889,0.0526242217033327,0.0176165790646018,0.0663893290512765,0.0231306691751058,0.0734788465282317,0.0283689088031707,0.11467917729967,0.0331575221591803,0.0620732563582829,0.0217724985507889,72.7333458434978,2634,"Setophaga caerulescens","7-Jun-89",7,"Jun",89,"E. Fork Chattooga River at Hwy 107; Sumter Nat'l Forest; 885m","Oconee","SC","GRG","JPD","602-a,b","M","ASY","7x5, 5x4",9.4,"partial",61.4,51.7,3.3,3.9,10.3,6.4,NA,NA,"blue",13.3,13.5,2,2,2,2,NA,"","","SC.Oconee","South",35.00456,-83.05503,19.24
"612863","m",0.0507756555700291,0.00925768811141585,0.045987408554791,0.00956880312118589,0.0523052574202817,0.0102148660107998,0.0661397351491371,0.0122314047728009,0.0633306270026928,0.0195466477374512,0.0507756555700291,0.00925768811141585,26.1550009382623,2634,"Setophaga caerulescens","7-Jun-89",7,"Jun",89,"E. Fork Chattooga River at Hwy 107; Sumter Nat'l Forest; 885m","Oconee","SC","GRG","JPD","602-a,b","M","ASY","7x5, 5x4",9.4,"partial",61.4,51.7,3.3,3.9,10.3,6.4,NA,NA,"blue",13.3,13.5,2,2,2,2,NA,"","","SC.Oconee","South",35.00456,-83.05503,19.24
"612863","o",0.0587965635311646,0.0069805053847639,0.0575678592642731,0.00828775004722948,0.0605847555291732,0.0081788044350817,0.0669339827768082,0.00854127065525291,0.0678642525787713,0.00702729786800344,0.0587965635311646,0.0069805053847639,9.25577031337962,2634,"Setophaga caerulescens","7-Jun-89",7,"Jun",89,"E. Fork Chattooga River at Hwy 107; Sumter Nat'l Forest; 885m","Oconee","SC","GRG","JPD","602-a,b","M","ASY","7x5, 5x4",9.4,"partial",61.4,51.7,3.3,3.9,10.3,6.4,NA,NA,"blue",13.3,13.5,2,2,2,2,NA,"","","SC.Oconee","South",35.00456,-83.05503,19.24
"612863","t",0.0439423267041636,0.0105156023116231,0.0416563491264139,0.0125809307718904,0.0457443727504177,0.0109296072005072,0.0542583382617579,0.00914450340788025,0.0420864613471547,0.0144470661503197,0.0439423267041636,0.0105156023116231,157.375867892663,2634,"Setophaga caerulescens","7-Jun-89",7,"Jun",89,"E. Fork Chattooga River at Hwy 107; Sumter Nat'l Forest; 885m","Oconee","SC","GRG","JPD","602-a,b","M","ASY","7x5, 5x4",9.4,"partial",61.4,51.7,3.3,3.9,10.3,6.4,NA,NA,"blue",13.3,13.5,2,2,2,2,NA,"","","SC.Oconee","South",35.00456,-83.05503,19.24
"612863","w",0.447352331570979,0.125011034978391,0.452836566657899,0.12713345666058,0.448676506771407,0.125863269771778,0.386577831749878,0.108597371444882,0.493159328499404,0.150256393088052,0.447352331570979,0.125011034978391,38.1062112966786,2634,"Setophaga caerulescens","7-Jun-89",7,"Jun",89,"E. Fork Chattooga River at Hwy 107; Sumter Nat'l Forest; 885m","Oconee","SC","GRG","JPD","602-a,b","M","ASY","7x5, 5x4",9.4,"partial",61.4,51.7,3.3,3.9,10.3,6.4,NA,NA,"blue",13.3,13.5,2,2,2,2,NA,"","","SC.Oconee","South",35.00456,-83.05503,19.24
"612865","c",0.05725903045472,0.0202932338808349,0.0470415161994438,0.0188517230406069,0.0609547507482139,0.0223580937071149,0.0714620421862149,0.0220395822781999,0.100518089950765,0.0338508421110506,0.05725903045472,0.0202932338808349,60.6778007130794,2636,"Setophaga caerulescens","8-Jun-89",8,"Jun",89,"E. Fork Chattooga River at Hwy 107; Sumter Nat'l Forest; 880m","Oconee","SC","GRG","JPD","T-604-a,b","M","SY","7.5x6, 6x4.5",9.3,"partial",63,47.2,2.9,3.9,10.6,7.2,NA,NA,"green",12.7,13.8,2,2,NA,2,NA,"only one rectrix","","SC.Oconee","South",35.00284,-83.05467,NA
"612865","m",0.067766854954178,0.00779077521316137,0.0628434058397259,0.00830447284684725,0.0689068752477632,0.00936158483619514,0.0836242467613886,0.0129026222949809,0.0992460545221384,0.0102053670503394,0.067766854954178,0.00779077521316137,24.8644523675486,2636,"Setophaga caerulescens","8-Jun-89",8,"Jun",89,"E. Fork Chattooga River at Hwy 107; Sumter Nat'l Forest; 880m","Oconee","SC","GRG","JPD","T-604-a,b","M","SY","7.5x6, 6x4.5",9.3,"partial",63,47.2,2.9,3.9,10.6,7.2,NA,NA,"green",12.7,13.8,2,2,NA,2,NA,"only one rectrix","","SC.Oconee","South",35.00284,-83.05467,NA
"612865","o",0.105152721552482,0.0323795780089945,0.111034551120947,0.0364912755424411,0.105878942470487,0.0329256768984299,0.10149064429222,0.0275956868804829,0.116177405525465,0.0188193443081649,0.105152721552482,0.0323795780089945,3.95571401763933,2636,"Setophaga caerulescens","8-Jun-89",8,"Jun",89,"E. Fork Chattooga River at Hwy 107; Sumter Nat'l Forest; 880m","Oconee","SC","GRG","JPD","T-604-a,b","M","SY","7.5x6, 6x4.5",9.3,"partial",63,47.2,2.9,3.9,10.6,7.2,NA,NA,"green",12.7,13.8,2,2,NA,2,NA,"only one rectrix","","SC.Oconee","South",35.00284,-83.05467,NA
"612865","t",0.0469690891271106,0.00901305609443855,0.0435697681404864,0.0104643607291552,0.0481611417444235,0.0100625874411632,0.0609952298711226,0.0107756091833294,0.0610880195703215,0.00810231141670362,0.0469690891271106,0.00901305609443855,110.275849127416,2636,"Setophaga caerulescens","8-Jun-89",8,"Jun",89,"E. Fork Chattooga River at Hwy 107; Sumter Nat'l Forest; 880m","Oconee","SC","GRG","JPD","T-604-a,b","M","SY","7.5x6, 6x4.5",9.3,"partial",63,47.2,2.9,3.9,10.6,7.2,NA,NA,"green",12.7,13.8,2,2,NA,2,NA,"only one rectrix","","SC.Oconee","South",35.00284,-83.05467,NA
"612865","w",0.389788363959716,0.104797714023827,0.400983602623419,0.110280811435634,0.39192616701568,0.105890186402331,0.338591782123687,0.0867547420638583,0.370236927485808,0.0776390286014527,0.389788363959716,0.104797714023827,21.9741039594671,2636,"Setophaga caerulescens","8-Jun-89",8,"Jun",89,"E. Fork Chattooga River at Hwy 107; Sumter Nat'l Forest; 880m","Oconee","SC","GRG","JPD","T-604-a,b","M","SY","7.5x6, 6x4.5",9.3,"partial",63,47.2,2.9,3.9,10.6,7.2,NA,NA,"green",12.7,13.8,2,2,NA,2,NA,"only one rectrix","","SC.Oconee","South",35.00284,-83.05467,NA
"612867","c",0.06763433443887,0.0272081723734461,0.0557947725184816,0.0252037262024744,0.0716828228538173,0.0286848682771604,0.0835267963819092,0.0303150656219287,0.137675854922645,0.0526231275764089,0.06763433443887,0.0272081723734461,69.875774066429,2638,"Setophaga caerulescens","8-Jun-89",8,"Jun",89,"E. Fork Chattooga River at Hwy 107; Sumter Nat'l Forest; 885m","Oconee","SC","GRG","JPD","606-a,b","M","ASY","7x5",10,"partial",66.9,53.9,3.1,3.8,10.9,7.1,NA,NA,"blue",16.3,14.3,2,2,2,NA,NA,"","","SC.Oconee","South",35.00456,-83.05503,18.42
"612867","m",0.0713361647879401,0.00910525020923291,0.0649620471176844,0.0102561154712911,0.0737321402964722,0.00968618667943612,0.0853481625371178,0.0099846218805828,0.0983683739326488,0.0270514045231433,0.0713361647879401,0.00910525020923291,24.956026771752,2638,"Setophaga caerulescens","8-Jun-89",8,"Jun",89,"E. Fork Chattooga River at Hwy 107; Sumter Nat'l Forest; 885m","Oconee","SC","GRG","JPD","606-a,b","M","ASY","7x5",10,"partial",66.9,53.9,3.1,3.8,10.9,7.1,NA,NA,"blue",16.3,14.3,2,2,2,NA,NA,"","","SC.Oconee","South",35.00456,-83.05503,18.42
"612867","o",0.0692438751694085,0.0137586975985363,0.0687487360067979,0.0151956904693924,0.071283103272705,0.0142842695809255,0.0754499043878198,0.0114872488909636,0.0795335520648898,0.0113111482388428,0.0692438751694085,0.0137586975985363,6.20754362919872,2638,"Setophaga caerulescens","8-Jun-89",8,"Jun",89,"E. Fork Chattooga River at Hwy 107; Sumter Nat'l Forest; 885m","Oconee","SC","GRG","JPD","606-a,b","M","ASY","7x5",10,"partial",66.9,53.9,3.1,3.8,10.9,7.1,NA,NA,"blue",16.3,14.3,2,2,2,NA,NA,"","","SC.Oconee","South",35.00456,-83.05503,18.42
"612867","t",0.0427242172335909,0.00539768628556175,0.0396422409443406,0.00579829751135344,0.0448049779395263,0.00585617459787031,0.0533409624438776,0.00626781585688243,0.0380712522497839,0.00757635511524153,0.0427242172335909,0.00539768628556175,135.582660911991,2638,"Setophaga caerulescens","8-Jun-89",8,"Jun",89,"E. Fork Chattooga River at Hwy 107; Sumter Nat'l Forest; 885m","Oconee","SC","GRG","JPD","606-a,b","M","ASY","7x5",10,"partial",66.9,53.9,3.1,3.8,10.9,7.1,NA,NA,"blue",16.3,14.3,2,2,2,NA,NA,"","","SC.Oconee","South",35.00456,-83.05503,18.42
"612867","w",0.389060916060054,0.0765481824466963,0.388393820792594,0.077699687377664,0.388321418855215,0.076233620430255,0.354109508818242,0.0673903174887955,0.471448989298267,0.0854904250574859,0.389060916060054,0.0765481824466963,44.6710452242447,2638,"Setophaga caerulescens","8-Jun-89",8,"Jun",89,"E. Fork Chattooga River at Hwy 107; Sumter Nat'l Forest; 885m","Oconee","SC","GRG","JPD","606-a,b","M","ASY","7x5",10,"partial",66.9,53.9,3.1,3.8,10.9,7.1,NA,NA,"blue",16.3,14.3,2,2,2,NA,NA,"","","SC.Oconee","South",35.00456,-83.05503,18.42
"612879","c",0.0720055941499232,0.0298620186059613,0.0583344193152174,0.0256807809190983,0.076401343903033,0.0324415987800216,0.0890118765483513,0.033062485173763,0.153350694917681,0.0516910469029308,0.0720055941499232,0.0298620186059613,57.5957965847251,2616,"Setophaga caerulescens","12-Jun-89",12,"Jun",89,"Chestnut Creek , 2mi W. Little Bald Mtn; Chattahoocee Nat'l Forest; 790m","Union","GA","GRG","JPD","584-a,b","M","SY","7x6",10,"partial",62.7,53.7,3.3,3.9,10.3,6.5,NA,NA,"green",7.9,11.8,2,2,2,2,NA,"","","GA.Union","South",34.77231,-84.01383,19.03
"612879","m",0.0603828189715389,0.016441487336478,0.0544750022124021,0.0147157536148982,0.0625218017156827,0.0187103909209143,0.0748037215168939,0.0196102337360288,0.0823588309653503,0.0182615664924108,0.0603828189715389,0.016441487336478,25.5535122286858,2616,"Setophaga caerulescens","12-Jun-89",12,"Jun",89,"Chestnut Creek , 2mi W. Little Bald Mtn; Chattahoocee Nat'l Forest; 790m","Union","GA","GRG","JPD","584-a,b","M","SY","7x6",10,"partial",62.7,53.7,3.3,3.9,10.3,6.5,NA,NA,"green",7.9,11.8,2,2,2,2,NA,"","","GA.Union","South",34.77231,-84.01383,19.03
"612879","o",0.0745984580959966,0.0210171049345356,0.074859703991356,0.0252855816132148,0.0767655054226496,0.0219485149320641,0.0784970529344544,0.0149381433722331,0.0892968413302297,0.0229343569870071,0.0745984580959966,0.0210171049345356,11.2088571964721,2616,"Setophaga caerulescens","12-Jun-89",12,"Jun",89,"Chestnut Creek , 2mi W. Little Bald Mtn; Chattahoocee Nat'l Forest; 790m","Union","GA","GRG","JPD","584-a,b","M","SY","7x6",10,"partial",62.7,53.7,3.3,3.9,10.3,6.5,NA,NA,"green",7.9,11.8,2,2,2,2,NA,"","","GA.Union","South",34.77231,-84.01383,19.03
"612879","t",0.0478235472417878,0.0244040986644488,0.0441971500028659,0.0232932624946824,0.049971204534226,0.0242548786228248,0.0584911658042587,0.0237062771089155,0.0473213775466088,0.0376933572720816,0.0478235472417878,0.0244040986644488,147.196096828673,2616,"Setophaga caerulescens","12-Jun-89",12,"Jun",89,"Chestnut Creek , 2mi W. Little Bald Mtn; Chattahoocee Nat'l Forest; 790m","Union","GA","GRG","JPD","584-a,b","M","SY","7x6",10,"partial",62.7,53.7,3.3,3.9,10.3,6.5,NA,NA,"green",7.9,11.8,2,2,2,2,NA,"","","GA.Union","South",34.77231,-84.01383,19.03
"612879","w",0.346280167145567,0.0916459612759196,0.351399860230789,0.0949343923147298,0.350878918199302,0.0926030573253651,0.302641254220956,0.0762299315141795,0.384947453572601,0.0976586063104914,0.346280167145567,0.0916459612759196,27.9782323137549,2616,"Setophaga caerulescens","12-Jun-89",12,"Jun",89,"Chestnut Creek , 2mi W. Little Bald Mtn; Chattahoocee Nat'l Forest; 790m","Union","GA","GRG","JPD","584-a,b","M","SY","7x6",10,"partial",62.7,53.7,3.3,3.9,10.3,6.5,NA,NA,"green",7.9,11.8,2,2,2,2,NA,"","","GA.Union","South",34.77231,-84.01383,19.03
"612880","c",0.0647683877460987,0.0160738802229971,0.0518987046833995,0.0126952469621991,0.0698086842192162,0.0166588282114608,0.0797146483424377,0.0222384808741203,0.132454888657159,0.0312355092151975,0.0647683877460987,0.0160738802229971,75.4272846687934,2617,"Setophaga caerulescens","12-Jun-89",12,"Jun",89,"Chestnut Creek , 2mi W. Little Bald Mtn; Chattahoocee Nat'l Forest; 790m","Union","GA","GRG","JPD","585-a,b","M","ASY","7x5",8.95,"partial",63.9,52.1,3.2,4.2,NA,NA,NA,NA,"blue",11.7,13.3,2,2,2,2,NA,"upper bill tip chipped out","","GA.Union","South",34.77231,-84.01383,19.65
"612880","m",0.0445940655461338,0.00460624257388126,0.0412448159157745,0.00488045590940883,0.0462423405923053,0.00522803425994629,0.0570529750012717,0.00622378414098666,0.049348887248512,0.0079087478926702,0.0445940655461338,0.00460624257388126,24.6377681866517,2617,"Setophaga caerulescens","12-Jun-89",12,"Jun",89,"Chestnut Creek , 2mi W. Little Bald Mtn; Chattahoocee Nat'l Forest; 790m","Union","GA","GRG","JPD","585-a,b","M","ASY","7x5",8.95,"partial",63.9,52.1,3.2,4.2,NA,NA,NA,NA,"blue",11.7,13.3,2,2,2,2,NA,"upper bill tip chipped out","","GA.Union","South",34.77231,-84.01383,19.65
"612880","o",0.0635660948652412,0.0152438984604242,0.0597337789252183,0.0145741447325606,0.0654474857539371,0.016570235778844,0.0754137118667614,0.0200476630440144,0.0871708595590012,0.0274059665298055,0.0635660948652412,0.0152438984604242,8.83918183524113,2617,"Setophaga caerulescens","12-Jun-89",12,"Jun",89,"Chestnut Creek , 2mi W. Little Bald Mtn; Chattahoocee Nat'l Forest; 790m","Union","GA","GRG","JPD","585-a,b","M","ASY","7x5",8.95,"partial",63.9,52.1,3.2,4.2,NA,NA,NA,NA,"blue",11.7,13.3,2,2,2,2,NA,"upper bill tip chipped out","","GA.Union","South",34.77231,-84.01383,19.65
"612880","t",0.0399731686579826,0.00598679692544557,0.0373109792421959,0.00662881813575031,0.0414996705218627,0.00685604442747283,0.0518341845426494,0.00779189262552688,0.0375656404086237,0.00980764457713668,0.0399731686579826,0.00598679692544557,131.092512666542,2617,"Setophaga caerulescens","12-Jun-89",12,"Jun",89,"Chestnut Creek , 2mi W. Little Bald Mtn; Chattahoocee Nat'l Forest; 790m","Union","GA","GRG","JPD","585-a,b","M","ASY","7x5",8.95,"partial",63.9,52.1,3.2,4.2,NA,NA,NA,NA,"blue",11.7,13.3,2,2,2,2,NA,"upper bill tip chipped out","","GA.Union","South",34.77231,-84.01383,19.65
"612880","w",0.460012048303245,0.129359087131892,0.453731047319877,0.132894617804953,0.456881491396709,0.129722023098375,0.414339709602497,0.106650135730632,0.594888997168035,0.142090679428931,0.460012048303245,0.129359087131892,26.785513229499,2617,"Setophaga caerulescens","12-Jun-89",12,"Jun",89,"Chestnut Creek , 2mi W. Little Bald Mtn; Chattahoocee Nat'l Forest; 790m","Union","GA","GRG","JPD","585-a,b","M","ASY","7x5",8.95,"partial",63.9,52.1,3.2,4.2,NA,NA,NA,NA,"blue",11.7,13.3,2,2,2,2,NA,"upper bill tip chipped out","","GA.Union","South",34.77231,-84.01383,19.65
"612881","c",0.0532695682016634,0.023275392203303,0.0438173905415823,0.0192112407179961,0.0579581879769728,0.0256415208855893,0.0641303399739439,0.0261482687278247,0.10512175291635,0.0349826396018646,0.0532695682016634,0.023275392203303,84.493901294802,2618,"Setophaga caerulescens","11-Jun-89",11,"Jun",89,"Chestnut Creek , 2mi W. Little Bald Mtn; Chattahoocee Nat'l Forest; 790m","Union","GA","GRG","JPD","586-a,b","M","ASY",NA,10,"partial",64.8,56.1,3,3.7,11,7.1,NA,NA,"blue",16.8,16.5,2,2,2,2,NA,"testes mush","","GA.Union","South",34.77231,-84.01383,19.48
"612881","m",0.0540700306335314,0.0130343839279248,0.0498913013633873,0.0119184380901844,0.0561971054704367,0.0142750101268528,0.066038787805048,0.0139839919137876,0.0688503569039028,0.01569096256064,0.0540700306335314,0.0130343839279248,25.4616876211922,2618,"Setophaga caerulescens","11-Jun-89",11,"Jun",89,"Chestnut Creek , 2mi W. Little Bald Mtn; Chattahoocee Nat'l Forest; 790m","Union","GA","GRG","JPD","586-a,b","M","ASY",NA,10,"partial",64.8,56.1,3,3.7,11,7.1,NA,NA,"blue",16.8,16.5,2,2,2,2,NA,"testes mush","","GA.Union","South",34.77231,-84.01383,19.48
"612881","o",0.0594982580144213,0.0132012684291795,0.0537758186241398,0.0144217775062761,0.0639481446563889,0.0141910158358871,0.0675416623269674,0.013259793295406,0.0581676677061675,0.0151703046462557,0.0594982580144213,0.0132012684291795,23.3056858697692,2618,"Setophaga caerulescens","11-Jun-89",11,"Jun",89,"Chestnut Creek , 2mi W. Little Bald Mtn; Chattahoocee Nat'l Forest; 790m","Union","GA","GRG","JPD","586-a,b","M","ASY",NA,10,"partial",64.8,56.1,3,3.7,11,7.1,NA,NA,"blue",16.8,16.5,2,2,2,2,NA,"testes mush","","GA.Union","South",34.77231,-84.01383,19.48
"612881","t",0.0399209238594324,0.00725209452037461,0.0370677359443038,0.00790060207422907,0.0419425320353393,0.00818451083587432,0.0503089119983231,0.00846337033535623,0.0359993769836798,0.00866460253543623,0.0399209238594324,0.00725209452037461,131.512854194033,2618,"Setophaga caerulescens","11-Jun-89",11,"Jun",89,"Chestnut Creek , 2mi W. Little Bald Mtn; Chattahoocee Nat'l Forest; 790m","Union","GA","GRG","JPD","586-a,b","M","ASY",NA,10,"partial",64.8,56.1,3,3.7,11,7.1,NA,NA,"blue",16.8,16.5,2,2,2,2,NA,"testes mush","","GA.Union","South",34.77231,-84.01383,19.48
"612881","w",0.463199322594064,0.119297212001493,0.480473270932895,0.125478838901792,0.46784450444345,0.121503054004982,0.396137114757745,0.0964220729540051,0.509820137650472,0.124792274060215,0.463199322594064,0.119297212001493,60.9224995308688,2618,"Setophaga caerulescens","11-Jun-89",11,"Jun",89,"Chestnut Creek , 2mi W. Little Bald Mtn; Chattahoocee Nat'l Forest; 790m","Union","GA","GRG","JPD","586-a,b","M","ASY",NA,10,"partial",64.8,56.1,3,3.7,11,7.1,NA,NA,"blue",16.8,16.5,2,2,2,2,NA,"testes mush","","GA.Union","South",34.77231,-84.01383,19.48
"612882","c",0.0657093723008025,0.0295353039343016,0.0543156117296515,0.025308589393642,0.0708079587278468,0.0321525644606343,0.0777122975746613,0.0312499927522965,0.13197897941202,0.0422712171631739,0.0657093723008025,0.0295353039343016,73.5252392568962,2619,"Setophaga caerulescens","11-Jun-89",11,"Jun",89,"Chestnut Creek , 2mi W. Little Bald Mtn; Chattahoocee Nat'l Forest; 790m","Union","GA","GRG","JPD","587-a,b","M","ASY",NA,10,"partial",61.5,50.7,3.1,4.3,10.6,7.2,NA,NA,"blue",12.1,11.4,2,2,2,2,NA,"testes mush","no overwing covert visible","GA.Union","South",34.77231,-84.01383,19.06
"612882","m",0.0699050317996085,0.0188541132494916,0.0591697709761899,0.0175182009624584,0.0732844090039638,0.0210779158816465,0.0868870164357051,0.0196186852965268,NA,NA,0.0699050317996085,0.0188541132494916,25.3693626071183,2619,"Setophaga caerulescens","11-Jun-89",11,"Jun",89,"Chestnut Creek , 2mi W. Little Bald Mtn; Chattahoocee Nat'l Forest; 790m","Union","GA","GRG","JPD","587-a,b","M","ASY",NA,10,"partial",61.5,50.7,3.1,4.3,10.6,7.2,NA,NA,"blue",12.1,11.4,2,2,2,2,NA,"testes mush","no overwing covert visible","GA.Union","South",34.77231,-84.01383,19.06
"612882","t",0.0441143033665583,0.00824541296128072,0.0415784198160964,0.00975813737944914,0.0459910255641114,0.00929415251095247,0.0545638739319244,0.00934831068552994,0.0414949431797497,0.0101153233818178,0.0441143033665583,0.00824541296128072,135.012197410396,2619,"Setophaga caerulescens","11-Jun-89",11,"Jun",89,"Chestnut Creek , 2mi W. Little Bald Mtn; Chattahoocee Nat'l Forest; 790m","Union","GA","GRG","JPD","587-a,b","M","ASY",NA,10,"partial",61.5,50.7,3.1,4.3,10.6,7.2,NA,NA,"blue",12.1,11.4,2,2,2,2,NA,"testes mush","no overwing covert visible","GA.Union","South",34.77231,-84.01383,19.06
"612882","w",0.474029078917459,0.118211070142766,0.482470690557651,0.127114126442649,0.480191387200999,0.121165935329796,0.395768844424299,0.0850142151332038,0.514111314789792,0.112516331225764,0.474029078917459,0.118211070142766,47.3116907487333,2619,"Setophaga caerulescens","11-Jun-89",11,"Jun",89,"Chestnut Creek , 2mi W. Little Bald Mtn; Chattahoocee Nat'l Forest; 790m","Union","GA","GRG","JPD","587-a,b","M","ASY",NA,10,"partial",61.5,50.7,3.1,4.3,10.6,7.2,NA,NA,"blue",12.1,11.4,2,2,2,2,NA,"testes mush","no overwing covert visible","GA.Union","South",34.77231,-84.01383,19.06
"612883","c",0.0546224551875643,0.0265148861176698,0.0428100759511645,0.0217119441256543,0.0591911708968623,0.0287951247128589,0.0695608631193905,0.0333205305257532,0.122462197928443,0.0501349754094097,0.0546224551875643,0.0265148861176698,72.4766372677801,2621,"Setophaga caerulescens","10-Jun-89",10,"Jun",89,"West Cooper Creek; 2mi S. Little Bald Mtn; Chattahoochee Nat'l Forest; 860m","Union","GA","GRG","JPD","588-a,b","M","ASY","7.5x5",9.4,"partial",60.6,51,3.1,3.5,10.5,6.7,NA,NA,"blue",11.8,14.9,2,2,2,2,NA,"","","GA.Union","South",34.76412,-84.00542,18.85
"612883","m",0.0598098448980749,0.00954312060932573,0.0537400013537885,0.00886006569982467,0.062166997606844,0.0111096345939417,0.0740278757595796,0.0141081931929767,0.0845887933067248,0.0161685424948572,0.0598098448980749,0.00954312060932573,24.2799774817039,2621,"Setophaga caerulescens","10-Jun-89",10,"Jun",89,"West Cooper Creek; 2mi S. Little Bald Mtn; Chattahoochee Nat'l Forest; 860m","Union","GA","GRG","JPD","588-a,b","M","ASY","7.5x5",9.4,"partial",60.6,51,3.1,3.5,10.5,6.7,NA,NA,"blue",11.8,14.9,2,2,2,2,NA,"","","GA.Union","South",34.76412,-84.00542,18.85
"612883","o",0.0740546290629923,0.0368671210581747,0.0768827930054355,0.0416395770913176,0.0756191220114142,0.0373204940900132,0.0754573541981971,0.0279594508555987,0.0754480881906069,0.021280885468949,0.0740546290629923,0.0368671210581747,2.40270219553387,2621,"Setophaga caerulescens","10-Jun-89",10,"Jun",89,"West Cooper Creek; 2mi S. Little Bald Mtn; Chattahoochee Nat'l Forest; 860m","Union","GA","GRG","JPD","588-a,b","M","ASY","7.5x5",9.4,"partial",60.6,51,3.1,3.5,10.5,6.7,NA,NA,"blue",11.8,14.9,2,2,2,2,NA,"","","GA.Union","South",34.76412,-84.00542,18.85
"612883","t",0.0401257571232588,0.00629525957557799,0.0374849123597876,0.00733899215734253,0.041828995038559,0.00714526415785511,0.0513145091831178,0.00768866190519328,0.0369396268270948,0.00830408327160492,0.0401257571232588,0.00629525957557799,100.761118408707,2621,"Setophaga caerulescens","10-Jun-89",10,"Jun",89,"West Cooper Creek; 2mi S. Little Bald Mtn; Chattahoochee Nat'l Forest; 860m","Union","GA","GRG","JPD","588-a,b","M","ASY","7.5x5",9.4,"partial",60.6,51,3.1,3.5,10.5,6.7,NA,NA,"blue",11.8,14.9,2,2,2,2,NA,"","","GA.Union","South",34.76412,-84.00542,18.85
"612883","w",0.498407307367716,0.107500814545249,0.503877418366889,0.109921079769681,0.50436947678173,0.110128866440731,0.41931559090975,0.0861933401050516,0.552327830857244,0.105901989790378,0.498407307367716,0.107500814545249,30.6849315068493,2621,"Setophaga caerulescens","10-Jun-89",10,"Jun",89,"West Cooper Creek; 2mi S. Little Bald Mtn; Chattahoochee Nat'l Forest; 860m","Union","GA","GRG","JPD","588-a,b","M","ASY","7.5x5",9.4,"partial",60.6,51,3.1,3.5,10.5,6.7,NA,NA,"blue",11.8,14.9,2,2,2,2,NA,"","","GA.Union","South",34.76412,-84.00542,18.85
"612884","c",0.0677817845728966,0.024681988693818,0.0545277699897911,0.0236315074321932,0.0728270313683019,0.0270478725976182,0.0826283038548677,0.0229170005613114,0.137387451928168,0.0404416346117459,0.0677817845728966,0.024681988693818,56.3437793206981,2622,"Setophaga caerulescens","10-Jun-89",10,"Jun",89,"West Cooper Creek; 2mi S. Little Bald Mtn; Chattahoochee Nat'l Forest; 860m","Union","GA","GRG","JPD","590-a,b","M","ASY","6.5x4.5",9.8,"partial",65.8,56.1,3.3,4,10.2,6.9,NA,NA,"blue",11.5,12,2,2,2,2,NA,"","","GA.Union","South",34.76412,-84.00542,19
"612884","m",0.0558366196130135,0.0131154693499854,0.0493485852084937,0.0112692363456566,0.0583317484145845,0.0143943586468807,0.0702167770675872,0.0151909631124046,0.0725765561946895,0.0216346225126849,0.0558366196130135,0.0131154693499854,24.7736285732157,2622,"Setophaga caerulescens","10-Jun-89",10,"Jun",89,"West Cooper Creek; 2mi S. Little Bald Mtn; Chattahoochee Nat'l Forest; 860m","Union","GA","GRG","JPD","590-a,b","M","ASY","6.5x4.5",9.8,"partial",65.8,56.1,3.3,4,10.2,6.9,NA,NA,"blue",11.5,12,2,2,2,2,NA,"","","GA.Union","South",34.76412,-84.00542,19
"612884","o",0.0623435812000397,0.0127831248142773,0.0574193584396308,0.016276196212999,0.0669786795940786,0.0131331257823955,0.0682934361502794,0.00944571985637592,NA,NA,0.0623435812000397,0.0127831248142773,3.77181459936198,2622,"Setophaga caerulescens","10-Jun-89",10,"Jun",89,"West Cooper Creek; 2mi S. Little Bald Mtn; Chattahoochee Nat'l Forest; 860m","Union","GA","GRG","JPD","590-a,b","M","ASY","6.5x4.5",9.8,"partial",65.8,56.1,3.3,4,10.2,6.9,NA,NA,"blue",11.5,12,2,2,2,2,NA,"","","GA.Union","South",34.76412,-84.00542,19
"612884","t",0.0405676185453635,0.00501179265820967,0.0378702420702858,0.00564636262064611,0.0424379322504565,0.00573318267016349,0.0510915902842339,0.00642677780190747,0.0365214590715076,0.00666138922064407,0.0405676185453635,0.00501179265820967,96.1696378307375,2622,"Setophaga caerulescens","10-Jun-89",10,"Jun",89,"West Cooper Creek; 2mi S. Little Bald Mtn; Chattahoochee Nat'l Forest; 860m","Union","GA","GRG","JPD","590-a,b","M","ASY","6.5x4.5",9.8,"partial",65.8,56.1,3.3,4,10.2,6.9,NA,NA,"blue",11.5,12,2,2,2,2,NA,"","","GA.Union","South",34.76412,-84.00542,19
"612884","w",0.392410703463316,0.117689342564358,0.404912550568671,0.126521193266971,0.39666544501109,0.119342888198714,0.34182675790793,0.088287519700417,NA,NA,0.392410703463316,0.117689342564358,38.5520735597673,2622,"Setophaga caerulescens","10-Jun-89",10,"Jun",89,"West Cooper Creek; 2mi S. Little Bald Mtn; Chattahoochee Nat'l Forest; 860m","Union","GA","GRG","JPD","590-a,b","M","ASY","6.5x4.5",9.8,"partial",65.8,56.1,3.3,4,10.2,6.9,NA,NA,"blue",11.5,12,2,2,2,2,NA,"","","GA.Union","South",34.76412,-84.00542,19
"612886","c",0.0459712818655706,0.0227053425990927,0.0382235559962568,0.020799993993408,0.0504561915294429,0.0243132961194366,0.0548563916726391,0.0231903080768592,0.0840996701247495,0.0391555178299586,0.0459712818655706,0.0227053425990927,74.6421467442297,2624,"Setophaga caerulescens","10-Jun-89",10,"Jun",89,"West Cooper Creek; 2mi S. Little Bald Mtn; Chattahoochee Nat'l Forest; 860m","Union","GA","GRG","JPD","592-a,b","M","ASY","7.5x6",9,"partial",61.1,50.1,3.1,3.9,10.8,7,NA,NA,"blue",10,13.1,2,2,2,2,NA,"","","GA.Union","South",34.76412,-84.00542,18.95
"612886","m",0.053039521901783,0.0135788893483937,0.0476945845326908,0.0127561619891566,0.0551377279696297,0.0146373447892549,0.0669330048206187,0.014146740052245,0.0710038770244607,0.0211493089866174,0.053039521901783,0.0135788893483937,24.7721273534747,2624,"Setophaga caerulescens","10-Jun-89",10,"Jun",89,"West Cooper Creek; 2mi S. Little Bald Mtn; Chattahoochee Nat'l Forest; 860m","Union","GA","GRG","JPD","592-a,b","M","ASY","7.5x6",9,"partial",61.1,50.1,3.1,3.9,10.8,7,NA,NA,"blue",10,13.1,2,2,2,2,NA,"","","GA.Union","South",34.76412,-84.00542,18.95
"612886","o",0.0616769625528207,0.0149080984301277,0.0599667325707369,0.0171874318467289,0.0638539896921917,0.0153713020157573,0.0689475897891672,0.0114491051932938,0.0747201651196718,0.0149167403826893,0.0616769625528207,0.0149080984301277,18.103959467067,2624,"Setophaga caerulescens","10-Jun-89",10,"Jun",89,"West Cooper Creek; 2mi S. Little Bald Mtn; Chattahoochee Nat'l Forest; 860m","Union","GA","GRG","JPD","592-a,b","M","ASY","7.5x6",9,"partial",61.1,50.1,3.1,3.9,10.8,7,NA,NA,"blue",10,13.1,2,2,2,2,NA,"","","GA.Union","South",34.76412,-84.00542,18.95
"612886","t",0.0404334234170205,0.00706356380626549,0.0376515123125198,0.00767291893598742,0.0424181080308003,0.00768525128505363,0.0506974928002651,0.00799111958208403,0.0368987263066299,0.00980220631158151,0.0404334234170205,0.00706356380626549,117.222743479077,2624,"Setophaga caerulescens","10-Jun-89",10,"Jun",89,"West Cooper Creek; 2mi S. Little Bald Mtn; Chattahoochee Nat'l Forest; 860m","Union","GA","GRG","JPD","592-a,b","M","ASY","7.5x6",9,"partial",61.1,50.1,3.1,3.9,10.8,7,NA,NA,"blue",10,13.1,2,2,2,2,NA,"","","GA.Union","South",34.76412,-84.00542,18.95
"612886","w",0.409326147144438,0.107425043978175,0.418626176260972,0.114800167124894,0.415224357467946,0.109863459747876,0.346473848707066,0.0781802811410023,0.406692936985746,0.0892608697541666,0.409326147144438,0.107425043978175,23.7643085006568,2624,"Setophaga caerulescens","10-Jun-89",10,"Jun",89,"West Cooper Creek; 2mi S. Little Bald Mtn; Chattahoochee Nat'l Forest; 860m","Union","GA","GRG","JPD","592-a,b","M","ASY","7.5x6",9,"partial",61.1,50.1,3.1,3.9,10.8,7,NA,NA,"blue",10,13.1,2,2,2,2,NA,"","","GA.Union","South",34.76412,-84.00542,18.95
"612889","c",0.0659838346078399,0.0222203725608741,0.0544527613348309,0.0187617615588835,0.0710487222506918,0.0230658688173698,0.0786204706549105,0.026701298117313,0.127092282164238,0.038545085819415,0.0659838346078399,0.0222203725608741,73.0868830925127,2627,"Setophaga caerulescens","10-Jun-89",10,"Jun",89,"Cooper Creek; 2mi SW Little Bald Mtn; Chattahoochee Nat'l Forest; 720m","Union","GA","GRG","CJD","595-a,b","M","ASY","7x5, 5x4",9.6,"partial",60.7,52.3,3.1,4.3,10.9,7,NA,NA,"blue",15.9,14.2,2,2,2,2,NA,"","","GA.Union","South",34.76163,-84.00799,18.27
"612889","m",0.0538212845343077,0.00856460864731169,0.0486557629089776,0.00748842225095063,0.0560261239601034,0.00918306156792098,0.0669600869572618,0.0109803384703922,0.0704511483650154,0.0157314771927263,0.0538212845343077,0.00856460864731169,25.2289985613311,2627,"Setophaga caerulescens","10-Jun-89",10,"Jun",89,"Cooper Creek; 2mi SW Little Bald Mtn; Chattahoochee Nat'l Forest; 720m","Union","GA","GRG","CJD","595-a,b","M","ASY","7x5, 5x4",9.6,"partial",60.7,52.3,3.1,4.3,10.9,7,NA,NA,"blue",15.9,14.2,2,2,2,2,NA,"","","GA.Union","South",34.76163,-84.00799,18.27
"612889","o",0.0600049629452314,0.00989479837205558,0.0587071010430266,0.0117495193649532,0.062001686670957,0.0103552912582173,0.0671053848282742,0.00782795580400975,0.073284499206623,0.0118306083997165,0.0600049629452314,0.00989479837205558,9.72039782323137,2627,"Setophaga caerulescens","10-Jun-89",10,"Jun",89,"Cooper Creek; 2mi SW Little Bald Mtn; Chattahoochee Nat'l Forest; 720m","Union","GA","GRG","CJD","595-a,b","M","ASY","7x5, 5x4",9.6,"partial",60.7,52.3,3.1,4.3,10.9,7,NA,NA,"blue",15.9,14.2,2,2,2,2,NA,"","","GA.Union","South",34.76163,-84.00799,18.27
"612889","t",0.0441434290170577,0.00838091215709853,0.0411881732416899,0.00901713446122262,0.0460910024998619,0.00922435510375731,0.0547171530431985,0.00897807281715477,0.0470857644978835,0.0117780935490941,0.0441434290170577,0.00838091215709853,152.82266841809,2627,"Setophaga caerulescens","10-Jun-89",10,"Jun",89,"Cooper Creek; 2mi SW Little Bald Mtn; Chattahoochee Nat'l Forest; 720m","Union","GA","GRG","CJD","595-a,b","M","ASY","7x5, 5x4",9.6,"partial",60.7,52.3,3.1,4.3,10.9,7,NA,NA,"blue",15.9,14.2,2,2,2,2,NA,"","","GA.Union","South",34.76163,-84.00799,18.27
"612889","w",0.505201387426074,0.132083017713949,0.516725806082144,0.138268780746639,0.512148610394873,0.134350054229581,0.419208007868844,0.0982999625859545,0.505714462389731,0.107912056044204,0.505201387426074,0.132083017713949,54.9844248451867,2627,"Setophaga caerulescens","10-Jun-89",10,"Jun",89,"Cooper Creek; 2mi SW Little Bald Mtn; Chattahoochee Nat'l Forest; 720m","Union","GA","GRG","CJD","595-a,b","M","ASY","7x5, 5x4",9.6,"partial",60.7,52.3,3.1,4.3,10.9,7,NA,NA,"blue",15.9,14.2,2,2,2,2,NA,"","","GA.Union","South",34.76163,-84.00799,18.27
"612890","c",0.0402413361343933,0.0165861277700717,0.0340995961709308,0.0143621311289775,0.0441306554252863,0.0181325759666289,0.0490399005526465,0.0189847216658044,0.0702580194406764,0.0250079627138166,0.0402413361343933,0.0165861277700717,62.6991930943892,2628,"Setophaga caerulescens","10-Jun-89",10,"Jun",89,"Cooper Creek; 2mi SW Little Bald Mtn; Chattahoochee Nat'l Forest; 720m","Union","GA","GRG","JPD","596-a,b","M","SY","6.5x5",9.1,"partial",60.8,49.2,3.1,4.1,11.3,7.8,NA,NA,"green",14.3,13.2,NA,2,2,2,NA,"","","GA.Union","South",34.76412,-84.00542,19.11
"612890","m",0.0672889313760605,0.0103393986044687,0.061981354491971,0.0129669059459736,0.0697338268219303,0.0152099189905431,0.0798871136409677,0.0226424067836041,0.0944672821920316,0.0124866597222771,0.0672889313760605,0.0103393986044687,24.9995621442422,2628,"Setophaga caerulescens","10-Jun-89",10,"Jun",89,"Cooper Creek; 2mi SW Little Bald Mtn; Chattahoochee Nat'l Forest; 720m","Union","GA","GRG","JPD","596-a,b","M","SY","6.5x5",9.1,"partial",60.8,49.2,3.1,4.1,11.3,7.8,NA,NA,"green",14.3,13.2,NA,2,2,2,NA,"","","GA.Union","South",34.76412,-84.00542,19.11
"612890","o",0.0573243948122716,0.0114845729598683,0.0561913691441867,0.0130899972164551,0.0588997403932638,0.0129876534237674,0.0661498417784622,0.0132622070612305,0.0644943932728196,0.0127873432056537,0.0573243948122716,0.0114845729598683,24.0420341527491,2628,"Setophaga caerulescens","10-Jun-89",10,"Jun",89,"Cooper Creek; 2mi SW Little Bald Mtn; Chattahoochee Nat'l Forest; 720m","Union","GA","GRG","JPD","596-a,b","M","SY","6.5x5",9.1,"partial",60.8,49.2,3.1,4.1,11.3,7.8,NA,NA,"green",14.3,13.2,NA,2,2,2,NA,"","","GA.Union","South",34.76412,-84.00542,19.11
"612890","t",0.0417392064102083,0.0089616145387515,0.0387248117295176,0.0101429606203704,0.0436277537303497,0.00960468257039103,0.0521094491762321,0.00891758341649692,0.0390623757942677,0.011490755492011,0.0417392064102083,0.0089616145387515,95.618690185776,2628,"Setophaga caerulescens","10-Jun-89",10,"Jun",89,"Cooper Creek; 2mi SW Little Bald Mtn; Chattahoochee Nat'l Forest; 720m","Union","GA","GRG","JPD","596-a,b","M","SY","6.5x5",9.1,"partial",60.8,49.2,3.1,4.1,11.3,7.8,NA,NA,"green",14.3,13.2,NA,2,2,2,NA,"","","GA.Union","South",34.76412,-84.00542,19.11
"612890","w",0.342682588709567,0.0917904788108838,0.345912849999901,0.0910946617771723,0.349846618312293,0.0942808956318721,0.293948591769414,0.0817731059582545,0.379999180252646,0.10092252120948,0.342682588709567,0.0917904788108838,42.4312253706136,2628,"Setophaga caerulescens","10-Jun-89",10,"Jun",89,"Cooper Creek; 2mi SW Little Bald Mtn; Chattahoochee Nat'l Forest; 720m","Union","GA","GRG","JPD","596-a,b","M","SY","6.5x5",9.1,"partial",60.8,49.2,3.1,4.1,11.3,7.8,NA,NA,"green",14.3,13.2,NA,2,2,2,NA,"","","GA.Union","South",34.76412,-84.00542,19.11
"612897","c",0.0745948400567564,0.0274685030842052,0.0605655016963269,0.0228620399783508,0.0780085859842711,0.0282194013656683,0.0951534861651631,0.0355384884108132,0.154761923060737,0.0526647385125495,0.0745948400567564,0.0274685030842052,75.5571401763933,2601,"Setophaga caerulescens","23-Jun-89",23,"Jun",89,"George Creek, 1mi S Ripshin Lake, Cherokee Nat'l Forest; 1100m","Carter","TN","GRG","JPD","T-569-a,b","M","ASY","8x5",9,"partial",63.6,53.3,3.1,3.8,10.4,6.5,NA,NA,"blue",12.2,13,2,2,2,2,NA,"","wingspot missing primary- not measured","TN.Carter","South",36.16526,-82.13095,19.14
"612897","m",0.0526952261105745,0.0123853830667211,0.0477155514723795,0.0115335518377644,0.0535592481458819,0.0140204808455134,0.0704236455543123,0.0174032399789187,0.0816485886544438,0.0163586303510756,0.0526952261105745,0.0123853830667211,25.3671107775067,2601,"Setophaga caerulescens","23-Jun-89",23,"Jun",89,"George Creek, 1mi S Ripshin Lake, Cherokee Nat'l Forest; 1100m","Carter","TN","GRG","JPD","T-569-a,b","M","ASY","8x5",9,"partial",63.6,53.3,3.1,3.8,10.4,6.5,NA,NA,"blue",12.2,13,2,2,2,2,NA,"","wingspot missing primary- not measured","TN.Carter","South",36.16526,-82.13095,19.14
"612897","o",0.0653905476129761,0.0114028091668783,0.0642502627298788,0.0131538991152116,0.0657358389821284,0.0124333042952897,0.0774898001467371,0.0124965141990074,0.0837354620070355,0.00636525858168841,0.0653905476129761,0.0114028091668783,0.899981234753237,2601,"Setophaga caerulescens","23-Jun-89",23,"Jun",89,"George Creek, 1mi S Ripshin Lake, Cherokee Nat'l Forest; 1100m","Carter","TN","GRG","JPD","T-569-a,b","M","ASY","8x5",9,"partial",63.6,53.3,3.1,3.8,10.4,6.5,NA,NA,"blue",12.2,13,2,2,2,2,NA,"","wingspot missing primary- not measured","TN.Carter","South",36.16526,-82.13095,19.14
"612897","t",0.0466620377286812,0.0076616973195618,0.0425971911611987,0.00891848446835932,0.0482366486968321,0.00903016011039246,0.060471498112407,0.0115342820477992,0.063572957574012,0.00863419028920943,0.0466620377286812,0.0076616973195618,143.669731656971,2601,"Setophaga caerulescens","23-Jun-89",23,"Jun",89,"George Creek, 1mi S Ripshin Lake, Cherokee Nat'l Forest; 1100m","Carter","TN","GRG","JPD","T-569-a,b","M","ASY","8x5",9,"partial",63.6,53.3,3.1,3.8,10.4,6.5,NA,NA,"blue",12.2,13,2,2,2,2,NA,"","wingspot missing primary- not measured","TN.Carter","South",36.16526,-82.13095,19.14
"612897","w",0.356011603087548,0.0749459658780766,0.351665844723319,0.0718975363361695,0.355995882608632,0.075631469691813,0.337245322430537,0.0742458411028422,0.387023726120858,0.0779725123927351,0.356011603087548,0.0749459658780766,12.8301745167949,2601,"Setophaga caerulescens","23-Jun-89",23,"Jun",89,"George Creek, 1mi S Ripshin Lake, Cherokee Nat'l Forest; 1100m","Carter","TN","GRG","JPD","T-569-a,b","M","ASY","8x5",9,"partial",63.6,53.3,3.1,3.8,10.4,6.5,NA,NA,"blue",12.2,13,2,2,2,2,NA,"","wingspot missing primary- not measured","TN.Carter","South",36.16526,-82.13095,19.14
"612898","c",0.0578547525110797,0.0235634892657466,0.0468552321888873,0.0210632956732489,0.0613727934708492,0.0250091477092772,0.0739873115119187,0.0261083128919859,0.108860862080203,0.0461494528077472,0.0578547525110797,0.0235634892657466,53.7136423343967,2602,"Setophaga caerulescens","23-Jun-89",23,"Jun",89,"George Creek, 1mi S Ripshin Lake, Cherokee Nat'l Forest; 1100m","Carter","TN","GRG","JPD","T-570-a,b","M","ASY","8x6",8.95,"partial",65.3,53.7,3.2,3.7,10.6,7.9,17.9,NA,"blue",14.8,13.7,2,2,2,2,NA,"tail molt","","TN.Carter","South",36.16526,-82.13095,19.7
"612898","m",0.0586483577650452,0.0106534734807805,0.0533433530457882,0.00929332639580571,0.0598501057786587,0.0118348427476974,0.075494087459264,0.0153999901804693,0.0855158348364995,0.0142541621071466,0.0586483577650452,0.0106534734807805,25.7451679489585,2602,"Setophaga caerulescens","23-Jun-89",23,"Jun",89,"George Creek, 1mi S Ripshin Lake, Cherokee Nat'l Forest; 1100m","Carter","TN","GRG","JPD","T-570-a,b","M","ASY","8x6",8.95,"partial",65.3,53.7,3.2,3.7,10.6,7.9,17.9,NA,"blue",14.8,13.7,2,2,2,2,NA,"tail molt","","TN.Carter","South",36.16526,-82.13095,19.7
"612898","o",0.0675156709642985,0.0101124123474084,0.0648009319499699,0.0101297488019794,0.0688791025587893,0.0115395454984194,0.0790034493411151,0.0131243497829699,0.0934933701978838,0.0116290920361843,0.0675156709642985,0.0101124123474084,2.93188215425033,2602,"Setophaga caerulescens","23-Jun-89",23,"Jun",89,"George Creek, 1mi S Ripshin Lake, Cherokee Nat'l Forest; 1100m","Carter","TN","GRG","JPD","T-570-a,b","M","ASY","8x6",8.95,"partial",65.3,53.7,3.2,3.7,10.6,7.9,17.9,NA,"blue",14.8,13.7,2,2,2,2,NA,"tail molt","","TN.Carter","South",36.16526,-82.13095,19.7
"612898","t",0.0501807120945222,0.0119647247569621,0.0460270348708174,0.0139636781302317,0.0517902999207059,0.0125753702493153,0.0637150127062075,0.0120831502199903,0.0664054552787047,0.0111686175143678,0.0501807120945222,0.0119647247569621,101.625070369675,2602,"Setophaga caerulescens","23-Jun-89",23,"Jun",89,"George Creek, 1mi S Ripshin Lake, Cherokee Nat'l Forest; 1100m","Carter","TN","GRG","JPD","T-570-a,b","M","ASY","8x6",8.95,"partial",65.3,53.7,3.2,3.7,10.6,7.9,17.9,NA,"blue",14.8,13.7,2,2,2,2,NA,"tail molt","","TN.Carter","South",36.16526,-82.13095,19.7
"612898","w",0.443112563276907,0.127072561668928,0.448042506173449,0.129813101884011,0.444057767784343,0.128870726678437,0.39066994015645,0.106237601745365,0.470592521531459,0.119532474649275,0.443112563276907,0.127072561668928,42.3291424282229,2602,"Setophaga caerulescens","23-Jun-89",23,"Jun",89,"George Creek, 1mi S Ripshin Lake, Cherokee Nat'l Forest; 1100m","Carter","TN","GRG","JPD","T-570-a,b","M","ASY","8x6",8.95,"partial",65.3,53.7,3.2,3.7,10.6,7.9,17.9,NA,"blue",14.8,13.7,2,2,2,2,NA,"tail molt","","TN.Carter","South",36.16526,-82.13095,19.7
"612907","c",0.0790338856229465,0.0305966890274485,0.0641353167329925,0.0260438260517127,0.0833138034104556,0.0334071052033534,0.0980287495505996,0.0385362993163814,0.167697310192585,0.0495739341328776,0.0790338856229465,0.0305966890274485,84.5246762994933,2657,"Setophaga caerulescens","19-Jun-89",19,"Jun",89,"Right prong Rock Creek; 4mi SE Erwin, Cherokee Nat'l Forest; 960m","Unicoi","TN","GRG","CJD","625-a,b","M","ASY","7x6, 5x5",9.9,"partial",60.9,55.3,3,NA,11.5,7.2,NA,NA,"blue",16.1,17.3,3,4,2,3,NA,"broken nares","wing spot misaligned, auto-align","TN.Unicoi","South",36.13795,-82.33957,19.34
"612907","m",0.0754446035795909,0.0186111196499909,0.0677475965834745,0.0140093167204268,0.0778692204501787,0.0206572954729071,0.0913171736410168,0.0242723125239296,0.120677626499604,0.0158945683715709,0.0754446035795909,0.0186111196499909,25.1371739538375,2657,"Setophaga caerulescens","19-Jun-89",19,"Jun",89,"Right prong Rock Creek; 4mi SE Erwin, Cherokee Nat'l Forest; 960m","Unicoi","TN","GRG","CJD","625-a,b","M","ASY","7x6, 5x5",9.9,"partial",60.9,55.3,3,NA,11.5,7.2,NA,NA,"blue",16.1,17.3,3,4,2,3,NA,"broken nares","wing spot misaligned, auto-align","TN.Unicoi","South",36.13795,-82.33957,19.34
"612907","o",0.101919387505884,0.0297807226773693,0.106704618016475,0.0356311337915881,0.102664104280368,0.0303426618435894,0.0998608625626351,0.0208813395131201,0.110387758073025,0.0174480410090026,0.101919387505884,0.0297807226773693,1.78269844248452,2657,"Setophaga caerulescens","19-Jun-89",19,"Jun",89,"Right prong Rock Creek; 4mi SE Erwin, Cherokee Nat'l Forest; 960m","Unicoi","TN","GRG","CJD","625-a,b","M","ASY","7x6, 5x5",9.9,"partial",60.9,55.3,3,NA,11.5,7.2,NA,NA,"blue",16.1,17.3,3,4,2,3,NA,"broken nares","wing spot misaligned, auto-align","TN.Unicoi","South",36.13795,-82.33957,19.34
"612907","t",0.0406127449112377,0.00533390207833564,0.0356208105964078,0.00599022945899227,0.0422668451558741,0.00669206834019854,0.0560952376261388,0.00919165546434505,0.0597327339901183,0.00684795000165097,0.0406127449112377,0.00533390207833564,87.2786639144305,2657,"Setophaga caerulescens","19-Jun-89",19,"Jun",89,"Right prong Rock Creek; 4mi SE Erwin, Cherokee Nat'l Forest; 960m","Unicoi","TN","GRG","CJD","625-a,b","M","ASY","7x6, 5x5",9.9,"partial",60.9,55.3,3,NA,11.5,7.2,NA,NA,"blue",16.1,17.3,3,4,2,3,NA,"broken nares","wing spot misaligned, auto-align","TN.Unicoi","South",36.13795,-82.33957,19.34
"612907","w",0.49247335820364,0.109749001303873,0.506892168798716,0.116088395286407,0.49955079520782,0.113498365621453,0.407715276745079,0.0805551173883378,0.453399806594413,0.0754511017598673,0.49247335820364,0.109749001303873,49.6520923250141,2657,"Setophaga caerulescens","19-Jun-89",19,"Jun",89,"Right prong Rock Creek; 4mi SE Erwin, Cherokee Nat'l Forest; 960m","Unicoi","TN","GRG","CJD","625-a,b","M","ASY","7x6, 5x5",9.9,"partial",60.9,55.3,3,NA,11.5,7.2,NA,NA,"blue",16.1,17.3,3,4,2,3,NA,"broken nares","wing spot misaligned, auto-align","TN.Unicoi","South",36.13795,-82.33957,19.34
"612911","c",0.0690757015633959,0.0220452293253997,0.0580322441705106,0.021772198872032,0.072191140905315,0.0228002580049664,0.0863692961741642,0.0228277069381843,0.12856236258958,0.0446911341510781,0.0690757015633959,0.0220452293253997,59.3289547757553,2664,"Setophaga caerulescens","22-Jun-89",22,"Jun",89,"George Creek, 1mi SE Ripshin Lake, Cherokee Nat'l Forest; 1090m","Carter","TN","GRG","JPD","T-632-a,b","M","ASY","6.5x5.5",10.1,"partial",65.6,56,3,4.2,10.5,7,NA,NA,"blue",13.5,13.8,3,2,2,2,NA,"","","TN.Carter","South",36.16526,-82.13095,19.84
"612911","m",0.0527910683244829,0.00926849497744692,0.0453648424439154,0.00790494080974005,0.0550187352147574,0.009684446953172,0.0700402764577967,0.0135242904341293,0.0848073948241579,0.0149903878011656,0.0527910683244829,0.00926849497744692,25.0003127541127,2664,"Setophaga caerulescens","22-Jun-89",22,"Jun",89,"George Creek, 1mi SE Ripshin Lake, Cherokee Nat'l Forest; 1090m","Carter","TN","GRG","JPD","T-632-a,b","M","ASY","6.5x5.5",10.1,"partial",65.6,56,3,4.2,10.5,7,NA,NA,"blue",13.5,13.8,3,2,2,2,NA,"","","TN.Carter","South",36.16526,-82.13095,19.84
"612911","o",0.085080354950421,0.0672447444536869,0.0857753269285685,0.0721308404118133,0.0858320477546021,0.0678096273564905,0.0907772825469019,0.0537947748943087,0.0967379532929371,0.0359758147452429,0.085080354950421,0.0672447444536869,7.43103771814599,2664,"Setophaga caerulescens","22-Jun-89",22,"Jun",89,"George Creek, 1mi SE Ripshin Lake, Cherokee Nat'l Forest; 1090m","Carter","TN","GRG","JPD","T-632-a,b","M","ASY","6.5x5.5",10.1,"partial",65.6,56,3,4.2,10.5,7,NA,NA,"blue",13.5,13.8,3,2,2,2,NA,"","","TN.Carter","South",36.16526,-82.13095,19.84
"612911","t",0.0444408172169044,0.00862344755295292,0.0405065236254366,0.0102397232073727,0.045703474838112,0.00945657351841129,0.059092906397641,0.010403580318995,0.0620844629134694,0.00761816981852956,0.0444408172169044,0.00862344755295292,141.410395946707,2664,"Setophaga caerulescens","22-Jun-89",22,"Jun",89,"George Creek, 1mi SE Ripshin Lake, Cherokee Nat'l Forest; 1090m","Carter","TN","GRG","JPD","T-632-a,b","M","ASY","6.5x5.5",10.1,"partial",65.6,56,3,4.2,10.5,7,NA,NA,"blue",13.5,13.8,3,2,2,2,NA,"","","TN.Carter","South",36.16526,-82.13095,19.84
"612911","w",0.43084950073671,0.135608753595705,0.44671341434368,0.145013679389068,0.434070605837076,0.138243737802155,0.365690411327465,0.102360525373796,0.381617815837162,0.0786782180983279,0.43084950073671,0.135608753595705,35.1337962094202,2664,"Setophaga caerulescens","22-Jun-89",22,"Jun",89,"George Creek, 1mi SE Ripshin Lake, Cherokee Nat'l Forest; 1090m","Carter","TN","GRG","JPD","T-632-a,b","M","ASY","6.5x5.5",10.1,"partial",65.6,56,3,4.2,10.5,7,NA,NA,"blue",13.5,13.8,3,2,2,2,NA,"","","TN.Carter","South",36.16526,-82.13095,19.84
"612912","c",0.0702541783187642,0.0241709062237351,0.057162993688342,0.0195285091192577,0.0742510960229561,0.027165411464249,0.0874303067369575,0.0295880880203099,0.139807482447651,0.0345938661656267,0.0702541783187642,0.0241709062237351,61.9493338337399,2665,"Setophaga caerulescens","22-Jun-89",22,"Jun",89,"George Creek, 1mi S Ripshin Lake, Cherokee Nat'l Forest; 1100m","Carter","TN","GRG","JPD","633-a,b","M","ASY","8x6, 7x6",9.25,"partial",64.9,49.5,2.9,4.5,10.4,6.6,NA,NA,"blue",13.4,14.9,2,2,2,2,NA,"","auto-align; dorsal manually aligned","TN.Carter","South",36.17533,-82.12236,18.48
"612912","m",0.0510237662109494,0.00844657279127781,0.0435880486999342,0.0081253757510419,0.0534407655268623,0.00958956224568009,0.0676836984552279,0.0132687757357896,0.0719301080438668,0.0141003884729009,0.0510237662109494,0.00844657279127781,26.9158691436792,2665,"Setophaga caerulescens","22-Jun-89",22,"Jun",89,"George Creek, 1mi S Ripshin Lake, Cherokee Nat'l Forest; 1100m","Carter","TN","GRG","JPD","633-a,b","M","ASY","8x6, 7x6",9.25,"partial",64.9,49.5,2.9,4.5,10.4,6.6,NA,NA,"blue",13.4,14.9,2,2,2,2,NA,"","auto-align; dorsal manually aligned","TN.Carter","South",36.17533,-82.12236,18.48
"612912","o",0.0721987581977138,0.0165636236359134,0.0625135774238591,0.0138514437752528,0.0748793287965235,0.0174213256961819,0.0907293114098445,0.0224380495211959,0.113920570429366,0.0321510259028811,0.0721987581977138,0.0165636236359134,63.7950835053481,2665,"Setophaga caerulescens","22-Jun-89",22,"Jun",89,"George Creek, 1mi S Ripshin Lake, Cherokee Nat'l Forest; 1100m","Carter","TN","GRG","JPD","633-a,b","M","ASY","8x6, 7x6",9.25,"partial",64.9,49.5,2.9,4.5,10.4,6.6,NA,NA,"blue",13.4,14.9,2,2,2,2,NA,"","auto-align; dorsal manually aligned","TN.Carter","South",36.17533,-82.12236,18.48
"612912","t",0.0485850630834244,0.0110261974755297,0.0448742086271418,0.0140172344026112,0.0502659219483321,0.0118131494900689,0.0615047796914703,0.0101216632343224,0.0662250021437292,0.00890739290977024,0.0485850630834244,0.0110261974755297,156.653030587352,2665,"Setophaga caerulescens","22-Jun-89",22,"Jun",89,"George Creek, 1mi S Ripshin Lake, Cherokee Nat'l Forest; 1100m","Carter","TN","GRG","JPD","633-a,b","M","ASY","8x6, 7x6",9.25,"partial",64.9,49.5,2.9,4.5,10.4,6.6,NA,NA,"blue",13.4,14.9,2,2,2,2,NA,"","auto-align; dorsal manually aligned","TN.Carter","South",36.17533,-82.12236,18.48
"612912","w",0.47154134770861,0.113188023021684,0.480023768719508,0.116959366676727,0.478349450543534,0.117172821582378,0.403176818632249,0.0867716765077776,0.430603606333027,0.178633096566217,0.47154134770861,0.113188023021684,41.3983861887784,2665,"Setophaga caerulescens","22-Jun-89",22,"Jun",89,"George Creek, 1mi S Ripshin Lake, Cherokee Nat'l Forest; 1100m","Carter","TN","GRG","JPD","633-a,b","M","ASY","8x6, 7x6",9.25,"partial",64.9,49.5,2.9,4.5,10.4,6.6,NA,NA,"blue",13.4,14.9,2,2,2,2,NA,"","auto-align; dorsal manually aligned","TN.Carter","South",36.17533,-82.12236,18.48
"612914","c",0.082452569714501,0.0345055995391963,0.066054597690625,0.0296058686228412,0.0872329917569727,0.0374229069225407,0.101689843081557,0.0375283003169443,0.171139640555153,0.0524116745192723,0.082452569714501,0.0345055995391963,57.4839557140176,2667,"Setophaga caerulescens","23-Jun-89",23,"Jun",89,"George Creek, 1mi S Ripshin Lake, Cherokee Nat'l Forest; 1100m","Carter","TN","GRG","CJD","T-635-a,b","M","ASY","10x7, 5x6",9.2,"partial",62.9,54,2.7,4.1,10.2,7,NA,NA,"blue",16.1,17.1,2,2,2,2,NA,"","","TN.Carter","South",36.16526,-82.13095,NA
"612914","m",0.0459116767887488,0.00774927532759044,0.0333246049842908,0.00713965538008828,0.050663864451545,0.00840335248871324,0.0622737135169772,0.0108781494926915,0.071032363214218,0.00928037855497658,0.0459116767887488,0.00774927532759044,25.321323575405,2667,"Setophaga caerulescens","23-Jun-89",23,"Jun",89,"George Creek, 1mi S Ripshin Lake, Cherokee Nat'l Forest; 1100m","Carter","TN","GRG","CJD","T-635-a,b","M","ASY","10x7, 5x6",9.2,"partial",62.9,54,2.7,4.1,10.2,7,NA,NA,"blue",16.1,17.1,2,2,2,2,NA,"","","TN.Carter","South",36.16526,-82.13095,NA
"612914","o",0.0592701494786788,0.0189991694277698,0.0567798574857571,0.0212353566662443,0.0604020506824599,0.0194921101239225,0.0712994216680444,0.0161480624705371,0.0830067092452712,0.0125427127006536,0.0592701494786788,0.0189991694277698,41.5402514543066,2667,"Setophaga caerulescens","23-Jun-89",23,"Jun",89,"George Creek, 1mi S Ripshin Lake, Cherokee Nat'l Forest; 1100m","Carter","TN","GRG","CJD","T-635-a,b","M","ASY","10x7, 5x6",9.2,"partial",62.9,54,2.7,4.1,10.2,7,NA,NA,"blue",16.1,17.1,2,2,2,2,NA,"","","TN.Carter","South",36.16526,-82.13095,NA
"612914","t",0.0420205577367948,0.00587427228449519,0.0374926055157869,0.0068293729882106,0.043626330759244,0.00689062015439338,0.0569026751418032,0.00888377178830032,0.0618748497487519,0.00868131182783338,0.0420205577367948,0.00587427228449519,171.256145618315,2667,"Setophaga caerulescens","23-Jun-89",23,"Jun",89,"George Creek, 1mi S Ripshin Lake, Cherokee Nat'l Forest; 1100m","Carter","TN","GRG","CJD","T-635-a,b","M","ASY","10x7, 5x6",9.2,"partial",62.9,54,2.7,4.1,10.2,7,NA,NA,"blue",16.1,17.1,2,2,2,2,NA,"","","TN.Carter","South",36.16526,-82.13095,NA
"612914","w",0.353135111509479,0.100410676220268,0.364372470563854,0.107536517213705,0.355296468815665,0.102527948548763,0.309937172931702,0.0757297279193087,0.330318239193055,0.0696266800078241,0.353135111509479,0.100410676220268,56.1208481891537,2667,"Setophaga caerulescens","23-Jun-89",23,"Jun",89,"George Creek, 1mi S Ripshin Lake, Cherokee Nat'l Forest; 1100m","Carter","TN","GRG","CJD","T-635-a,b","M","ASY","10x7, 5x6",9.2,"partial",62.9,54,2.7,4.1,10.2,7,NA,NA,"blue",16.1,17.1,2,2,2,2,NA,"","","TN.Carter","South",36.16526,-82.13095,NA
"612915","c",0.0647333258420631,0.0191674779491485,0.0553572622559314,0.0198808222580225,0.0684498392931245,0.019704177170776,0.0775367395112218,0.0182986196660859,0.108824500085993,0.0355877328591818,0.0647333258420631,0.0191674779491485,84.453368361794,2668,"Setophaga caerulescens","23-Jun-89",23,"Jun",89,"George Creek, 1mi S Ripshin Lake, Cherokee Nat'l Forest; 1100m","Carter","TN","GRG","CJD","T-636-a,b","M","ASY","7x5, 5x5",10.2,"partial",65.4,53,2.8,4.1,10.6,6.5,NA,NA,"blue",14.9,17.9,2,2,2,2,NA,"","auto-align","TN.Carter","South",36.16526,-82.13095,19.79
"612915","m",0.0514888990355571,0.0122612797890936,0.0362353102058206,0.0107624544569607,0.0566954889338151,0.0127991151595026,0.0696994481857037,0.0158263625523185,0.0819370685142715,0.0138601030356549,0.0514888990355571,0.0122612797890936,25.4591855882905,2668,"Setophaga caerulescens","23-Jun-89",23,"Jun",89,"George Creek, 1mi S Ripshin Lake, Cherokee Nat'l Forest; 1100m","Carter","TN","GRG","CJD","T-636-a,b","M","ASY","7x5, 5x5",10.2,"partial",65.4,53,2.8,4.1,10.6,6.5,NA,NA,"blue",14.9,17.9,2,2,2,2,NA,"","auto-align","TN.Carter","South",36.16526,-82.13095,19.79
"612915","o",0.0886975330541213,0.0670295792344485,0.0894326020858293,0.0728221547650012,0.090007383348168,0.0676275642749177,0.0926510814886804,0.0505882736326984,0.102357388814177,0.0311603519171784,0.0886975330541213,0.0670295792344485,28.1613811221618,2668,"Setophaga caerulescens","23-Jun-89",23,"Jun",89,"George Creek, 1mi S Ripshin Lake, Cherokee Nat'l Forest; 1100m","Carter","TN","GRG","CJD","T-636-a,b","M","ASY","7x5, 5x5",10.2,"partial",65.4,53,2.8,4.1,10.6,6.5,NA,NA,"blue",14.9,17.9,2,2,2,2,NA,"","auto-align","TN.Carter","South",36.16526,-82.13095,19.79
"612915","t",0.0428154149816172,0.00675178705992322,0.0388087278265365,0.00768674960305966,0.0442847596174797,0.00802297745120296,0.0578602611823791,0.0103521526681999,0.0597282438999454,0.00638113129767831,0.0428154149816172,0.00675178705992322,129.012572715331,2668,"Setophaga caerulescens","23-Jun-89",23,"Jun",89,"George Creek, 1mi S Ripshin Lake, Cherokee Nat'l Forest; 1100m","Carter","TN","GRG","CJD","T-636-a,b","M","ASY","7x5, 5x5",10.2,"partial",65.4,53,2.8,4.1,10.6,6.5,NA,NA,"blue",14.9,17.9,2,2,2,2,NA,"","auto-align","TN.Carter","South",36.16526,-82.13095,19.79
"612915","w",0.460809898108014,0.134614830996505,0.476045547493728,0.142012071418874,0.463570215929974,0.136566272228764,0.391032089956047,0.103132550773824,0.426927292681154,0.0899007121822127,0.460809898108014,0.134614830996505,45.3886282604616,2668,"Setophaga caerulescens","23-Jun-89",23,"Jun",89,"George Creek, 1mi S Ripshin Lake, Cherokee Nat'l Forest; 1100m","Carter","TN","GRG","CJD","T-636-a,b","M","ASY","7x5, 5x5",10.2,"partial",65.4,53,2.8,4.1,10.6,6.5,NA,NA,"blue",14.9,17.9,2,2,2,2,NA,"","auto-align","TN.Carter","South",36.16526,-82.13095,19.79
"612916","c",0.0813090637478849,0.0255900407845419,0.0675814381248815,0.0261783256133915,0.084711337702553,0.0264407031813877,0.101256678634944,0.028334383734363,0.16131053758049,0.0576206194694449,0.0813090637478849,0.0255900407845419,55.0932632764121,2669,"Setophaga caerulescens","23-Jun-89",23,"Jun",89,"George Creek, 1mi S Ripshin Lake, Cherokee Nat'l Forest; 1100m","Carter","TN","GRG","JPD","637-a,b","M","ASY","8.5x6, 6.5x5",9.6,"partial",63.3,52,2.8,4.2,10.6,6.6,NA,NA,"blue",14.6,15.8,2,2,2,2,NA,"","auto-align","TN.Carter","South",36.17533,-82.12236,NA
"612916","m",0.0566000665287827,0.0126918061999962,0.0488331098289125,0.0107006662006627,0.0584809866362307,0.014092947573998,0.0758945764008445,0.018493348938822,0.097973522528626,0.017901832050861,0.0566000665287827,0.0126918061999962,24.636767373491,2669,"Setophaga caerulescens","23-Jun-89",23,"Jun",89,"George Creek, 1mi S Ripshin Lake, Cherokee Nat'l Forest; 1100m","Carter","TN","GRG","JPD","637-a,b","M","ASY","8.5x6, 6.5x5",9.6,"partial",63.3,52,2.8,4.2,10.6,6.6,NA,NA,"blue",14.6,15.8,2,2,2,2,NA,"","auto-align","TN.Carter","South",36.17533,-82.12236,NA
"612916","o",0.0672931018231926,0.0204839833463566,0.0589858581708425,0.0160058775090671,0.0694274441861015,0.022774717662872,0.0855596605339893,0.02656087539107,0.112349170230335,0.0328072486042163,0.0672931018231926,0.0204839833463566,42.6474010133233,2669,"Setophaga caerulescens","23-Jun-89",23,"Jun",89,"George Creek, 1mi S Ripshin Lake, Cherokee Nat'l Forest; 1100m","Carter","TN","GRG","JPD","637-a,b","M","ASY","8.5x6, 6.5x5",9.6,"partial",63.3,52,2.8,4.2,10.6,6.6,NA,NA,"blue",14.6,15.8,2,2,2,2,NA,"","auto-align","TN.Carter","South",36.17533,-82.12236,NA
"612916","t",0.0427393076984299,0.0101670435322498,0.0377059865765643,0.0106731626400465,0.0443267006157668,0.0110895401121171,0.0582344019267971,0.0123492688880914,0.061492453797306,0.014118558219908,0.0427393076984299,0.0101670435322498,169.273784950272,2669,"Setophaga caerulescens","23-Jun-89",23,"Jun",89,"George Creek, 1mi S Ripshin Lake, Cherokee Nat'l Forest; 1100m","Carter","TN","GRG","JPD","637-a,b","M","ASY","8.5x6, 6.5x5",9.6,"partial",63.3,52,2.8,4.2,10.6,6.6,NA,NA,"blue",14.6,15.8,2,2,2,2,NA,"","auto-align","TN.Carter","South",36.17533,-82.12236,NA
"612916","w",0.503808545350687,0.145256529850664,0.515303471654298,0.15281016435114,0.510143088918358,0.149545598567243,0.423314921823534,0.10602444581589,0.463972179276877,0.09647507383667,0.503808545350687,0.145256529850664,46.9078626383937,2669,"Setophaga caerulescens","23-Jun-89",23,"Jun",89,"George Creek, 1mi S Ripshin Lake, Cherokee Nat'l Forest; 1100m","Carter","TN","GRG","JPD","637-a,b","M","ASY","8.5x6, 6.5x5",9.6,"partial",63.3,52,2.8,4.2,10.6,6.6,NA,NA,"blue",14.6,15.8,2,2,2,2,NA,"","auto-align","TN.Carter","South",36.17533,-82.12236,NA
"612917","c",0.0736728747508615,0.0295277003865119,0.0606473960050378,0.0249602030044972,0.0776795673970411,0.0324102255482922,0.0912008823043338,0.0361142707249998,0.14670595465017,0.0441129882190392,0.0736728747508615,0.0295277003865119,67.6254456746106,2670,"Setophaga caerulescens","23-Jun-89",23,"Jun",89,"George Creek, 1mi S Ripshin Lake, Cherokee Nat'l Forest; 1100m","Carter","TN","GRG","JPD","638-a,b","M","SY","6.5x5",9.3,"partial",64.9,54.6,2.8,4.3,10.8,7,NA,NA,"green",7.3,7.9,2,2,2,2,NA,"","auto-align","TN.Carter","South",36.17533,-82.12236,19.59
"612917","m",0.061992520932135,0.0121395155915692,0.0564376944493034,0.0109725505122443,0.0636387661601805,0.013691144005057,0.0775655757202386,0.016820156519976,0.0909470525151918,0.0140372367445903,0.061992520932135,0.0121395155915692,26.3916932507662,2670,"Setophaga caerulescens","23-Jun-89",23,"Jun",89,"George Creek, 1mi S Ripshin Lake, Cherokee Nat'l Forest; 1100m","Carter","TN","GRG","JPD","638-a,b","M","SY","6.5x5",9.3,"partial",64.9,54.6,2.8,4.3,10.8,7,NA,NA,"green",7.3,7.9,2,2,2,2,NA,"","auto-align","TN.Carter","South",36.17533,-82.12236,19.59
"612917","o",0.116241461932885,0.0711857109506206,0.119028584598488,0.0753182565855983,0.117762628369384,0.0715468331644066,0.113418643077977,0.0578423030381231,0.116428835912637,0.0179420686744314,0.116241461932885,0.0711857109506206,18.028898480015,2670,"Setophaga caerulescens","23-Jun-89",23,"Jun",89,"George Creek, 1mi S Ripshin Lake, Cherokee Nat'l Forest; 1100m","Carter","TN","GRG","JPD","638-a,b","M","SY","6.5x5",9.3,"partial",64.9,54.6,2.8,4.3,10.8,7,NA,NA,"green",7.3,7.9,2,2,2,2,NA,"","auto-align","TN.Carter","South",36.17533,-82.12236,19.59
"612917","t",0.0470725362405748,0.0191291208246251,0.0426336134287191,0.0201291463881838,0.0485480224365152,0.0196152391899705,0.0619353777117818,0.018215971036304,0.0621770539407915,0.0129119334247107,0.0470725362405748,0.0191291208246251,148.482642146744,2670,"Setophaga caerulescens","23-Jun-89",23,"Jun",89,"George Creek, 1mi S Ripshin Lake, Cherokee Nat'l Forest; 1100m","Carter","TN","GRG","JPD","638-a,b","M","SY","6.5x5",9.3,"partial",64.9,54.6,2.8,4.3,10.8,7,NA,NA,"green",7.3,7.9,2,2,2,2,NA,"","auto-align","TN.Carter","South",36.17533,-82.12236,19.59
"612917","w",0.312158069835953,0.144704699062432,0.314878254212507,0.149356274959777,0.315982907829769,0.144163877325704,0.281414779060524,0.119153021893288,0.39187059005312,0.0839919144798231,0.312158069835953,0.144704699062432,14.938637643085,2670,"Setophaga caerulescens","23-Jun-89",23,"Jun",89,"George Creek, 1mi S Ripshin Lake, Cherokee Nat'l Forest; 1100m","Carter","TN","GRG","JPD","638-a,b","M","SY","6.5x5",9.3,"partial",64.9,54.6,2.8,4.3,10.8,7,NA,NA,"green",7.3,7.9,2,2,2,2,NA,"","auto-align","TN.Carter","South",36.17533,-82.12236,19.59
"612918","c",0.0629167005381857,0.0245709572308148,0.052592913938083,0.0220869111743411,0.0669573801611942,0.0274785894893175,0.0761740573651464,0.0284265670636761,0.115208784099427,0.0286682201063519,0.0629167005381857,0.0245709572308148,50.4890223306436,2679,"Setophaga caerulescens","20-Jun-89",20,"Jun",89,"Red Fork Indian Creek, 7.5mi E Erwin, Cherokee Nat'l Forest; 1320m","Unicoi","TN","GRG","JPD","647-a,b","M","SY",NA,9.3,"partial",61,NA,2.9,4.1,10.3,6.5,NA,NA,"green",14.1,12,3,4,2,3,NA,"gonads destroyed; tail gone; lower bill projected forward beyond upper bill (preparation)","wing spot misaligned, VR photo blown out on some channels, maybe need to remake, auto-align","TN.Unicoi","South",36.14038,-82.27038,19.04
"612918","m",0.0475225454420208,0.0164941080477357,0.0462769463966126,0.0161464909856992,0.0484186868434526,0.018044511685185,0.0610263351202842,0.0195387947188384,0.0986340243879408,0.0131958098701497,0.0475225454420208,0.0164941080477357,25.504722587102,2679,"Setophaga caerulescens","20-Jun-89",20,"Jun",89,"Red Fork Indian Creek, 7.5mi E Erwin, Cherokee Nat'l Forest; 1320m","Unicoi","TN","GRG","JPD","647-a,b","M","SY",NA,9.3,"partial",61,NA,2.9,4.1,10.3,6.5,NA,NA,"green",14.1,12,3,4,2,3,NA,"gonads destroyed; tail gone; lower bill projected forward beyond upper bill (preparation)","wing spot misaligned, VR photo blown out on some channels, maybe need to remake, auto-align","TN.Unicoi","South",36.14038,-82.27038,19.04
"612918","o",0.0899754323170206,0.0262539018979344,0.0971902612979095,0.0312706088369148,0.0902464648941377,0.0274241840160723,0.0873980294875242,0.0187585037663418,0.105128932135281,0.010584448816278,0.0899754323170206,0.0262539018979344,4.63576656033027,2679,"Setophaga caerulescens","20-Jun-89",20,"Jun",89,"Red Fork Indian Creek, 7.5mi E Erwin, Cherokee Nat'l Forest; 1320m","Unicoi","TN","GRG","JPD","647-a,b","M","SY",NA,9.3,"partial",61,NA,2.9,4.1,10.3,6.5,NA,NA,"green",14.1,12,3,4,2,3,NA,"gonads destroyed; tail gone; lower bill projected forward beyond upper bill (preparation)","wing spot misaligned, VR photo blown out on some channels, maybe need to remake, auto-align","TN.Unicoi","South",36.14038,-82.27038,19.04
"612918","t",0.0375594060957942,0.00623041708241017,0.0344129029055796,0.0073354185448687,0.0380733553461247,0.00761783729701056,0.0549202659369506,0.00999362039095901,0.0608158775120845,0.00599678900193087,0.0375594060957942,0.00623041708241017,79.0947644961531,2679,"Setophaga caerulescens","20-Jun-89",20,"Jun",89,"Red Fork Indian Creek, 7.5mi E Erwin, Cherokee Nat'l Forest; 1320m","Unicoi","TN","GRG","JPD","647-a,b","M","SY",NA,9.3,"partial",61,NA,2.9,4.1,10.3,6.5,NA,NA,"green",14.1,12,3,4,2,3,NA,"gonads destroyed; tail gone; lower bill projected forward beyond upper bill (preparation)","wing spot misaligned, VR photo blown out on some channels, maybe need to remake, auto-align","TN.Unicoi","South",36.14038,-82.27038,19.04
"612918","w",0.393720547527702,0.133086570036413,0.40626759638496,0.139933441380154,0.397850158463727,0.136107509344976,0.333555953856859,0.101794365381745,0.348684298527546,0.0881983569166239,0.393720547527702,0.133086570036413,35.714017639332,2679,"Setophaga caerulescens","20-Jun-89",20,"Jun",89,"Red Fork Indian Creek, 7.5mi E Erwin, Cherokee Nat'l Forest; 1320m","Unicoi","TN","GRG","JPD","647-a,b","M","SY",NA,9.3,"partial",61,NA,2.9,4.1,10.3,6.5,NA,NA,"green",14.1,12,3,4,2,3,NA,"gonads destroyed; tail gone; lower bill projected forward beyond upper bill (preparation)","wing spot misaligned, VR photo blown out on some channels, maybe need to remake, auto-align","TN.Unicoi","South",36.14038,-82.27038,19.04
"612928","c",0.0731671249618548,0.0301288626570953,0.059800955327746,0.0254781648295799,0.0770948775079707,0.0326917506595333,0.0908291632251003,0.0356071246095348,0.146421267646885,0.0530005865097424,0.0731671249618548,0.0301288626570953,58.7765059110527,2695,"Setophaga caerulescens","19-Jun-89",19,"Jun",89,"Right prong Rock Creek; 5mi SE Erwin, Cherokee Nat'l Forest; 1050m","Unicoi","TN","GRG","CJD","663-a,b","M","ASY","6x5",10.1,"partial",62.8,54.3,3,4.1,11.1,7.4,NA,NA,"blue",11.5,13.9,3,2,2,3,NA,"","auto-align","TN.Unicoi","South",36.13795,-82.33957,19.76
"612928","m",0.0511263536002439,0.0108657370688696,0.0472182247720104,0.00965720290451945,0.0521695197298179,0.0119699268944359,0.0674099039315771,0.0148848443934328,0.0872724752277965,0.0157315386347458,0.0511263536002439,0.0108657370688696,25.2770375930443,2695,"Setophaga caerulescens","19-Jun-89",19,"Jun",89,"Right prong Rock Creek; 5mi SE Erwin, Cherokee Nat'l Forest; 1050m","Unicoi","TN","GRG","CJD","663-a,b","M","ASY","6x5",10.1,"partial",62.8,54.3,3,4.1,11.1,7.4,NA,NA,"blue",11.5,13.9,3,2,2,3,NA,"","auto-align","TN.Unicoi","South",36.13795,-82.33957,19.76
"612928","o",0.0564051495754573,0.0151192600582932,0.055345723690217,0.0169022480343744,0.0573198271281024,0.0153703894089375,0.0678113207426089,0.0134399653256374,0.0869488133833899,0.00885883749539518,0.0564051495754573,0.0151192600582932,3.27340964533684,2695,"Setophaga caerulescens","19-Jun-89",19,"Jun",89,"Right prong Rock Creek; 5mi SE Erwin, Cherokee Nat'l Forest; 1050m","Unicoi","TN","GRG","CJD","663-a,b","M","ASY","6x5",10.1,"partial",62.8,54.3,3,4.1,11.1,7.4,NA,NA,"blue",11.5,13.9,3,2,2,3,NA,"","auto-align","TN.Unicoi","South",36.13795,-82.33957,19.76
"612928","t",0.0368153222510979,0.00644645961633043,0.0339209840172755,0.00707008630328847,0.0376386957097796,0.00762937609013585,0.0525220698075326,0.00975844654361845,0.0626053497287545,0.00688899377791639,0.0368153222510979,0.00644645961633043,165.156689810471,2695,"Setophaga caerulescens","19-Jun-89",19,"Jun",89,"Right prong Rock Creek; 5mi SE Erwin, Cherokee Nat'l Forest; 1050m","Unicoi","TN","GRG","CJD","663-a,b","M","ASY","6x5",10.1,"partial",62.8,54.3,3,4.1,11.1,7.4,NA,NA,"blue",11.5,13.9,3,2,2,3,NA,"","auto-align","TN.Unicoi","South",36.13795,-82.33957,19.76
"612928","w",0.407464313389413,0.117356430483573,0.412120282470424,0.120940753595955,0.412049523663575,0.119037468070699,0.355862765395538,0.0934125401435695,0.392190603964506,0.0794775192527793,0.407464313389413,0.117356430483573,34.8222931131544,2695,"Setophaga caerulescens","19-Jun-89",19,"Jun",89,"Right prong Rock Creek; 5mi SE Erwin, Cherokee Nat'l Forest; 1050m","Unicoi","TN","GRG","CJD","663-a,b","M","ASY","6x5",10.1,"partial",62.8,54.3,3,4.1,11.1,7.4,NA,NA,"blue",11.5,13.9,3,2,2,3,NA,"","auto-align","TN.Unicoi","South",36.13795,-82.33957,19.76
"612930","c",0.0692892158003054,0.0236369532885631,0.0570481587783512,0.0227142345209633,0.0730783561758595,0.0259293215668096,0.0860338195153304,0.0251145097808348,0.138297900870718,0.0391673075787135,0.0692892158003054,0.0236369532885631,54.3981985363108,2702,"Setophaga caerulescens","19-Jun-88",19,"Jun",88,"Right prong Rock Creek; 4mi SE Erwin, Cherokee Nat'l Forest; 960m","Unicoi","TN","GRG","JPD","T-670-a,b","M","ASY","8x6",9.45,"partial",59.5,53.5,2.8,4.2,10.7,7.4,NA,NA,"blue",10.3,12,4,4,2,3,NA,"","wingspot misaligned, auto-align","TN.Unicoi","South",36.1379,-82.35464,18.8
"612930","m",0.0554509031819684,0.0129377579418456,0.0509074617233451,0.0125246917620316,0.0566017487688033,0.0148521797160948,0.0714670752633391,0.0166706943197037,0.0848539436521027,0.0155851887281712,0.0554509031819684,0.0129377579418456,24.5902295615187,2702,"Setophaga caerulescens","19-Jun-88",19,"Jun",88,"Right prong Rock Creek; 4mi SE Erwin, Cherokee Nat'l Forest; 960m","Unicoi","TN","GRG","JPD","T-670-a,b","M","ASY","8x6",9.45,"partial",59.5,53.5,2.8,4.2,10.7,7.4,NA,NA,"blue",10.3,12,4,4,2,3,NA,"","wingspot misaligned, auto-align","TN.Unicoi","South",36.1379,-82.35464,18.8
"612930","o",0.070436002972941,0.00799372854459508,0.0692506494308034,0.00943546354443992,0.0714836773403578,0.00862955303462057,0.0799335332563042,0.00920502884119263,0.0945479958850327,0.00791669016923806,0.070436002972941,0.00799372854459508,7.71401763933196,2702,"Setophaga caerulescens","19-Jun-88",19,"Jun",88,"Right prong Rock Creek; 4mi SE Erwin, Cherokee Nat'l Forest; 960m","Unicoi","TN","GRG","JPD","T-670-a,b","M","ASY","8x6",9.45,"partial",59.5,53.5,2.8,4.2,10.7,7.4,NA,NA,"blue",10.3,12,4,4,2,3,NA,"","wingspot misaligned, auto-align","TN.Unicoi","South",36.1379,-82.35464,18.8
"612930","t",0.0418077176569473,0.00510715018114408,0.0364478487042564,0.00574308405923834,0.0434192277651544,0.00647163114230527,0.0578184357600641,0.00916903963373935,0.0566857399816336,0.00556604355927814,0.0418077176569473,0.00510715018114408,83.6712328767123,2702,"Setophaga caerulescens","19-Jun-88",19,"Jun",88,"Right prong Rock Creek; 4mi SE Erwin, Cherokee Nat'l Forest; 960m","Unicoi","TN","GRG","JPD","T-670-a,b","M","ASY","8x6",9.45,"partial",59.5,53.5,2.8,4.2,10.7,7.4,NA,NA,"blue",10.3,12,4,4,2,3,NA,"","wingspot misaligned, auto-align","TN.Unicoi","South",36.1379,-82.35464,18.8
"612930","w",0.378445509798934,0.135614227144206,0.387467941230743,0.142016457308353,0.379143682668508,0.136187160782501,0.337192964563485,0.108905096291461,0.376873661058478,0.105030497343901,0.378445509798934,0.135614227144206,26.2660911990993,2702,"Setophaga caerulescens","19-Jun-88",19,"Jun",88,"Right prong Rock Creek; 4mi SE Erwin, Cherokee Nat'l Forest; 960m","Unicoi","TN","GRG","JPD","T-670-a,b","M","ASY","8x6",9.45,"partial",59.5,53.5,2.8,4.2,10.7,7.4,NA,NA,"blue",10.3,12,4,4,2,3,NA,"","wingspot misaligned, auto-align","TN.Unicoi","South",36.1379,-82.35464,18.8
"612931","c",0.0702896138747483,0.0269485819412381,0.0568946063671262,0.0208488841156947,0.0742160364411037,0.0291699322459844,0.0883492650869421,0.0354423992357979,0.144211916368157,0.0448770049361467,0.0702896138747483,0.0269485819412381,55.7222743479077,2703,"Setophaga caerulescens","19-Jun-89",19,"Jun",89,"Right prong Rock Creek; 4mi SE Erwin, Cherokee Nat'l Forest; 960m","Unicoi","TN","GRG","CJD","671-a,b","M","SY","6x5, NA",9.6,"partial",65.3,52.9,3,4.1,10.5,7.2,NA,NA,"green",10.2,14.4,3,3,2,3,NA,"","auto-align","TN.Unicoi","South",36.13795,-82.33957,19.56
"612931","m",0.0671447218493694,0.0125038225379033,0.0619037060913034,0.010752101742732,0.0689891675537756,0.0142242102460889,0.0814854592237774,0.0183966699696987,0.106190330186181,0.0121713875415118,0.0671447218493694,0.0125038225379033,25.2747857634328,2703,"Setophaga caerulescens","19-Jun-89",19,"Jun",89,"Right prong Rock Creek; 4mi SE Erwin, Cherokee Nat'l Forest; 960m","Unicoi","TN","GRG","CJD","671-a,b","M","SY","6x5, NA",9.6,"partial",65.3,52.9,3,4.1,10.5,7.2,NA,NA,"green",10.2,14.4,3,3,2,3,NA,"","auto-align","TN.Unicoi","South",36.13795,-82.33957,19.56
"612931","o",0.0726484646836781,0.00877695419698555,0.0757317553704021,0.0103331861270643,0.0739826675064628,0.00993824515067824,0.0742582033713263,0.00919846833966505,0.0949013125120328,0.00782738840421728,0.0726484646836781,0.00877695419698555,5.64458622630888,2703,"Setophaga caerulescens","19-Jun-89",19,"Jun",89,"Right prong Rock Creek; 4mi SE Erwin, Cherokee Nat'l Forest; 960m","Unicoi","TN","GRG","CJD","671-a,b","M","SY","6x5, NA",9.6,"partial",65.3,52.9,3,4.1,10.5,7.2,NA,NA,"green",10.2,14.4,3,3,2,3,NA,"","auto-align","TN.Unicoi","South",36.13795,-82.33957,19.56
"612931","t",0.0487596970983478,0.008475237482075,0.0458997332534079,0.00993000738361989,0.0502704582089416,0.00958425654586152,0.060917901166288,0.0105013636341463,0.0682330443924396,0.00899230092299773,0.0487596970983478,0.008475237482075,135.76956276975,2703,"Setophaga caerulescens","19-Jun-89",19,"Jun",89,"Right prong Rock Creek; 4mi SE Erwin, Cherokee Nat'l Forest; 960m","Unicoi","TN","GRG","CJD","671-a,b","M","SY","6x5, NA",9.6,"partial",65.3,52.9,3,4.1,10.5,7.2,NA,NA,"green",10.2,14.4,3,3,2,3,NA,"","auto-align","TN.Unicoi","South",36.13795,-82.33957,19.56
"612931","w",0.322418872110959,0.0810083100628897,0.320671796795669,0.0797131422971824,0.324591547714854,0.081622147421983,0.298619317763939,0.0751770813239768,0.40190436169829,0.0914310671786597,0.322418872110959,0.0810083100628897,23.8746481516232,2703,"Setophaga caerulescens","19-Jun-89",19,"Jun",89,"Right prong Rock Creek; 4mi SE Erwin, Cherokee Nat'l Forest; 960m","Unicoi","TN","GRG","CJD","671-a,b","M","SY","6x5, NA",9.6,"partial",65.3,52.9,3,4.1,10.5,7.2,NA,NA,"green",10.2,14.4,3,3,2,3,NA,"","auto-align","TN.Unicoi","South",36.13795,-82.33957,19.56
"612932","c",0.081577800762891,0.0267547407852609,0.0692658676889165,0.028976255311035,0.0859095746150166,0.0279373678863105,0.0968181634616186,0.0285007044482675,0.14193537674308,0.0579943585211894,0.081577800762891,0.0267547407852609,52.72208669544,2704,"Setophaga caerulescens","19-Jun-89",19,"Jun",89,"Right prong Rock Creek; 4mi SE Erwin, Cherokee Nat'l Forest; 960m","Unicoi","TN","GRG","JPD","672-a,b","M","ASY","8x6, NA",9.8,"partial",64.3,56.3,3.1,4,9.9,6.7,NA,NA,"blue",15.1,14.2,3,3,2,3,NA,"","auto-align","TN.Unicoi","South",36.13795,-82.33957,19.02
"612932","m",0.0656306687025862,0.0120599515363497,0.0587359950523828,0.0129430201462734,0.0673102571253593,0.0126620191103081,0.0831381679236243,0.0128530764527217,0.102135630285255,0.0240145049151785,0.0656306687025862,0.0120599515363497,25.6438356164384,2704,"Setophaga caerulescens","19-Jun-89",19,"Jun",89,"Right prong Rock Creek; 4mi SE Erwin, Cherokee Nat'l Forest; 960m","Unicoi","TN","GRG","JPD","672-a,b","M","ASY","8x6, NA",9.8,"partial",64.3,56.3,3.1,4,9.9,6.7,NA,NA,"blue",15.1,14.2,3,3,2,3,NA,"","auto-align","TN.Unicoi","South",36.13795,-82.33957,19.02
"612932","o",0.0691689168258048,0.0167348614706716,0.0659608781314192,0.0195405835911694,0.0703511210651541,0.0174976548300062,0.081388822286884,0.0131084441699119,0.0897804322454185,0.0102181903122832,0.0691689168258048,0.0167348614706716,6.4604991555639,2704,"Setophaga caerulescens","19-Jun-89",19,"Jun",89,"Right prong Rock Creek; 4mi SE Erwin, Cherokee Nat'l Forest; 960m","Unicoi","TN","GRG","JPD","672-a,b","M","ASY","8x6, NA",9.8,"partial",64.3,56.3,3.1,4,9.9,6.7,NA,NA,"blue",15.1,14.2,3,3,2,3,NA,"","auto-align","TN.Unicoi","South",36.13795,-82.33957,19.02
"612932","t",0.0424354414805711,0.00664223703419459,0.037103402476688,0.0078682382069033,0.0440787553522019,0.00802159081467095,0.0584636220036352,0.0105251224618157,0.059746924158848,0.00880079426178615,0.0424354414805711,0.00664223703419459,113.190467254644,2704,"Setophaga caerulescens","19-Jun-89",19,"Jun",89,"Right prong Rock Creek; 4mi SE Erwin, Cherokee Nat'l Forest; 960m","Unicoi","TN","GRG","JPD","672-a,b","M","ASY","8x6, NA",9.8,"partial",64.3,56.3,3.1,4,9.9,6.7,NA,NA,"blue",15.1,14.2,3,3,2,3,NA,"","auto-align","TN.Unicoi","South",36.13795,-82.33957,19.02
"612932","w",0.499482759293142,0.135361076862741,0.517243636532437,0.142857295254047,0.505829219356898,0.138752445475799,0.411786584671017,0.100042125131618,0.447196174341036,0.0879432391280737,0.499482759293142,0.135361076862741,36.4683805592044,2704,"Setophaga caerulescens","19-Jun-89",19,"Jun",89,"Right prong Rock Creek; 4mi SE Erwin, Cherokee Nat'l Forest; 960m","Unicoi","TN","GRG","JPD","672-a,b","M","ASY","8x6, NA",9.8,"partial",64.3,56.3,3.1,4,9.9,6.7,NA,NA,"blue",15.1,14.2,3,3,2,3,NA,"","auto-align","TN.Unicoi","South",36.13795,-82.33957,19.02
"612933","c",0.0753562543543603,0.0256264730553474,0.061634877925943,0.0206778235509152,0.079360820802687,0.0280178173050445,0.0936740619403394,0.0351059360455928,0.146289479404766,0.0389970024267597,0.0753562543543603,0.0256264730553474,68.6943141302308,2705,"Setophaga caerulescens","19-Jun-89",19,"Jun",89,"Right prong Rock Creek; 4mi SE Erwin, Cherokee Nat'l Forest; 960m","Unicoi","TN","GRG","CJD","673-a,b","M","ASY","7x5, 5x5",9.1,"partial",63,51,2.8,4.2,10,6.6,NA,NA,"U",15.4,21.5,3,3,2,3,NA,"","auto-align","TN.Unicoi","South",36.13795,-82.33957,17.75
"612933","m",0.0452988592814415,0.00780434292656331,0.0407755686443547,0.00764508682495421,0.0465626063196837,0.00922488294566614,0.0613605580656143,0.0111304501723828,0.0708524545703374,0.00869259596190311,0.0452988592814415,0.00780434292656331,24.5909801713893,2705,"Setophaga caerulescens","19-Jun-89",19,"Jun",89,"Right prong Rock Creek; 4mi SE Erwin, Cherokee Nat'l Forest; 960m","Unicoi","TN","GRG","CJD","673-a,b","M","ASY","7x5, 5x5",9.1,"partial",63,51,2.8,4.2,10,6.6,NA,NA,"U",15.4,21.5,3,3,2,3,NA,"","auto-align","TN.Unicoi","South",36.13795,-82.33957,17.75
"612933","o",0.0690819102333474,0.0150741083407263,0.0674118789202163,0.0182563910391685,0.0703060310104218,0.0156021381804686,0.0789887446337534,0.0124387195109818,0.0927662490213772,0.0179250561388109,0.0690819102333474,0.0150741083407263,4.71082754738225,2705,"Setophaga caerulescens","19-Jun-89",19,"Jun",89,"Right prong Rock Creek; 4mi SE Erwin, Cherokee Nat'l Forest; 960m","Unicoi","TN","GRG","CJD","673-a,b","M","ASY","7x5, 5x5",9.1,"partial",63,51,2.8,4.2,10,6.6,NA,NA,"U",15.4,21.5,3,3,2,3,NA,"","auto-align","TN.Unicoi","South",36.13795,-82.33957,17.75
"612933","t",0.0462655037222472,0.00870540142346891,0.0412176913091036,0.0104941565594939,0.0477326512024432,0.00995127929912947,0.061933124941056,0.0112228803617757,0.0659564221201046,0.00953043540064025,0.0462655037222472,0.00870540142346891,125.383373991368,2705,"Setophaga caerulescens","19-Jun-89",19,"Jun",89,"Right prong Rock Creek; 4mi SE Erwin, Cherokee Nat'l Forest; 960m","Unicoi","TN","GRG","CJD","673-a,b","M","ASY","7x5, 5x5",9.1,"partial",63,51,2.8,4.2,10,6.6,NA,NA,"U",15.4,21.5,3,3,2,3,NA,"","auto-align","TN.Unicoi","South",36.13795,-82.33957,17.75
"612933","w",0.477353207021614,0.133996180221033,0.486802965797907,0.143049804536032,0.480402757018687,0.136515271411447,0.410121511848539,0.100217978135355,0.461994137543361,0.117700436733046,0.477353207021614,0.133996180221033,56.017264027022,2705,"Setophaga caerulescens","19-Jun-89",19,"Jun",89,"Right prong Rock Creek; 4mi SE Erwin, Cherokee Nat'l Forest; 960m","Unicoi","TN","GRG","CJD","673-a,b","M","ASY","7x5, 5x5",9.1,"partial",63,51,2.8,4.2,10,6.6,NA,NA,"U",15.4,21.5,3,3,2,3,NA,"","auto-align","TN.Unicoi","South",36.13795,-82.33957,17.75
"612939","c",0.0668995041515526,0.0241036051882935,0.0525137812375603,0.0222833343825158,0.0702867000667293,0.02604473203685,0.088582828736686,0.0281292680181605,0.149341802130939,0.0429788269178565,0.0668995041515526,0.0241036051882935,74.8365547006943,2716,"Setophaga caerulescens","23-Jun-89",23,"Jun",89,"George Creek, 1mi S Ripshin Lake, Cherokee Nat'l Forest; 1100m","Carter","TN","GRG","JPD","684-a,b","M","ASY","7x5.5",9.6,"partial",64.7,50.5,3,4.2,10.7,6.4,NA,NA,"blue",14.9,13.7,2,2,2,2,NA,"","crown auto-align","TN.Carter","South",36.17533,-82.12236,19.64
"612939","m",0.0525600661499008,0.00985047370901118,0.045695461271951,0.00834824231904283,0.0541361369458784,0.0107284865054532,0.0711530662934504,0.0146579208169112,0.0863010715862735,0.0179598947599964,0.0525600661499008,0.00985047370901118,25.7449177456684,2716,"Setophaga caerulescens","23-Jun-89",23,"Jun",89,"George Creek, 1mi S Ripshin Lake, Cherokee Nat'l Forest; 1100m","Carter","TN","GRG","JPD","684-a,b","M","ASY","7x5.5",9.6,"partial",64.7,50.5,3,4.2,10.7,6.4,NA,NA,"blue",14.9,13.7,2,2,2,2,NA,"","crown auto-align","TN.Carter","South",36.17533,-82.12236,19.64
"612939","o",0.0676220615305975,0.0248406580650701,0.0662739084138639,0.0282557866398627,0.0689182314465941,0.025511419600535,0.0767693485625724,0.0188259306705468,0.0930603475525176,0.0190789557628966,0.0676220615305975,0.0248406580650701,16.6470257083881,2716,"Setophaga caerulescens","23-Jun-89",23,"Jun",89,"George Creek, 1mi S Ripshin Lake, Cherokee Nat'l Forest; 1100m","Carter","TN","GRG","JPD","684-a,b","M","ASY","7x5.5",9.6,"partial",64.7,50.5,3,4.2,10.7,6.4,NA,NA,"blue",14.9,13.7,2,2,2,2,NA,"","crown auto-align","TN.Carter","South",36.17533,-82.12236,19.64
"612939","t",0.0435475924144996,0.0109912652678036,0.0386908535721913,0.0114890549043429,0.045013515449916,0.0120080261890916,0.0594630421265997,0.0139734048314174,0.0625700143730608,0.00835026469715585,0.0435475924144996,0.0109912652678036,195.505348095327,2716,"Setophaga caerulescens","23-Jun-89",23,"Jun",89,"George Creek, 1mi S Ripshin Lake, Cherokee Nat'l Forest; 1100m","Carter","TN","GRG","JPD","684-a,b","M","ASY","7x5.5",9.6,"partial",64.7,50.5,3,4.2,10.7,6.4,NA,NA,"blue",14.9,13.7,2,2,2,2,NA,"","crown auto-align","TN.Carter","South",36.17533,-82.12236,19.64
"612939","w",0.493728842517112,0.124844127685359,0.498648566435839,0.131107092607388,0.497661196497331,0.126513237286249,0.42384342908021,0.0960688326892028,0.532639565549605,0.109223763544356,0.493728842517112,0.124844127685359,34.1324826421467,2716,"Setophaga caerulescens","23-Jun-89",23,"Jun",89,"George Creek, 1mi S Ripshin Lake, Cherokee Nat'l Forest; 1100m","Carter","TN","GRG","JPD","684-a,b","M","ASY","7x5.5",9.6,"partial",64.7,50.5,3,4.2,10.7,6.4,NA,NA,"blue",14.9,13.7,2,2,2,2,NA,"","crown auto-align","TN.Carter","South",36.17533,-82.12236,19.64
"612941","c",0.0807812181034925,0.0280048873636918,0.067588214849616,0.0278929909869028,0.0838692147574046,0.0286714603637348,0.101651054667476,0.0326229880501811,0.160193355504255,0.0662648116117523,0.0807812181034925,0.0280048873636918,65.1416776130606,2720,"Setophaga caerulescens","20-Jun-89",20,"Jun",89,"Right prong Rock Creek; 4mi SE Erwin, Cherokee Nat'l Forest; 960m","Unicoi","TN","GRG","JPD","688-a,b","M","ASY","10x6.5, 7.5x5",9.6,"partial",62.1,54.8,3.1,4.5,12.1,7.7,NA,NA,"blue",19.7,21.3,3,3,2,3,NA,"","auto-align","TN.Unicoi","South",36.13795,-82.33957,19.28
"612941","m",0.055628502464235,0.0145129820997665,0.0496388692199991,0.0148419054803629,0.0569540734052042,0.015865434056881,0.0735143673737614,0.0166109643507396,0.0900010966597185,0.0221405289908441,0.055628502464235,0.0145129820997665,24.7748795896666,2720,"Setophaga caerulescens","20-Jun-89",20,"Jun",89,"Right prong Rock Creek; 4mi SE Erwin, Cherokee Nat'l Forest; 960m","Unicoi","TN","GRG","JPD","688-a,b","M","ASY","10x6.5, 7.5x5",9.6,"partial",62.1,54.8,3.1,4.5,12.1,7.7,NA,NA,"blue",19.7,21.3,3,3,2,3,NA,"","auto-align","TN.Unicoi","South",36.13795,-82.33957,19.28
"612941","o",0.0620643564857003,0.011778303470954,0.0578411527377351,0.0132063936348153,0.0630740336578905,0.0122369657939736,0.0770582634032987,0.0122127795000904,0.0917393421762731,0.0103342354591834,0.0620643564857003,0.011778303470954,6.01463689247514,2720,"Setophaga caerulescens","20-Jun-89",20,"Jun",89,"Right prong Rock Creek; 4mi SE Erwin, Cherokee Nat'l Forest; 960m","Unicoi","TN","GRG","JPD","688-a,b","M","ASY","10x6.5, 7.5x5",9.6,"partial",62.1,54.8,3.1,4.5,12.1,7.7,NA,NA,"blue",19.7,21.3,3,3,2,3,NA,"","auto-align","TN.Unicoi","South",36.13795,-82.33957,19.28
"612941","t",0.0428972328154889,0.00669554202456897,0.038458531780266,0.00776491528200833,0.0443295147063421,0.00795904287277915,0.0582368848791642,0.00990690660501478,0.0613581718584136,0.00810386405222279,0.0428972328154889,0.00669554202456897,115.063989491462,2720,"Setophaga caerulescens","20-Jun-89",20,"Jun",89,"Right prong Rock Creek; 4mi SE Erwin, Cherokee Nat'l Forest; 960m","Unicoi","TN","GRG","JPD","688-a,b","M","ASY","10x6.5, 7.5x5",9.6,"partial",62.1,54.8,3.1,4.5,12.1,7.7,NA,NA,"blue",19.7,21.3,3,3,2,3,NA,"","auto-align","TN.Unicoi","South",36.13795,-82.33957,19.28
"612941","w",0.502740562057149,0.134503856339766,0.505436672492722,0.139939676223486,0.503492512423157,0.135503272333405,0.440434352639911,0.105086191560236,0.578069195626518,0.10125743480784,0.502740562057149,0.134503856339766,47.4528054043911,2720,"Setophaga caerulescens","20-Jun-89",20,"Jun",89,"Right prong Rock Creek; 4mi SE Erwin, Cherokee Nat'l Forest; 960m","Unicoi","TN","GRG","JPD","688-a,b","M","ASY","10x6.5, 7.5x5",9.6,"partial",62.1,54.8,3.1,4.5,12.1,7.7,NA,NA,"blue",19.7,21.3,3,3,2,3,NA,"","auto-align","TN.Unicoi","South",36.13795,-82.33957,19.28
"613585","c",0.0619355844974076,0.0245458724181227,0.0526485696416491,0.0231148968143857,0.0653636302730943,0.0272127562825764,0.0774716052382284,0.0240809277583579,0.113045584234564,0.0424620564055957,0.0619355844974076,0.0245458724181227,61.0335897917058,2918,"Setophaga caerulescens","12-Jun-90",12,"Jun",90,"Ottawa Nat'l Forest; 0.5mi E Bela Lake on FS rd 3614","Iron","MI","GRG","JPD","754-a,b","M","ASY","10x6, 7x5",10.5,"partial",63.8,45.8,3.1,3.4,10,7,NA,NA,"blue",12.7,13.6,2,2,NA,2,NA,"skull ossified; bill black; feet/legs olive brown; no molt; stomach contents: insect mush","","MI.Iron","North West",46.37789,-88.92817,19.33
"613585","m",0.062562453689989,0.0111356123490119,0.0570263605829265,0.00927932409569346,0.0646475918473475,0.0122428264350844,0.0775379014907932,0.0161783015949048,0.0878729306932451,0.0207030002021489,0.062562453689989,0.0111356123490119,24.5952336273222,2918,"Setophaga caerulescens","12-Jun-90",12,"Jun",90,"Ottawa Nat'l Forest; 0.5mi E Bela Lake on FS rd 3614","Iron","MI","GRG","JPD","754-a,b","M","ASY","10x6, 7x5",10.5,"partial",63.8,45.8,3.1,3.4,10,7,NA,NA,"blue",12.7,13.6,2,2,NA,2,NA,"skull ossified; bill black; feet/legs olive brown; no molt; stomach contents: insect mush","","MI.Iron","North West",46.37789,-88.92817,19.33
"613585","o",0.070312945953713,0.0200201349409176,0.0732187367053254,0.0192748794032466,0.0718960549159253,0.0212525340813174,0.0783901783340279,0.0212633725995962,0.0857255604813156,0.0280275755940424,0.070312945953713,0.0200201349409176,4.71533120660537,2918,"Setophaga caerulescens","12-Jun-90",12,"Jun",90,"Ottawa Nat'l Forest; 0.5mi E Bela Lake on FS rd 3614","Iron","MI","GRG","JPD","754-a,b","M","ASY","10x6, 7x5",10.5,"partial",63.8,45.8,3.1,3.4,10,7,NA,NA,"blue",12.7,13.6,2,2,NA,2,NA,"skull ossified; bill black; feet/legs olive brown; no molt; stomach contents: insect mush","","MI.Iron","North West",46.37789,-88.92817,19.33
"613585","t",0.0469796285608431,0.0068756702716205,0.0452912490957734,0.00739711841546745,0.0486698279020251,0.00780911485748825,0.056988888051082,0.00965534421723657,0.0469689847545755,0.00976180406979447,0.0469796285608431,0.0068756702716205,150.845562019141,2918,"Setophaga caerulescens","12-Jun-90",12,"Jun",90,"Ottawa Nat'l Forest; 0.5mi E Bela Lake on FS rd 3614","Iron","MI","GRG","JPD","754-a,b","M","ASY","10x6, 7x5",10.5,"partial",63.8,45.8,3.1,3.4,10,7,NA,NA,"blue",12.7,13.6,2,2,NA,2,NA,"skull ossified; bill black; feet/legs olive brown; no molt; stomach contents: insect mush","","MI.Iron","North West",46.37789,-88.92817,19.33
"613585","w",0.464698687823746,0.102149734493529,0.453374589685249,0.101315441798765,0.446764614617636,0.0958423611044813,0.416660237056008,0.0898506076889413,0.559548088571611,0.120202644746361,0.464698687823746,0.102149734493529,36.0570463501595,2918,"Setophaga caerulescens","12-Jun-90",12,"Jun",90,"Ottawa Nat'l Forest; 0.5mi E Bela Lake on FS rd 3614","Iron","MI","GRG","JPD","754-a,b","M","ASY","10x6, 7x5",10.5,"partial",63.8,45.8,3.1,3.4,10,7,NA,NA,"blue",12.7,13.6,2,2,NA,2,NA,"skull ossified; bill black; feet/legs olive brown; no molt; stomach contents: insect mush","","MI.Iron","North West",46.37789,-88.92817,19.33
"613586","c",0.0819514772784621,0.0266747586587035,0.06941195809038,0.0220938719620646,0.0873051609981105,0.0283635800556864,0.0961845317997448,0.0306956237293839,0.154005621933243,0.0485514885628026,0.0819514772784621,0.0266747586587035,63.4618127228373,2919,"Setophaga caerulescens","12-Jun-90",12,"Jun",90,"Ottawa Nat'l Forest; 0.5mi E Bela Lake on FS rd 3614","Iron","MI","GRG","JPD","755-a,b","M","ASY","6x4, 5x4",9.6,"partial",62.3,55.6,3.1,3.8,9.4,6.6,NA,NA,"blue",13.7,12.2,2,2,NA,2,NA,"skull ossified; bill black; feet/legs dark brown; stomach contents: insect mush; parasite found in lung cavity","","MI.Iron","North West",46.37789,-88.92817,18.61
"613586","m",0.073200908281586,0.00964800275427033,0.0680034046430302,0.00825733778315201,0.0754190340152587,0.0106133556292743,0.0860448556113874,0.0126997371722011,0.0994065670986277,0.0197437915513443,0.073200908281586,0.00964800275427033,24.5454431725777,2919,"Setophaga caerulescens","12-Jun-90",12,"Jun",90,"Ottawa Nat'l Forest; 0.5mi E Bela Lake on FS rd 3614","Iron","MI","GRG","JPD","755-a,b","M","ASY","6x4, 5x4",9.6,"partial",62.3,55.6,3.1,3.8,9.4,6.6,NA,NA,"blue",13.7,12.2,2,2,NA,2,NA,"skull ossified; bill black; feet/legs dark brown; stomach contents: insect mush; parasite found in lung cavity","","MI.Iron","North West",46.37789,-88.92817,18.61
"613586","o",0.0904440991784544,0.0508947783238084,0.0947396804780314,0.0564148478816273,0.0918373948599502,0.0513900413573447,0.0891631233127542,0.0381902594265342,0.091709353124187,0.0228430334434422,0.0904440991784544,0.0508947783238084,5.8352411334209,2919,"Setophaga caerulescens","12-Jun-90",12,"Jun",90,"Ottawa Nat'l Forest; 0.5mi E Bela Lake on FS rd 3614","Iron","MI","GRG","JPD","755-a,b","M","ASY","6x4, 5x4",9.6,"partial",62.3,55.6,3.1,3.8,9.4,6.6,NA,NA,"blue",13.7,12.2,2,2,NA,2,NA,"skull ossified; bill black; feet/legs dark brown; stomach contents: insect mush; parasite found in lung cavity","","MI.Iron","North West",46.37789,-88.92817,18.61
"613586","t",0.0496883286475296,0.0101166071495346,0.04854536612348,0.0114156781976445,0.0515007370432648,0.0111144917450227,0.0581188537459511,0.0108912013826047,0.049100783855958,0.0109633715711909,0.0496883286475296,0.0101166071495346,139.843122537061,2919,"Setophaga caerulescens","12-Jun-90",12,"Jun",90,"Ottawa Nat'l Forest; 0.5mi E Bela Lake on FS rd 3614","Iron","MI","GRG","JPD","755-a,b","M","ASY","6x4, 5x4",9.6,"partial",62.3,55.6,3.1,3.8,9.4,6.6,NA,NA,"blue",13.7,12.2,2,2,NA,2,NA,"skull ossified; bill black; feet/legs dark brown; stomach contents: insect mush; parasite found in lung cavity","","MI.Iron","North West",46.37789,-88.92817,18.61
"613586","w",0.524058901218757,0.136803845543004,0.535121130182454,0.14277279493709,0.521987753713646,0.136510992065908,0.447396972290008,0.108619907533449,0.53306319856309,0.128169184869866,0.524058901218757,0.136803845543004,45.3623569149934,2919,"Setophaga caerulescens","12-Jun-90",12,"Jun",90,"Ottawa Nat'l Forest; 0.5mi E Bela Lake on FS rd 3614","Iron","MI","GRG","JPD","755-a,b","M","ASY","6x4, 5x4",9.6,"partial",62.3,55.6,3.1,3.8,9.4,6.6,NA,NA,"blue",13.7,12.2,2,2,NA,2,NA,"skull ossified; bill black; feet/legs dark brown; stomach contents: insect mush; parasite found in lung cavity","","MI.Iron","North West",46.37789,-88.92817,18.61
"613591","c",0.0713491910406865,0.0276315838038438,0.0575160775611194,0.0273559383797671,0.0761742061707048,0.0298387632029966,0.0898011469779002,0.025732570823674,0.139570849393642,0.0499580757279103,0.0713491910406865,0.0276315838038438,67.0444736348283,2903,"Setophaga caerulescens","13-Jun-90",13,"Jun",90,"Ottawa Nat'l Forest; North Branch Paint River at FS Rd 3612","Iron","MI","GRG","JPD","739-a,b","M","ASY","9x6, 7.5x5",9.8,"partial",64.1,49.6,3,3.9,11.1,7.3,NA,NA,"blue",13.1,15.8,2,2,NA,2,NA,"light fat; skull ossified; bill black; feet/legs olive brown; no wing molt; right side tail shot away; stomach contents: insect mush","","MI.Iron","North West",46.29309,-88.91342,18.1
"613591","m",0.0766817156125683,0.00619587900371826,0.0698333667458886,0.00651455413306916,0.0788555841201253,0.00787924547587664,0.0923734275415505,0.0111325958078631,0.110290089643234,0.0103673223099275,0.0766817156125683,0.00619587900371826,24.7270907612435,2903,"Setophaga caerulescens","13-Jun-90",13,"Jun",90,"Ottawa Nat'l Forest; North Branch Paint River at FS Rd 3612","Iron","MI","GRG","JPD","739-a,b","M","ASY","9x6, 7.5x5",9.8,"partial",64.1,49.6,3,3.9,11.1,7.3,NA,NA,"blue",13.1,15.8,2,2,NA,2,NA,"light fat; skull ossified; bill black; feet/legs olive brown; no wing molt; right side tail shot away; stomach contents: insect mush","","MI.Iron","North West",46.29309,-88.91342,18.1
"613591","o",0.0796009775008062,0.0178970187436828,0.0803446546080691,0.0202101433929207,0.0814581099204541,0.0181482355577095,0.0833587607522756,0.0145514710388421,0.0979682833038014,0.0212210595490969,0.0796009775008062,0.0178970187436828,6.54907112028523,2903,"Setophaga caerulescens","13-Jun-90",13,"Jun",90,"Ottawa Nat'l Forest; North Branch Paint River at FS Rd 3612","Iron","MI","GRG","JPD","739-a,b","M","ASY","9x6, 7.5x5",9.8,"partial",64.1,49.6,3,3.9,11.1,7.3,NA,NA,"blue",13.1,15.8,2,2,NA,2,NA,"light fat; skull ossified; bill black; feet/legs olive brown; no wing molt; right side tail shot away; stomach contents: insect mush","","MI.Iron","North West",46.29309,-88.91342,18.1
"613591","t",0.0482469125798035,0.00766463535898007,0.0463444251914054,0.00793919425916529,0.0501652368693205,0.00836030505758486,0.05762103944551,0.00969810531704828,0.0510943961148239,0.0122188316586504,0.0482469125798035,0.00766463535898007,115.37849502721,2903,"Setophaga caerulescens","13-Jun-90",13,"Jun",90,"Ottawa Nat'l Forest; North Branch Paint River at FS Rd 3612","Iron","MI","GRG","JPD","739-a,b","M","ASY","9x6, 7.5x5",9.8,"partial",64.1,49.6,3,3.9,11.1,7.3,NA,NA,"blue",13.1,15.8,2,2,NA,2,NA,"light fat; skull ossified; bill black; feet/legs olive brown; no wing molt; right side tail shot away; stomach contents: insect mush","","MI.Iron","North West",46.29309,-88.91342,18.1
"613591","w",0.501484106371727,0.115457139458346,0.501819922241012,0.119216403599016,0.496088736768651,0.113676662575899,0.445357312863707,0.0911440325419851,0.590455456621193,0.116147972516994,0.501484106371727,0.115457139458346,48.2394445486958,2903,"Setophaga caerulescens","13-Jun-90",13,"Jun",90,"Ottawa Nat'l Forest; North Branch Paint River at FS Rd 3612","Iron","MI","GRG","JPD","739-a,b","M","ASY","9x6, 7.5x5",9.8,"partial",64.1,49.6,3,3.9,11.1,7.3,NA,NA,"blue",13.1,15.8,2,2,NA,2,NA,"light fat; skull ossified; bill black; feet/legs olive brown; no wing molt; right side tail shot away; stomach contents: insect mush","","MI.Iron","North West",46.29309,-88.91342,18.1
"613592","c",0.0799399108034864,0.0259309027909453,0.0678412763616743,0.0243681115757303,0.084195615010809,0.0265182797720237,0.0952147300778506,0.0296263067957615,0.159792058011964,0.0711152889500088,0.0799399108034864,0.0259309027909453,59.7643085006568,2943,"Setophaga caerulescens","13-Jun-90",13,"Jun",90,"Ottawa Nat'l Forest; 0.5mi NE Killdeer Ave on FS Rd 3346","Iron","MI","GRG","JPD","779-a,b","M","SY","6.5x5, 5.5x4.5",9.8,"partial",65,47.9,3.4,3.6,11.6,7.2,NA,NA,"green",10.4,9,2,2,2,2,NA,"skill ossified; bill black; feet/legs olive brown; no molt; lt fat; stomach: insect parts","","MI.Iron","North West",46.35417,-88.95323,18.48
"613592","m",0.081950360396363,0.0108256572087942,0.0767005335280688,0.0128467833756995,0.0844263714067338,0.0111120822213237,0.0936239677446735,0.0108335724288766,0.11177830227598,0.030363752667589,0.081950360396363,0.0108256572087942,25.1834615625195,2943,"Setophaga caerulescens","13-Jun-90",13,"Jun",90,"Ottawa Nat'l Forest; 0.5mi NE Killdeer Ave on FS Rd 3346","Iron","MI","GRG","JPD","779-a,b","M","SY","6.5x5, 5.5x4.5",9.8,"partial",65,47.9,3.4,3.6,11.6,7.2,NA,NA,"green",10.4,9,2,2,2,2,NA,"skill ossified; bill black; feet/legs olive brown; no molt; lt fat; stomach: insect parts","","MI.Iron","North West",46.35417,-88.95323,18.48
"613592","o",0.096249388639066,0.0113513470525733,0.101463997646218,0.0139891230227955,0.098194381161535,0.012505979132042,0.0918101263720487,0.00998350379602005,0.110829527723521,0.0140280902984587,0.096249388639066,0.0113513470525733,4.60349033589792,2943,"Setophaga caerulescens","13-Jun-90",13,"Jun",90,"Ottawa Nat'l Forest; 0.5mi NE Killdeer Ave on FS Rd 3346","Iron","MI","GRG","JPD","779-a,b","M","SY","6.5x5, 5.5x4.5",9.8,"partial",65,47.9,3.4,3.6,11.6,7.2,NA,NA,"green",10.4,9,2,2,2,2,NA,"skill ossified; bill black; feet/legs olive brown; no molt; lt fat; stomach: insect parts","","MI.Iron","North West",46.35417,-88.95323,18.48
"613592","t",0.0501274092011651,0.0103394313570089,0.0484918109120886,0.0111462242468708,0.0517946804298052,0.0111339939734188,0.0597862360230367,0.0103703829926237,0.0498881686533849,0.0116315717846114,0.0501274092011651,0.0103394313570089,99.259148057797,2943,"Setophaga caerulescens","13-Jun-90",13,"Jun",90,"Ottawa Nat'l Forest; 0.5mi NE Killdeer Ave on FS Rd 3346","Iron","MI","GRG","JPD","779-a,b","M","SY","6.5x5, 5.5x4.5",9.8,"partial",65,47.9,3.4,3.6,11.6,7.2,NA,NA,"green",10.4,9,2,2,2,2,NA,"skill ossified; bill black; feet/legs olive brown; no molt; lt fat; stomach: insect parts","","MI.Iron","North West",46.35417,-88.95323,18.48
"613592","w",0.421179203617212,0.0966470512760206,0.421877197771566,0.10125630917738,0.420104145598123,0.0964856375824825,0.372718329196364,0.076628865044448,0.500345791889802,0.111625954123705,0.421179203617212,0.0966470512760206,28.7130793769938,2943,"Setophaga caerulescens","13-Jun-90",13,"Jun",90,"Ottawa Nat'l Forest; 0.5mi NE Killdeer Ave on FS Rd 3346","Iron","MI","GRG","JPD","779-a,b","M","SY","6.5x5, 5.5x4.5",9.8,"partial",65,47.9,3.4,3.6,11.6,7.2,NA,NA,"green",10.4,9,2,2,2,2,NA,"skill ossified; bill black; feet/legs olive brown; no molt; lt fat; stomach: insect parts","","MI.Iron","North West",46.35417,-88.95323,18.48
"613593","c",0.079180665766145,0.0218746842837818,0.0650413788070806,0.0172779722838598,0.0839834775732866,0.0224542732792121,0.095993197462317,0.0306168736739091,0.176024319561696,0.0481581926047448,0.079180665766145,0.0218746842837818,68.5261775192344,2944,"Setophaga caerulescens","13-Jun-90",13,"Jun",90,"Ottawa Nat'l Forest; 0.5mi NE Killdeer Ave on FS Rd 3346","Iron","MI","GRG","JPD","780-a,b","M","SY","7x4, 5x3",9.6,"partial",59.2,49.5,3.2,4.1,10.6,7.1,NA,NA,"green",8.8,6.3,2,2,2,2,NA,"skill ossified; bill black; feet/legs olive brown; lt fat; stomach: insect mush","","MI.Iron","North West",46.35417,-88.95323,18.48
"613593","m",0.0875864648533189,0.00951321472638866,0.0807303078916369,0.0078071418636384,0.0905663733967329,0.0104502410154864,0.0998316531640135,0.0145046161872499,0.123069343179037,0.0129203159614975,0.0875864648533189,0.00951321472638866,24.410083192594,2944,"Setophaga caerulescens","13-Jun-90",13,"Jun",90,"Ottawa Nat'l Forest; 0.5mi NE Killdeer Ave on FS Rd 3346","Iron","MI","GRG","JPD","780-a,b","M","SY","7x4, 5x3",9.6,"partial",59.2,49.5,3.2,4.1,10.6,7.1,NA,NA,"green",8.8,6.3,2,2,2,2,NA,"skill ossified; bill black; feet/legs olive brown; lt fat; stomach: insect mush","","MI.Iron","North West",46.35417,-88.95323,18.48
"613593","o",0.0882021889461836,0.0136280632249521,0.0928532965094926,0.0159338532491817,0.0905073127835097,0.0157677078326894,0.0840195730006713,0.0112014979716791,0.0972802373897877,0.0125529971028216,0.0882021889461836,0.0136280632249521,16.3085006567836,2944,"Setophaga caerulescens","13-Jun-90",13,"Jun",90,"Ottawa Nat'l Forest; 0.5mi NE Killdeer Ave on FS Rd 3346","Iron","MI","GRG","JPD","780-a,b","M","SY","7x4, 5x3",9.6,"partial",59.2,49.5,3.2,4.1,10.6,7.1,NA,NA,"green",8.8,6.3,2,2,2,2,NA,"skill ossified; bill black; feet/legs olive brown; lt fat; stomach: insect mush","","MI.Iron","North West",46.35417,-88.95323,18.48
"613593","t",0.0492808901108234,0.00576721560023414,0.0473075356392007,0.00650061443135173,0.0511605736453018,0.00648994971408011,0.0587567278869146,0.00739858076902057,0.0532853208016945,0.0108270767337421,0.0492808901108234,0.00576721560023414,155.208106586602,2944,"Setophaga caerulescens","13-Jun-90",13,"Jun",90,"Ottawa Nat'l Forest; 0.5mi NE Killdeer Ave on FS Rd 3346","Iron","MI","GRG","JPD","780-a,b","M","SY","7x4, 5x3",9.6,"partial",59.2,49.5,3.2,4.1,10.6,7.1,NA,NA,"green",8.8,6.3,2,2,2,2,NA,"skill ossified; bill black; feet/legs olive brown; lt fat; stomach: insect mush","","MI.Iron","North West",46.35417,-88.95323,18.48
"613593","w",0.303917941386199,0.063640761413501,0.303846729505441,0.0652285120019592,0.308190479120616,0.0663776388327825,0.271981689543274,0.0522540267315387,0.35098409304721,0.0559472338685769,0.303917941386199,0.063640761413501,16.2972415087258,2944,"Setophaga caerulescens","13-Jun-90",13,"Jun",90,"Ottawa Nat'l Forest; 0.5mi NE Killdeer Ave on FS Rd 3346","Iron","MI","GRG","JPD","780-a,b","M","SY","7x4, 5x3",9.6,"partial",59.2,49.5,3.2,4.1,10.6,7.1,NA,NA,"green",8.8,6.3,2,2,2,2,NA,"skill ossified; bill black; feet/legs olive brown; lt fat; stomach: insect mush","","MI.Iron","North West",46.35417,-88.95323,18.48
"613594","c",0.0740961637202967,0.0298076620934774,0.0605561472071233,0.0262870861983733,0.079240266336659,0.0326672977766027,0.0889496308964066,0.0301601964951512,0.154435983442111,0.044690443680358,0.0740961637202967,0.0298076620934774,84.2762244323513,2904,"Setophaga caerulescens","14-Jun-90",14,"Jun",90,"Ottawa Nat'l Forest; 0.5mi E Clear Lake on FS rd 3346","Iron","MI","GRG","JPD","740-a,b","M","ASY","8x6.5, 7x5",9.5,"partial",59.6,50.3,3.4,3.8,9.4,6.8,NA,NA,"blue",13.9,13.4,2,2,2,2,NA,"skull ossified; bill black; feet olive brown; no molt; no fat","","MI.Iron","North West",46.36552,-88.94563,19.42
"613594","m",0.0740621830380851,0.00937959940000911,0.0683807163527791,0.00869321065733505,0.0765652823811703,0.0101782508343465,0.0867671335230426,0.0113066530944058,0.100062288945313,0.0251098124385073,0.0740621830380851,0.00937959940000911,25.7389128667042,2904,"Setophaga caerulescens","14-Jun-90",14,"Jun",90,"Ottawa Nat'l Forest; 0.5mi E Clear Lake on FS rd 3346","Iron","MI","GRG","JPD","740-a,b","M","ASY","8x6.5, 7x5",9.5,"partial",59.6,50.3,3.4,3.8,9.4,6.8,NA,NA,"blue",13.9,13.4,2,2,2,2,NA,"skull ossified; bill black; feet olive brown; no molt; no fat","","MI.Iron","North West",46.36552,-88.94563,19.42
"613594","o",0.064412917074878,0.00791806406186201,0.0613893603303956,0.00776588051078177,0.066131002296217,0.00874443888662052,0.075775212851061,0.00983842695516286,0.080823880174081,0.0153563473296948,0.064412917074878,0.00791806406186201,1.76918746481516,2904,"Setophaga caerulescens","14-Jun-90",14,"Jun",90,"Ottawa Nat'l Forest; 0.5mi E Clear Lake on FS rd 3346","Iron","MI","GRG","JPD","740-a,b","M","ASY","8x6.5, 7x5",9.5,"partial",59.6,50.3,3.4,3.8,9.4,6.8,NA,NA,"blue",13.9,13.4,2,2,2,2,NA,"skull ossified; bill black; feet olive brown; no molt; no fat","","MI.Iron","North West",46.36552,-88.94563,19.42
"613594","t",0.0436159049845654,0.00429561651333595,0.041582356654981,0.00489384874065519,0.0450788835624145,0.00510876238294037,0.0547717212459151,0.00669923621917632,0.0421376705020901,0.00725254675344458,0.0436159049845654,0.00429561651333595,134.461249765434,2904,"Setophaga caerulescens","14-Jun-90",14,"Jun",90,"Ottawa Nat'l Forest; 0.5mi E Clear Lake on FS rd 3346","Iron","MI","GRG","JPD","740-a,b","M","ASY","8x6.5, 7x5",9.5,"partial",59.6,50.3,3.4,3.8,9.4,6.8,NA,NA,"blue",13.9,13.4,2,2,2,2,NA,"skull ossified; bill black; feet olive brown; no molt; no fat","","MI.Iron","North West",46.36552,-88.94563,19.42
"613594","w",0.415822564837296,0.0968856100120865,0.412971467328229,0.101066466542356,0.41553176474112,0.0963979871575331,0.371688271868098,0.077264186650761,0.513097422488037,0.113378235262066,0.415822564837296,0.0968856100120865,38.2435729029837,2904,"Setophaga caerulescens","14-Jun-90",14,"Jun",90,"Ottawa Nat'l Forest; 0.5mi E Clear Lake on FS rd 3346","Iron","MI","GRG","JPD","740-a,b","M","ASY","8x6.5, 7x5",9.5,"partial",59.6,50.3,3.4,3.8,9.4,6.8,NA,NA,"blue",13.9,13.4,2,2,2,2,NA,"skull ossified; bill black; feet olive brown; no molt; no fat","","MI.Iron","North West",46.36552,-88.94563,19.42
"613597","c",0.0863498952118033,0.0312131879103792,0.0694194167015595,0.025943268396041,0.0900441051317122,0.0343631485757416,0.109837859375997,0.0391176970860937,0.192121881725463,0.0518805757803136,0.0863498952118033,0.0312131879103792,63.9707262150497,2901,"Setophaga caerulescens","14-Jun-90",14,"Jun",90,"Ottawa Nat'l Forest; 0.5mi NE Killdeer Ave on FS Rd 3346","Iron","MI","GRG","JPD","T-737-a,b","M","SY","6.5x4.5, 6x4.5",10.2,"partial",64,52.8,3.1,4.2,10.5,7.3,NA,NA,"green",18.6,18,2,2,2,2,NA,"bill black; feet/legs olive brown; no fat; stomach: insect mush; skull ossified","","MI.Iron","North West",46.35368,-88.95335,19.18
"613597","m",0.0773841130722845,0.00747145867481072,0.070098690540465,0.00777113346086319,0.0794106351820849,0.00945245142891262,0.0936072102113579,0.013314357947686,0.119345995326949,0.011448462957294,0.0773841130722845,0.00747145867481072,24.9550259585914,2901,"Setophaga caerulescens","14-Jun-90",14,"Jun",90,"Ottawa Nat'l Forest; 0.5mi NE Killdeer Ave on FS Rd 3346","Iron","MI","GRG","JPD","T-737-a,b","M","SY","6.5x4.5, 6x4.5",10.2,"partial",64,52.8,3.1,4.2,10.5,7.3,NA,NA,"green",18.6,18,2,2,2,2,NA,"bill black; feet/legs olive brown; no fat; stomach: insect mush; skull ossified","","MI.Iron","North West",46.35368,-88.95335,19.18
"613597","o",0.096485994107726,0.0101832086753632,0.0992565805205991,0.0121906114707028,0.0984827111258585,0.0111736037830749,0.0947890553672049,0.0104650342154401,0.121386085616465,0.0101956912747581,0.096485994107726,0.0101832086753632,6.54907112028523,2901,"Setophaga caerulescens","14-Jun-90",14,"Jun",90,"Ottawa Nat'l Forest; 0.5mi NE Killdeer Ave on FS Rd 3346","Iron","MI","GRG","JPD","T-737-a,b","M","SY","6.5x4.5, 6x4.5",10.2,"partial",64,52.8,3.1,4.2,10.5,7.3,NA,NA,"green",18.6,18,2,2,2,2,NA,"bill black; feet/legs olive brown; no fat; stomach: insect mush; skull ossified","","MI.Iron","North West",46.35368,-88.95335,19.18
"613597","t",0.0495409047072512,0.0123408116186741,0.0450708827338409,0.0129148966262456,0.0514974381692619,0.0134174286934523,0.062579436077372,0.0138366330878446,0.0628638911138733,0.0118808446413142,0.0495409047072512,0.0123408116186741,117.940326515294,2901,"Setophaga caerulescens","14-Jun-90",14,"Jun",90,"Ottawa Nat'l Forest; 0.5mi NE Killdeer Ave on FS Rd 3346","Iron","MI","GRG","JPD","T-737-a,b","M","SY","6.5x4.5, 6x4.5",10.2,"partial",64,52.8,3.1,4.2,10.5,7.3,NA,NA,"green",18.6,18,2,2,2,2,NA,"bill black; feet/legs olive brown; no fat; stomach: insect mush; skull ossified","","MI.Iron","North West",46.35368,-88.95335,19.18
"613597","w",0.363604330181677,0.135328162107624,0.367841684401218,0.137208174475181,0.365385602767776,0.13585913467471,0.325182447880778,0.112175589924069,0.379797977474801,0.122979734294537,0.363604330181677,0.135328162107624,50.2856070557328,2901,"Setophaga caerulescens","14-Jun-90",14,"Jun",90,"Ottawa Nat'l Forest; 0.5mi NE Killdeer Ave on FS Rd 3346","Iron","MI","GRG","JPD","T-737-a,b","M","SY","6.5x4.5, 6x4.5",10.2,"partial",64,52.8,3.1,4.2,10.5,7.3,NA,NA,"green",18.6,18,2,2,2,2,NA,"bill black; feet/legs olive brown; no fat; stomach: insect mush; skull ossified","","MI.Iron","North West",46.35368,-88.95335,19.18
"613598","c",0.0772260585793282,0.024067271776564,0.062053078807515,0.0239409469990371,0.081539388496499,0.0260567631520104,0.0967456172980504,0.024769704586268,0.160833871962406,0.0514877296068851,0.0772260585793282,0.024067271776564,75.6734847063239,2910,"Setophaga caerulescens","13-Jun-90",13,"Jun",90,"Ottawa Nat'l Forest; 0.5mi E Bela Lake on FS rd 3614","Iron","MI","GRG","JPD","T-746-a,b","M","ASY","9x6, 6x4",9.4,"partial",63.7,47.8,NA,NA,9,7.4,NA,NA,"blue",16,15.5,2,2,2,2,NA,"bill black; feet/legs dark olive brown; no fat; no molt; stomach: caterpillar, insect remains; skull ossified","","MI.Iron","North West",46.37799,-88.91712,NA
"613598","m",0.070504753497595,0.00663214360550912,0.06445569065864,0.00684067236861813,0.0724895392132823,0.00760544073788617,0.0848094248075023,0.00989321870870445,0.107746467759149,0.00997147476514434,0.070504753497595,0.00663214360550912,25.0283355226121,2910,"Setophaga caerulescens","13-Jun-90",13,"Jun",90,"Ottawa Nat'l Forest; 0.5mi E Bela Lake on FS rd 3614","Iron","MI","GRG","JPD","T-746-a,b","M","ASY","9x6, 6x4",9.4,"partial",63.7,47.8,NA,NA,9,7.4,NA,NA,"blue",16,15.5,2,2,2,2,NA,"bill black; feet/legs dark olive brown; no fat; no molt; stomach: caterpillar, insect remains; skull ossified","","MI.Iron","North West",46.37799,-88.91712,NA
"613598","o",0.0607362823393248,0.00733887313312324,0.0577211692735378,0.00867828782877663,0.061967828027443,0.00812733071676819,0.0734257385445437,0.00904831430946079,0.0829054871361053,0.00783339067753131,0.0607362823393248,0.00733887313312324,10.0011259148058,2910,"Setophaga caerulescens","13-Jun-90",13,"Jun",90,"Ottawa Nat'l Forest; 0.5mi E Bela Lake on FS rd 3614","Iron","MI","GRG","JPD","T-746-a,b","M","ASY","9x6, 6x4",9.4,"partial",63.7,47.8,NA,NA,9,7.4,NA,NA,"blue",16,15.5,2,2,2,2,NA,"bill black; feet/legs dark olive brown; no fat; no molt; stomach: caterpillar, insect remains; skull ossified","","MI.Iron","North West",46.37799,-88.91712,NA
"613598","t",0.0419245849184624,0.00650659573138457,0.0376985610236946,0.00729183522305604,0.0435592664860905,0.00748324520013531,0.0559466954087407,0.00905753698311761,0.0576874476501438,0.00807996682070319,0.0419245849184624,0.00650659573138457,139.66823043723,2910,"Setophaga caerulescens","13-Jun-90",13,"Jun",90,"Ottawa Nat'l Forest; 0.5mi E Bela Lake on FS rd 3614","Iron","MI","GRG","JPD","T-746-a,b","M","ASY","9x6, 6x4",9.4,"partial",63.7,47.8,NA,NA,9,7.4,NA,NA,"blue",16,15.5,2,2,2,2,NA,"bill black; feet/legs dark olive brown; no fat; no molt; stomach: caterpillar, insect remains; skull ossified","","MI.Iron","North West",46.37799,-88.91712,NA
"613598","w",0.487964063518925,0.115248011570301,0.498485419890918,0.121264026282378,0.489224249519987,0.116419351746052,0.420341999623547,0.088639053411141,0.488345837731603,0.101787664872018,0.487964063518925,0.115248011570301,49.8404954025145,2910,"Setophaga caerulescens","13-Jun-90",13,"Jun",90,"Ottawa Nat'l Forest; 0.5mi E Bela Lake on FS rd 3614","Iron","MI","GRG","JPD","T-746-a,b","M","ASY","9x6, 6x4",9.4,"partial",63.7,47.8,NA,NA,9,7.4,NA,NA,"blue",16,15.5,2,2,2,2,NA,"bill black; feet/legs dark olive brown; no fat; no molt; stomach: caterpillar, insect remains; skull ossified","","MI.Iron","North West",46.37799,-88.91712,NA
"613606","c",0.0557202096807654,0.0188557140091173,0.0430915724267089,0.0158572083949707,0.05932373586674,0.020783501130988,0.0746883815436455,0.0218118949001336,0.126978499627142,0.0371178993633022,0.0557202096807654,0.0188557140091173,108.004503659223,2912,"Setophaga caerulescens","15-Jun-90",15,"Jun",90,"Nicolet Nat'l Forest, 0.5mi W Upper Mile Lake on FS road 2178; 515m","Oneida","WI","GRG","JPD","T-748-a,b","M","SY",NA,9.3,"partial",61,51.7,3,3.6,10.9,7.3,NA,NA,"green",14.5,14.9,2,2,2,2,NA,"bill black; feet/legs dark olive brown; no fat; no molt; stomach: insect mush; skull ossified; testes destroyed by shot","","WI.All","North West",45.90355,-89.06899,NA
"613606","m",0.0662073452804257,0.0104427016360788,0.0605916571397932,0.00870539574497029,0.0684047736961164,0.0116891273422665,0.0801104984957365,0.0152908889644214,0.101802921839762,0.00862852967954658,0.0662073452804257,0.0104427016360788,24.727841371114,2912,"Setophaga caerulescens","15-Jun-90",15,"Jun",90,"Nicolet Nat'l Forest, 0.5mi W Upper Mile Lake on FS road 2178; 515m","Oneida","WI","GRG","JPD","T-748-a,b","M","SY",NA,9.3,"partial",61,51.7,3,3.6,10.9,7.3,NA,NA,"green",14.5,14.9,2,2,2,2,NA,"bill black; feet/legs dark olive brown; no fat; no molt; stomach: insect mush; skull ossified; testes destroyed by shot","","WI.All","North West",45.90355,-89.06899,NA
"613606","o",0.0820298107989905,0.0187569426621805,0.0852218797661326,0.0218901911614519,0.0834833855846303,0.0199859022706658,0.0823714859593411,0.0141694145235875,0.101450257115941,0.010235461964832,0.0820298107989905,0.0187569426621805,12.701820228936,2912,"Setophaga caerulescens","15-Jun-90",15,"Jun",90,"Nicolet Nat'l Forest, 0.5mi W Upper Mile Lake on FS road 2178; 515m","Oneida","WI","GRG","JPD","T-748-a,b","M","SY",NA,9.3,"partial",61,51.7,3,3.6,10.9,7.3,NA,NA,"green",14.5,14.9,2,2,2,2,NA,"bill black; feet/legs dark olive brown; no fat; no molt; stomach: insect mush; skull ossified; testes destroyed by shot","","WI.All","North West",45.90355,-89.06899,NA
"613606","t",0.040818395956471,0.00894842423432182,0.0366246525684157,0.0100037083835377,0.0423302813794374,0.0102094612540589,0.055284372635432,0.0114644713420518,0.0582859126528611,0.00844246699550814,0.040818395956471,0.00894842423432182,139.325201726403,2912,"Setophaga caerulescens","15-Jun-90",15,"Jun",90,"Nicolet Nat'l Forest, 0.5mi W Upper Mile Lake on FS road 2178; 515m","Oneida","WI","GRG","JPD","T-748-a,b","M","SY",NA,9.3,"partial",61,51.7,3,3.6,10.9,7.3,NA,NA,"green",14.5,14.9,2,2,2,2,NA,"bill black; feet/legs dark olive brown; no fat; no molt; stomach: insect mush; skull ossified; testes destroyed by shot","","WI.All","North West",45.90355,-89.06899,NA
"613606","w",0.356869670048389,0.0973442235702076,0.368494643845549,0.103222915017391,0.362916761268014,0.10130108772697,0.300509327985036,0.0716053213694778,0.327081195951721,0.0639866667279513,0.356869670048389,0.0973442235702076,27.9331957215237,2912,"Setophaga caerulescens","15-Jun-90",15,"Jun",90,"Nicolet Nat'l Forest, 0.5mi W Upper Mile Lake on FS road 2178; 515m","Oneida","WI","GRG","JPD","T-748-a,b","M","SY",NA,9.3,"partial",61,51.7,3,3.6,10.9,7.3,NA,NA,"green",14.5,14.9,2,2,2,2,NA,"bill black; feet/legs dark olive brown; no fat; no molt; stomach: insect mush; skull ossified; testes destroyed by shot","","WI.All","North West",45.90355,-89.06899,NA
"613607","c",0.06974652168171,0.0289151542507499,0.0566241494368075,0.0246643634298967,0.0738705164631968,0.0309812525997671,0.0865793531876711,0.0327050520609531,0.155386553248775,0.0577564201911886,0.06974652168171,0.0289151542507499,100.674798273597,2948,"Setophaga caerulescens","15-Jun-90",15,"Jun",90,"Nicolet Nat'l Forest, Seven Mile Lake at FS Rd. 2178; 510m","Oneida","WI","GRG","JPD","T-784-a,b","M","ASY","7x6.5, 6.5x5",9.8,"partial",63.9,52.7,3.2,4,11.8,7.9,NA,NA,"blue",18.9,17.6,2,2,2,2,NA,"bill black; feet/legs dark olive brown; no fat; no molt; stomach: insect mush; skull ossified; testes destroyed by shot","","WI.All","North West",45.90355,-89.06899,NA
"613607","m",0.0714294164982535,0.0221545760282345,0.0633365393598932,0.0213299927782031,0.0736554393291677,0.0246927614611837,0.0888054765840629,0.0214030327957381,0.112875867474391,0.0179295941660553,0.0714294164982535,0.0221545760282345,25.9685994870833,2948,"Setophaga caerulescens","15-Jun-90",15,"Jun",90,"Nicolet Nat'l Forest, Seven Mile Lake at FS Rd. 2178; 510m","Oneida","WI","GRG","JPD","T-784-a,b","M","ASY","7x6.5, 6.5x5",9.8,"partial",63.9,52.7,3.2,4,11.8,7.9,NA,NA,"blue",18.9,17.6,2,2,2,2,NA,"bill black; feet/legs dark olive brown; no fat; no molt; stomach: insect mush; skull ossified; testes destroyed by shot","","WI.All","North West",45.90355,-89.06899,NA
"613607","o",0.0600223062779139,0.0113748342216537,0.0576669887038618,0.0116416219203582,0.0613377496808766,0.0123547468265704,0.0717100496746703,0.0130192488974154,0.0894068237023777,0.0127805657409561,0.0600223062779139,0.0113748342216537,29.9613435916682,2948,"Setophaga caerulescens","15-Jun-90",15,"Jun",90,"Nicolet Nat'l Forest, Seven Mile Lake at FS Rd. 2178; 510m","Oneida","WI","GRG","JPD","T-784-a,b","M","ASY","7x6.5, 6.5x5",9.8,"partial",63.9,52.7,3.2,4,11.8,7.9,NA,NA,"blue",18.9,17.6,2,2,2,2,NA,"bill black; feet/legs dark olive brown; no fat; no molt; stomach: insect mush; skull ossified; testes destroyed by shot","","WI.All","North West",45.90355,-89.06899,NA
"613607","t",0.0364308575011353,0.00662127976790572,0.0319243204880767,0.00768267687039287,0.0382385187201625,0.00789691457490134,0.0512391980699199,0.0098655329503714,0.057511435321439,0.00788970895062398,0.0364308575011353,0.00662127976790572,123.401763933196,2948,"Setophaga caerulescens","15-Jun-90",15,"Jun",90,"Nicolet Nat'l Forest, Seven Mile Lake at FS Rd. 2178; 510m","Oneida","WI","GRG","JPD","T-784-a,b","M","ASY","7x6.5, 6.5x5",9.8,"partial",63.9,52.7,3.2,4,11.8,7.9,NA,NA,"blue",18.9,17.6,2,2,2,2,NA,"bill black; feet/legs dark olive brown; no fat; no molt; stomach: insect mush; skull ossified; testes destroyed by shot","","WI.All","North West",45.90355,-89.06899,NA
"613607","w",0.318063950553891,0.0954888809147285,0.321461592679863,0.0938542524378411,0.319371402715305,0.0964438036653258,0.290242476470348,0.0862726333614467,0.348507323501266,0.10749380893109,0.318063950553891,0.0954888809147285,54.9551510602364,2948,"Setophaga caerulescens","15-Jun-90",15,"Jun",90,"Nicolet Nat'l Forest, Seven Mile Lake at FS Rd. 2178; 510m","Oneida","WI","GRG","JPD","T-784-a,b","M","ASY","7x6.5, 6.5x5",9.8,"partial",63.9,52.7,3.2,4,11.8,7.9,NA,NA,"blue",18.9,17.6,2,2,2,2,NA,"bill black; feet/legs dark olive brown; no fat; no molt; stomach: insect mush; skull ossified; testes destroyed by shot","","WI.All","North West",45.90355,-89.06899,NA
"613608","c",0.0696380869684257,0.0244344673691326,0.0551549027281719,0.0193878724984608,0.0737266795845466,0.0262422639229517,0.0891761587468224,0.0306927299264937,0.157593500038341,0.0470831623728849,0.0696380869684257,0.0244344673691326,98.3193844999062,2949,"Setophaga caerulescens","15-Jun-90",15,"Jun",90,"Nicolet Nat'l Forest, Seven Mile Lake at FS Rd. 2178","Oneida","WI","GRG","JPD","T-785-a,b","M","SY","7x5, 6x4.5",NA,"partial",63.8,51.1,3.1,4,10.4,7.6,NA,NA,"green",8.2,9.8,2,2,2,2,NA,"bill black; feet/legs olive brown; no fat; no molt; skull ossified","","WI.All","North West",45.90355,-89.06899,NA
"613608","m",0.0664058663134323,0.0155565551440096,0.0607089082493985,0.0123813750844594,0.0683963569019509,0.0178472886016008,0.0809506448500222,0.0207561885767374,0.103761541855156,0.0116523412186134,0.0664058663134323,0.0155565551440096,25.2294989679114,2949,"Setophaga caerulescens","15-Jun-90",15,"Jun",90,"Nicolet Nat'l Forest, Seven Mile Lake at FS Rd. 2178","Oneida","WI","GRG","JPD","T-785-a,b","M","SY","7x5, 6x4.5",NA,"partial",63.8,51.1,3.1,4,10.4,7.6,NA,NA,"green",8.2,9.8,2,2,2,2,NA,"bill black; feet/legs olive brown; no fat; no molt; skull ossified","","WI.All","North West",45.90355,-89.06899,NA
"613608","o",0.061363430487236,0.0182590374453919,0.0617602498007424,0.0209063906889781,0.0628482161790627,0.0197698838577817,0.0675221437125956,0.0161373265747291,0.0806120446715362,0.0137262973503223,0.061363430487236,0.0182590374453919,4.67705010320886,2949,"Setophaga caerulescens","15-Jun-90",15,"Jun",90,"Nicolet Nat'l Forest, Seven Mile Lake at FS Rd. 2178","Oneida","WI","GRG","JPD","T-785-a,b","M","SY","7x5, 6x4.5",NA,"partial",63.8,51.1,3.1,4,10.4,7.6,NA,NA,"green",8.2,9.8,2,2,2,2,NA,"bill black; feet/legs olive brown; no fat; no molt; skull ossified","","WI.All","North West",45.90355,-89.06899,NA
"613608","t",0.0362106955087254,0.00694418367730728,0.0323173705108909,0.00836203541454829,0.0380400158366754,0.0077998447455515,0.0497648511978385,0.00819333183518133,0.0538574996171327,0.00638825465275132,0.0362106955087254,0.00694418367730728,132.877462938638,2949,"Setophaga caerulescens","15-Jun-90",15,"Jun",90,"Nicolet Nat'l Forest, Seven Mile Lake at FS Rd. 2178","Oneida","WI","GRG","JPD","T-785-a,b","M","SY","7x5, 6x4.5",NA,"partial",63.8,51.1,3.1,4,10.4,7.6,NA,NA,"green",8.2,9.8,2,2,2,2,NA,"bill black; feet/legs olive brown; no fat; no molt; skull ossified","","WI.All","North West",45.90355,-89.06899,NA
"613608","w",0.300458520268489,0.101498722211139,0.298845100359521,0.101296316091615,0.302585007096888,0.104610816991664,0.27932764226924,0.0894234561147901,0.351499178200718,0.080330858234951,0.300458520268489,0.101498722211139,15.6832426346406,2949,"Setophaga caerulescens","15-Jun-90",15,"Jun",90,"Nicolet Nat'l Forest, Seven Mile Lake at FS Rd. 2178","Oneida","WI","GRG","JPD","T-785-a,b","M","SY","7x5, 6x4.5",NA,"partial",63.8,51.1,3.1,4,10.4,7.6,NA,NA,"green",8.2,9.8,2,2,2,2,NA,"bill black; feet/legs olive brown; no fat; no molt; skull ossified","","WI.All","North West",45.90355,-89.06899,NA
"613609","c",0.0620385802057462,0.0179167646432153,0.0503359690777337,0.0171501261071817,0.065794386790341,0.0188474315900217,0.0781885380278225,0.0211936642195946,0.118486303651641,0.0449430507447617,0.0620385802057462,0.0179167646432153,76.9975605179208,2937,"Setophaga caerulescens","16-Jun-90",16,"Jun",90,"Nicolet Nat'l Forest, North Branch Pine River on FS Rd 2174; 505m","Forest","WI","GRG","JPD","T-773-a,b","M","SY","7x4.5, 5.5x5",9.7,"partial",62.1,51.3,2.9,4.3,10.4,7.1,NA,NA,"green",9.2,9.7,2,2,2,2,NA,"bill black; feet/legs olive brown; no fat; no molt; stomach: insect mush; skull ossified","","WI.All","North West",45.929,-88.861,NA
"613609","m",0.0721791200463904,0.0072221152756487,0.0666983772471571,0.00731382783752093,0.0741596832719649,0.00808419009244155,0.0853575694198246,0.0102010990243208,0.103646751934041,0.0102516527905584,0.0721791200463904,0.0072221152756487,24.8204165884781,2937,"Setophaga caerulescens","16-Jun-90",16,"Jun",90,"Nicolet Nat'l Forest, North Branch Pine River on FS Rd 2174; 505m","Forest","WI","GRG","JPD","T-773-a,b","M","SY","7x4.5, 5.5x5",9.7,"partial",62.1,51.3,2.9,4.3,10.4,7.1,NA,NA,"green",9.2,9.7,2,2,2,2,NA,"bill black; feet/legs olive brown; no fat; no molt; stomach: insect mush; skull ossified","","WI.All","North West",45.929,-88.861,NA
"613609","o",0.0884259845121808,0.0113065167989932,0.0920505684888854,0.0136178814499771,0.0896994837920919,0.0118098896337349,0.0879475171738008,0.0106935066104695,0.105858246519672,0.0108366905096571,0.0884259845121808,0.0113065167989932,21.8780258960405,2937,"Setophaga caerulescens","16-Jun-90",16,"Jun",90,"Nicolet Nat'l Forest, North Branch Pine River on FS Rd 2174; 505m","Forest","WI","GRG","JPD","T-773-a,b","M","SY","7x4.5, 5.5x5",9.7,"partial",62.1,51.3,2.9,4.3,10.4,7.1,NA,NA,"green",9.2,9.7,2,2,2,2,NA,"bill black; feet/legs olive brown; no fat; no molt; stomach: insect mush; skull ossified","","WI.All","North West",45.929,-88.861,NA
"613609","t",0.0445554694476007,0.00665782462881187,0.0403683252347205,0.00756054882917044,0.0461225230431831,0.00820828602878319,0.0586591436217695,0.0108934740362465,0.0598283821701406,0.00704721344825437,0.0445554694476007,0.00665782462881187,155.256896228185,2937,"Setophaga caerulescens","16-Jun-90",16,"Jun",90,"Nicolet Nat'l Forest, North Branch Pine River on FS Rd 2174; 505m","Forest","WI","GRG","JPD","T-773-a,b","M","SY","7x4.5, 5.5x5",9.7,"partial",62.1,51.3,2.9,4.3,10.4,7.1,NA,NA,"green",9.2,9.7,2,2,2,2,NA,"bill black; feet/legs olive brown; no fat; no molt; stomach: insect mush; skull ossified","","WI.All","North West",45.929,-88.861,NA
"613609","w",0.259567801092215,0.0529749638067379,0.268074613606098,0.0549651429918201,0.2615503671775,0.0537079115913023,0.2331384241894,0.0463459974916078,0.25470358419299,0.0546194510973557,0.259567801092215,0.0529749638067379,21.5792831675737,2937,"Setophaga caerulescens","16-Jun-90",16,"Jun",90,"Nicolet Nat'l Forest, North Branch Pine River on FS Rd 2174; 505m","Forest","WI","GRG","JPD","T-773-a,b","M","SY","7x4.5, 5.5x5",9.7,"partial",62.1,51.3,2.9,4.3,10.4,7.1,NA,NA,"green",9.2,9.7,2,2,2,2,NA,"bill black; feet/legs olive brown; no fat; no molt; stomach: insect mush; skull ossified","","WI.All","North West",45.929,-88.861,NA
"613610","c",0.0749446982489641,0.0250714064916404,0.0603309356059349,0.0186443953922065,0.0786403995405877,0.0262794481413103,0.0956354335790964,0.0359444140741539,0.170557726827396,0.0499449004873989,0.0749446982489641,0.0250714064916404,65.478701444924,2946,"Setophaga caerulescens","16-Jun-90",16,"Jun",90,"Nicolet Nat'l Forest, North Branch Pine River on FS Rd 2174; 505m","Oneida","WI","GRG","JPD","T-782-a,b","M","SY","6x5, 5x5",10.6,"partial",69.6,54,3.2,4.2,10.8,7.3,NA,NA,"green",10.8,12.2,2,2,2,2,NA,"bill black; feet/legs olive; no fat; stomach: insect mush, small caterpillar; skull ossified","","WI.All","North West",45.86375,-88.88867,NA
"613610","m",0.0655290550337304,0.0168014240473326,0.060072531344196,0.0137795175570522,0.0677204287844407,0.0189080868512091,0.0791475793530123,0.0202760741945346,0.102256296442133,0.0134721471405044,0.0655290550337304,0.0168014240473326,25.275035966723,2946,"Setophaga caerulescens","16-Jun-90",16,"Jun",90,"Nicolet Nat'l Forest, North Branch Pine River on FS Rd 2174; 505m","Oneida","WI","GRG","JPD","T-782-a,b","M","SY","6x5, 5x5",10.6,"partial",69.6,54,3.2,4.2,10.8,7.3,NA,NA,"green",10.8,12.2,2,2,2,2,NA,"bill black; feet/legs olive; no fat; stomach: insect mush, small caterpillar; skull ossified","","WI.All","North West",45.86375,-88.88867,NA
"613610","o",0.099005768190336,0.0303313850033804,0.104439471864853,0.0338258704478708,0.100762201781773,0.0319560240928632,0.0936221570358879,0.0223249801673088,0.121220833388701,0.01877514067457,0.099005768190336,0.0303313850033804,9.74141489960593,2946,"Setophaga caerulescens","16-Jun-90",16,"Jun",90,"Nicolet Nat'l Forest, North Branch Pine River on FS Rd 2174; 505m","Oneida","WI","GRG","JPD","T-782-a,b","M","SY","6x5, 5x5",10.6,"partial",69.6,54,3.2,4.2,10.8,7.3,NA,NA,"green",10.8,12.2,2,2,2,2,NA,"bill black; feet/legs olive; no fat; stomach: insect mush, small caterpillar; skull ossified","","WI.All","North West",45.86375,-88.88867,NA
"613610","t",0.0393200196798316,0.00812284164669641,0.0350923323961465,0.00906358370854825,0.0410246850613838,0.00927225896459608,0.0533995124226206,0.010587546018739,0.0577658888204792,0.00818747672727024,0.0393200196798316,0.00812284164669641,131.960217676862,2946,"Setophaga caerulescens","16-Jun-90",16,"Jun",90,"Nicolet Nat'l Forest, North Branch Pine River on FS Rd 2174; 505m","Oneida","WI","GRG","JPD","T-782-a,b","M","SY","6x5, 5x5",10.6,"partial",69.6,54,3.2,4.2,10.8,7.3,NA,NA,"green",10.8,12.2,2,2,2,2,NA,"bill black; feet/legs olive; no fat; stomach: insect mush, small caterpillar; skull ossified","","WI.All","North West",45.86375,-88.88867,NA
"613610","w",0.312927424948796,0.0887709264970121,0.31826774784207,0.0903591258375688,0.315854468992711,0.0914868807692617,0.280180661088798,0.0753938514817639,0.334470282488002,0.0776730624293787,0.312927424948796,0.0887709264970121,28.1433664852693,2946,"Setophaga caerulescens","16-Jun-90",16,"Jun",90,"Nicolet Nat'l Forest, North Branch Pine River on FS Rd 2174; 505m","Oneida","WI","GRG","JPD","T-782-a,b","M","SY","6x5, 5x5",10.6,"partial",69.6,54,3.2,4.2,10.8,7.3,NA,NA,"green",10.8,12.2,2,2,2,2,NA,"bill black; feet/legs olive; no fat; stomach: insect mush, small caterpillar; skull ossified","","WI.All","North West",45.86375,-88.88867,NA
"613611","c",0.0718396202873829,0.0281425887983147,0.0574759974486197,0.0216657921010087,0.0761965336953165,0.0309895135001677,0.0899129551575712,0.0337431613679877,0.164116833624158,0.0541527294263087,0.0718396202873829,0.0281425887983147,77.192719084256,2947,"Setophaga caerulescens","16-Jun-90",16,"Jun",90,"Nicolet Nat'l Forest, North Branch Pine River on FS Rd 2174; 505m","Oneida","WI","GRG","JPD","T-783-a,b","M","ASY","7x5.5, 6x4.5",9.4,"partial",63.9,49.7,3,4.6,10.9,6.7,NA,NA,"blue",13.1,13.9,2,2,2,2,NA,"bill black; feet/legs light olive; no fat; no molt; stomach: caterpillar remains; skull ossified","","WI.All","North West",45.86375,-88.88867,NA
"613611","m",0.0647429522270178,0.017874750842746,0.0597515653996208,0.0151645774856881,0.0665360187301532,0.0202042681795282,0.0787983652637649,0.020458506585409,0.103161280958082,0.0144261141674959,0.0647429522270178,0.017874750842746,25.8765246762995,2947,"Setophaga caerulescens","16-Jun-90",16,"Jun",90,"Nicolet Nat'l Forest, North Branch Pine River on FS Rd 2174; 505m","Oneida","WI","GRG","JPD","T-783-a,b","M","ASY","7x5.5, 6x4.5",9.4,"partial",63.9,49.7,3,4.6,10.9,6.7,NA,NA,"blue",13.1,13.9,2,2,2,2,NA,"bill black; feet/legs light olive; no fat; no molt; stomach: caterpillar remains; skull ossified","","WI.All","North West",45.86375,-88.88867,NA
"613611","o",0.0797458402770284,0.0390686404035658,0.0810119024769722,0.0453144878905272,0.0812148787053464,0.0397689854986005,0.0833170843933067,0.0266069772312951,0.097058873531682,0.0210628191917544,0.0797458402770284,0.0390686404035658,9.31732032276224,2947,"Setophaga caerulescens","16-Jun-90",16,"Jun",90,"Nicolet Nat'l Forest, North Branch Pine River on FS Rd 2174; 505m","Oneida","WI","GRG","JPD","T-783-a,b","M","ASY","7x5.5, 6x4.5",9.4,"partial",63.9,49.7,3,4.6,10.9,6.7,NA,NA,"blue",13.1,13.9,2,2,2,2,NA,"bill black; feet/legs light olive; no fat; no molt; stomach: caterpillar remains; skull ossified","","WI.All","North West",45.86375,-88.88867,NA
"613611","t",0.0386994621057026,0.00781792562932092,0.0342390607779426,0.00880883822037119,0.0404756777796654,0.00900748620353605,0.0532153836298941,0.0103875074357406,0.0591560045283414,0.00884473860363695,0.0386994621057026,0.00781792562932092,140.893225745919,2947,"Setophaga caerulescens","16-Jun-90",16,"Jun",90,"Nicolet Nat'l Forest, North Branch Pine River on FS Rd 2174; 505m","Oneida","WI","GRG","JPD","T-783-a,b","M","ASY","7x5.5, 6x4.5",9.4,"partial",63.9,49.7,3,4.6,10.9,6.7,NA,NA,"blue",13.1,13.9,2,2,2,2,NA,"bill black; feet/legs light olive; no fat; no molt; stomach: caterpillar remains; skull ossified","","WI.All","North West",45.86375,-88.88867,NA
"613611","w",0.530564927658258,0.109651724509038,0.545042439571009,0.11826637884504,0.53710241172711,0.113284658668991,0.439220313614243,0.0809176376416765,0.494708364581404,0.0811957515932314,0.530564927658258,0.109651724509038,34.9694126477763,2947,"Setophaga caerulescens","16-Jun-90",16,"Jun",90,"Nicolet Nat'l Forest, North Branch Pine River on FS Rd 2174; 505m","Oneida","WI","GRG","JPD","T-783-a,b","M","ASY","7x5.5, 6x4.5",9.4,"partial",63.9,49.7,3,4.6,10.9,6.7,NA,NA,"blue",13.1,13.9,2,2,2,2,NA,"bill black; feet/legs light olive; no fat; no molt; stomach: caterpillar remains; skull ossified","","WI.All","North West",45.86375,-88.88867,NA
"613612","c",0.0745419399091148,0.0231891589681377,0.0621815446406339,0.0178091395256789,0.0789595681980913,0.0249127652419724,0.0894225860670164,0.0295131897781096,0.149175509082302,0.042023321522856,0.0745419399091148,0.0231891589681377,29.7339088009007,2913,"Setophaga caerulescens","16-Jun-90",16,"Jun",90,"Nicolet Nat'l Forest, North Branch Pine River on FS Rd 2174; 505m","Oneida","WI","GRG","JPD","T-749-a,b","M","ASY","5x4.5, NA",9.6,"partial",61.3,57,3,4.1,10.8,7.1,NA,NA,"blue",18.8,21.3,2,2,2,2,NA,"bill black; feet/legs dark olive brown; no fat; stomach: insect parts, caterpillar; skull ossified; R testis deflated","","WI.All","North West",45.86375,-88.88867,NA
"613612","m",0.0661679001721128,0.00946584188250721,0.0601671009962841,0.00926447848467351,0.0677735432038259,0.0111675192037495,0.0823613608411027,0.0145723127730573,0.107165886658226,0.0101642983766226,0.0661679001721128,0.00946584188250721,24.956026771752,2913,"Setophaga caerulescens","16-Jun-90",16,"Jun",90,"Nicolet Nat'l Forest, North Branch Pine River on FS Rd 2174; 505m","Oneida","WI","GRG","JPD","T-749-a,b","M","ASY","5x4.5, NA",9.6,"partial",61.3,57,3,4.1,10.8,7.1,NA,NA,"blue",18.8,21.3,2,2,2,2,NA,"bill black; feet/legs dark olive brown; no fat; stomach: insect parts, caterpillar; skull ossified; R testis deflated","","WI.All","North West",45.86375,-88.88867,NA
"613612","o",0.0555256930628458,0.0111190204603146,0.0519511444108093,0.0132336563480773,0.0569656705639296,0.011636520726847,0.0687481872154379,0.0102497440667051,0.0808203562740079,0.0126207934353488,0.0555256930628458,0.0111190204603146,11.5563895665228,2913,"Setophaga caerulescens","16-Jun-90",16,"Jun",90,"Nicolet Nat'l Forest, North Branch Pine River on FS Rd 2174; 505m","Oneida","WI","GRG","JPD","T-749-a,b","M","ASY","5x4.5, NA",9.6,"partial",61.3,57,3,4.1,10.8,7.1,NA,NA,"blue",18.8,21.3,2,2,2,2,NA,"bill black; feet/legs dark olive brown; no fat; stomach: insect parts, caterpillar; skull ossified; R testis deflated","","WI.All","North West",45.86375,-88.88867,NA
"613612","t",0.0426466478795081,0.00594204104107635,0.0382332149994818,0.00643864774129183,0.0442396333720814,0.00694430556337083,0.0573049386553979,0.00881938726251866,0.0630509621341854,0.00701232469675173,0.0426466478795081,0.00594204104107635,125.21298555076,2913,"Setophaga caerulescens","16-Jun-90",16,"Jun",90,"Nicolet Nat'l Forest, North Branch Pine River on FS Rd 2174; 505m","Oneida","WI","GRG","JPD","T-749-a,b","M","ASY","5x4.5, NA",9.6,"partial",61.3,57,3,4.1,10.8,7.1,NA,NA,"blue",18.8,21.3,2,2,2,2,NA,"bill black; feet/legs dark olive brown; no fat; stomach: insect parts, caterpillar; skull ossified; R testis deflated","","WI.All","North West",45.86375,-88.88867,NA
"613612","w",0.399102455429219,0.107699365421518,0.416295158173802,0.117383222942109,0.405271143000223,0.110668094341444,0.328654537306736,0.0746804054305774,0.322996032494261,0.0660774966216465,0.399102455429219,0.107699365421518,62.7367235879152,2913,"Setophaga caerulescens","16-Jun-90",16,"Jun",90,"Nicolet Nat'l Forest, North Branch Pine River on FS Rd 2174; 505m","Oneida","WI","GRG","JPD","T-749-a,b","M","ASY","5x4.5, NA",9.6,"partial",61.3,57,3,4.1,10.8,7.1,NA,NA,"blue",18.8,21.3,2,2,2,2,NA,"bill black; feet/legs dark olive brown; no fat; stomach: insect parts, caterpillar; skull ossified; R testis deflated","","WI.All","North West",45.86375,-88.88867,NA
"613652","c",0.0637278598466341,0.0236898721067831,0.0513061141817482,0.0236183091667282,0.0688036015863583,0.0247881290196317,0.0774330094903716,0.0258992126253993,0.124613404121654,0.0510498693644755,0.0637278598466341,0.0236898721067831,59.126290110715,2984,"Setophaga caerulescens","24-Jun-90",24,"Jun",90,"1mi E Burns Lake","Renfrew","ON","GRG","JPD","820-a,b","M","ASY","7x4, 8x5",9.25,"partial",64,51.7,NA,NA,10.8,7,NA,NA,"blue",11.5,11.3,2,2,2,2,NA,"skull ossified; biil black; feet/legs olive dark brown; no fat; stomach: insect mush, small green caterpillar; upper and lower bill askew","","ON.Renfrew","North Central",45.58094,-77.66086,NA
"613652","m",0.0702081205586241,0.0186540766785597,0.0640273989613799,0.0192845354916969,0.0728623880026358,0.0204188322510937,0.0827448001720235,0.0177254523541732,0.0892285755848963,0.0273823555427993,0.0702081205586241,0.0186540766785597,25.2777882029149,2984,"Setophaga caerulescens","24-Jun-90",24,"Jun",90,"1mi E Burns Lake","Renfrew","ON","GRG","JPD","820-a,b","M","ASY","7x4, 8x5",9.25,"partial",64,51.7,NA,NA,10.8,7,NA,NA,"blue",11.5,11.3,2,2,2,2,NA,"skull ossified; biil black; feet/legs olive dark brown; no fat; stomach: insect mush, small green caterpillar; upper and lower bill askew","","ON.Renfrew","North Central",45.58094,-77.66086,NA
"613652","o",0.0624755505707277,0.0156118822650287,0.0606386024056796,0.01846344387555,0.0646936759219784,0.0158570818148836,0.0695330166759728,0.011192408640458,0.0670614696433116,0.0169480329107023,0.0624755505707277,0.0156118822650287,11.1615687746294,2984,"Setophaga caerulescens","24-Jun-90",24,"Jun",90,"1mi E Burns Lake","Renfrew","ON","GRG","JPD","820-a,b","M","ASY","7x4, 8x5",9.25,"partial",64,51.7,NA,NA,10.8,7,NA,NA,"blue",11.5,11.3,2,2,2,2,NA,"skull ossified; biil black; feet/legs olive dark brown; no fat; stomach: insect mush, small green caterpillar; upper and lower bill askew","","ON.Renfrew","North Central",45.58094,-77.66086,NA
"613652","t",0.0504513511631619,0.00965568528058464,0.0483812860773183,0.0109086424016358,0.0526043003481299,0.0104417083666245,0.0586937871257596,0.0094272503990689,0.0474387637666012,0.011467348815842,0.0504513511631619,0.00965568528058464,156.529179958716,2984,"Setophaga caerulescens","24-Jun-90",24,"Jun",90,"1mi E Burns Lake","Renfrew","ON","GRG","JPD","820-a,b","M","ASY","7x4, 8x5",9.25,"partial",64,51.7,NA,NA,10.8,7,NA,NA,"blue",11.5,11.3,2,2,2,2,NA,"skull ossified; biil black; feet/legs olive dark brown; no fat; stomach: insect mush, small green caterpillar; upper and lower bill askew","","ON.Renfrew","North Central",45.58094,-77.66086,NA
"613652","w",0.45994478587847,0.127228237152194,0.471175562470043,0.133693774898452,0.462562194557798,0.128420106167983,0.391084790862885,0.0966772035684323,0.478839849157084,0.127741602157831,0.45994478587847,0.127228237152194,40.4060799399512,2984,"Setophaga caerulescens","24-Jun-90",24,"Jun",90,"1mi E Burns Lake","Renfrew","ON","GRG","JPD","820-a,b","M","ASY","7x4, 8x5",9.25,"partial",64,51.7,NA,NA,10.8,7,NA,NA,"blue",11.5,11.3,2,2,2,2,NA,"skull ossified; biil black; feet/legs olive dark brown; no fat; stomach: insect mush, small green caterpillar; upper and lower bill askew","","ON.Renfrew","North Central",45.58094,-77.66086,NA
"613654","c",0.0663803050207899,0.0284777051764943,0.054949559876745,0.0239534672443581,0.0709267478732922,0.0311605568020672,0.0797160405492852,0.0331100988859427,0.124765269898709,0.0394333575747111,0.0663803050207899,0.0284777051764943,81.0043160067555,2986,"Setophaga caerulescens","25-Jun-90",25,"Jun",90,"1mi E Burns Lake","Renfrew","ON","GRG","JPD","822-a,b","M","ASY","NA, 6x7.5",9.45,"partial",61.8,50.6,2.8,3.7,10.1,6.8,NA,NA,"blue",8.8,12.1,2,2,2,2,NA,"skull ossified; trace fat; stomach: caterpillar remains; L testis deflated","","ON.Renfrew","North Central",45.58094,-77.66086,18.04
"613654","m",0.0804920670130922,0.0173829630553225,0.0726915361660888,0.0189115014102536,0.0831805017690249,0.0186771096828888,0.0947093252163696,0.0155226307364771,0.1127748474213,0.0282616805846801,0.0804920670130922,0.0173829630553225,25.0928879714768,2986,"Setophaga caerulescens","25-Jun-90",25,"Jun",90,"1mi E Burns Lake","Renfrew","ON","GRG","JPD","822-a,b","M","ASY","NA, 6x7.5",9.45,"partial",61.8,50.6,2.8,3.7,10.1,6.8,NA,NA,"blue",8.8,12.1,2,2,2,2,NA,"skull ossified; trace fat; stomach: caterpillar remains; L testis deflated","","ON.Renfrew","North Central",45.58094,-77.66086,18.04
"613654","o",0.0575068772276632,0.00661447309174398,0.0542391679913924,0.00771818127713583,0.0593277813857372,0.00785642086335064,0.0687170061953556,0.00988098170768073,0.0701293132946767,0.00944722458857696,0.0575068772276632,0.00661447309174398,3.9924939012948,2986,"Setophaga caerulescens","25-Jun-90",25,"Jun",90,"1mi E Burns Lake","Renfrew","ON","GRG","JPD","822-a,b","M","ASY","NA, 6x7.5",9.45,"partial",61.8,50.6,2.8,3.7,10.1,6.8,NA,NA,"blue",8.8,12.1,2,2,2,2,NA,"skull ossified; trace fat; stomach: caterpillar remains; L testis deflated","","ON.Renfrew","North Central",45.58094,-77.66086,18.04
"613654","t",0.0433771123747338,0.00827289607109248,0.0405431386133919,0.00936401806081039,0.0453738396052446,0.00918397194568649,0.0534812134704154,0.00890975680554209,0.0366499949092252,0.00883809396809486,0.0433771123747338,0.00827289607109248,107.461062112967,2986,"Setophaga caerulescens","25-Jun-90",25,"Jun",90,"1mi E Burns Lake","Renfrew","ON","GRG","JPD","822-a,b","M","ASY","NA, 6x7.5",9.45,"partial",61.8,50.6,2.8,3.7,10.1,6.8,NA,NA,"blue",8.8,12.1,2,2,2,2,NA,"skull ossified; trace fat; stomach: caterpillar remains; L testis deflated","","ON.Renfrew","North Central",45.58094,-77.66086,18.04
"613654","w",0.412667786707918,0.132550947482514,0.413885637858625,0.135664815426186,0.413680489905661,0.131830144482793,0.366015360975395,0.112332365414738,0.496348084137606,0.137066841264788,0.412667786707918,0.132550947482514,22.5182961155939,2986,"Setophaga caerulescens","25-Jun-90",25,"Jun",90,"1mi E Burns Lake","Renfrew","ON","GRG","JPD","822-a,b","M","ASY","NA, 6x7.5",9.45,"partial",61.8,50.6,2.8,3.7,10.1,6.8,NA,NA,"blue",8.8,12.1,2,2,2,2,NA,"skull ossified; trace fat; stomach: caterpillar remains; L testis deflated","","ON.Renfrew","North Central",45.58094,-77.66086,18.04
"613657","c",0.0635008945089477,0.0261440000741087,0.0482562995060614,0.0236790884940517,0.0675063571756108,0.0275960899295341,0.0842262002793869,0.0298031521818186,0.152879115825114,0.05065586853213,0.0635008945089477,0.0261440000741087,83.2538937887033,2932,"Setophaga caerulescens","25-Jun-90",25,"Jun",90,"Beaverdam Lake","Thunder Bay","ON","GRG","JPD","768-a,b","M","ASY","7.5x5, 5.5x5",9.2,"partial",63.8,50.7,3.2,4.1,10.7,6.9,NA,NA,"blue",13.7,13.4,2,2,2,2,NA,"skull ossified; bill black; feet/legs dark olive brown; trace fat; stomach: caterpillar remains; no molt","","ON.Thunder","North Central",48.8665693,-86.9761973,NA
"613657","m",0.0658759241354954,0.0178863178178517,0.0583969829533264,0.0168653647828119,0.0680368017065788,0.0198081489344956,0.0821149443683852,0.019102390904751,0.0863923427310253,0.024936824186987,0.0658759241354954,0.0178863178178517,25.5510101957841,2932,"Setophaga caerulescens","25-Jun-90",25,"Jun",90,"Beaverdam Lake","Thunder Bay","ON","GRG","JPD","768-a,b","M","ASY","7.5x5, 5.5x5",9.2,"partial",63.8,50.7,3.2,4.1,10.7,6.9,NA,NA,"blue",13.7,13.4,2,2,2,2,NA,"skull ossified; bill black; feet/legs dark olive brown; trace fat; stomach: caterpillar remains; no molt","","ON.Thunder","North Central",48.8665693,-86.9761973,NA
"613657","o",0.0645640147955548,0.0106603503271697,0.0638345515502695,0.0127572497624581,0.0667254803466385,0.0112279152527282,0.0701490614489477,0.00857819041510505,0.0724169710535684,0.0124127103555654,0.0645640147955548,0.0106603503271697,4.55094764496153,2932,"Setophaga caerulescens","25-Jun-90",25,"Jun",90,"Beaverdam Lake","Thunder Bay","ON","GRG","JPD","768-a,b","M","ASY","7.5x5, 5.5x5",9.2,"partial",63.8,50.7,3.2,4.1,10.7,6.9,NA,NA,"blue",13.7,13.4,2,2,2,2,NA,"skull ossified; bill black; feet/legs dark olive brown; trace fat; stomach: caterpillar remains; no molt","","ON.Thunder","North Central",48.8665693,-86.9761973,NA
"613657","t",0.0457629917726654,0.00770202275926409,0.0433479817042215,0.00865160066206899,0.0479347502432688,0.00853764721821107,0.0544958421710643,0.00857811181731286,0.0414188487078659,0.00960499920538457,0.0457629917726654,0.00770202275926409,154.918371176581,2932,"Setophaga caerulescens","25-Jun-90",25,"Jun",90,"Beaverdam Lake","Thunder Bay","ON","GRG","JPD","768-a,b","M","ASY","7.5x5, 5.5x5",9.2,"partial",63.8,50.7,3.2,4.1,10.7,6.9,NA,NA,"blue",13.7,13.4,2,2,2,2,NA,"skull ossified; bill black; feet/legs dark olive brown; trace fat; stomach: caterpillar remains; no molt","","ON.Thunder","North Central",48.8665693,-86.9761973,NA
"613657","w",0.398317798963265,0.137954274532975,0.406034950281252,0.145254138047057,0.401118342572792,0.138810889629687,0.344283967150508,0.106679558856035,0.439962906637038,0.134388512492456,0.398317798963265,0.137954274532975,46.8890973916307,2932,"Setophaga caerulescens","25-Jun-90",25,"Jun",90,"Beaverdam Lake","Thunder Bay","ON","GRG","JPD","768-a,b","M","ASY","7.5x5, 5.5x5",9.2,"partial",63.8,50.7,3.2,4.1,10.7,6.9,NA,NA,"blue",13.7,13.4,2,2,2,2,NA,"skull ossified; bill black; feet/legs dark olive brown; trace fat; stomach: caterpillar remains; no molt","","ON.Thunder","North Central",48.8665693,-86.9761973,NA
"613658","c",0.0759990565604881,0.0297812436317157,0.0580428754458435,0.0278835736104971,0.0804359737526408,0.0312191360418255,0.0989615327261944,0.0346852388724895,0.182088058956788,0.0666279844560659,0.0759990565604881,0.0297812436317157,61.764683805592,2933,"Setophaga caerulescens","25-Jun-90",25,"Jun",90,"1mi S Beaverdam Lake","Thunder Bay","ON","GRG","JPD","769-a,b","M","ASY","5x4, 8x6",9.35,"partial",62.3,51.2,2.7,3.9,10.7,7,NA,NA,"blue",11.5,11.1,2,2,2,2,NA,"skull ossified; bill black; feet/legs light brown; no fat; stomach: insect mush","","ON.Thunder","North Central",48.8665693,-86.9761973,NA
"613658","m",0.0733247069201341,0.0135719918237883,0.066866907215967,0.0108625973456623,0.0755319998323887,0.0149578385297176,0.0876048215217256,0.019940817384713,0.101688271897057,0.0178399927065001,0.0733247069201341,0.0135719918237883,25.2292487646213,2933,"Setophaga caerulescens","25-Jun-90",25,"Jun",90,"1mi S Beaverdam Lake","Thunder Bay","ON","GRG","JPD","769-a,b","M","ASY","5x4, 8x6",9.35,"partial",62.3,51.2,2.7,3.9,10.7,7,NA,NA,"blue",11.5,11.1,2,2,2,2,NA,"skull ossified; bill black; feet/legs light brown; no fat; stomach: insect mush","","ON.Thunder","North Central",48.8665693,-86.9761973,NA
"613658","o",0.0598434608107041,0.0120780247886495,0.0578358822623355,0.0144267504070259,0.0614892066590653,0.012705835429225,0.0692396020570012,0.0113594474002607,0.0655188315052167,0.0101187147255282,0.0598434608107041,0.0120780247886495,7.33495965471946,2933,"Setophaga caerulescens","25-Jun-90",25,"Jun",90,"1mi S Beaverdam Lake","Thunder Bay","ON","GRG","JPD","769-a,b","M","ASY","5x4, 8x6",9.35,"partial",62.3,51.2,2.7,3.9,10.7,7,NA,NA,"blue",11.5,11.1,2,2,2,2,NA,"skull ossified; bill black; feet/legs light brown; no fat; stomach: insect mush","","ON.Thunder","North Central",48.8665693,-86.9761973,NA
"613658","t",0.0428011389386506,0.00657577059610289,0.0398472458888545,0.00736463254409414,0.0447569905869628,0.00727188560318332,0.0532921644087605,0.00780467263509846,0.0372605081710856,0.0102981819757709,0.0428011389386506,0.00657577059610289,198.524300994558,2933,"Setophaga caerulescens","25-Jun-90",25,"Jun",90,"1mi S Beaverdam Lake","Thunder Bay","ON","GRG","JPD","769-a,b","M","ASY","5x4, 8x6",9.35,"partial",62.3,51.2,2.7,3.9,10.7,7,NA,NA,"blue",11.5,11.1,2,2,2,2,NA,"skull ossified; bill black; feet/legs light brown; no fat; stomach: insect mush","","ON.Thunder","North Central",48.8665693,-86.9761973,NA
"613658","w",0.373166193262165,0.102501775953429,0.380247133819531,0.108455525592138,0.377064504635707,0.104103243560984,0.325490362387273,0.080538856799213,0.393496556557294,0.0787673873994773,0.373166193262165,0.102501775953429,35.4633139425783,2933,"Setophaga caerulescens","25-Jun-90",25,"Jun",90,"1mi S Beaverdam Lake","Thunder Bay","ON","GRG","JPD","769-a,b","M","ASY","5x4, 8x6",9.35,"partial",62.3,51.2,2.7,3.9,10.7,7,NA,NA,"blue",11.5,11.1,2,2,2,2,NA,"skull ossified; bill black; feet/legs light brown; no fat; stomach: insect mush","","ON.Thunder","North Central",48.8665693,-86.9761973,NA
"613660","c",0.0640431069358925,0.0260824430524012,0.0530484005778059,0.0253259912083319,0.0688371915110186,0.0269913972616801,0.0765298127365213,0.0299191851144895,0.129244022104296,0.0605993266937658,0.0640431069358925,0.0260824430524012,72.529930568587,2935,"Setophaga caerulescens","25-Jun-90",25,"Jun",90,"1mi S Beaverdam Lake","Thunder Bay","ON","GRG","JPD","771-a,b","M","SY","5x4, 6x5",9.3,"partial",64.3,50.5,3.1,4.2,11.4,7.8,NA,NA,"green",10.4,11.8,2,2,2,2,NA,"skull ossified; bill black; feet/legs olive brown; no fat; stomach: insect parts","","ON.Thunder","North Central",48.8665693,-86.9761973,18.82
"613660","m",0.0805000882343953,0.0221941616820088,0.0737560503688953,0.0221239615857768,0.0831768601665544,0.0248887502950062,0.0932302996011612,0.0206262596201791,0.111164889314738,0.0263279414380321,0.0805000882343953,0.0221941616820088,24.7748795896666,2935,"Setophaga caerulescens","25-Jun-90",25,"Jun",90,"1mi S Beaverdam Lake","Thunder Bay","ON","GRG","JPD","771-a,b","M","SY","5x4, 6x5",9.3,"partial",64.3,50.5,3.1,4.2,11.4,7.8,NA,NA,"green",10.4,11.8,2,2,2,2,NA,"skull ossified; bill black; feet/legs olive brown; no fat; stomach: insect parts","","ON.Thunder","North Central",48.8665693,-86.9761973,18.82
"613660","o",0.0880849681973918,0.0193888010713947,0.0912686795881624,0.023148122206377,0.0902542146396345,0.0201576717734994,0.0861599883232801,0.0142154793954801,0.0977855703585695,0.0145890027467949,0.0880849681973918,0.0193888010713947,11.5563895665228,2935,"Setophaga caerulescens","25-Jun-90",25,"Jun",90,"1mi S Beaverdam Lake","Thunder Bay","ON","GRG","JPD","771-a,b","M","SY","5x4, 6x5",9.3,"partial",64.3,50.5,3.1,4.2,11.4,7.8,NA,NA,"green",10.4,11.8,2,2,2,2,NA,"skull ossified; bill black; feet/legs olive brown; no fat; stomach: insect parts","","ON.Thunder","North Central",48.8665693,-86.9761973,18.82
"613660","t",0.0464936651063179,0.00615285230907479,0.0444848418465112,0.0073757831535567,0.0483706226346461,0.00684803858850911,0.0554480506659167,0.00721065214602603,0.0407511195927076,0.00919084540731866,0.0464936651063179,0.00615285230907479,148.598236066804,2935,"Setophaga caerulescens","25-Jun-90",25,"Jun",90,"1mi S Beaverdam Lake","Thunder Bay","ON","GRG","JPD","771-a,b","M","SY","5x4, 6x5",9.3,"partial",64.3,50.5,3.1,4.2,11.4,7.8,NA,NA,"green",10.4,11.8,2,2,2,2,NA,"skull ossified; bill black; feet/legs olive brown; no fat; stomach: insect parts","","ON.Thunder","North Central",48.8665693,-86.9761973,18.82
"613660","w",0.302481202780649,0.071423904168435,0.304205919832197,0.0730720210810672,0.305716851246624,0.0720210968066646,0.275087240299247,0.0624030992545,0.341325061701336,0.0718056259034253,0.302481202780649,0.071423904168435,25.5882904860199,2935,"Setophaga caerulescens","25-Jun-90",25,"Jun",90,"1mi S Beaverdam Lake","Thunder Bay","ON","GRG","JPD","771-a,b","M","SY","5x4, 6x5",9.3,"partial",64.3,50.5,3.1,4.2,11.4,7.8,NA,NA,"green",10.4,11.8,2,2,2,2,NA,"skull ossified; bill black; feet/legs olive brown; no fat; stomach: insect parts","","ON.Thunder","North Central",48.8665693,-86.9761973,18.82
"613661","c",0.0705674552279073,0.024019123676587,0.05606080360475,0.0244737861952563,0.075287971913394,0.0252358087083756,0.0883613431748258,0.0274002954489606,0.15981313122606,0.0539248724945254,0.0705674552279073,0.024019123676587,73.2197410395947,2952,"Setophaga caerulescens","26-Jun-90",26,"Jun",90,"3mi N Round Lake","Thunder Bay","ON","GRG","JPD","788-a,b","M","SY","7x5, 6.5x5",9.6,"partial",60.1,51.2,2.9,3.9,10.4,6.9,NA,NA,"green",12.3,9.4,2,2,2,2,NA,"skull ossified; bill black; feet/legs dark olive; trace fat; stomach: caterpillar remains; no molt","","ON.Thunder","North Central",48.8665693,-86.9761973,18.9
"613661","m",0.0719596188400223,0.0157700747933392,0.0666505755041456,0.016466681067524,0.0744065833738613,0.017636958477092,0.0837245192294952,0.0158164585058095,0.0959493839871023,0.0239020023692682,0.0719596188400223,0.0157700747933392,24.5912303746794,2952,"Setophaga caerulescens","26-Jun-90",26,"Jun",90,"3mi N Round Lake","Thunder Bay","ON","GRG","JPD","788-a,b","M","SY","7x5, 6.5x5",9.6,"partial",60.1,51.2,2.9,3.9,10.4,6.9,NA,NA,"green",12.3,9.4,2,2,2,2,NA,"skull ossified; bill black; feet/legs dark olive; trace fat; stomach: caterpillar remains; no molt","","ON.Thunder","North Central",48.8665693,-86.9761973,18.9
"613661","o",0.0820866118499582,0.0184413777755571,0.0854441837106762,0.022367573459005,0.0842636795319216,0.0195729796361475,0.0801747960435716,0.013837698004091,0.08881806610165,0.014799960644998,0.0820866118499582,0.0184413777755571,8.25520735597673,2952,"Setophaga caerulescens","26-Jun-90",26,"Jun",90,"3mi N Round Lake","Thunder Bay","ON","GRG","JPD","788-a,b","M","SY","7x5, 6.5x5",9.6,"partial",60.1,51.2,2.9,3.9,10.4,6.9,NA,NA,"green",12.3,9.4,2,2,2,2,NA,"skull ossified; bill black; feet/legs dark olive; trace fat; stomach: caterpillar remains; no molt","","ON.Thunder","North Central",48.8665693,-86.9761973,18.9
"613661","t",0.0403948337339275,0.00596871681601306,0.0374134346349436,0.00704030061398052,0.0422595222555509,0.00681673474153477,0.051141880337567,0.00763482035840994,0.0339100101390835,0.00838848113232488,0.0403948337339275,0.00596871681601306,128.145618314881,2952,"Setophaga caerulescens","26-Jun-90",26,"Jun",90,"3mi N Round Lake","Thunder Bay","ON","GRG","JPD","788-a,b","M","SY","7x5, 6.5x5",9.6,"partial",60.1,51.2,2.9,3.9,10.4,6.9,NA,NA,"green",12.3,9.4,2,2,2,2,NA,"skull ossified; bill black; feet/legs dark olive; trace fat; stomach: caterpillar remains; no molt","","ON.Thunder","North Central",48.8665693,-86.9761973,18.9
"613661","w",0.369109056590205,0.103410791811665,0.375539123303463,0.10941978843327,0.37370370305402,0.1062679545015,0.321434420264551,0.0825599124832518,0.409017874059415,0.0879245733699514,0.369109056590205,0.103410791811665,26.3366485269281,2952,"Setophaga caerulescens","26-Jun-90",26,"Jun",90,"3mi N Round Lake","Thunder Bay","ON","GRG","JPD","788-a,b","M","SY","7x5, 6.5x5",9.6,"partial",60.1,51.2,2.9,3.9,10.4,6.9,NA,NA,"green",12.3,9.4,2,2,2,2,NA,"skull ossified; bill black; feet/legs dark olive; trace fat; stomach: caterpillar remains; no molt","","ON.Thunder","North Central",48.8665693,-86.9761973,18.9
"613662","c",0.0591424219250175,0.0207062636235958,0.0472547900090734,0.0206320840053091,0.0638321005969364,0.02192461375475,0.0732671263852223,0.0246477055645878,0.117653991964161,0.0471462597417785,0.0591424219250175,0.0207062636235958,90.4687558641396,2982,"Setophaga caerulescens","26-Jun-90",26,"Jun",90,"1mi S Beaverdam Lake","Thunder Bay","ON","GRG","JPD","818-a,b","M","?SY","8x5x 6x4",9.1,"partial",59.1,53.7,3.1,4.3,11,7.3,NA,NA,NA,9.7,12.8,2,2,2,2,NA,"skull ossified; bill black; feet/legs dark olive brown; trace fat; stomach: caterpillar remains; no molt; no alula - age based primarily on tail and body measurements","","ON.Thunder","North Central",48.8665693,-86.9761973,18.46
"613662","m",0.0771021975139691,0.00891895351247549,0.0679376903905988,0.0079936869511916,0.0795661449449727,0.0104754422824284,0.0944801026750311,0.0157286591641772,0.109601738992833,0.0116017594421899,0.0771021975139691,0.00891895351247549,25.2289985613311,2982,"Setophaga caerulescens","26-Jun-90",26,"Jun",90,"1mi S Beaverdam Lake","Thunder Bay","ON","GRG","JPD","818-a,b","M","?SY","8x5x 6x4",9.1,"partial",59.1,53.7,3.1,4.3,11,7.3,NA,NA,NA,9.7,12.8,2,2,2,2,NA,"skull ossified; bill black; feet/legs dark olive brown; trace fat; stomach: caterpillar remains; no molt; no alula - age based primarily on tail and body measurements","","ON.Thunder","North Central",48.8665693,-86.9761973,18.46
"613662","o",0.0770855956545824,0.0399652268490579,0.0760100994448462,0.0437317875036086,0.0795243432485312,0.0405354600498037,0.0811625895271977,0.0294237716373878,0.0853976273294789,0.0248745604029497,0.0770855956545824,0.0399652268490579,3.94745730906361,2982,"Setophaga caerulescens","26-Jun-90",26,"Jun",90,"1mi S Beaverdam Lake","Thunder Bay","ON","GRG","JPD","818-a,b","M","?SY","8x5x 6x4",9.1,"partial",59.1,53.7,3.1,4.3,11,7.3,NA,NA,NA,9.7,12.8,2,2,2,2,NA,"skull ossified; bill black; feet/legs dark olive brown; trace fat; stomach: caterpillar remains; no molt; no alula - age based primarily on tail and body measurements","","ON.Thunder","North Central",48.8665693,-86.9761973,18.46
"613662","t",0.0417724609295328,0.00614307891197944,0.0388782273303635,0.00760447721440869,0.0441015730670256,0.00668430631377168,0.0506335400841267,0.00655299234108733,0.0341630134122133,0.00737145715699749,0.0417724609295328,0.00614307891197944,58.8395571401764,2982,"Setophaga caerulescens","26-Jun-90",26,"Jun",90,"1mi S Beaverdam Lake","Thunder Bay","ON","GRG","JPD","818-a,b","M","?SY","8x5x 6x4",9.1,"partial",59.1,53.7,3.1,4.3,11,7.3,NA,NA,NA,9.7,12.8,2,2,2,2,NA,"skull ossified; bill black; feet/legs dark olive brown; trace fat; stomach: caterpillar remains; no molt; no alula - age based primarily on tail and body measurements","","ON.Thunder","North Central",48.8665693,-86.9761973,18.46
"613662","w",0.461701715824213,0.114286756138984,0.466968293261515,0.119564706929768,0.463063977079922,0.115357081781078,0.402360799795503,0.0874475133687602,0.54601303852296,0.112046322197079,0.461701715824213,0.114286756138984,32.8444361043348,2982,"Setophaga caerulescens","26-Jun-90",26,"Jun",90,"1mi S Beaverdam Lake","Thunder Bay","ON","GRG","JPD","818-a,b","M","?SY","8x5x 6x4",9.1,"partial",59.1,53.7,3.1,4.3,11,7.3,NA,NA,NA,9.7,12.8,2,2,2,2,NA,"skull ossified; bill black; feet/legs dark olive brown; trace fat; stomach: caterpillar remains; no molt; no alula - age based primarily on tail and body measurements","","ON.Thunder","North Central",48.8665693,-86.9761973,18.46
"613663","c",0.0707454770172587,0.0302817479348174,0.0565484694603759,0.0235330501217312,0.07521516370159,0.0331073385350739,0.0885901403296972,0.0396194116101211,0.149859869638891,0.0458315683533584,0.0707454770172587,0.0302817479348174,87.0272096078063,2983,"Setophaga caerulescens","26-Jun-90",26,"Jun",90,"1mi S Beaverdam Lake","Thunder Bay","ON","GRG","JPD","819-a,b","M","ASY","6x5, NA",9.5,"partial",60.8,52.6,3.1,4.2,11.6,7.7,NA,NA,"blue",12.1,14.3,2,2,2,2,NA,"skull ossified; bill black; feet/legs dark brown; trace fat; stomach: insect parts; no molt; R testis missing","","ON.Thunder","North Central",48.8665693,-86.9761973,NA
"613663","m",0.0781057763393877,0.011002675161488,0.0686868779482444,0.00829673651004486,0.0808649205906293,0.0123003795323648,0.0950428608959724,0.0173911506406039,0.110398845627431,0.0139640270946155,0.0781057763393877,0.011002675161488,25.0450991430537,2983,"Setophaga caerulescens","26-Jun-90",26,"Jun",90,"1mi S Beaverdam Lake","Thunder Bay","ON","GRG","JPD","819-a,b","M","ASY","6x5, NA",9.5,"partial",60.8,52.6,3.1,4.2,11.6,7.7,NA,NA,"blue",12.1,14.3,2,2,2,2,NA,"skull ossified; bill black; feet/legs dark brown; trace fat; stomach: insect parts; no molt; R testis missing","","ON.Thunder","North Central",48.8665693,-86.9761973,NA
"613663","o",0.0579290735908904,0.00818573175832903,0.0554567294902798,0.00937970312432461,0.0600778896762515,0.00864086909179788,0.0665659591790515,0.00754072229597679,0.0634384823391678,0.0101479424663089,0.0579290735908904,0.00818573175832903,9.95083505348095,2983,"Setophaga caerulescens","26-Jun-90",26,"Jun",90,"1mi S Beaverdam Lake","Thunder Bay","ON","GRG","JPD","819-a,b","M","ASY","6x5, NA",9.5,"partial",60.8,52.6,3.1,4.2,11.6,7.7,NA,NA,"blue",12.1,14.3,2,2,2,2,NA,"skull ossified; bill black; feet/legs dark brown; trace fat; stomach: insect parts; no molt; R testis missing","","ON.Thunder","North Central",48.8665693,-86.9761973,NA
"613663","t",0.042237608355297,0.00838467409181801,0.0394456955814307,0.00946236559910941,0.0440833354032973,0.00911251059777632,0.0526091861701733,0.00858734148512272,0.0350701724801953,0.00838734064334368,0.042237608355297,0.00838467409181801,139.01745167949,2983,"Setophaga caerulescens","26-Jun-90",26,"Jun",90,"1mi S Beaverdam Lake","Thunder Bay","ON","GRG","JPD","819-a,b","M","ASY","6x5, NA",9.5,"partial",60.8,52.6,3.1,4.2,11.6,7.7,NA,NA,"blue",12.1,14.3,2,2,2,2,NA,"skull ossified; bill black; feet/legs dark brown; trace fat; stomach: insect parts; no molt; R testis missing","","ON.Thunder","North Central",48.8665693,-86.9761973,NA
"613663","w",0.432095575378916,0.110196827340222,0.437802755400712,0.116569121976472,0.435255607845378,0.111581029964087,0.37640005511556,0.0849574475418893,0.463320842249596,0.0883525328349442,0.432095575378916,0.110196827340222,37.1214111465566,2983,"Setophaga caerulescens","26-Jun-90",26,"Jun",90,"1mi S Beaverdam Lake","Thunder Bay","ON","GRG","JPD","819-a,b","M","ASY","6x5, NA",9.5,"partial",60.8,52.6,3.1,4.2,11.6,7.7,NA,NA,"blue",12.1,14.3,2,2,2,2,NA,"skull ossified; bill black; feet/legs dark brown; trace fat; stomach: insect parts; no molt; R testis missing","","ON.Thunder","North Central",48.8665693,-86.9761973,NA
"613669","c",0.0694338301966312,0.0264364373887153,0.0557523533714445,0.0251339977797474,0.0740156418533537,0.0283828111906971,0.0860855234591872,0.0299585312887912,0.15019479936376,0.0475675554026593,0.0694338301966312,0.0264364373887153,78.823043723025,2973,"Setophaga caerulescens","27-Jun-90",27,"Jun",90,"White Mountain Bay","Renfrew","ON","GRG","JPD","809-a,b","M","SY","6x5, 4x5",9.9,"partial",63,56.2,2.9,4.4,10.4,7.3,NA,NA,"green",8.7,9.6,2,2,2,2,NA,"skull ossified; bill black; feet/legs olive brown; no fat; stomach: insect parts; no molt","","ON.Renfrew","North Central",45.6677817,-77.6868559,18.09
"613669","m",0.082878171050034,0.0150223072071259,0.0734943775181274,0.0107144067399146,0.0865818810424384,0.0166017719874403,0.0963226912607537,0.0213967472435187,0.112130581535559,0.0151702650249304,0.082878171050034,0.0150223072071259,24.8634515543879,2973,"Setophaga caerulescens","27-Jun-90",27,"Jun",90,"White Mountain Bay","Renfrew","ON","GRG","JPD","809-a,b","M","SY","6x5, 4x5",9.9,"partial",63,56.2,2.9,4.4,10.4,7.3,NA,NA,"green",8.7,9.6,2,2,2,2,NA,"skull ossified; bill black; feet/legs olive brown; no fat; stomach: insect parts; no molt","","ON.Renfrew","North Central",45.6677817,-77.6868559,18.09
"613669","o",0.10347556597813,0.0262404292980227,0.110186804698101,0.0315024261551852,0.105735571866821,0.0270130916574371,0.094635026974232,0.0169822687982726,0.102608511060635,0.0169854616797045,0.10347556597813,0.0262404292980227,5.11315443798086,2973,"Setophaga caerulescens","27-Jun-90",27,"Jun",90,"White Mountain Bay","Renfrew","ON","GRG","JPD","809-a,b","M","SY","6x5, 4x5",9.9,"partial",63,56.2,2.9,4.4,10.4,7.3,NA,NA,"green",8.7,9.6,2,2,2,2,NA,"skull ossified; bill black; feet/legs olive brown; no fat; stomach: insect parts; no molt","","ON.Renfrew","North Central",45.6677817,-77.6868559,18.09
"613669","t",0.0480546363194694,0.00953089714939902,0.0450259523944164,0.00991623252019757,0.049917251388741,0.0101771612339936,0.0588888511045245,0.0101415071229508,0.0407629995417979,0.0123914783205468,0.0480546363194694,0.00953089714939902,106.508538187277,2973,"Setophaga caerulescens","27-Jun-90",27,"Jun",90,"White Mountain Bay","Renfrew","ON","GRG","JPD","809-a,b","M","SY","6x5, 4x5",9.9,"partial",63,56.2,2.9,4.4,10.4,7.3,NA,NA,"green",8.7,9.6,2,2,2,2,NA,"skull ossified; bill black; feet/legs olive brown; no fat; stomach: insect parts; no molt","","ON.Renfrew","North Central",45.6677817,-77.6868559,18.09
"613669","w",0.404543524419752,0.103081463517202,0.412632785168768,0.109675846880444,0.403933415895336,0.103103220819066,0.355573155143536,0.0820307135886461,0.46714003618137,0.107326589735962,0.404543524419752,0.103081463517202,27.7770688684556,2973,"Setophaga caerulescens","27-Jun-90",27,"Jun",90,"White Mountain Bay","Renfrew","ON","GRG","JPD","809-a,b","M","SY","6x5, 4x5",9.9,"partial",63,56.2,2.9,4.4,10.4,7.3,NA,NA,"green",8.7,9.6,2,2,2,2,NA,"skull ossified; bill black; feet/legs olive brown; no fat; stomach: insect parts; no molt","","ON.Renfrew","North Central",45.6677817,-77.6868559,18.09
"613671","c",0.0639560314705309,0.0287887373056226,0.0524168811706102,0.0265628886498553,0.0689805218171792,0.0315999262103114,0.0762326298638279,0.0298940186502,0.131678276559504,0.0397832671188799,0.0639560314705309,0.0287887373056226,65.0110714955902,2975,"Setophaga caerulescens","27-Jun-90",27,"Jun",90,"White Mountain Bay","Renfrew","ON","GRG","JPD","811-a,b","M","SY","7x5.5, NA",10,"partial",61.5,52.4,3.4,3.9,10.6,7.3,NA,NA,"green",9.3,10.7,2,2,2,2,NA,"skull ossified; bill black; feet/legs olive brown; light fat; stomach: caterpillar, other insect parts; no molt; R testis ruptured","","ON.Renfrew","North Central",45.6677817,-77.6868559,NA
"613671","m",0.0838559543281692,0.021638953579957,0.0786437205619156,0.0191724435922984,0.0863399130815959,0.0237911975899561,0.094453785044262,0.0226117070102321,0.104850024821837,0.017619993816521,0.0838559543281692,0.021638953579957,24.8181647588666,2975,"Setophaga caerulescens","27-Jun-90",27,"Jun",90,"White Mountain Bay","Renfrew","ON","GRG","JPD","811-a,b","M","SY","7x5.5, NA",10,"partial",61.5,52.4,3.4,3.9,10.6,7.3,NA,NA,"green",9.3,10.7,2,2,2,2,NA,"skull ossified; bill black; feet/legs olive brown; light fat; stomach: caterpillar, other insect parts; no molt; R testis ruptured","","ON.Renfrew","North Central",45.6677817,-77.6868559,NA
"613671","o",0.0882616283970193,0.0273216050737269,0.0942307362525126,0.0331087649721194,0.0901540326987047,0.0282177145265112,0.0829534362948762,0.0186100801085921,0.0837411856686488,0.0172830306352134,0.0882616283970193,0.0273216050737269,9.05160442859824,2975,"Setophaga caerulescens","27-Jun-90",27,"Jun",90,"White Mountain Bay","Renfrew","ON","GRG","JPD","811-a,b","M","SY","7x5.5, NA",10,"partial",61.5,52.4,3.4,3.9,10.6,7.3,NA,NA,"green",9.3,10.7,2,2,2,2,NA,"skull ossified; bill black; feet/legs olive brown; light fat; stomach: caterpillar, other insect parts; no molt; R testis ruptured","","ON.Renfrew","North Central",45.6677817,-77.6868559,NA
"613671","t",0.0476528094758843,0.00829649793250553,0.0456370075914734,0.00898842029837888,0.0499241677921875,0.00902386438011579,0.0553812412623567,0.00876957161810008,0.0402007165168409,0.00900677305931318,0.0476528094758843,0.00829649793250553,129.626571589416,2975,"Setophaga caerulescens","27-Jun-90",27,"Jun",90,"White Mountain Bay","Renfrew","ON","GRG","JPD","811-a,b","M","SY","7x5.5, NA",10,"partial",61.5,52.4,3.4,3.9,10.6,7.3,NA,NA,"green",9.3,10.7,2,2,2,2,NA,"skull ossified; bill black; feet/legs olive brown; light fat; stomach: caterpillar, other insect parts; no molt; R testis ruptured","","ON.Renfrew","North Central",45.6677817,-77.6868559,NA
"613671","w",0.403414530000185,0.115513019147405,0.412263308252398,0.123203677695843,0.407705019139139,0.117872856925952,0.346491175395261,0.0881875305800133,0.415827273876764,0.0945691105991852,0.403414530000185,0.115513019147405,20.6492775379996,2975,"Setophaga caerulescens","27-Jun-90",27,"Jun",90,"White Mountain Bay","Renfrew","ON","GRG","JPD","811-a,b","M","SY","7x5.5, NA",10,"partial",61.5,52.4,3.4,3.9,10.6,7.3,NA,NA,"green",9.3,10.7,2,2,2,2,NA,"skull ossified; bill black; feet/legs olive brown; light fat; stomach: caterpillar, other insect parts; no molt; R testis ruptured","","ON.Renfrew","North Central",45.6677817,-77.6868559,NA
"613673","c",0.0572857667475583,0.015233267193002,0.0475306977778588,0.014649715339822,0.0613530536396945,0.0158364308606973,0.0705757755253819,0.0198851095071902,0.105867879758937,0.0391696788249431,0.0572857667475583,0.015233267193002,99.0317132670295,2971,"Setophaga caerulescens","27-Jun-90",27,"Jun",90,"White Mountain Bay","Renfrew","ON","GRG","JPD","807-a,b","M","ASY","7x6, 6x5",9.6,"partial",65.9,52.1,3.3,4,11.1,7,NA,NA,"blue",11.5,13.7,2,2,2,2,NA,"skull ossified; bill black; feet/legs olive brown; no fat; stomach: caterpillar remains; no molt","","ON.Renfrew","North Central",45.6677817,-77.6868559,18.77
"613673","m",0.082479744210718,0.0182524513961991,0.0738657535800852,0.0192617873089101,0.0850495027283349,0.019663721949764,0.0984825041120987,0.0168700564772577,0.117323017663435,0.0310292159500524,0.082479744210718,0.0182524513961991,24.9124913992619,2971,"Setophaga caerulescens","27-Jun-90",27,"Jun",90,"White Mountain Bay","Renfrew","ON","GRG","JPD","807-a,b","M","ASY","7x6, 6x5",9.6,"partial",65.9,52.1,3.3,4,11.1,7,NA,NA,"blue",11.5,13.7,2,2,2,2,NA,"skull ossified; bill black; feet/legs olive brown; no fat; stomach: caterpillar remains; no molt","","ON.Renfrew","North Central",45.6677817,-77.6868559,18.77
"613673","o",0.0613480694506606,0.0104338194529891,0.0602775728403186,0.0121340342625791,0.0633514028543007,0.0108594224422277,0.0682091739318742,0.00885870298172358,0.0680522053468468,0.0125870045647617,0.0613480694506606,0.0104338194529891,6.18127228373053,2971,"Setophaga caerulescens","27-Jun-90",27,"Jun",90,"White Mountain Bay","Renfrew","ON","GRG","JPD","807-a,b","M","ASY","7x6, 6x5",9.6,"partial",65.9,52.1,3.3,4,11.1,7,NA,NA,"blue",11.5,13.7,2,2,2,2,NA,"skull ossified; bill black; feet/legs olive brown; no fat; stomach: caterpillar remains; no molt","","ON.Renfrew","North Central",45.6677817,-77.6868559,18.77
"613673","t",0.043394747152198,0.00583451741632067,0.0408848914259834,0.00694931069478391,0.0453999804266742,0.00659179935228961,0.052962092528879,0.00696228832120467,0.034764001823101,0.00841470162437236,0.043394747152198,0.00583451741632067,127.506849315068,2971,"Setophaga caerulescens","27-Jun-90",27,"Jun",90,"White Mountain Bay","Renfrew","ON","GRG","JPD","807-a,b","M","ASY","7x6, 6x5",9.6,"partial",65.9,52.1,3.3,4,11.1,7,NA,NA,"blue",11.5,13.7,2,2,2,2,NA,"skull ossified; bill black; feet/legs olive brown; no fat; stomach: caterpillar remains; no molt","","ON.Renfrew","North Central",45.6677817,-77.6868559,18.77
"613673","w",0.419510662641824,0.108110219541537,0.419933381414545,0.11039336167345,0.421761280136281,0.10859018510535,0.372493518156281,0.0905927990762485,0.488911773173534,0.116963234825261,0.419510662641824,0.108110219541537,33.6888722086695,2971,"Setophaga caerulescens","27-Jun-90",27,"Jun",90,"White Mountain Bay","Renfrew","ON","GRG","JPD","807-a,b","M","ASY","7x6, 6x5",9.6,"partial",65.9,52.1,3.3,4,11.1,7,NA,NA,"blue",11.5,13.7,2,2,2,2,NA,"skull ossified; bill black; feet/legs olive brown; no fat; stomach: caterpillar remains; no molt","","ON.Renfrew","North Central",45.6677817,-77.6868559,18.77
"613676","c",0.0718834516271747,0.0248509176912726,0.0627191224432504,0.0208306475180827,0.0764191595694885,0.0259144004632663,0.0815054663578743,0.034117597150174,0.132658330154179,0.040638207384161,0.0718834516271747,0.0248509176912726,53.2595233627322,2991,"Setophaga caerulescens","27-Jun-90",27,"Jun",90,"3mi N. Round Lake","Renfrew","ON","GRG","JPD","827-a,b","M","SY","6x4.5, 6x6",9.7,"partial",58.7,51.4,3,4,11,7.3,NA,NA,"green",9.5,8.7,2,2,2,2,NA,"skull ossified; bill black; feet/legs olive brown; trace fat; stomach: caterpillar remains","","ON.Renfrew","North Central",45.68915,-77.53545,19.09
"613676","m",0.0819211400582661,0.0227126905421218,0.0747382827230591,0.0199437921631325,0.0850061746986587,0.0256553037055108,0.0939896662160209,0.022793238207397,0.112159060492404,0.0196756525653113,0.0819211400582661,0.0227126905421218,25.1371739538375,2991,"Setophaga caerulescens","27-Jun-90",27,"Jun",90,"3mi N. Round Lake","Renfrew","ON","GRG","JPD","827-a,b","M","SY","6x4.5, 6x6",9.7,"partial",58.7,51.4,3,4,11,7.3,NA,NA,"green",9.5,8.7,2,2,2,2,NA,"skull ossified; bill black; feet/legs olive brown; trace fat; stomach: caterpillar remains","","ON.Renfrew","North Central",45.68915,-77.53545,19.09
"613676","o",0.0851610613322941,0.0177295321549441,0.0881703890306924,0.0203389707559461,0.0884328426511598,0.0189057468209269,0.0803007532298145,0.0136573823829854,0.0896968128136587,0.0159141166907976,0.0851610613322941,0.0177295321549441,8.43085006567836,2991,"Setophaga caerulescens","27-Jun-90",27,"Jun",90,"3mi N. Round Lake","Renfrew","ON","GRG","JPD","827-a,b","M","SY","6x4.5, 6x6",9.7,"partial",58.7,51.4,3,4,11,7.3,NA,NA,"green",9.5,8.7,2,2,2,2,NA,"skull ossified; bill black; feet/legs olive brown; trace fat; stomach: caterpillar remains","","ON.Renfrew","North Central",45.68915,-77.53545,19.09
"613676","t",0.0518986709764286,0.0160616954812257,0.0498485394401585,0.0170527334431466,0.0540932472552428,0.0166093769837583,0.0597661292054355,0.0146412258030576,0.0472071673473677,0.0235812352959263,0.0518986709764286,0.0160616954812257,102.69994370426,2991,"Setophaga caerulescens","27-Jun-90",27,"Jun",90,"3mi N. Round Lake","Renfrew","ON","GRG","JPD","827-a,b","M","SY","6x4.5, 6x6",9.7,"partial",58.7,51.4,3,4,11,7.3,NA,NA,"green",9.5,8.7,2,2,2,2,NA,"skull ossified; bill black; feet/legs olive brown; trace fat; stomach: caterpillar remains","","ON.Renfrew","North Central",45.68915,-77.53545,19.09
"613676","w",0.402719071690446,0.11800412334789,0.409220505488516,0.121970162978243,0.408200719840856,0.119918744817684,0.344958634106564,0.0957906202490767,0.434223428922635,0.0978595232137345,0.402719071690446,0.11800412334789,24.8429348845937,2991,"Setophaga caerulescens","27-Jun-90",27,"Jun",90,"3mi N. Round Lake","Renfrew","ON","GRG","JPD","827-a,b","M","SY","6x4.5, 6x6",9.7,"partial",58.7,51.4,3,4,11,7.3,NA,NA,"green",9.5,8.7,2,2,2,2,NA,"skull ossified; bill black; feet/legs olive brown; trace fat; stomach: caterpillar remains","","ON.Renfrew","North Central",45.68915,-77.53545,19.09
"613677","c",0.0645402346727149,0.0291357275014707,0.0550288902042949,0.0235970613195418,0.0687465367711769,0.030936532722156,0.0759936034968897,0.0374818964168201,0.128507785199477,0.0495407051711198,0.0645402346727149,0.0291357275014707,57.3773691124038,2992,"Setophaga caerulescens","27-Jun-90",27,"Jun",90,"3mi N. Round Lake","Renfrew","ON","GRG","?","828-a,b","M","ASY","6x5, 7x5",8.5,"partial",61,54.4,NA,NA,NA,NA,NA,NA,"blue",15.2,12.5,2,2,2,2,NA,"skull ossified; bill black; feet/legs dark brown; no fat; stomach: insect mush; no molt; upper bill broken","","ON.Renfrew","North Central",45.68915,-77.53545,18.93
"613677","m",0.0717444795298813,0.00698550288335354,0.0650229828997241,0.00640729074744012,0.0741381971259124,0.00778849806225823,0.0859541718182911,0.0107154142096916,0.0973724874505194,0.0117519753375081,0.0717444795298813,0.00698550288335354,25.4586851817101,2992,"Setophaga caerulescens","27-Jun-90",27,"Jun",90,"3mi N. Round Lake","Renfrew","ON","GRG","?","828-a,b","M","ASY","6x5, 7x5",8.5,"partial",61,54.4,NA,NA,NA,NA,NA,NA,"blue",15.2,12.5,2,2,2,2,NA,"skull ossified; bill black; feet/legs dark brown; no fat; stomach: insect mush; no molt; upper bill broken","","ON.Renfrew","North Central",45.68915,-77.53545,18.93
"613677","o",0.0655595411893757,0.0126985345764074,0.0644280648031727,0.0153101147516763,0.0674864244175586,0.0130379136172516,0.0727764352449341,0.01001559684603,0.0757198803353481,0.0127548137899604,0.0655595411893757,0.0126985345764074,17.9245637080128,2992,"Setophaga caerulescens","27-Jun-90",27,"Jun",90,"3mi N. Round Lake","Renfrew","ON","GRG","?","828-a,b","M","ASY","6x5, 7x5",8.5,"partial",61,54.4,NA,NA,NA,NA,NA,NA,"blue",15.2,12.5,2,2,2,2,NA,"skull ossified; bill black; feet/legs dark brown; no fat; stomach: insect mush; no molt; upper bill broken","","ON.Renfrew","North Central",45.68915,-77.53545,18.93
"613677","t",0.0438784200908929,0.00586245861910275,0.0412961691950997,0.00714973444312424,0.0460056680918731,0.00633422625387229,0.0530919975724083,0.00599014288181453,0.033846656761758,0.00666141584058927,0.0438784200908929,0.00586245861910275,56.8662037905798,2992,"Setophaga caerulescens","27-Jun-90",27,"Jun",90,"3mi N. Round Lake","Renfrew","ON","GRG","?","828-a,b","M","ASY","6x5, 7x5",8.5,"partial",61,54.4,NA,NA,NA,NA,NA,NA,"blue",15.2,12.5,2,2,2,2,NA,"skull ossified; bill black; feet/legs dark brown; no fat; stomach: insect mush; no molt; upper bill broken","","ON.Renfrew","North Central",45.68915,-77.53545,18.93
"613677","w",0.458388558298127,0.12081464198501,0.470740552841047,0.127862734263477,0.461763032905308,0.121704403658383,0.386182992746167,0.0921201208704826,0.49332178479801,0.118325714675164,0.458388558298127,0.12081464198501,49.1401763933196,2992,"Setophaga caerulescens","27-Jun-90",27,"Jun",90,"3mi N. Round Lake","Renfrew","ON","GRG","?","828-a,b","M","ASY","6x5, 7x5",8.5,"partial",61,54.4,NA,NA,NA,NA,NA,NA,"blue",15.2,12.5,2,2,2,2,NA,"skull ossified; bill black; feet/legs dark brown; no fat; stomach: insect mush; no molt; upper bill broken","","ON.Renfrew","North Central",45.68915,-77.53545,18.93
"613690","c",0.0572896337704066,0.0201330613886998,0.0463459358150586,0.0164500559662608,0.0614239038634008,0.0210701684927776,0.0717528320018964,0.0276334348423185,0.116024785835856,0.0348418951462291,0.0572896337704066,0.0201330613886998,99.5751548132858,3005,"Setophaga caerulescens","28-Jun-90",28,"Jun",90,"Beaverdam Lake","Thunder Bay","ON","GRG","JPD","841-a,b","M","ASY","9.5x6.5, 7.5x5",9.3,"partial",66.3,53.6,3.5,4.4,10.8,7.4,NA,NA,NA,15.1,15.4,2,2,2,2,NA,"skull ossified; bill black; feet/legs olive brown; fat trace; stomach: caterpillar","","ON.Thunder","North Central",48.8665693,-86.9761973,17.78
"613690","m",0.0650600063986353,0.0102908044476542,0.0585802043333398,0.0119996996898182,0.0675800272091218,0.0107808180899733,0.0789675832714013,0.0097769332159758,0.0845592350730011,0.0250192044135012,0.0650600063986353,0.0102908044476542,24.7731281666354,3005,"Setophaga caerulescens","28-Jun-90",28,"Jun",90,"Beaverdam Lake","Thunder Bay","ON","GRG","JPD","841-a,b","M","ASY","9.5x6.5, 7.5x5",9.3,"partial",66.3,53.6,3.5,4.4,10.8,7.4,NA,NA,NA,15.1,15.4,2,2,2,2,NA,"skull ossified; bill black; feet/legs olive brown; fat trace; stomach: caterpillar","","ON.Thunder","North Central",48.8665693,-86.9761973,17.78
"613690","o",0.056976438908856,0.0117606931685459,0.0542437651237088,0.0127684086438353,0.0590548838212882,0.0124030942407207,0.066427979840632,0.0109192011840726,0.0626390082681004,0.0135536855231487,0.056976438908856,0.0117606931685459,9.07112028523175,3005,"Setophaga caerulescens","28-Jun-90",28,"Jun",90,"Beaverdam Lake","Thunder Bay","ON","GRG","JPD","841-a,b","M","ASY","9.5x6.5, 7.5x5",9.3,"partial",66.3,53.6,3.5,4.4,10.8,7.4,NA,NA,NA,15.1,15.4,2,2,2,2,NA,"skull ossified; bill black; feet/legs olive brown; fat trace; stomach: caterpillar","","ON.Thunder","North Central",48.8665693,-86.9761973,17.78
"613690","t",0.0452051619665167,0.010716145089179,0.0426951936468808,0.0123871203596234,0.0474334028853538,0.0112019400419917,0.0539346653511153,0.00869004754209658,0.0370973667677033,0.00998668048879812,0.0452051619665167,0.010716145089179,145.159692249953,3005,"Setophaga caerulescens","28-Jun-90",28,"Jun",90,"Beaverdam Lake","Thunder Bay","ON","GRG","JPD","841-a,b","M","ASY","9.5x6.5, 7.5x5",9.3,"partial",66.3,53.6,3.5,4.4,10.8,7.4,NA,NA,NA,15.1,15.4,2,2,2,2,NA,"skull ossified; bill black; feet/legs olive brown; fat trace; stomach: caterpillar","","ON.Thunder","North Central",48.8665693,-86.9761973,17.78
"613690","w",0.46582868977119,0.119954552986123,0.471755180571755,0.123243702458967,0.468050847476891,0.120219404918563,0.398720345335171,0.0967463214098281,0.54212732927875,0.13617632791846,0.46582868977119,0.119954552986123,43.2719084255958,3005,"Setophaga caerulescens","28-Jun-90",28,"Jun",90,"Beaverdam Lake","Thunder Bay","ON","GRG","JPD","841-a,b","M","ASY","9.5x6.5, 7.5x5",9.3,"partial",66.3,53.6,3.5,4.4,10.8,7.4,NA,NA,NA,15.1,15.4,2,2,2,2,NA,"skull ossified; bill black; feet/legs olive brown; fat trace; stomach: caterpillar","","ON.Thunder","North Central",48.8665693,-86.9761973,17.78
"613691","c",0.0563994054066822,0.0138976530122489,0.0446085171615616,0.0128816071794586,0.0604607831961108,0.0144833159120512,0.0727017809206408,0.0188422562919646,0.122343334668307,0.0321296761948574,0.0563994054066822,0.0138976530122489,85.3541002064177,3006,"Setophaga caerulescens","28-Jun-90",28,"Jun",90,"Beaverdam Lake","Thunder Bay","ON","GRG","JPD","842-a,b","M","ASY","6x4.5, 6x6",9.7,"partial",62,48.9,3.1,4.3,10.2,6.8,NA,NA,"blue",13.2,11,2,2,2,2,NA,"","","ON.Thunder","North Central",48.8665693,-86.9761973,18.39
"613691","m",0.0719642317367584,0.0171658384630812,0.0645327734251605,0.0139682156680141,0.0744374636043546,0.0189208322507938,0.0871204799947823,0.0224328969121101,0.0986816370933658,0.0186234591261764,0.0719642317367584,0.0171658384630812,23.6492149871771,3006,"Setophaga caerulescens","28-Jun-90",28,"Jun",90,"Beaverdam Lake","Thunder Bay","ON","GRG","JPD","842-a,b","M","ASY","6x4.5, 6x6",9.7,"partial",62,48.9,3.1,4.3,10.2,6.8,NA,NA,"blue",13.2,11,2,2,2,2,NA,"","","ON.Thunder","North Central",48.8665693,-86.9761973,18.39
"613691","o",0.0622395518825847,0.0146225866370529,0.0613639337225709,0.0162549399179887,0.0640534233554601,0.0152453070788262,0.0691988154959153,0.012380760726472,0.069134332939289,0.014829819445364,0.0622395518825847,0.0146225866370529,10.519797335335,3006,"Setophaga caerulescens","28-Jun-90",28,"Jun",90,"Beaverdam Lake","Thunder Bay","ON","GRG","JPD","842-a,b","M","ASY","6x4.5, 6x6",9.7,"partial",62,48.9,3.1,4.3,10.2,6.8,NA,NA,"blue",13.2,11,2,2,2,2,NA,"","","ON.Thunder","North Central",48.8665693,-86.9761973,18.39
"613691","t",0.042170377725483,0.0061781529017384,0.0391633890018081,0.00719502704281231,0.0438671563490586,0.00695426597764449,0.0535435480923543,0.00752632950998096,0.0357743854594341,0.00973188723648691,0.042170377725483,0.0061781529017384,113.291048977294,3006,"Setophaga caerulescens","28-Jun-90",28,"Jun",90,"Beaverdam Lake","Thunder Bay","ON","GRG","JPD","842-a,b","M","ASY","6x4.5, 6x6",9.7,"partial",62,48.9,3.1,4.3,10.2,6.8,NA,NA,"blue",13.2,11,2,2,2,2,NA,"","","ON.Thunder","North Central",48.8665693,-86.9761973,18.39
"613691","w",0.374178061402747,0.130306300886725,0.373654868257353,0.129638697860598,0.376411196853602,0.131160310985331,0.33485837733125,0.111803562108872,0.459786744064632,0.137639165133377,0.374178061402747,0.130306300886725,29.0350910114468,3006,"Setophaga caerulescens","28-Jun-90",28,"Jun",90,"Beaverdam Lake","Thunder Bay","ON","GRG","JPD","842-a,b","M","ASY","6x4.5, 6x6",9.7,"partial",62,48.9,3.1,4.3,10.2,6.8,NA,NA,"blue",13.2,11,2,2,2,2,NA,"","","ON.Thunder","North Central",48.8665693,-86.9761973,18.39
"614261","c",0.0605083808482001,0.0180075714113645,0.0499426095089162,0.0174962650954999,0.0647861861084697,0.0185503911914927,0.074670757221735,0.0209703887485091,0.123710627633141,0.0500638837329402,0.0605083808482001,0.0180075714113645,65.6821167198349,3014,"Setophaga caerulescens","15-Jun-90",15,"Jun",90,"St. Mary's Cemetary, 5mi NE Yoho Lake on Hwy 640","York","NB","GRG","CJD","849-a,b","M","ASY","7x5, 6x5",9.6,"partial",66.6,51.9,3.1,3.7,10.2,6.5,NA,NA,"blue",16.9,15.2,3,2,2,3,NA,"no fat; bill black; feet/legs olive; no molt stomach saved","auto-align","NB.York","North East",45.794,-66.854,18.72
"614261","m",0.0649090637698,0.0124874928028635,0.0608768521212088,0.0102289944060334,0.0666121939204933,0.0138936030971695,0.0774220350580603,0.0178883686586772,0.0871055156410543,0.0152507154752386,0.0649090637698,0.0124874928028635,25.5532620253956,3014,"Setophaga caerulescens","15-Jun-90",15,"Jun",90,"St. Mary's Cemetary, 5mi NE Yoho Lake on Hwy 640","York","NB","GRG","CJD","849-a,b","M","ASY","7x5, 6x5",9.6,"partial",66.6,51.9,3.1,3.7,10.2,6.5,NA,NA,"blue",16.9,15.2,3,2,2,3,NA,"no fat; bill black; feet/legs olive; no molt stomach saved","auto-align","NB.York","North East",45.794,-66.854,18.72
"614261","o",0.0706251655687355,0.0120299590765235,0.0714652962428147,0.0151685812332169,0.0724172083983707,0.0124231421928278,0.0758108567533869,0.00925984237298913,0.0801314042280154,0.00907109797559877,0.0706251655687355,0.0120299590765235,5.99887408519422,3014,"Setophaga caerulescens","15-Jun-90",15,"Jun",90,"St. Mary's Cemetary, 5mi NE Yoho Lake on Hwy 640","York","NB","GRG","CJD","849-a,b","M","ASY","7x5, 6x5",9.6,"partial",66.6,51.9,3.1,3.7,10.2,6.5,NA,NA,"blue",16.9,15.2,3,2,2,3,NA,"no fat; bill black; feet/legs olive; no molt stomach saved","auto-align","NB.York","North East",45.794,-66.854,18.72
"614261","t",0.0487225803615428,0.00789028888160687,0.0467819047508554,0.00825984503759146,0.0506500865929342,0.00864359839408974,0.0577945222511552,0.00914442359253614,0.0507262784059643,0.0112624105266759,0.0487225803615428,0.00789028888160687,107.536873709889,3014,"Setophaga caerulescens","15-Jun-90",15,"Jun",90,"St. Mary's Cemetary, 5mi NE Yoho Lake on Hwy 640","York","NB","GRG","CJD","849-a,b","M","ASY","7x5, 6x5",9.6,"partial",66.6,51.9,3.1,3.7,10.2,6.5,NA,NA,"blue",16.9,15.2,3,2,2,3,NA,"no fat; bill black; feet/legs olive; no molt stomach saved","auto-align","NB.York","North East",45.794,-66.854,18.72
"614261","w",0.424985191839037,0.117895534017094,0.438699595080731,0.12749563252516,0.429544602919743,0.119915965615199,0.353469760252472,0.0866986813572411,0.394417377276274,0.0998072645566539,0.424985191839037,0.117895534017094,71.4663163820604,3014,"Setophaga caerulescens","15-Jun-90",15,"Jun",90,"St. Mary's Cemetary, 5mi NE Yoho Lake on Hwy 640","York","NB","GRG","CJD","849-a,b","M","ASY","7x5, 6x5",9.6,"partial",66.6,51.9,3.1,3.7,10.2,6.5,NA,NA,"blue",16.9,15.2,3,2,2,3,NA,"no fat; bill black; feet/legs olive; no molt stomach saved","auto-align","NB.York","North East",45.794,-66.854,18.72
"614262","c",0.0907846677061813,0.0302235748267889,0.0803704845998737,0.0306733174806166,0.096481635792193,0.0315050517664128,0.0983302623570069,0.0288502944126472,0.151129942770031,0.064629263995373,0.0907846677061813,0.0302235748267889,66.9694126477763,3015,"Setophaga caerulescens","16-Jun-91",16,"Jun",91,"3.9mi NE New Market (Hwy 3)","York","NB","GRG","JPD","850-a,b","M","ASY","8.5x5, 7.5x5",10.19,"partial",65,51.8,3.6,3.7,10.1,6.8,NA,NA,"blue",13.3,15.6,3,2,2,3,NA,"no fat; bill black; feet/legs dark olive; no molt; stomach saved","auto-align","NB.York","North East",45.82499,-66.919051,18.52
"614262","m",0.080496573441646,0.0263472202624708,0.0727831729552715,0.0229185771424662,0.0829348538931282,0.0299536648299685,0.0964578203801849,0.0294032892872354,0.117325809584891,0.0261410588759471,0.080496573441646,0.0263472202624708,25.6435854131482,3015,"Setophaga caerulescens","16-Jun-91",16,"Jun",91,"3.9mi NE New Market (Hwy 3)","York","NB","GRG","JPD","850-a,b","M","ASY","8.5x5, 7.5x5",10.19,"partial",65,51.8,3.6,3.7,10.1,6.8,NA,NA,"blue",13.3,15.6,3,2,2,3,NA,"no fat; bill black; feet/legs dark olive; no molt; stomach saved","auto-align","NB.York","North East",45.82499,-66.919051,18.52
"614262","o",0.0808773916320169,0.021948042794236,0.0845492220943681,0.0251535075182944,0.0824849142474171,0.0226157839364729,0.0815590555222954,0.0160136252916589,0.085942126688306,0.0130461290858811,0.0808773916320169,0.021948042794236,2.85682116719835,3015,"Setophaga caerulescens","16-Jun-91",16,"Jun",91,"3.9mi NE New Market (Hwy 3)","York","NB","GRG","JPD","850-a,b","M","ASY","8.5x5, 7.5x5",10.19,"partial",65,51.8,3.6,3.7,10.1,6.8,NA,NA,"blue",13.3,15.6,3,2,2,3,NA,"no fat; bill black; feet/legs dark olive; no molt; stomach saved","auto-align","NB.York","North East",45.82499,-66.919051,18.52
"614262","t",0.0518391372485555,0.0164221032253651,0.0520389563269831,0.0212808651200836,0.0535348286785165,0.0168179978967405,0.0576725729909211,0.00992037408944747,0.0480887254834049,0.0103235473446799,0.0518391372485555,0.0164221032253651,105.44342278101,3015,"Setophaga caerulescens","16-Jun-91",16,"Jun",91,"3.9mi NE New Market (Hwy 3)","York","NB","GRG","JPD","850-a,b","M","ASY","8.5x5, 7.5x5",10.19,"partial",65,51.8,3.6,3.7,10.1,6.8,NA,NA,"blue",13.3,15.6,3,2,2,3,NA,"no fat; bill black; feet/legs dark olive; no molt; stomach saved","auto-align","NB.York","North East",45.82499,-66.919051,18.52
"614262","w",0.388079036748447,0.103747763090931,0.393082565168709,0.1069948189625,0.390655194738859,0.105598993794734,0.337704563970688,0.083613013790517,0.400662808508891,0.111350272966616,0.388079036748447,0.103747763090931,29.8742728466879,3015,"Setophaga caerulescens","16-Jun-91",16,"Jun",91,"3.9mi NE New Market (Hwy 3)","York","NB","GRG","JPD","850-a,b","M","ASY","8.5x5, 7.5x5",10.19,"partial",65,51.8,3.6,3.7,10.1,6.8,NA,NA,"blue",13.3,15.6,3,2,2,3,NA,"no fat; bill black; feet/legs dark olive; no molt; stomach saved","auto-align","NB.York","North East",45.82499,-66.919051,18.52
"614268","c",0.0735063234949428,0.0324502692411066,0.0644721462600793,0.0266724231267534,0.0781884856453876,0.0351307703173962,0.08259914754917,0.0392777387013659,0.136290785105897,0.0452164372076641,0.0735063234949428,0.0324502692411066,46.2075436291987,3021,"Setophaga caerulescens","16-Jun-91",16,"Jun",91,"2.8mi NE New Market (Hwy 3)","York","NB","GRG","JPD","856-a,b","M","SY","8.5x6, 6x5",10.5,"partial",60.1,51.5,3.1,4.2,10.1,7.1,NA,NA,"green",10.8,11,0,2,2,3,NA,"no fat; bill black; feet/legs dark olive; no molt; stomach saved","auto-align","NB.York","North East",45.82499,-66.919051,19.58
"614268","m",0.079119752609274,0.0175878057905441,0.0732713888455327,0.0192522547187696,0.0819847797575656,0.0198512941438675,0.091381685305259,0.0162560085286925,0.104744996873296,0.0248498168025438,0.079119752609274,0.0175878057905441,25.8297366610371,3021,"Setophaga caerulescens","16-Jun-91",16,"Jun",91,"2.8mi NE New Market (Hwy 3)","York","NB","GRG","JPD","856-a,b","M","SY","8.5x6, 6x5",10.5,"partial",60.1,51.5,3.1,4.2,10.1,7.1,NA,NA,"green",10.8,11,0,2,2,3,NA,"no fat; bill black; feet/legs dark olive; no molt; stomach saved","auto-align","NB.York","North East",45.82499,-66.919051,19.58
"614268","o",0.100323170517752,0.0251675037726147,0.106350838956787,0.0300154879290581,0.10262516283712,0.0257185922975907,0.0939130829207205,0.0172170567731195,0.107155539822983,0.0192890738529481,0.100323170517752,0.0251675037726147,6.07318446237568,3021,"Setophaga caerulescens","16-Jun-91",16,"Jun",91,"2.8mi NE New Market (Hwy 3)","York","NB","GRG","JPD","856-a,b","M","SY","8.5x6, 6x5",10.5,"partial",60.1,51.5,3.1,4.2,10.1,7.1,NA,NA,"green",10.8,11,0,2,2,3,NA,"no fat; bill black; feet/legs dark olive; no molt; stomach saved","auto-align","NB.York","North East",45.82499,-66.919051,19.58
"614268","t",0.0535808464854184,0.00963058928944455,0.0535199581934086,0.0113357576145955,0.0552351722121997,0.0104011887516242,0.0610900525031161,0.00962271596546629,0.0543710258415495,0.0124113858736607,0.0535808464854184,0.00963058928944455,121.156689810471,3021,"Setophaga caerulescens","16-Jun-91",16,"Jun",91,"2.8mi NE New Market (Hwy 3)","York","NB","GRG","JPD","856-a,b","M","SY","8.5x6, 6x5",10.5,"partial",60.1,51.5,3.1,4.2,10.1,7.1,NA,NA,"green",10.8,11,0,2,2,3,NA,"no fat; bill black; feet/legs dark olive; no molt; stomach saved","auto-align","NB.York","North East",45.82499,-66.919051,19.58
"614268","w",0.354400467357665,0.0872771693128205,0.35843430154359,0.0938369940237013,0.355320409636349,0.0875775877776327,0.315313274654061,0.0683040071172052,0.398485453284348,0.0858591258367238,0.354400467357665,0.0872771693128205,31.1503096265716,3021,"Setophaga caerulescens","16-Jun-91",16,"Jun",91,"2.8mi NE New Market (Hwy 3)","York","NB","GRG","JPD","856-a,b","M","SY","8.5x6, 6x5",10.5,"partial",60.1,51.5,3.1,4.2,10.1,7.1,NA,NA,"green",10.8,11,0,2,2,3,NA,"no fat; bill black; feet/legs dark olive; no molt; stomach saved","auto-align","NB.York","North East",45.82499,-66.919051,19.58
"614269","c",0.075469503723827,0.0205195878856363,0.061665534390471,0.0193319340507747,0.0794146156094357,0.0210898016528822,0.0946176922780677,0.0255301605410102,0.159347568005514,0.0564933002551043,0.075469503723827,0.0205195878856363,60.8354287858885,3022,"Setophaga caerulescens","16-Jun-91",16,"Jun",91,"2.7mi NE New Market (Hwy 3)","York","NB","GRG","CJD","857-a,b","M","SY","8x5, 6x4",9.5,"partial",63.1,51.8,3.2,4.2,10.2,6.9,NA,NA,"green",11.2,11,3,2,2,3,NA,"no fat; bill black; feet/legs dark olive; no molt; stomach saved; most tail feathers missing","auto-align","NB.York","North East",45.82499,-66.919051,NA
"614269","m",0.0781198032030237,0.0163148418772613,0.0724525314431716,0.0182049245431654,0.080543338058469,0.0178855164744169,0.090818717667232,0.0144090492400644,0.102914622208577,0.0268371966169927,0.0781198032030237,0.0163148418772613,25.3233252017264,3022,"Setophaga caerulescens","16-Jun-91",16,"Jun",91,"2.7mi NE New Market (Hwy 3)","York","NB","GRG","CJD","857-a,b","M","SY","8x5, 6x4",9.5,"partial",63.1,51.8,3.2,4.2,10.2,6.9,NA,NA,"green",11.2,11,3,2,2,3,NA,"no fat; bill black; feet/legs dark olive; no molt; stomach saved; most tail feathers missing","auto-align","NB.York","North East",45.82499,-66.919051,NA
"614269","o",0.099299764644864,0.0271090180743685,0.10884695813735,0.0320422569124936,0.101569653177989,0.0280138148471276,0.0876353282459479,0.018084736898346,0.0871955627815447,0.0140066200189837,0.099299764644864,0.0271090180743685,2.26308875961719,3022,"Setophaga caerulescens","16-Jun-91",16,"Jun",91,"2.7mi NE New Market (Hwy 3)","York","NB","GRG","CJD","857-a,b","M","SY","8x5, 6x4",9.5,"partial",63.1,51.8,3.2,4.2,10.2,6.9,NA,NA,"green",11.2,11,3,2,2,3,NA,"no fat; bill black; feet/legs dark olive; no molt; stomach saved; most tail feathers missing","auto-align","NB.York","North East",45.82499,-66.919051,NA
"614269","t",0.0452765074165495,0.00930202443190933,0.0434314445448376,0.0100379957679637,0.0473475434854248,0.00992126966492511,0.0549654721209753,0.0091650912614982,0.0435969015697558,0.0112066584610937,0.0452765074165495,0.00930202443190933,133.836742353162,3022,"Setophaga caerulescens","16-Jun-91",16,"Jun",91,"2.7mi NE New Market (Hwy 3)","York","NB","GRG","CJD","857-a,b","M","SY","8x5, 6x4",9.5,"partial",63.1,51.8,3.2,4.2,10.2,6.9,NA,NA,"green",11.2,11,3,2,2,3,NA,"no fat; bill black; feet/legs dark olive; no molt; stomach saved; most tail feathers missing","auto-align","NB.York","North East",45.82499,-66.919051,NA
"614269","w",0.355225176778948,0.104861599717177,0.362558182827789,0.109207204002261,0.35780906894027,0.105846489474725,0.309164812432617,0.0873383031879052,0.365715695215542,0.0779119073473954,0.355225176778948,0.104861599717177,26.6886845562019,3022,"Setophaga caerulescens","16-Jun-91",16,"Jun",91,"2.7mi NE New Market (Hwy 3)","York","NB","GRG","CJD","857-a,b","M","SY","8x5, 6x4",9.5,"partial",63.1,51.8,3.2,4.2,10.2,6.9,NA,NA,"green",11.2,11,3,2,2,3,NA,"no fat; bill black; feet/legs dark olive; no molt; stomach saved; most tail feathers missing","auto-align","NB.York","North East",45.82499,-66.919051,NA
"614270","c",0.0805893348028784,0.0264714505649589,0.0684454176933266,0.0249858514463007,0.0851319198881795,0.0270570595877358,0.0951320265072133,0.0304634535514131,0.157161130657721,0.0643456357511667,0.0805893348028784,0.0264714505649589,58.6308875961719,3023,"Setophaga caerulescens","17-Jun-91",17,"Jun",91,"3.6mi NE New Market (Hwy 3)","York","NB","GRG","JPD","858-a,b","M","SY","6.5x5, 5.5x4.5",9.5,"partial",60.95,50.15,3.1,3.95,10.45,7.45,NA,NA,"green",9.7,NA,3,2,2,3,NA,"no fat; bill black; feet/legs dark olive; no molt; stomach saved; badly shot; R wing missing primaries- no wingspot measure; top mandible broken","auto-align","NB.York","North East",45.82499,-66.919051,18.8
"614270","m",0.0787300429657039,0.00973391952274102,0.0726952618735898,0.00832396092847932,0.0818213007651186,0.0108654665627414,0.09023714963906,0.0137097433946228,0.104742758282366,0.012993145766788,0.0787300429657039,0.00973391952274102,25.4604366047414,3023,"Setophaga caerulescens","17-Jun-91",17,"Jun",91,"3.6mi NE New Market (Hwy 3)","York","NB","GRG","JPD","858-a,b","M","SY","6.5x5, 5.5x4.5",9.5,"partial",60.95,50.15,3.1,3.95,10.45,7.45,NA,NA,"green",9.7,NA,3,2,2,3,NA,"no fat; bill black; feet/legs dark olive; no molt; stomach saved; badly shot; R wing missing primaries- no wingspot measure; top mandible broken","auto-align","NB.York","North East",45.82499,-66.919051,18.8
"614270","o",0.0774581567805902,0.010286829655562,0.0812253127652814,0.0121557505597109,0.0787658763477765,0.0117156625370393,0.0786651912115171,0.0115352768920952,0.0811251905096008,0.0102250228380698,0.0774581567805902,0.010286829655562,2.92737849502721,3023,"Setophaga caerulescens","17-Jun-91",17,"Jun",91,"3.6mi NE New Market (Hwy 3)","York","NB","GRG","JPD","858-a,b","M","SY","6.5x5, 5.5x4.5",9.5,"partial",60.95,50.15,3.1,3.95,10.45,7.45,NA,NA,"green",9.7,NA,3,2,2,3,NA,"no fat; bill black; feet/legs dark olive; no molt; stomach saved; badly shot; R wing missing primaries- no wingspot measure; top mandible broken","auto-align","NB.York","North East",45.82499,-66.919051,18.8
"614270","t",0.0461513800765982,0.00696962746672776,0.0439450649625007,0.00764544762923759,0.0483530298080045,0.00777884298407204,0.0555612947380302,0.00831526055934795,0.0450392716370378,0.00873122428536399,0.0461513800765982,0.00696962746672776,75.357477950835,3023,"Setophaga caerulescens","17-Jun-91",17,"Jun",91,"3.6mi NE New Market (Hwy 3)","York","NB","GRG","JPD","858-a,b","M","SY","6.5x5, 5.5x4.5",9.5,"partial",60.95,50.15,3.1,3.95,10.45,7.45,NA,NA,"green",9.7,NA,3,2,2,3,NA,"no fat; bill black; feet/legs dark olive; no molt; stomach saved; badly shot; R wing missing primaries- no wingspot measure; top mandible broken","auto-align","NB.York","North East",45.82499,-66.919051,18.8
"614270","w",0.342827208177785,0.0765206845132795,0.341980408414473,0.0772621482198579,0.346921983091226,0.0776269839103411,0.30534019613924,0.0717373282815377,0.379877979769944,0.0986012436733843,0.342827208177785,0.0765206845132795,25.57402889848,3023,"Setophaga caerulescens","17-Jun-91",17,"Jun",91,"3.6mi NE New Market (Hwy 3)","York","NB","GRG","JPD","858-a,b","M","SY","6.5x5, 5.5x4.5",9.5,"partial",60.95,50.15,3.1,3.95,10.45,7.45,NA,NA,"green",9.7,NA,3,2,2,3,NA,"no fat; bill black; feet/legs dark olive; no molt; stomach saved; badly shot; R wing missing primaries- no wingspot measure; top mandible broken","auto-align","NB.York","North East",45.82499,-66.919051,18.8
"614273","c",0.100901972583307,0.0349758095593264,0.0852029764488296,0.0282031061253594,0.105639850851261,0.036311480472902,0.118086268656661,0.044420890384968,0.208467762142926,0.0705619460730924,0.100901972583307,0.0349758095593264,61.0110714955902,3026,"Setophaga caerulescens","17-Jun-91",17,"Jun",91,"0.3mi E Lake Magaguadavic on rad to upper Magaguadavic","York","NB","GRG","CJD","861-a,b","M","ASY","NA, 5x4",9.8,"partial",65.1,55.5,3.3,4.2,NA,NA,NA,NA,"blue",11.6,10.4,3,2,2,3,NA,"no fat; bill black; feet/legs olive; no molt; stomach saved; L testis brown in color and deflated; tip of upper bill shot","auto-align","NB.York","North East",45.75421,-67.18008,19
"614273","m",0.0963750286197006,0.0106411290910757,0.0896442022949841,0.00876673554122495,0.0997811034019863,0.011692633659922,0.106094599981866,0.0149105428684184,0.132162709682616,0.0126347118211914,0.0963750286197006,0.0106411290910757,24.9087383499093,3026,"Setophaga caerulescens","17-Jun-91",17,"Jun",91,"0.3mi E Lake Magaguadavic on rad to upper Magaguadavic","York","NB","GRG","CJD","861-a,b","M","ASY","NA, 5x4",9.8,"partial",65.1,55.5,3.3,4.2,NA,NA,NA,NA,"blue",11.6,10.4,3,2,2,3,NA,"no fat; bill black; feet/legs olive; no molt; stomach saved; L testis brown in color and deflated; tip of upper bill shot","auto-align","NB.York","North East",45.75421,-67.18008,19
"614273","o",0.101733639863995,0.0117873636265015,0.106162570828177,0.0142629470374975,0.10387506631559,0.0123016463019316,0.0973924456620525,0.010683310377446,0.119498029065723,0.0110352933552685,0.101733639863995,0.0117873636265015,3.06023644210921,3026,"Setophaga caerulescens","17-Jun-91",17,"Jun",91,"0.3mi E Lake Magaguadavic on rad to upper Magaguadavic","York","NB","GRG","CJD","861-a,b","M","ASY","NA, 5x4",9.8,"partial",65.1,55.5,3.3,4.2,NA,NA,NA,NA,"blue",11.6,10.4,3,2,2,3,NA,"no fat; bill black; feet/legs olive; no molt; stomach saved; L testis brown in color and deflated; tip of upper bill shot","auto-align","NB.York","North East",45.75421,-67.18008,19
"614273","t",0.050762108676565,0.0100403473611741,0.0493921352570216,0.0109913420333304,0.0528215654421799,0.0108215895483499,0.059031790412594,0.00985176388804524,0.0517795984848665,0.0123719276423826,0.050762108676565,0.0100403473611741,129.706136235692,3026,"Setophaga caerulescens","17-Jun-91",17,"Jun",91,"0.3mi E Lake Magaguadavic on rad to upper Magaguadavic","York","NB","GRG","CJD","861-a,b","M","ASY","NA, 5x4",9.8,"partial",65.1,55.5,3.3,4.2,NA,NA,NA,NA,"blue",11.6,10.4,3,2,2,3,NA,"no fat; bill black; feet/legs olive; no molt; stomach saved; L testis brown in color and deflated; tip of upper bill shot","auto-align","NB.York","North East",45.75421,-67.18008,19
"614273","w",0.379500539005798,0.0683016787631906,0.375436995083822,0.0669395677470732,0.381841288986366,0.0681535457611959,0.34365067391667,0.0630807450293204,0.462619244318443,0.0761987889622261,0.379500539005798,0.0683016787631906,40.7776318258585,3026,"Setophaga caerulescens","17-Jun-91",17,"Jun",91,"0.3mi E Lake Magaguadavic on rad to upper Magaguadavic","York","NB","GRG","CJD","861-a,b","M","ASY","NA, 5x4",9.8,"partial",65.1,55.5,3.3,4.2,NA,NA,NA,NA,"blue",11.6,10.4,3,2,2,3,NA,"no fat; bill black; feet/legs olive; no molt; stomach saved; L testis brown in color and deflated; tip of upper bill shot","auto-align","NB.York","North East",45.75421,-67.18008,19
"614276","c",0.0874348806870405,0.0292297641547616,0.0708923499530383,0.029294503005055,0.0907919861720883,0.0306542513647239,0.111611954297219,0.0303469719159448,0.182322144721907,0.0660554305531241,0.0874348806870405,0.0292297641547616,59.3552261212235,3029,"Setophaga caerulescens","17-Jun-91",17,"Jun",91,"1mi NW Mud Lake","York","NB","GRG","JPD","864-a,b","M","ASY","7.5x5.5, 7.5x5.5",10.2,"partial",60.6,51.9,3.7,4,10.2,7.1,NA,NA,"blue",13,15.1,3,2,2,3,NA,"bill black; feet/legs dark olive; no molt; stomach saved","auto-align","NB.York","North East",45.71443,-66.86854,19.32
"614276","m",0.0774254675371163,0.010131167761056,0.0689060964418971,0.00834678596606456,0.0797625601153257,0.0109733150389706,0.0949473391074959,0.015043836943721,0.115978963692705,0.0182621567739187,0.0774254675371163,0.010131167761056,25.275035966723,3029,"Setophaga caerulescens","17-Jun-91",17,"Jun",91,"1mi NW Mud Lake","York","NB","GRG","JPD","864-a,b","M","ASY","7.5x5.5, 7.5x5.5",10.2,"partial",60.6,51.9,3.7,4,10.2,7.1,NA,NA,"blue",13,15.1,3,2,2,3,NA,"bill black; feet/legs dark olive; no molt; stomach saved","auto-align","NB.York","North East",45.71443,-66.86854,19.32
"614276","o",0.0754375186228197,0.00742906200117802,0.0726817027873552,0.00833648750961534,0.0778760010833695,0.00816889972462808,0.0842253585264205,0.00882046003429569,0.101127205395387,0.012725040845473,0.0754375186228197,0.00742906200117802,4.31300431600676,3029,"Setophaga caerulescens","17-Jun-91",17,"Jun",91,"1mi NW Mud Lake","York","NB","GRG","JPD","864-a,b","M","ASY","7.5x5.5, 7.5x5.5",10.2,"partial",60.6,51.9,3.7,4,10.2,7.1,NA,NA,"blue",13,15.1,3,2,2,3,NA,"bill black; feet/legs dark olive; no molt; stomach saved","auto-align","NB.York","North East",45.71443,-66.86854,19.32
"614276","t",0.0471447430543545,0.00629066871658755,0.0449419271617041,0.00698053954658701,0.0496653487512142,0.00703056933650645,0.0558764890369478,0.00760522645790805,0.0484628172524008,0.00746321799857006,0.0471447430543545,0.00629066871658755,133.506474010133,3029,"Setophaga caerulescens","17-Jun-91",17,"Jun",91,"1mi NW Mud Lake","York","NB","GRG","JPD","864-a,b","M","ASY","7.5x5.5, 7.5x5.5",10.2,"partial",60.6,51.9,3.7,4,10.2,7.1,NA,NA,"blue",13,15.1,3,2,2,3,NA,"bill black; feet/legs dark olive; no molt; stomach saved","auto-align","NB.York","North East",45.71443,-66.86854,19.32
"614276","w",0.42516026903068,0.108144400328333,0.430542659255909,0.113868248262158,0.421955122991036,0.106625857502289,0.377092897843821,0.0863996150592903,0.463053173159295,0.10013622770712,0.42516026903068,0.108144400328333,31.8431225370614,3029,"Setophaga caerulescens","17-Jun-91",17,"Jun",91,"1mi NW Mud Lake","York","NB","GRG","JPD","864-a,b","M","ASY","7.5x5.5, 7.5x5.5",10.2,"partial",60.6,51.9,3.7,4,10.2,7.1,NA,NA,"blue",13,15.1,3,2,2,3,NA,"bill black; feet/legs dark olive; no molt; stomach saved","auto-align","NB.York","North East",45.71443,-66.86854,19.32
"614277","c",0.079451461715511,0.0313973643247757,0.063030840012237,0.0225776934209863,0.0834002332811579,0.0331509848395883,0.100572440063453,0.0431446533766933,0.179527332486928,0.0557636333054862,0.079451461715511,0.0313973643247757,42.1159692249953,3030,"Setophaga caerulescens","17-Jun-91",17,"Jun",91,"1mi NW Mud Lake","York","NB","GRG","CJD","865-a,b","M","ASY","8x6, NA",9.9,"partial",63.4,56,3.4,4.3,9.2,6.8,NA,NA,"blue",15.7,16.6,3,2,2,3,NA,"bill black; feet/legs dark olive; no molt; stomach saved; R testis deflated; both wings damaged by shot","auto-align","NB.York","North East",45.71443,-66.86854,19.02
"614277","m",0.0803247418019342,0.0113526837796067,0.0716602170577024,0.00775984127878463,0.0832616989466274,0.0122167938999699,0.0959819030765787,0.0183058591313525,0.118937023632623,0.0130099629355217,0.0803247418019342,0.0113526837796067,25.0458497529243,3030,"Setophaga caerulescens","17-Jun-91",17,"Jun",91,"1mi NW Mud Lake","York","NB","GRG","CJD","865-a,b","M","ASY","8x6, NA",9.9,"partial",63.4,56,3.4,4.3,9.2,6.8,NA,NA,"blue",15.7,16.6,3,2,2,3,NA,"bill black; feet/legs dark olive; no molt; stomach saved; R testis deflated; both wings damaged by shot","auto-align","NB.York","North East",45.71443,-66.86854,19.02
"614277","o",0.0674545500591789,0.0164146325044426,0.066892275031504,0.0195739962408019,0.0696540845911202,0.0169758194352837,0.0736110546470577,0.0126632762547128,0.0759087193856149,0.0119014645882402,0.0674545500591789,0.0164146325044426,4.45336836179396,3030,"Setophaga caerulescens","17-Jun-91",17,"Jun",91,"1mi NW Mud Lake","York","NB","GRG","CJD","865-a,b","M","ASY","8x6, NA",9.9,"partial",63.4,56,3.4,4.3,9.2,6.8,NA,NA,"blue",15.7,16.6,3,2,2,3,NA,"bill black; feet/legs dark olive; no molt; stomach saved; R testis deflated; both wings damaged by shot","auto-align","NB.York","North East",45.71443,-66.86854,19.02
"614277","t",0.0495213584495363,0.00841517637713381,0.0475811214493593,0.00963621179146183,0.0516465073236262,0.00899562877663072,0.0582498753188069,0.00826382895574655,0.0507505041833936,0.0101003856147613,0.0495213584495363,0.00841517637713381,118.812535184838,3030,"Setophaga caerulescens","17-Jun-91",17,"Jun",91,"1mi NW Mud Lake","York","NB","GRG","CJD","865-a,b","M","ASY","8x6, NA",9.9,"partial",63.4,56,3.4,4.3,9.2,6.8,NA,NA,"blue",15.7,16.6,3,2,2,3,NA,"bill black; feet/legs dark olive; no molt; stomach saved; R testis deflated; both wings damaged by shot","auto-align","NB.York","North East",45.71443,-66.86854,19.02
"614277","w",0.45441675594631,0.131149143373241,0.471122747133679,0.13836612304394,0.455977600036094,0.131593082417586,0.380564660364577,0.101259106056937,0.417457694991502,0.0923683991047983,0.45441675594631,0.131149143373241,74.4004503659223,3030,"Setophaga caerulescens","17-Jun-91",17,"Jun",91,"1mi NW Mud Lake","York","NB","GRG","CJD","865-a,b","M","ASY","8x6, NA",9.9,"partial",63.4,56,3.4,4.3,9.2,6.8,NA,NA,"blue",15.7,16.6,3,2,2,3,NA,"bill black; feet/legs dark olive; no molt; stomach saved; R testis deflated; both wings damaged by shot","auto-align","NB.York","North East",45.71443,-66.86854,19.02
"614278","c",0.0758894872220277,0.0331035912564875,0.0636535410682491,0.0270306463127358,0.0800496833761766,0.0356729851479047,0.0913759218449015,0.0394430887831832,0.145224760662755,0.0535812809104754,0.0758894872220277,0.0331035912564875,30.976168136611,3031,"Setophaga caerulescens","17-Jun-91",17,"Jun",91,"1mi NW Mud Lake","York","NB","GRG","JPD","866-a,b","M","SY","NA, 6x1",9.7,"partial",62.8,56.2,NA,NA,NA,NA,NA,NA,"green",15.3,12.4,3,2,2,3,NA,"bill black; feet/legs dark olive;  stomach saved; L testis deflated, top mandible broken at tip","auto-align","NB.York","North East",45.71443,-66.86854,NA
"614278","m",0.0791739380979628,0.0119092014245428,0.0736973971957698,0.00977590257156762,0.081833814728619,0.0127355587463977,0.0906957424452542,0.0170197173230321,0.107047125887362,0.012231205687673,0.0791739380979628,0.0119092014245428,25.5517608056546,3031,"Setophaga caerulescens","17-Jun-91",17,"Jun",91,"1mi NW Mud Lake","York","NB","GRG","JPD","866-a,b","M","SY","NA, 6x1",9.7,"partial",62.8,56.2,NA,NA,NA,NA,NA,NA,"green",15.3,12.4,3,2,2,3,NA,"bill black; feet/legs dark olive;  stomach saved; L testis deflated, top mandible broken at tip","auto-align","NB.York","North East",45.71443,-66.86854,NA
"614278","o",0.0847611502966207,0.0100820515294001,0.0893499358399447,0.0131430078155571,0.0864242845313072,0.0111765388962909,0.0827866204443066,0.0105492716620141,0.0948294949433166,0.00977409553805461,0.0847611502966207,0.0100820515294001,5.37061362356915,3031,"Setophaga caerulescens","17-Jun-91",17,"Jun",91,"1mi NW Mud Lake","York","NB","GRG","JPD","866-a,b","M","SY","NA, 6x1",9.7,"partial",62.8,56.2,NA,NA,NA,NA,NA,NA,"green",15.3,12.4,3,2,2,3,NA,"bill black; feet/legs dark olive;  stomach saved; L testis deflated, top mandible broken at tip","auto-align","NB.York","North East",45.71443,-66.86854,NA
"614278","t",0.0466553493694032,0.00542831383667834,0.0449677557789263,0.00643482412465991,0.0488572495459988,0.00629581957167446,0.055125061633786,0.0069891977715437,0.0439154837397083,0.00717752718664348,0.0466553493694032,0.00542831383667834,108.247701257272,3031,"Setophaga caerulescens","17-Jun-91",17,"Jun",91,"1mi NW Mud Lake","York","NB","GRG","JPD","866-a,b","M","SY","NA, 6x1",9.7,"partial",62.8,56.2,NA,NA,NA,NA,NA,NA,"green",15.3,12.4,3,2,2,3,NA,"bill black; feet/legs dark olive;  stomach saved; L testis deflated, top mandible broken at tip","auto-align","NB.York","North East",45.71443,-66.86854,NA
"614278","w",0.432681747433142,0.0930245032074388,0.440428079153567,0.100224901995721,0.437146237396443,0.0956770078154166,0.367791308146462,0.0695553760073942,0.433276804478709,0.0663052198501935,0.432681747433142,0.0930245032074388,32.3580409082379,3031,"Setophaga caerulescens","17-Jun-91",17,"Jun",91,"1mi NW Mud Lake","York","NB","GRG","JPD","866-a,b","M","SY","NA, 6x1",9.7,"partial",62.8,56.2,NA,NA,NA,NA,NA,NA,"green",15.3,12.4,3,2,2,3,NA,"bill black; feet/legs dark olive;  stomach saved; L testis deflated, top mandible broken at tip","auto-align","NB.York","North East",45.71443,-66.86854,NA
"614279","c",0.0630265442392254,0.0234008531337278,0.0509432529800723,0.0183299600054753,0.0665910717144085,0.0243688690834273,0.080966981477278,0.0319218581638127,0.136470827461729,0.0455643987974609,0.0630265442392254,0.0234008531337278,78.2398198536311,3032,"Setophaga caerulescens","11-Jun-91",11,"Jun",91,"Musquodobit River; 0.9mi N Crawford Bridge","Halifax","NS","GRG","JPD","867-a,b","M","SY","6x5, 6x5",10.2,"partial",61.8,46.4,3.3,4.1,9,6.7,NA,NA,"green",8.3,8.7,2,2,NA,2,NA,"no fat; bill black; feet/legs olive; no molt; stomach saved","","NS.Halifax","North East",44.9230007,-63.2413358,19.37
"614279","m",0.0691413708352018,0.00596710262378721,0.064766673557772,0.00604253395455428,0.0712523659635557,0.00741001274871489,0.0813496890323838,0.00983835197399129,0.0913448503338727,0.0104125709578525,0.0691413708352018,0.00596710262378721,24.956026771752,3032,"Setophaga caerulescens","11-Jun-91",11,"Jun",91,"Musquodobit River; 0.9mi N Crawford Bridge","Halifax","NS","GRG","JPD","867-a,b","M","SY","6x5, 6x5",10.2,"partial",61.8,46.4,3.3,4.1,9,6.7,NA,NA,"green",8.3,8.7,2,2,NA,2,NA,"no fat; bill black; feet/legs olive; no molt; stomach saved","","NS.Halifax","North East",44.9230007,-63.2413358,19.37
"614279","o",0.0826244841161215,0.013061220574035,0.0883388481089774,0.0156060193785456,0.0842498385432956,0.0136764772439013,0.079515627429384,0.0104660953532933,0.0838196236100168,0.0169470946288548,0.0826244841161215,0.013061220574035,4.436104334772,3032,"Setophaga caerulescens","11-Jun-91",11,"Jun",91,"Musquodobit River; 0.9mi N Crawford Bridge","Halifax","NS","GRG","JPD","867-a,b","M","SY","6x5, 6x5",10.2,"partial",61.8,46.4,3.3,4.1,9,6.7,NA,NA,"green",8.3,8.7,2,2,NA,2,NA,"no fat; bill black; feet/legs olive; no molt; stomach saved","","NS.Halifax","North East",44.9230007,-63.2413358,19.37
"614279","t",0.0500354652447977,0.0086019926117742,0.0488670916658334,0.00910947954124518,0.0515545325194521,0.00974246358490057,0.0594169301284148,0.0100483503294231,0.0489727954848049,0.0108268276046522,0.0500354652447977,0.0086019926117742,94.9258772752862,3032,"Setophaga caerulescens","11-Jun-91",11,"Jun",91,"Musquodobit River; 0.9mi N Crawford Bridge","Halifax","NS","GRG","JPD","867-a,b","M","SY","6x5, 6x5",10.2,"partial",61.8,46.4,3.3,4.1,9,6.7,NA,NA,"green",8.3,8.7,2,2,NA,2,NA,"no fat; bill black; feet/legs olive; no molt; stomach saved","","NS.Halifax","North East",44.9230007,-63.2413358,19.37
"614279","w",0.323410072094954,0.104948028770707,0.322408707933652,0.109182691833733,0.326137549147685,0.105020859052291,0.292187045882308,0.0862785237740419,0.379783359683368,0.116616200305908,0.323410072094954,0.104948028770707,26.6278851566898,3032,"Setophaga caerulescens","11-Jun-91",11,"Jun",91,"Musquodobit River; 0.9mi N Crawford Bridge","Halifax","NS","GRG","JPD","867-a,b","M","SY","6x5, 6x5",10.2,"partial",61.8,46.4,3.3,4.1,9,6.7,NA,NA,"green",8.3,8.7,2,2,NA,2,NA,"no fat; bill black; feet/legs olive; no molt; stomach saved","","NS.Halifax","North East",44.9230007,-63.2413358,19.37
"614280","c",0.0614061415513668,0.0232656779999668,0.0512111786936787,0.021922559422128,0.0657364574925934,0.0246453708715887,0.0740476909134381,0.024946422786331,0.118687018126681,0.04557857532697,0.0614061415513668,0.0232656779999668,85.2362544567461,3033,"Setophaga caerulescens","11-Jun-91",11,"Jun",91,"Musquodobit River; 0.4mi N Crawford Bridge","Halifax","NS","GRG","CJD","868-a,b","M","ASY","6x5, 6x5",10.2,"partial",63,53.1,3.4,4.3,10.8,6.8,NA,NA,"blue",13.3,14.8,2,2,2,2,NA,"no fat; bill black; feet/legs olive; no molt; stomach saved","","NS.Halifax","North East",44.9230007,-63.2413358,NA
"614280","m",0.0731751828055521,0.0196666301082331,0.0668026826502927,0.0150204397379448,0.075867838436208,0.0222003425961226,0.0866964868045286,0.0239727165255442,0.102690510279377,0.017210383208698,0.0731751828055521,0.0196666301082331,24.7270907612435,3033,"Setophaga caerulescens","11-Jun-91",11,"Jun",91,"Musquodobit River; 0.4mi N Crawford Bridge","Halifax","NS","GRG","CJD","868-a,b","M","ASY","6x5, 6x5",10.2,"partial",63,53.1,3.4,4.3,10.8,6.8,NA,NA,"blue",13.3,14.8,2,2,2,2,NA,"no fat; bill black; feet/legs olive; no molt; stomach saved","","NS.Halifax","North East",44.9230007,-63.2413358,NA
"614280","o",0.0644214190613588,0.00757479973308312,0.0652340739275978,0.00962981424359249,0.0658779493599207,0.0083456750227809,0.0704935095376837,0.00799722711658536,0.0712692051081033,0.00867731634382457,0.0644214190613588,0.00757479973308312,6.44098329893038,3033,"Setophaga caerulescens","11-Jun-91",11,"Jun",91,"Musquodobit River; 0.4mi N Crawford Bridge","Halifax","NS","GRG","CJD","868-a,b","M","ASY","6x5, 6x5",10.2,"partial",63,53.1,3.4,4.3,10.8,6.8,NA,NA,"blue",13.3,14.8,2,2,2,2,NA,"no fat; bill black; feet/legs olive; no molt; stomach saved","","NS.Halifax","North East",44.9230007,-63.2413358,NA
"614280","t",0.046761194897009,0.00430162823254945,0.0450577768363621,0.00489679271531462,0.0484708691018869,0.00502345353381105,0.0564084382877606,0.00584440824082706,0.0471250564789686,0.0071887328961207,0.046761194897009,0.00430162823254945,132.793394633139,3033,"Setophaga caerulescens","11-Jun-91",11,"Jun",91,"Musquodobit River; 0.4mi N Crawford Bridge","Halifax","NS","GRG","CJD","868-a,b","M","ASY","6x5, 6x5",10.2,"partial",63,53.1,3.4,4.3,10.8,6.8,NA,NA,"blue",13.3,14.8,2,2,2,2,NA,"no fat; bill black; feet/legs olive; no molt; stomach saved","","NS.Halifax","North East",44.9230007,-63.2413358,NA
"614280","w",0.417599708472713,0.114948074265783,0.428962551961451,0.120988314262737,0.42525798044113,0.117422332005923,0.344168861760643,0.0847964106203655,0.366556837872176,0.0771916044699125,0.417599708472713,0.114948074265783,51.2629011071496,3033,"Setophaga caerulescens","11-Jun-91",11,"Jun",91,"Musquodobit River; 0.4mi N Crawford Bridge","Halifax","NS","GRG","CJD","868-a,b","M","ASY","6x5, 6x5",10.2,"partial",63,53.1,3.4,4.3,10.8,6.8,NA,NA,"blue",13.3,14.8,2,2,2,2,NA,"no fat; bill black; feet/legs olive; no molt; stomach saved","","NS.Halifax","North East",44.9230007,-63.2413358,NA
"614281","c",0.0670326126458953,0.0308850810779922,0.0562471034869621,0.0288117593226447,0.0706556034140313,0.0332791074170354,0.082650583932699,0.033304443201209,0.132502363785997,0.0524788997736248,0.0670326126458953,0.0308850810779922,72.6102458247326,3034,"Setophaga caerulescens","12-Jun-91",12,"Jun",91,"Musquodobit River; Crawford Bridge","Halifax","NS","GRG","JPD","869-a,b","M","ASY","6x5, 5.5x4.5",9.7,"partial",62.8,50.6,3,3.8,10.6,6.9,NA,NA,"blue",13.9,14,2,2,2,2,NA,"no fat; bill black; feet/legs olive; no molt; stomach saved","","NS.Halifax","North East",44.9230007,-63.2413358,NA
"614281","m",0.0764809080968499,0.00840666089027946,0.0688379482144802,0.00767265192944072,0.079059678813778,0.0099457243924554,0.0921283935240454,0.0126626914203547,0.11401974071487,0.0141792446308232,0.0764809080968499,0.00840666089027946,24.6823043723025,3034,"Setophaga caerulescens","12-Jun-91",12,"Jun",91,"Musquodobit River; Crawford Bridge","Halifax","NS","GRG","JPD","869-a,b","M","ASY","6x5, 5.5x4.5",9.7,"partial",62.8,50.6,3,3.8,10.6,6.9,NA,NA,"blue",13.9,14,2,2,2,2,NA,"no fat; bill black; feet/legs olive; no molt; stomach saved","","NS.Halifax","North East",44.9230007,-63.2413358,NA
"614281","o",0.0620003275249824,0.00591748556976569,0.0618511587032436,0.00652947428674152,0.06382883799307,0.00678139073785964,0.0687795024701655,0.00763077185881431,0.0759255970514211,0.00938954062577455,0.0620003275249824,0.00591748556976569,6.70669919309439,3034,"Setophaga caerulescens","12-Jun-91",12,"Jun",91,"Musquodobit River; Crawford Bridge","Halifax","NS","GRG","JPD","869-a,b","M","ASY","6x5, 5.5x4.5",9.7,"partial",62.8,50.6,3,3.8,10.6,6.9,NA,NA,"blue",13.9,14,2,2,2,2,NA,"no fat; bill black; feet/legs olive; no molt; stomach saved","","NS.Halifax","North East",44.9230007,-63.2413358,NA
"614281","t",0.0432156428917329,0.0061311452372298,0.041877985392198,0.00709260893262456,0.04432859294035,0.00728046827811995,0.0545846469430999,0.00842394163865667,0.0409803750890671,0.0071751870050203,0.0432156428917329,0.0061311452372298,115.918934133984,3034,"Setophaga caerulescens","12-Jun-91",12,"Jun",91,"Musquodobit River; Crawford Bridge","Halifax","NS","GRG","JPD","869-a,b","M","ASY","6x5, 5.5x4.5",9.7,"partial",62.8,50.6,3,3.8,10.6,6.9,NA,NA,"blue",13.9,14,2,2,2,2,NA,"no fat; bill black; feet/legs olive; no molt; stomach saved","","NS.Halifax","North East",44.9230007,-63.2413358,NA
"614281","w",0.405810802705286,0.0989871192982723,0.411281467378457,0.105860659730618,0.41005919752991,0.100711534248573,0.34811052377142,0.0723049255560894,0.428933240587033,0.080995462867319,0.405810802705286,0.0989871192982723,56.150121974104,3034,"Setophaga caerulescens","12-Jun-91",12,"Jun",91,"Musquodobit River; Crawford Bridge","Halifax","NS","GRG","JPD","869-a,b","M","ASY","6x5, 5.5x4.5",9.7,"partial",62.8,50.6,3,3.8,10.6,6.9,NA,NA,"blue",13.9,14,2,2,2,2,NA,"no fat; bill black; feet/legs olive; no molt; stomach saved","","NS.Halifax","North East",44.9230007,-63.2413358,NA
"614282","c",0.0701750305540938,0.0275725726174624,0.0563937952748364,0.0220844298093452,0.0733909663182554,0.0297264892059487,0.0915980814611722,0.0380620142834475,0.155750160508567,0.0503812044845572,0.0701750305540938,0.0275725726174624,73.8915368737099,3035,"Setophaga caerulescens","12-Jun-91",12,"Jun",91,"Musquodobit River; Crawford Bridge","Halifax","NS","GRG","CJD","870-a,b","M","SY","6x5, 5x4",10.9,"partial",63.6,51.7,3.4,4.1,11.2,7.3,NA,NA,"blue",8.6,8.8,2,2,2,2,NA,"no fat; bill black; feet/legs light olive; no molt; stomach saved","","NS.Halifax","North East",44.9230007,-63.2413358,NA
"614282","m",0.0746380104009145,0.0123759850968243,0.0695967929879217,0.00993092669287171,0.0770042138739121,0.0134638652505196,0.0874099405827137,0.0174632491694107,0.0999881504098486,0.0125275260057729,0.0746380104009145,0.0123759850968243,25.7821980359042,3035,"Setophaga caerulescens","12-Jun-91",12,"Jun",91,"Musquodobit River; Crawford Bridge","Halifax","NS","GRG","CJD","870-a,b","M","SY","6x5, 5x4",10.9,"partial",63.6,51.7,3.4,4.1,11.2,7.3,NA,NA,"blue",8.6,8.8,2,2,2,2,NA,"no fat; bill black; feet/legs light olive; no molt; stomach saved","","NS.Halifax","North East",44.9230007,-63.2413358,NA
"614282","o",0.0768616910548554,0.0111085783391118,0.079884497744523,0.0118951445617079,0.0791313273085813,0.0127952380635602,0.0764437385775187,0.00989954624090088,0.0895640444145775,0.0101208634664582,0.0768616910548554,0.0111085783391118,4.71382998686433,3035,"Setophaga caerulescens","12-Jun-91",12,"Jun",91,"Musquodobit River; Crawford Bridge","Halifax","NS","GRG","CJD","870-a,b","M","SY","6x5, 5x4",10.9,"partial",63.6,51.7,3.4,4.1,11.2,7.3,NA,NA,"blue",8.6,8.8,2,2,2,2,NA,"no fat; bill black; feet/legs light olive; no molt; stomach saved","","NS.Halifax","North East",44.9230007,-63.2413358,NA
"614282","t",0.0470774727591497,0.00707928467009373,0.0457124706284769,0.00790177282737336,0.0491374930148121,0.00756234006240565,0.0551790337767609,0.00667972992940302,0.0462877344178294,0.00796728957983218,0.0470774727591497,0.00707928467009373,106.633139425783,3035,"Setophaga caerulescens","12-Jun-91",12,"Jun",91,"Musquodobit River; Crawford Bridge","Halifax","NS","GRG","CJD","870-a,b","M","SY","6x5, 5x4",10.9,"partial",63.6,51.7,3.4,4.1,11.2,7.3,NA,NA,"blue",8.6,8.8,2,2,2,2,NA,"no fat; bill black; feet/legs light olive; no molt; stomach saved","","NS.Halifax","North East",44.9230007,-63.2413358,NA
"614282","w",0.377223219839556,0.0881099322792283,0.379330204232897,0.08784807931793,0.384279113499005,0.0907854329422718,0.320342862976636,0.0721718320152525,0.432717570716971,0.0877498691930835,0.377223219839556,0.0881099322792283,21.3360855695252,3035,"Setophaga caerulescens","12-Jun-91",12,"Jun",91,"Musquodobit River; Crawford Bridge","Halifax","NS","GRG","CJD","870-a,b","M","SY","6x5, 5x4",10.9,"partial",63.6,51.7,3.4,4.1,11.2,7.3,NA,NA,"blue",8.6,8.8,2,2,2,2,NA,"no fat; bill black; feet/legs light olive; no molt; stomach saved","","NS.Halifax","North East",44.9230007,-63.2413358,NA
"614283","c",0.0558768837491331,0.0266076531442025,0.0451200981199857,0.0205875697375024,0.0599239299560369,0.0288577340653292,0.0702079727554864,0.0351653228394884,0.112863305177547,0.0484606165239712,0.0558768837491331,0.0266076531442025,69.2370050666166,3036,"Setophaga caerulescens","12-Jun-91",12,"Jun",91,"Dollar Lake","Halifax","NS","GRG","JPD","871-a,b","M","ASY","7x5",10.6,"partial",61.1,52.8,NA,NA,10.9,6.7,NA,NA,"blue",12.9,14.4,2,2,2,2,NA,"light fat; bill black; feet/legs dark olive; stomach saved; head damaged by shot; lower mandible protruding forward","","NS.Halifax","North East",44.9144398,-63.3232274,NA
"614283","m",0.0614522878966702,0.00750597340196125,0.057852520836096,0.00711956564050286,0.0633293823962556,0.00890026510990102,0.07390569792062,0.0114331590855696,0.0789505291517826,0.0133037097081265,0.0614522878966702,0.00750597340196125,24.4568712078564,3036,"Setophaga caerulescens","12-Jun-91",12,"Jun",91,"Dollar Lake","Halifax","NS","GRG","JPD","871-a,b","M","ASY","7x5",10.6,"partial",61.1,52.8,NA,NA,10.9,6.7,NA,NA,"blue",12.9,14.4,2,2,2,2,NA,"light fat; bill black; feet/legs dark olive; stomach saved; head damaged by shot; lower mandible protruding forward","","NS.Halifax","North East",44.9144398,-63.3232274,NA
"614283","o",0.0667236871195638,0.015992591427487,0.06468582320063,0.0148897853402014,0.0685275743526265,0.01690495865292,0.0767534957924794,0.0175008081756905,0.0837435620991597,0.0256802164490073,0.0667236871195638,0.015992591427487,4.81065866016138,3036,"Setophaga caerulescens","12-Jun-91",12,"Jun",91,"Dollar Lake","Halifax","NS","GRG","JPD","871-a,b","M","ASY","7x5",10.6,"partial",61.1,52.8,NA,NA,10.9,6.7,NA,NA,"blue",12.9,14.4,2,2,2,2,NA,"light fat; bill black; feet/legs dark olive; stomach saved; head damaged by shot; lower mandible protruding forward","","NS.Halifax","North East",44.9144398,-63.3232274,NA
"614283","t",0.0521219816101414,0.00978213020148057,0.051475893635477,0.0115325242077984,0.0536522700762799,0.0105580878434964,0.060597346803977,0.00934486501489906,0.0495113426394947,0.010883784003843,0.0521219816101414,0.00978213020148057,117.993619816101,3036,"Setophaga caerulescens","12-Jun-91",12,"Jun",91,"Dollar Lake","Halifax","NS","GRG","JPD","871-a,b","M","ASY","7x5",10.6,"partial",61.1,52.8,NA,NA,10.9,6.7,NA,NA,"blue",12.9,14.4,2,2,2,2,NA,"light fat; bill black; feet/legs dark olive; stomach saved; head damaged by shot; lower mandible protruding forward","","NS.Halifax","North East",44.9144398,-63.3232274,NA
"614283","w",0.468050988921943,0.116271363576718,0.470480074044121,0.11769584697588,0.467413191931131,0.113844379670275,0.401650372177883,0.0971517911097104,0.52494383315811,0.13649317525219,0.468050988921943,0.116271363576718,31.6622255582661,3036,"Setophaga caerulescens","12-Jun-91",12,"Jun",91,"Dollar Lake","Halifax","NS","GRG","JPD","871-a,b","M","ASY","7x5",10.6,"partial",61.1,52.8,NA,NA,10.9,6.7,NA,NA,"blue",12.9,14.4,2,2,2,2,NA,"light fat; bill black; feet/legs dark olive; stomach saved; head damaged by shot; lower mandible protruding forward","","NS.Halifax","North East",44.9144398,-63.3232274,NA
"614284","c",0.067127191711901,0.0284868465138641,0.0595966961841458,0.0258066711101328,0.0711189122489247,0.0319512016510073,0.0762423567988681,0.0294916975088194,0.106984821289968,0.0353232095963337,0.067127191711901,0.0284868465138641,64.4878964158379,3037,"Setophaga caerulescens","12-Jun-91",12,"Jun",91,"Dollar Lake","Halifax","NS","GRG","CJD","872-a,b","M","SY","6x5, 5x4",10.4,"partial",65.7,50.9,3.3,4.1,10.3,6.4,NA,NA,"green",7.3,8.2,2,2,2,2,NA,"no fat; bill black; feet/legs light olive; stomach saved","","NS.Halifax","North East",44.9144398,-63.3232274,NA
"614284","m",0.0911028382156937,0.0134412719476606,0.0837007756200806,0.00958234539595044,0.0933790887554963,0.0148169964168922,0.105984911262102,0.0204108101518381,0.12538205075073,0.0175354721900927,0.0911028382156937,0.0134412719476606,24.8179145555764,3037,"Setophaga caerulescens","12-Jun-91",12,"Jun",91,"Dollar Lake","Halifax","NS","GRG","CJD","872-a,b","M","SY","6x5, 5x4",10.4,"partial",65.7,50.9,3.3,4.1,10.3,6.4,NA,NA,"green",7.3,8.2,2,2,2,2,NA,"no fat; bill black; feet/legs light olive; stomach saved","","NS.Halifax","North East",44.9144398,-63.3232274,NA
"614284","o",0.111391574239353,0.0226967151383508,0.120661529751307,0.0281148134555113,0.112884935863185,0.023325891539462,0.100988209168689,0.0156458242872357,0.112632041474469,0.0215285907826567,0.111391574239353,0.0226967151383508,4.50516044285982,3037,"Setophaga caerulescens","12-Jun-91",12,"Jun",91,"Dollar Lake","Halifax","NS","GRG","CJD","872-a,b","M","SY","6x5, 5x4",10.4,"partial",65.7,50.9,3.3,4.1,10.3,6.4,NA,NA,"green",7.3,8.2,2,2,2,2,NA,"no fat; bill black; feet/legs light olive; stomach saved","","NS.Halifax","North East",44.9144398,-63.3232274,NA
"614284","t",0.055061915457088,0.00956985179938065,0.0544799051840791,0.0106425995580504,0.0562125447613273,0.0103938210150976,0.0643311774437951,0.00989693751566668,0.0535693628319096,0.0132681576176455,0.055061915457088,0.00956985179938065,110.465753424658,3037,"Setophaga caerulescens","12-Jun-91",12,"Jun",91,"Dollar Lake","Halifax","NS","GRG","CJD","872-a,b","M","SY","6x5, 5x4",10.4,"partial",65.7,50.9,3.3,4.1,10.3,6.4,NA,NA,"green",7.3,8.2,2,2,2,2,NA,"no fat; bill black; feet/legs light olive; stomach saved","","NS.Halifax","North East",44.9144398,-63.3232274,NA
"614284","w",0.403969359333136,0.0937236319615426,0.403882912368569,0.0938264774860262,0.402214035829365,0.0924761164966303,0.363037528382518,0.082722295038657,0.488681050353273,0.126582495169532,0.403969359333136,0.0937236319615426,19.3342090448489,3037,"Setophaga caerulescens","12-Jun-91",12,"Jun",91,"Dollar Lake","Halifax","NS","GRG","CJD","872-a,b","M","SY","6x5, 5x4",10.4,"partial",65.7,50.9,3.3,4.1,10.3,6.4,NA,NA,"green",7.3,8.2,2,2,2,2,NA,"no fat; bill black; feet/legs light olive; stomach saved","","NS.Halifax","North East",44.9144398,-63.3232274,NA
"614285","c",0.0769018674502517,0.0271066905211621,0.0619599269741763,0.0265404021819919,0.0810888015627899,0.0282305405815106,0.0968883088846321,0.028707261944068,0.169405814948782,0.061245740084926,0.0769018674502517,0.0271066905211621,74.1497466691687,3038,"Setophaga caerulescens","12-Jun-91",12,"Jun",91,"Dollar Lake","Halifax","NS","GRG","JPD","873-a,b","M","ASY","9x5.5,6x4.5",11.7,"partial",66.3,50.3,3,4.3,10.8,7,NA,NA,"blue",14.4,13.9,2,2,2,2,NA,"light fat; bill black; feet/legs dark olive; stomach saved; no molt","","NS.Halifax","North East",44.9144398,-63.3232274,NA
"614285","m",0.0688843625281716,0.0113968435917591,0.0618033020712043,0.00867705614808932,0.0707177894409363,0.012564592658895,0.0868541972744316,0.0187366009855256,0.120112824382602,0.0157272585223312,0.0688843625281716,0.0113968435917591,24.8634515543879,3038,"Setophaga caerulescens","12-Jun-91",12,"Jun",91,"Dollar Lake","Halifax","NS","GRG","JPD","873-a,b","M","ASY","9x5.5,6x4.5",11.7,"partial",66.3,50.3,3,4.3,10.8,7,NA,NA,"blue",14.4,13.9,2,2,2,2,NA,"light fat; bill black; feet/legs dark olive; stomach saved; no molt","","NS.Halifax","North East",44.9144398,-63.3232274,NA
"614285","o",0.067508160517956,0.0085287285736014,0.0670673541270917,0.0102234927855289,0.0682567515673869,0.010167692800024,0.0776036941646036,0.0121336171303682,0.0813617391564437,0.0110286450443757,0.067508160517956,0.0085287285736014,8.69056108087821,3038,"Setophaga caerulescens","12-Jun-91",12,"Jun",91,"Dollar Lake","Halifax","NS","GRG","JPD","873-a,b","M","ASY","9x5.5,6x4.5",11.7,"partial",66.3,50.3,3,4.3,10.8,7,NA,NA,"blue",14.4,13.9,2,2,2,2,NA,"light fat; bill black; feet/legs dark olive; stomach saved; no molt","","NS.Halifax","North East",44.9144398,-63.3232274,NA
"614285","t",0.0544229463567075,0.00774467310793223,0.0524946435683509,0.00885080204037161,0.0556796773844521,0.00862623205841027,0.0654097545618967,0.0092566906266012,0.0564568417765571,0.0129974807932439,0.0544229463567075,0.00774467310793223,143.665978607619,3038,"Setophaga caerulescens","12-Jun-91",12,"Jun",91,"Dollar Lake","Halifax","NS","GRG","JPD","873-a,b","M","ASY","9x5.5,6x4.5",11.7,"partial",66.3,50.3,3,4.3,10.8,7,NA,NA,"blue",14.4,13.9,2,2,2,2,NA,"light fat; bill black; feet/legs dark olive; stomach saved; no molt","","NS.Halifax","North East",44.9144398,-63.3232274,NA
"614285","w",0.43830350075946,0.10224165071546,0.438271129166149,0.108219460565298,0.436277014807608,0.102364679752964,0.38824276468059,0.0824382885325644,0.518928393085479,0.0990414422792098,0.43830350075946,0.10224165071546,35.8408707074498,3038,"Setophaga caerulescens","12-Jun-91",12,"Jun",91,"Dollar Lake","Halifax","NS","GRG","JPD","873-a,b","M","ASY","9x5.5,6x4.5",11.7,"partial",66.3,50.3,3,4.3,10.8,7,NA,NA,"blue",14.4,13.9,2,2,2,2,NA,"light fat; bill black; feet/legs dark olive; stomach saved; no molt","","NS.Halifax","North East",44.9144398,-63.3232274,NA
"614287","c",0.0661591090904678,0.0278034116232919,0.0543357967417459,0.0255096481960299,0.0703400348715066,0.0292188856005168,0.0810221332704871,0.0315459382070302,0.136993028511755,0.051110813337401,0.0661591090904678,0.0278034116232919,69.5777819478326,3040,"Setophaga caerulescens","23-Jun-91",23,"Jun",91,"Frenchtown Township; 1.5mi SE Kokadjo on S. shore First Roach Lake","Piscataquis","ME","GRG","JPD","875-a,b","M","SY","7x5.5, NA",9.4,"partial",60.3,49.2,2.8,3.6,10.8,7.3,NA,NA,"green",9.2,8,NA,2,2,2,NA,"stomach saved; bill black; feet/legs olive","","ME.Piscataquis","North East",45.6711541,-69.4469979,18.82
"614287","o",0.0730459716953751,0.0231750343333228,0.0695076343012449,0.0205642487635819,0.0753856764790828,0.0250917094004039,0.0822433749502136,0.0274249020162457,0.101913869199341,0.0360504326411468,0.0730459716953751,0.0231750343333228,5.92456370801276,3040,"Setophaga caerulescens","23-Jun-91",23,"Jun",91,"Frenchtown Township; 1.5mi SE Kokadjo on S. shore First Roach Lake","Piscataquis","ME","GRG","JPD","875-a,b","M","SY","7x5.5, NA",9.4,"partial",60.3,49.2,2.8,3.6,10.8,7.3,NA,NA,"green",9.2,8,NA,2,2,2,NA,"stomach saved; bill black; feet/legs olive","","ME.Piscataquis","North East",45.6711541,-69.4469979,18.82
"614287","t",0.0482998295001513,0.0122638708465395,0.0470758064032648,0.0147228997407218,0.0498826962443625,0.0130871690722998,0.0569829373150226,0.0106504778496184,0.0482587816871434,0.00953025785599173,0.0482998295001513,0.0122638708465395,124.304747607431,3040,"Setophaga caerulescens","23-Jun-91",23,"Jun",91,"Frenchtown Township; 1.5mi SE Kokadjo on S. shore First Roach Lake","Piscataquis","ME","GRG","JPD","875-a,b","M","SY","7x5.5, NA",9.4,"partial",60.3,49.2,2.8,3.6,10.8,7.3,NA,NA,"green",9.2,8,NA,2,2,2,NA,"stomach saved; bill black; feet/legs olive","","ME.Piscataquis","North East",45.6711541,-69.4469979,18.82
"614287","w",0.349307436220146,0.0936227102697571,0.345567332113454,0.0918359755553892,0.356398291084698,0.0963391059384548,0.307040350881712,0.0808978077423628,0.444745470055759,0.109807170957096,0.349307436220146,0.0936227102697571,24.3700506661663,3040,"Setophaga caerulescens","23-Jun-91",23,"Jun",91,"Frenchtown Township; 1.5mi SE Kokadjo on S. shore First Roach Lake","Piscataquis","ME","GRG","JPD","875-a,b","M","SY","7x5.5, NA",9.4,"partial",60.3,49.2,2.8,3.6,10.8,7.3,NA,NA,"green",9.2,8,NA,2,2,2,NA,"stomach saved; bill black; feet/legs olive","","ME.Piscataquis","North East",45.6711541,-69.4469979,18.82
"614288","c",0.0593896916485995,0.0213529404014474,0.0472137786454399,0.0200950036065613,0.0630526318663532,0.0218456150466669,0.0779165475831196,0.025210678949136,0.131264767554261,0.0531753908377626,0.0593896916485995,0.0213529404014474,119.599174329142,3041,"Setophaga caerulescens","23-Jun-91",23,"Jun",91,"Frenchtown Township; 3 mi ESE Kokadjo on S. shore First Roach Lake","Piscataquis","ME","GRG","CJD","876-a,b","M","SY","6x4, 5x4",9.9,"partial",62.5,50.1,NA,4.3,9.9,7.7,NA,NA,"green",11,11.7,2,4,3,2,NA,"no fat; stomach saved; bill black; feet/legs olive; broken lower mandible","","ME.Piscataquis","North East",45.6711541,-69.4469979,19.19
"614288","m",0.076741778029504,0.0160068152755169,0.0687557815297767,0.0115115153398615,0.0793283631887461,0.0178319882883028,0.0922608946719608,0.0233849283074027,0.114695698227367,0.0152336425089922,0.076741778029504,0.0160068152755169,24.6843059986239,3041,"Setophaga caerulescens","23-Jun-91",23,"Jun",91,"Frenchtown Township; 3 mi ESE Kokadjo on S. shore First Roach Lake","Piscataquis","ME","GRG","CJD","876-a,b","M","SY","6x4, 5x4",9.9,"partial",62.5,50.1,NA,4.3,9.9,7.7,NA,NA,"green",11,11.7,2,4,3,2,NA,"no fat; stomach saved; bill black; feet/legs olive; broken lower mandible","","ME.Piscataquis","North East",45.6711541,-69.4469979,19.19
"614288","o",0.0712449119681818,0.0203595626994532,0.0660444597142683,0.0175464594758521,0.0732007093310188,0.0219563943193152,0.0843146846052714,0.025673022811379,0.10176514603222,0.0356836292548279,0.0712449119681818,0.0203595626994532,47.6637267780071,3041,"Setophaga caerulescens","23-Jun-91",23,"Jun",91,"Frenchtown Township; 3 mi ESE Kokadjo on S. shore First Roach Lake","Piscataquis","ME","GRG","CJD","876-a,b","M","SY","6x4, 5x4",9.9,"partial",62.5,50.1,NA,4.3,9.9,7.7,NA,NA,"green",11,11.7,2,4,3,2,NA,"no fat; stomach saved; bill black; feet/legs olive; broken lower mandible","","ME.Piscataquis","North East",45.6711541,-69.4469979,19.19
"614288","t",0.0441417443422303,0.0106532275115755,0.0368247077181021,0.0127169742401022,0.0493819507902823,0.0109853909047711,0.0535950210676377,0.00874607510329944,0.0376794671382948,0.0133856884683268,0.0441417443422303,0.0106532275115755,128.929255019704,3041,"Setophaga caerulescens","23-Jun-91",23,"Jun",91,"Frenchtown Township; 3 mi ESE Kokadjo on S. shore First Roach Lake","Piscataquis","ME","GRG","CJD","876-a,b","M","SY","6x4, 5x4",9.9,"partial",62.5,50.1,NA,4.3,9.9,7.7,NA,NA,"green",11,11.7,2,4,3,2,NA,"no fat; stomach saved; bill black; feet/legs olive; broken lower mandible","","ME.Piscataquis","North East",45.6711541,-69.4469979,19.19
"614288","w",0.343266972674292,0.0663662791256056,0.342762167989089,0.0663904742443038,0.346173974497842,0.0685309518854761,0.311745634160657,0.0601782517368206,0.391398496468168,0.0677011232713569,0.343266972674292,0.0663662791256056,29.7849502720961,3041,"Setophaga caerulescens","23-Jun-91",23,"Jun",91,"Frenchtown Township; 3 mi ESE Kokadjo on S. shore First Roach Lake","Piscataquis","ME","GRG","CJD","876-a,b","M","SY","6x4, 5x4",9.9,"partial",62.5,50.1,NA,4.3,9.9,7.7,NA,NA,"green",11,11.7,2,4,3,2,NA,"no fat; stomach saved; bill black; feet/legs olive; broken lower mandible","","ME.Piscataquis","North East",45.6711541,-69.4469979,19.19
"614289","c",0.085677487424071,0.0264186589298203,0.071379127299104,0.0266261352229275,0.0895938062247926,0.0268542860380344,0.104330523751153,0.0277565019497066,0.171031874687676,0.0684427289666246,0.085677487424071,0.0264186589298203,64.0532933008069,3042,"Setophaga caerulescens","23-Jun-91",23,"Jun",91,"Frenchtown Township; 5.5 mi ESE Kokadjo on S. shore First Roach Lake","Piscataquis","ME","GRG","JPD","T-877-a,b","M","SY","6.5x4.5",10.1,"partial",60.8,47.4,3,3.8,10.8,7.4,NA,NA,"green",9.7,9.4,2,2,2,3,NA,"bill black; feet/legs dark olive; no molt; stomach saved","","ME.Piscataquis","North East",45.617,-69.332,18.76
"614289","m",0.0831436360386977,0.0232156454534679,0.0662042468392874,0.0204809520972554,0.0893187839566908,0.0246327842500861,0.0974168907303042,0.0269964800182142,0.118075520884407,0.0147608659050891,0.0831436360386977,0.0232156454534679,25.4128979796084,3042,"Setophaga caerulescens","23-Jun-91",23,"Jun",91,"Frenchtown Township; 5.5 mi ESE Kokadjo on S. shore First Roach Lake","Piscataquis","ME","GRG","JPD","T-877-a,b","M","SY","6.5x4.5",10.1,"partial",60.8,47.4,3,3.8,10.8,7.4,NA,NA,"green",9.7,9.4,2,2,2,3,NA,"bill black; feet/legs dark olive; no molt; stomach saved","","ME.Piscataquis","North East",45.617,-69.332,18.76
"614289","o",0.0857378610479705,0.0113673357855454,0.087487981604483,0.0126757657741969,0.0871475382961045,0.012539346270629,0.0879148554624936,0.0133398278782015,0.106303843381976,0.0119140144233855,0.0857378610479705,0.0113673357855454,27.9594670669919,3042,"Setophaga caerulescens","23-Jun-91",23,"Jun",91,"Frenchtown Township; 5.5 mi ESE Kokadjo on S. shore First Roach Lake","Piscataquis","ME","GRG","JPD","T-877-a,b","M","SY","6.5x4.5",10.1,"partial",60.8,47.4,3,3.8,10.8,7.4,NA,NA,"green",9.7,9.4,2,2,2,3,NA,"bill black; feet/legs dark olive; no molt; stomach saved","","ME.Piscataquis","North East",45.617,-69.332,18.76
"614289","t",0.0530565872116448,0.0115296853784792,0.0502431818590549,0.0149141566231229,0.0543710105166754,0.0124727609491014,0.0650058797194091,0.0119962538988889,0.0659202790169562,0.008548221777043,0.0530565872116448,0.0115296853784792,103.324451116532,3042,"Setophaga caerulescens","23-Jun-91",23,"Jun",91,"Frenchtown Township; 5.5 mi ESE Kokadjo on S. shore First Roach Lake","Piscataquis","ME","GRG","JPD","T-877-a,b","M","SY","6.5x4.5",10.1,"partial",60.8,47.4,3,3.8,10.8,7.4,NA,NA,"green",9.7,9.4,2,2,2,3,NA,"bill black; feet/legs dark olive; no molt; stomach saved","","ME.Piscataquis","North East",45.617,-69.332,18.76
"614289","w",0.266300727950284,0.0975721254505573,0.26990571427301,0.0983995422560258,0.268856913448023,0.0989308606954117,0.244555252085685,0.0852608576203756,0.271372368023897,0.0833110431113398,0.266300727950284,0.0975721254505573,22.3283918183524,3042,"Setophaga caerulescens","23-Jun-91",23,"Jun",91,"Frenchtown Township; 5.5 mi ESE Kokadjo on S. shore First Roach Lake","Piscataquis","ME","GRG","JPD","T-877-a,b","M","SY","6.5x4.5",10.1,"partial",60.8,47.4,3,3.8,10.8,7.4,NA,NA,"green",9.7,9.4,2,2,2,3,NA,"bill black; feet/legs dark olive; no molt; stomach saved","","ME.Piscataquis","North East",45.617,-69.332,18.76
"614293","c",0.0748882517686847,0.027583135264642,0.0602647810921956,0.0227765590543047,0.0783423987364536,0.0301891635920858,0.0960944626364531,0.0339731269969895,0.156080120978479,0.0459986654831599,0.0748882517686847,0.027583135264642,61.9328204165885,3046,"Setophaga caerulescens","23-Jun-91",23,"Jun",91,"Frenchtown Township; east end First Roach Lake","Piscataquis","ME","GRG","JPD","T-881-a,b","M","SY","5x4, 5.5x4.5",9.15,"partial",59.6,49.7,2.9,4.1,11.2,7.1,NA,NA,"green",14.4,14.8,2,2,2,2,NA,"bill black; feet/legs blackish olive; light fat; stomach saved; testes deflated","","ME.Piscataquis","North East",45.617,-69.332,19.69
"614293","m",0.0680032850311929,0.0149249072723125,0.055662048104221,0.0124630364053659,0.0726234685304953,0.0162398335836722,0.0829859808657344,0.0183154725919765,0.09985026155189,0.0109282376362068,0.0680032850311929,0.0149249072723125,25.8377431663226,3046,"Setophaga caerulescens","23-Jun-91",23,"Jun",91,"Frenchtown Township; east end First Roach Lake","Piscataquis","ME","GRG","JPD","T-881-a,b","M","SY","5x4, 5.5x4.5",9.15,"partial",59.6,49.7,2.9,4.1,11.2,7.1,NA,NA,"green",14.4,14.8,2,2,2,2,NA,"bill black; feet/legs blackish olive; light fat; stomach saved; testes deflated","","ME.Piscataquis","North East",45.617,-69.332,19.69
"614293","o",0.094374699544307,0.0268151851388488,0.0965689485739915,0.0299764286571101,0.0960451737881856,0.0281205605030694,0.0945778012919988,0.0204325639569675,0.119061026699215,0.0272533757718712,0.094374699544307,0.0268151851388488,12.4676299493338,3046,"Setophaga caerulescens","23-Jun-91",23,"Jun",91,"Frenchtown Township; east end First Roach Lake","Piscataquis","ME","GRG","JPD","T-881-a,b","M","SY","5x4, 5.5x4.5",9.15,"partial",59.6,49.7,2.9,4.1,11.2,7.1,NA,NA,"green",14.4,14.8,2,2,2,2,NA,"bill black; feet/legs blackish olive; light fat; stomach saved; testes deflated","","ME.Piscataquis","North East",45.617,-69.332,19.69
"614293","t",0.0421636027784962,0.00625461085220998,0.0377858310046684,0.0072759690376556,0.0437214538036426,0.00787695857958602,0.0566089116448577,0.01114402233077,0.0583700178354241,0.00677449997107454,0.0421636027784962,0.00625461085220998,163.232876712329,3046,"Setophaga caerulescens","23-Jun-91",23,"Jun",91,"Frenchtown Township; east end First Roach Lake","Piscataquis","ME","GRG","JPD","T-881-a,b","M","SY","5x4, 5.5x4.5",9.15,"partial",59.6,49.7,2.9,4.1,11.2,7.1,NA,NA,"green",14.4,14.8,2,2,2,2,NA,"bill black; feet/legs blackish olive; light fat; stomach saved; testes deflated","","ME.Piscataquis","North East",45.617,-69.332,19.69
"614293","w",0.344061689392318,0.0973503325659539,0.348330359908451,0.10076138590988,0.344619466797062,0.0987305108826167,0.313093656067149,0.0803123272359111,0.380901377735186,0.0984433527555002,0.344061689392318,0.0973503325659539,33.4043910677425,3046,"Setophaga caerulescens","23-Jun-91",23,"Jun",91,"Frenchtown Township; east end First Roach Lake","Piscataquis","ME","GRG","JPD","T-881-a,b","M","SY","5x4, 5.5x4.5",9.15,"partial",59.6,49.7,2.9,4.1,11.2,7.1,NA,NA,"green",14.4,14.8,2,2,2,2,NA,"bill black; feet/legs blackish olive; light fat; stomach saved; testes deflated","","ME.Piscataquis","North East",45.617,-69.332,19.69
"614294","c",0.0658583697104801,0.0271058679085535,0.051328660732065,0.0240745250133562,0.0695818012672036,0.0289999980069712,0.086668053670602,0.0290169603513295,0.157800137233879,0.0538726582966433,0.0658583697104801,0.0271058679085535,84.0960780634265,3047,"Setophaga caerulescens","24-Jun-91",24,"Jun",91,"Lily Bay Township; 2mi NE Lily Bay of Moosehead Lake on Lily Bay Rd.","Piscataquis","ME","GRG","JPD","882-a,b","M","ASY","NA, 6.5x5",9.6,"partial",57.3,42.1,3.4,4.1,9.7,7.1,NA,NA,"blue",21,19.5,2,2,2,2,NA,"stomach saved; bill black; feet/legs dark olive; no wing. molt; tail rectrix #2 80% grown; no body molt; L testis ruptured","","ME.Piscataquis","North East",45.5990454,-69.5107309,18.73
"614294","m",0.0701519573523212,0.0178597833986949,0.0615108864207598,0.0133027379368021,0.072833088890611,0.0198307393429239,0.0869722055783895,0.0256180182461663,0.102885690403156,0.0204115654172028,0.0701519573523212,0.0178597833986949,24.8674548070307,3047,"Setophaga caerulescens","24-Jun-91",24,"Jun",91,"Lily Bay Township; 2mi NE Lily Bay of Moosehead Lake on Lily Bay Rd.","Piscataquis","ME","GRG","JPD","882-a,b","M","ASY","NA, 6.5x5",9.6,"partial",57.3,42.1,3.4,4.1,9.7,7.1,NA,NA,"blue",21,19.5,2,2,2,2,NA,"stomach saved; bill black; feet/legs dark olive; no wing. molt; tail rectrix #2 80% grown; no body molt; L testis ruptured","","ME.Piscataquis","North East",45.5990454,-69.5107309,18.73
"614294","o",0.0642420674075,0.0222253522239868,0.0631027067854003,0.0247388469828721,0.0663023624591024,0.0228072513497564,0.0710147508647712,0.017696905164726,0.0728317185458651,0.0176784659409209,0.0642420674075,0.0222253522239868,25.3811221617564,3047,"Setophaga caerulescens","24-Jun-91",24,"Jun",91,"Lily Bay Township; 2mi NE Lily Bay of Moosehead Lake on Lily Bay Rd.","Piscataquis","ME","GRG","JPD","882-a,b","M","ASY","NA, 6.5x5",9.6,"partial",57.3,42.1,3.4,4.1,9.7,7.1,NA,NA,"blue",21,19.5,2,2,2,2,NA,"stomach saved; bill black; feet/legs dark olive; no wing. molt; tail rectrix #2 80% grown; no body molt; L testis ruptured","","ME.Piscataquis","North East",45.5990454,-69.5107309,18.73
"614294","t",0.0439439321122896,0.00551680481918797,0.0417698243476159,0.00664330685217865,0.0456577372058806,0.00675733652824678,0.0543976975764145,0.00843328935920487,0.0444316018471314,0.00907858013939961,0.0439439321122896,0.00551680481918797,169.712141114656,3047,"Setophaga caerulescens","24-Jun-91",24,"Jun",91,"Lily Bay Township; 2mi NE Lily Bay of Moosehead Lake on Lily Bay Rd.","Piscataquis","ME","GRG","JPD","882-a,b","M","ASY","NA, 6.5x5",9.6,"partial",57.3,42.1,3.4,4.1,9.7,7.1,NA,NA,"blue",21,19.5,2,2,2,2,NA,"stomach saved; bill black; feet/legs dark olive; no wing. molt; tail rectrix #2 80% grown; no body molt; L testis ruptured","","ME.Piscataquis","North East",45.5990454,-69.5107309,18.73
"614294","w",0.425053603752451,0.122111991080431,0.427684867443553,0.126650675330255,0.424579282453742,0.121965915795719,0.377772840091413,0.0988243804195792,0.484822118671116,0.132290873230623,0.425053603752451,0.122111991080431,72.3948207918934,3047,"Setophaga caerulescens","24-Jun-91",24,"Jun",91,"Lily Bay Township; 2mi NE Lily Bay of Moosehead Lake on Lily Bay Rd.","Piscataquis","ME","GRG","JPD","882-a,b","M","ASY","NA, 6.5x5",9.6,"partial",57.3,42.1,3.4,4.1,9.7,7.1,NA,NA,"blue",21,19.5,2,2,2,2,NA,"stomach saved; bill black; feet/legs dark olive; no wing. molt; tail rectrix #2 80% grown; no body molt; L testis ruptured","","ME.Piscataquis","North East",45.5990454,-69.5107309,18.73
"614297","c",0.0772399746804075,0.0281253199581258,0.0614740144774828,0.0255501737141231,0.0806892909777151,0.0296924288839987,0.100349188708714,0.0303522491717929,0.167726495938022,0.0564127064236688,0.0772399746804075,0.0281253199581258,69.1131544379809,3050,"Setophaga caerulescens","24-Jun-91",24,"Jun",91,"Frenchtown Township; 2 mi SE Kokadjo on S. shore First Roach Lake","Piscataquis","ME","GRG","JPD","T-885-a,b","M","ASY","8x5, 6x5",9.85,"partial",65.4,52.8,3,4.4,10.6,7,NA,NA,"blue",13.6,16.9,2,2,2,2,NA,"bill black; feet/legs dark olive; no fat; no molt; stomach saved","","ME.Piscataquis","North East",45.617,-69.332,19.87
"614297","m",0.0684884647450328,0.01558708596877,0.0617484997983077,0.0121281611992167,0.0704025204843347,0.0172931443727238,0.0846412920727726,0.0221408257343758,0.103947039312267,0.0132496540014626,0.0684884647450328,0.01558708596877,25.6896228185401,3050,"Setophaga caerulescens","24-Jun-91",24,"Jun",91,"Frenchtown Township; 2 mi SE Kokadjo on S. shore First Roach Lake","Piscataquis","ME","GRG","JPD","T-885-a,b","M","ASY","8x5, 6x5",9.85,"partial",65.4,52.8,3,4.4,10.6,7,NA,NA,"blue",13.6,16.9,2,2,2,2,NA,"bill black; feet/legs dark olive; no fat; no molt; stomach saved","","ME.Piscataquis","North East",45.617,-69.332,19.87
"614297","o",0.0717203812443946,0.0276361854419389,0.0697769246935926,0.0288919062317189,0.0731115493861965,0.0281272905766807,0.0811815770359009,0.0242367146445138,0.0950007272005133,0.0193494752311003,0.0717203812443946,0.0276361854419389,11.7875774066429,3050,"Setophaga caerulescens","24-Jun-91",24,"Jun",91,"Frenchtown Township; 2 mi SE Kokadjo on S. shore First Roach Lake","Piscataquis","ME","GRG","JPD","T-885-a,b","M","ASY","8x5, 6x5",9.85,"partial",65.4,52.8,3,4.4,10.6,7,NA,NA,"blue",13.6,16.9,2,2,2,2,NA,"bill black; feet/legs dark olive; no fat; no molt; stomach saved","","ME.Piscataquis","North East",45.617,-69.332,19.87
"614297","t",0.0510671136054885,0.0152024417802272,0.0481834830181737,0.0187477779251007,0.0529968543528542,0.0161457335331977,0.0613120460931158,0.0131162469018619,0.0654762446180808,0.0120814224785655,0.0510671136054885,0.0152024417802272,188.075060987052,3050,"Setophaga caerulescens","24-Jun-91",24,"Jun",91,"Frenchtown Township; 2 mi SE Kokadjo on S. shore First Roach Lake","Piscataquis","ME","GRG","JPD","T-885-a,b","M","ASY","8x5, 6x5",9.85,"partial",65.4,52.8,3,4.4,10.6,7,NA,NA,"blue",13.6,16.9,2,2,2,2,NA,"bill black; feet/legs dark olive; no fat; no molt; stomach saved","","ME.Piscataquis","North East",45.617,-69.332,19.87
"614297","w",0.451079123192556,0.116733475968106,0.458642945092389,0.123497613666428,0.45265329962067,0.118724390515123,0.395431687125934,0.0899815297047316,0.450057840385908,0.0934850353351733,0.451079123192556,0.116733475968106,45.7872021017076,3050,"Setophaga caerulescens","24-Jun-91",24,"Jun",91,"Frenchtown Township; 2 mi SE Kokadjo on S. shore First Roach Lake","Piscataquis","ME","GRG","JPD","T-885-a,b","M","ASY","8x5, 6x5",9.85,"partial",65.4,52.8,3,4.4,10.6,7,NA,NA,"blue",13.6,16.9,2,2,2,2,NA,"bill black; feet/legs dark olive; no fat; no molt; stomach saved","","ME.Piscataquis","North East",45.617,-69.332,19.87
"614299","c",0.0643409548176824,0.0276945216316884,0.0517547600840827,0.0230168739833074,0.0679354165029606,0.0292429791791668,0.0827578514445264,0.034157411057636,0.139214710836324,0.055610117421502,0.0643409548176824,0.0276945216316884,70.7442296866204,3052,"Setophaga caerulescens","24-Jun-91",24,"Jun",91,"Frenchtown Township; 2 mi SE Kokadjo on S. shore First Roach Lake","Piscataquis","ME","GRG","JPD","887-a,b","M","SY","8.5x5.5, 6.5x5.5",9.65,"partial",59,48.2,3.1,4,9.5,6.6,NA,NA,"green",11.1,12.9,2,3,2,2,NA,"no fat; bill black; feet/legs blackish olive; no molt; stomach saved","","ME.Piscataquis","North East",45.6711541,-69.4469979,18.58
"614299","m",0.0736291356583979,0.0199509040282314,0.065565817056555,0.0170769314819902,0.0769653243785875,0.0224469783762812,0.0866174238226096,0.0219533008103697,0.0947158997558944,0.0183766473858003,0.0736291356583979,0.0199509040282314,25.5067242134234,3052,"Setophaga caerulescens","24-Jun-91",24,"Jun",91,"Frenchtown Township; 2 mi SE Kokadjo on S. shore First Roach Lake","Piscataquis","ME","GRG","JPD","887-a,b","M","SY","8.5x5.5, 6.5x5.5",9.65,"partial",59,48.2,3.1,4,9.5,6.6,NA,NA,"green",11.1,12.9,2,3,2,2,NA,"no fat; bill black; feet/legs blackish olive; no molt; stomach saved","","ME.Piscataquis","North East",45.6711541,-69.4469979,18.58
"614299","o",0.0811075004021888,0.0139543245445775,0.0839022027369096,0.0157249764957837,0.0834486391237742,0.0147505211854435,0.0802583251238159,0.0114029691776438,0.0951663448870198,0.0259008702998559,0.0811075004021888,0.0139543245445775,8.23569149934322,3052,"Setophaga caerulescens","24-Jun-91",24,"Jun",91,"Frenchtown Township; 2 mi SE Kokadjo on S. shore First Roach Lake","Piscataquis","ME","GRG","JPD","887-a,b","M","SY","8.5x5.5, 6.5x5.5",9.65,"partial",59,48.2,3.1,4,9.5,6.6,NA,NA,"green",11.1,12.9,2,3,2,2,NA,"no fat; bill black; feet/legs blackish olive; no molt; stomach saved","","ME.Piscataquis","North East",45.6711541,-69.4469979,18.58
"614299","t",0.0480029145682091,0.00747096871389742,0.0469105958692744,0.00922106143690459,0.0497304661623046,0.00819141466370534,0.0563823434348117,0.00799048945186611,0.0451714257125899,0.00901371195404091,0.0480029145682091,0.00747096871389742,136.094576843686,3052,"Setophaga caerulescens","24-Jun-91",24,"Jun",91,"Frenchtown Township; 2 mi SE Kokadjo on S. shore First Roach Lake","Piscataquis","ME","GRG","JPD","887-a,b","M","SY","8.5x5.5, 6.5x5.5",9.65,"partial",59,48.2,3.1,4,9.5,6.6,NA,NA,"green",11.1,12.9,2,3,2,2,NA,"no fat; bill black; feet/legs blackish olive; no molt; stomach saved","","ME.Piscataquis","North East",45.6711541,-69.4469979,18.58
"614299","w",0.288457823887837,0.0924904567786055,0.292403474068854,0.0955291682330194,0.291618885038119,0.0940166114538139,0.25879099923707,0.0753302596022779,0.309531465606866,0.10785151854908,0.288457823887837,0.0924904567786055,26.6158753987615,3052,"Setophaga caerulescens","24-Jun-91",24,"Jun",91,"Frenchtown Township; 2 mi SE Kokadjo on S. shore First Roach Lake","Piscataquis","ME","GRG","JPD","887-a,b","M","SY","8.5x5.5, 6.5x5.5",9.65,"partial",59,48.2,3.1,4,9.5,6.6,NA,NA,"green",11.1,12.9,2,3,2,2,NA,"no fat; bill black; feet/legs blackish olive; no molt; stomach saved","","ME.Piscataquis","North East",45.6711541,-69.4469979,18.58
"614302","c",0.0720683364141262,0.0227322347505594,0.0562974824929354,0.0179448721439894,0.0759012107419312,0.0238700121085424,0.0942751551654978,0.031045877380358,0.153916067234725,0.04655709290398,0.0720683364141262,0.0227322347505594,84.0457872021017,3055,"Setophaga caerulescens","25-Jun-91",25,"Jun",91,"Beaver Cave Township, east end of Beaver Cove of Moosehead Lake","Piscataquis","ME","GRG","JPD","T-890-a,b","M","ASY","7x5, 6x4.5",9.7,"partial",60.2,51.9,2.9,3.9,10.7,7,NA,NA,"blue",11.5,11.5,2,2,2,2,NA,"bill black; feet/legs dark olive; no fat; no molt; stomach saved","","ME.Piscataquis","North East",45.54339,-69.54654,19.37
"614302","m",0.0786199371246734,0.0104146646093943,0.072396026958641,0.00874913745547977,0.0808264116266706,0.011364778082855,0.0919750891958229,0.0149344380227776,0.111626144221595,0.0116126541971201,0.0786199371246734,0.0104146646093943,24.8234190279602,3055,"Setophaga caerulescens","25-Jun-91",25,"Jun",91,"Beaver Cave Township, east end of Beaver Cove of Moosehead Lake","Piscataquis","ME","GRG","JPD","T-890-a,b","M","ASY","7x5, 6x4.5",9.7,"partial",60.2,51.9,2.9,3.9,10.7,7,NA,NA,"blue",11.5,11.5,2,2,2,2,NA,"bill black; feet/legs dark olive; no fat; no molt; stomach saved","","ME.Piscataquis","North East",45.54339,-69.54654,19.37
"614302","o",0.102989286662013,0.022683253703196,0.110109097369681,0.0265352211371813,0.104574579565486,0.0235251404804014,0.0947574702417768,0.0166557873740219,0.117049766351373,0.0207314177082656,0.102989286662013,0.022683253703196,13.080127603678,3055,"Setophaga caerulescens","25-Jun-91",25,"Jun",91,"Beaver Cave Township, east end of Beaver Cove of Moosehead Lake","Piscataquis","ME","GRG","JPD","T-890-a,b","M","ASY","7x5, 6x4.5",9.7,"partial",60.2,51.9,2.9,3.9,10.7,7,NA,NA,"blue",11.5,11.5,2,2,2,2,NA,"bill black; feet/legs dark olive; no fat; no molt; stomach saved","","ME.Piscataquis","North East",45.54339,-69.54654,19.37
"614302","t",0.0515077706620483,0.0139932201952655,0.0484450624291238,0.0173114424263415,0.0532132240904907,0.0147770405403299,0.0627100175158681,0.0124506400253445,0.0665913265203855,0.0115224820966063,0.0515077706620483,0.0139932201952655,126.909363858135,3055,"Setophaga caerulescens","25-Jun-91",25,"Jun",91,"Beaver Cave Township, east end of Beaver Cove of Moosehead Lake","Piscataquis","ME","GRG","JPD","T-890-a,b","M","ASY","7x5, 6x4.5",9.7,"partial",60.2,51.9,2.9,3.9,10.7,7,NA,NA,"blue",11.5,11.5,2,2,2,2,NA,"bill black; feet/legs dark olive; no fat; no molt; stomach saved","","ME.Piscataquis","North East",45.54339,-69.54654,19.37
"614302","w",0.362095317368603,0.0900983671201216,0.36639516281452,0.090711906934645,0.363836631486605,0.0911401048412171,0.32639181647157,0.0803976341163729,0.38594251060343,0.0775730831966844,0.362095317368603,0.0900983671201216,18.9731656971289,3055,"Setophaga caerulescens","25-Jun-91",25,"Jun",91,"Beaver Cave Township, east end of Beaver Cove of Moosehead Lake","Piscataquis","ME","GRG","JPD","T-890-a,b","M","ASY","7x5, 6x4.5",9.7,"partial",60.2,51.9,2.9,3.9,10.7,7,NA,NA,"blue",11.5,11.5,2,2,2,2,NA,"bill black; feet/legs dark olive; no fat; no molt; stomach saved","","ME.Piscataquis","North East",45.54339,-69.54654,19.37
"614305","c",0.072338576345837,0.0192338727713878,0.0580861625893678,0.0150402690718102,0.0757827153849251,0.019214360030167,0.093940897959034,0.0277252860194458,0.165424719282757,0.042804375440178,0.072338576345837,0.0192338727713878,53.176956276975,3058,"Setophaga caerulescens","25-Jun-91",25,"Jun",91,"Greenville Township; Sandy Bay on Moosehead Lake","Piscataquis","ME","GRG","JPD","893-a,b","M ","ASY","8x5, 6.5x4.5",9,"partial",63.3,51.9,3.1,3.9,10.6,6.9,NA,NA,"blue",14.3,13.3,2,2,2,2,NA,"no fat; bill black; feet/legs olive; no molt; stomach saved","","ME.Piscataquis","North East",45.51109,-69.57217,NA
"614305","m",0.0757764463898953,0.0118463733182591,0.0682191269581307,0.00845531109065891,0.0777846476434107,0.0128506448120811,0.0928202293836035,0.0186439591641515,0.112868384858885,0.017266313834277,0.0757764463898953,0.0118463733182591,25.3220741852755,3058,"Setophaga caerulescens","25-Jun-91",25,"Jun",91,"Greenville Township; Sandy Bay on Moosehead Lake","Piscataquis","ME","GRG","JPD","893-a,b","M ","ASY","8x5, 6.5x4.5",9,"partial",63.3,51.9,3.1,3.9,10.6,6.9,NA,NA,"blue",14.3,13.3,2,2,2,2,NA,"no fat; bill black; feet/legs olive; no molt; stomach saved","","ME.Piscataquis","North East",45.51109,-69.57217,NA
"614305","o",0.0602999735375416,0.0134192699429887,0.059453539135804,0.0143891402062147,0.061715749717673,0.0140301773677987,0.0694105786586187,0.0124825231433449,0.068011459137281,0.016188245765909,0.0602999735375416,0.0134192699429887,35.4805779696003,3058,"Setophaga caerulescens","25-Jun-91",25,"Jun",91,"Greenville Township; Sandy Bay on Moosehead Lake","Piscataquis","ME","GRG","JPD","893-a,b","M ","ASY","8x5, 6.5x4.5",9,"partial",63.3,51.9,3.1,3.9,10.6,6.9,NA,NA,"blue",14.3,13.3,2,2,2,2,NA,"no fat; bill black; feet/legs olive; no molt; stomach saved","","ME.Piscataquis","North East",45.51109,-69.57217,NA
"614305","t",0.0460296788043549,0.00386803529916606,0.0440373314703476,0.00481180662010833,0.0474517984670361,0.00520519976808168,0.0571074356525548,0.00735181541307735,0.0451901530945623,0.00617514198516061,0.0460296788043549,0.00386803529916606,74.4695064740101,3058,"Setophaga caerulescens","25-Jun-91",25,"Jun",91,"Greenville Township; Sandy Bay on Moosehead Lake","Piscataquis","ME","GRG","JPD","893-a,b","M ","ASY","8x5, 6.5x4.5",9,"partial",63.3,51.9,3.1,3.9,10.6,6.9,NA,NA,"blue",14.3,13.3,2,2,2,2,NA,"no fat; bill black; feet/legs olive; no molt; stomach saved","","ME.Piscataquis","North East",45.51109,-69.57217,NA
"614305","w",0.487279987963818,0.113380301805297,0.490853517687229,0.118959528428047,0.489417605005467,0.114438441373971,0.415105390421198,0.0860622135316376,0.540826555755985,0.109652543850471,0.487279987963818,0.113380301805297,44.645524488647,3058,"Setophaga caerulescens","25-Jun-91",25,"Jun",91,"Greenville Township; Sandy Bay on Moosehead Lake","Piscataquis","ME","GRG","JPD","893-a,b","M ","ASY","8x5, 6.5x4.5",9,"partial",63.3,51.9,3.1,3.9,10.6,6.9,NA,NA,"blue",14.3,13.3,2,2,2,2,NA,"no fat; bill black; feet/legs olive; no molt; stomach saved","","ME.Piscataquis","North East",45.51109,-69.57217,NA
"614307","c",0.0627337641846613,0.0182832726055898,0.0505208237554654,0.014889003060037,0.066261235380459,0.0183166879924632,0.0808033990512747,0.0245787658053809,0.133642322872488,0.0444416157994085,0.0627337641846613,0.0182832726055898,67.6914993432164,3060,"Setophaga caerulescens","25-Jun-91",25,"Jun",91,"Greenville Township; Sandy Bay on Moosehead Lake","Piscataquis","ME","GRG","JPD","895-a,b","M","ASY","7x5.5, 6x4",9.95,"partial",66.2,50.8,3.3,4.1,9.8,7.1,NA,NA,"blue",12.6,15.2,2,4,2,2,NA,"light fat; bill black; feet/legs olive; no molt; stomach saved","","ME.Piscataquis","North East",45.51109,-69.57217,NA
"614307","m",0.0761257817826487,0.0230347256146108,0.0687620703080555,0.0190636573430092,0.0785033305727473,0.0262498760808271,0.0918600135912143,0.0270314080405534,0.109953710483398,0.0237463532809709,0.0761257817826487,0.0230347256146108,25.2797898292363,3060,"Setophaga caerulescens","25-Jun-91",25,"Jun",91,"Greenville Township; Sandy Bay on Moosehead Lake","Piscataquis","ME","GRG","JPD","895-a,b","M","ASY","7x5.5, 6x4",9.95,"partial",66.2,50.8,3.3,4.1,9.8,7.1,NA,NA,"blue",12.6,15.2,2,4,2,2,NA,"light fat; bill black; feet/legs olive; no molt; stomach saved","","ME.Piscataquis","North East",45.51109,-69.57217,NA
"614307","o",0.0755265470336355,0.0283298029862955,0.0702623452546409,0.0287734676442172,0.077563652141103,0.0296524363060724,0.0885031537949947,0.0267196921706402,0.10674892622804,0.0381460291463273,0.0755265470336355,0.0283298029862955,63.9549634077688,3060,"Setophaga caerulescens","25-Jun-91",25,"Jun",91,"Greenville Township; Sandy Bay on Moosehead Lake","Piscataquis","ME","GRG","JPD","895-a,b","M","ASY","7x5.5, 6x4",9.95,"partial",66.2,50.8,3.3,4.1,9.8,7.1,NA,NA,"blue",12.6,15.2,2,4,2,2,NA,"light fat; bill black; feet/legs olive; no molt; stomach saved","","ME.Piscataquis","North East",45.51109,-69.57217,NA
"614307","t",0.0501014965604597,0.00741533759483799,0.0479976726118925,0.00839586499045105,0.0516155005297308,0.00828902575049077,0.060543924684919,0.00884383430991736,0.0493403508431025,0.00798712251903463,0.0501014965604597,0.00741533759483799,142.973916306999,3060,"Setophaga caerulescens","25-Jun-91",25,"Jun",91,"Greenville Township; Sandy Bay on Moosehead Lake","Piscataquis","ME","GRG","JPD","895-a,b","M","ASY","7x5.5, 6x4",9.95,"partial",66.2,50.8,3.3,4.1,9.8,7.1,NA,NA,"blue",12.6,15.2,2,4,2,2,NA,"light fat; bill black; feet/legs olive; no molt; stomach saved","","ME.Piscataquis","North East",45.51109,-69.57217,NA
"614307","w",0.488675973035977,0.129888182080009,0.498441592519602,0.133326554999092,0.490774796063023,0.130625935448853,0.410848332184985,0.101157527477055,0.512057256737846,0.124089078708568,0.488675973035977,0.129888182080009,44.9615312441359,3060,"Setophaga caerulescens","25-Jun-91",25,"Jun",91,"Greenville Township; Sandy Bay on Moosehead Lake","Piscataquis","ME","GRG","JPD","895-a,b","M","ASY","7x5.5, 6x4",9.95,"partial",66.2,50.8,3.3,4.1,9.8,7.1,NA,NA,"blue",12.6,15.2,2,4,2,2,NA,"light fat; bill black; feet/legs olive; no molt; stomach saved","","ME.Piscataquis","North East",45.51109,-69.57217,NA
