"ID","photo","pl_code","rep","lumMean","lumSD","lwMean","lwSD","mwMean","mwSD","swMean","swSD","uvMean","uvSD","dblMean","dblSD","area","area_mm2","GRG.no.","Species","date.d.m.y","Day","Month","Year","Locality","County","State.Province","Collector","prepartor","tissue.no.","Sex","Age","testes.L.R","weight.g","skeleton","wing.R.mm","tail.mm","bill.depth.mm","bill.width.mm","bill.culmen.mm","bill.nares.mm","tarsus1.mm","tarsus2.mm","alula","wing.spot.L.mm","wing.spot.R.mm","dorsal.photoID","side.photoID","crown.photoID","ventral.photoID","file.loc","comments_specimen","comments_analysis","pop","Region","lat","lon","Tarsometatarsus"
"606619","crown","c","1",0.0709487723317887,0.0271507009632682,0.0575627533772764,0.0221548766028735,0.0742384317453308,0.0285234708583273,0.0915654670928237,0.0349085585989116,0.160420107837828,0.0556833145487428,0.0709487723317887,0.0271507009632682,68949,51.7537999624695,2488,"Setophaga caerulescens","12-Jun-88",12,"Jun",88,"Jefferson Nat'l Forest, 4.5mi SE Norton, Bark Camp Branch; 920m","Wise","VA","GRG","JPA","T-456","M","ASY","7x5, NA",9.5,"partial",64.8,50.6,2.7,3.6,10.3,6.9,NA,NA,"blue",15,15.7,2,2,2,2,NA,"Not original label","","VA.Wise","South",36.87043,-82.525983,NA
"606619","ventral","t","1",0.0398720452448256,0.00676512625727102,0.0346937474067172,0.00765160003363683,0.0412774698598669,0.00807514785059292,0.056574160839902,0.00990755147252957,0.0580560204629785,0.00704255998898791,0.0398720452448256,0.00676512625727102,215948,162.092700319009,2488,"Setophaga caerulescens","12-Jun-88",12,"Jun",88,"Jefferson Nat'l Forest, 4.5mi SE Norton, Bark Camp Branch; 920m","Wise","VA","GRG","JPA","T-456","M","ASY","7x5, NA",9.5,"partial",64.8,50.6,2.7,3.6,10.3,6.9,NA,NA,"blue",15,15.7,2,2,2,2,NA,"Not original label","","VA.Wise","South",36.87043,-82.525983,NA
"606619","dorsal","m","2",0.0492595554976596,0.0115316441601358,0.0436031657467707,0.0102154219741353,0.0505873567985484,0.0130549118571773,0.067110242595263,0.0161566099804868,0.0795346544712292,0.0130246120315184,0.0492595554976596,0.0115316441601358,33671,25.2737849502721,2488,"Setophaga caerulescens","12-Jun-88",12,"Jun",88,"Jefferson Nat'l Forest, 4.5mi SE Norton, Bark Camp Branch; 920m","Wise","VA","GRG","JPA","T-456","M","ASY","7x5, NA",9.5,"partial",64.8,50.6,2.7,3.6,10.3,6.9,NA,NA,"blue",15,15.7,2,2,2,2,NA,"Not original label","","VA.Wise","South",36.87043,-82.525983,NA
"606619","dorsal","m","3",0.043738345454689,0.0098599512021256,0.038847445907164,0.00928572378679372,0.0449860165327716,0.0111214824800262,0.0607523611515174,0.0130361826294017,0.0693638778722502,0.0102759145478988,0.043738345454689,0.0098599512021256,31684,23.7823231375493,2488,"Setophaga caerulescens","12-Jun-88",12,"Jun",88,"Jefferson Nat'l Forest, 4.5mi SE Norton, Bark Camp Branch; 920m","Wise","VA","GRG","JPA","T-456","M","ASY","7x5, NA",9.5,"partial",64.8,50.6,2.7,3.6,10.3,6.9,NA,NA,"blue",15,15.7,2,2,2,2,NA,"Not original label","","VA.Wise","South",36.87043,-82.525983,NA
"606619","side","w","1",0.449453623692575,0.110392793344293,0.461163462562037,0.114252127371269,0.452434367525394,0.112044368450923,0.386176923513761,0.0910777561661457,0.422598974625006,0.1173148799363,0.449453623692575,0.110392793344293,60420,45.3518483768062,2488,"Setophaga caerulescens","12-Jun-88",12,"Jun",88,"Jefferson Nat'l Forest, 4.5mi SE Norton, Bark Camp Branch; 920m","Wise","VA","GRG","JPA","T-456","M","ASY","7x5, NA",9.5,"partial",64.8,50.6,2.7,3.6,10.3,6.9,NA,NA,"blue",15,15.7,2,2,2,2,NA,"Not original label","","VA.Wise","South",36.87043,-82.525983,NA
"606619","side","o","1",0.0613258154618784,0.00972054144594046,0.0585808587607708,0.0109923625034725,0.0627331410931233,0.0105311299104067,0.0728110266714803,0.0101035981524745,0.0837418339087745,0.00842711875497124,0.0613258154618784,0.00972054144594046,15188,11.4002627134547,2488,"Setophaga caerulescens","12-Jun-88",12,"Jun",88,"Jefferson Nat'l Forest, 4.5mi SE Norton, Bark Camp Branch; 920m","Wise","VA","GRG","JPA","T-456","M","ASY","7x5, NA",9.5,"partial",64.8,50.6,2.7,3.6,10.3,6.9,NA,NA,"blue",15,15.7,2,2,2,2,NA,"Not original label","","VA.Wise","South",36.87043,-82.525983,NA
"606619","dorsal","m","1",0.0470533794733675,0.0100291162541075,0.0415654478540619,0.00902252729455554,0.0482889418148773,0.0114196747591099,0.0649216092945036,0.0140338923731359,0.0745580471086673,0.0115221496496961,0.0470533794733675,0.0100291162541075,32399,24.3190091949709,2488,"Setophaga caerulescens","12-Jun-88",12,"Jun",88,"Jefferson Nat'l Forest, 4.5mi SE Norton, Bark Camp Branch; 920m","Wise","VA","GRG","JPA","T-456","M","ASY","7x5, NA",9.5,"partial",64.8,50.6,2.7,3.6,10.3,6.9,NA,NA,"blue",15,15.7,2,2,2,2,NA,"Not original label","","VA.Wise","South",36.87043,-82.525983,NA
"606621","side","o","1",0.0865268746148127,0.0167799212567548,0.0909887549490159,0.0210582136509227,0.0875018475961089,0.0180902024005816,0.086030187311417,0.0157991307553339,0.0983744655088862,0.00996249720115147,0.0865268746148127,0.0167799212567548,5893,4.42334396697317,2490,"Setophaga caerulescens","12-Jun-89",12,"Jun",89,"Jefferson Nat'l Forest, 4.5mi SE Norton, Bark Camp Branch; 920m","Wise","VA","GRG","JPA","T-458-a,b","M","SY","7x5, NA",9.5,"partial",64,47.8,2.9,3.8,10.4,6.8,NA,NA,"green",14.8,15.4,2,2,2,2,NA,"Not original label","","VA.Wise","South",36.87043,-82.525983,19.57
"606621","dorsal","m","1",0.0657863601952972,0.00790907529304801,0.0591058891195101,0.00745407645957646,0.0673077775196015,0.00943856521767307,0.0835281919463237,0.0132156238356226,0.097582810892531,0.00886375976140135,0.0657863601952972,0.00790907529304801,32760,24.5899793582286,2490,"Setophaga caerulescens","12-Jun-89",12,"Jun",89,"Jefferson Nat'l Forest, 4.5mi SE Norton, Bark Camp Branch; 920m","Wise","VA","GRG","JPA","T-458-a,b","M","SY","7x5, NA",9.5,"partial",64,47.8,2.9,3.8,10.4,6.8,NA,NA,"green",14.8,15.4,2,2,2,2,NA,"Not original label","","VA.Wise","South",36.87043,-82.525983,19.57
"606621","dorsal","m","2",0.0681667964132499,0.00881793000142425,0.0613174905371456,0.00821235207721903,0.0698068619998777,0.0102825481478111,0.0856746851161704,0.0137680425549842,0.10457181579624,0.0135282009586942,0.0681667964132499,0.00881793000142425,32942,24.7265903546632,2490,"Setophaga caerulescens","12-Jun-89",12,"Jun",89,"Jefferson Nat'l Forest, 4.5mi SE Norton, Bark Camp Branch; 920m","Wise","VA","GRG","JPA","T-458-a,b","M","SY","7x5, NA",9.5,"partial",64,47.8,2.9,3.8,10.4,6.8,NA,NA,"green",14.8,15.4,2,2,2,2,NA,"Not original label","","VA.Wise","South",36.87043,-82.525983,19.57
"606621","dorsal","m","3",0.0676578354238973,0.00780919409833541,0.0608738310317741,0.0072008801619117,0.0691525044907743,0.00935882361179342,0.0856098626045374,0.0136251872313562,0.103904059280219,0.00891719796196305,0.0676578354238973,0.00780919409833541,33124,24.8632013510978,2490,"Setophaga caerulescens","12-Jun-89",12,"Jun",89,"Jefferson Nat'l Forest, 4.5mi SE Norton, Bark Camp Branch; 920m","Wise","VA","GRG","JPA","T-458-a,b","M","SY","7x5, NA",9.5,"partial",64,47.8,2.9,3.8,10.4,6.8,NA,NA,"green",14.8,15.4,2,2,2,2,NA,"Not original label","","VA.Wise","South",36.87043,-82.525983,19.57
"606621","crown","c","1",0.0614874777418827,0.0235346199920146,0.0504966954655025,0.0212808816926368,0.0649457674382865,0.0251853082771259,0.0777316025846143,0.0270676704651821,0.130107204038682,0.0470573790826063,0.0614874777418827,0.0235346199920146,84340,63.3064364796397,2490,"Setophaga caerulescens","12-Jun-89",12,"Jun",89,"Jefferson Nat'l Forest, 4.5mi SE Norton, Bark Camp Branch; 920m","Wise","VA","GRG","JPA","T-458-a,b","M","SY","7x5, NA",9.5,"partial",64,47.8,2.9,3.8,10.4,6.8,NA,NA,"green",14.8,15.4,2,2,2,2,NA,"Not original label","","VA.Wise","South",36.87043,-82.525983,19.57
"606621","ventral","t","1",0.0448535543350876,0.0104769783810685,0.0421221043218448,0.0118254524638892,0.0460844999859847,0.0113514050180218,0.0578226749333586,0.0118138816647209,0.0648507045238968,0.00806703990326395,0.0448535543350876,0.0104769783810685,89816,67.4167761306061,2490,"Setophaga caerulescens","12-Jun-89",12,"Jun",89,"Jefferson Nat'l Forest, 4.5mi SE Norton, Bark Camp Branch; 920m","Wise","VA","GRG","JPA","T-458-a,b","M","SY","7x5, NA",9.5,"partial",64,47.8,2.9,3.8,10.4,6.8,NA,NA,"green",14.8,15.4,2,2,2,2,NA,"Not original label","","VA.Wise","South",36.87043,-82.525983,19.57
"606621","side","w","1",0.434305028702078,0.124107454440484,0.445696547965214,0.129658108055349,0.439199930814293,0.127546016149257,0.36692111662961,0.0981718907765613,0.404637174903679,0.0889353686957552,0.434305028702078,0.124107454440484,52290,39.2493901294802,2490,"Setophaga caerulescens","12-Jun-89",12,"Jun",89,"Jefferson Nat'l Forest, 4.5mi SE Norton, Bark Camp Branch; 920m","Wise","VA","GRG","JPA","T-458-a,b","M","SY","7x5, NA",9.5,"partial",64,47.8,2.9,3.8,10.4,6.8,NA,NA,"green",14.8,15.4,2,2,2,2,NA,"Not original label","","VA.Wise","South",36.87043,-82.525983,19.57
"606622","ventral","t","1",0.0408539037873753,0.00967701185372401,0.0360156562362945,0.0104575669311074,0.0420825510392431,0.0107503786862591,0.0574605963178125,0.0122890890060398,0.0581974898054447,0.0101894431136767,0.0408539037873753,0.00967701185372401,91704,68.8339275661475,2491,"Setophaga caerulescens","13-Jun-88",13,"Jun",88,"Jefferson Nat'l Forest, 4.5mi SE Norton, Bark Camp Branch; 920m","Wise","VA","GRG","JPA","T-459-a,b","M","ASY","5x5, NA",10.5,"partial",66.2,53.6,2.8,3.5,10.8,6.8,NA,NA,"blue",19.9,20.7,2,2,2,2,NA,"gonads mushy; Not original label","","VA.Wise","South",36.87043,-82.525983,19.15
"606622","dorsal","m","1",0.0373163353956601,0.0083266892095642,0.0338224650500991,0.00954235854236687,0.0382528835347642,0.00968443385592609,0.0532499221524287,0.010391372313326,0.0645286218541399,0.010672922456871,0.0373163353956601,0.0083266892095642,34225,25.6896228185401,2491,"Setophaga caerulescens","13-Jun-88",13,"Jun",88,"Jefferson Nat'l Forest, 4.5mi SE Norton, Bark Camp Branch; 920m","Wise","VA","GRG","JPA","T-459-a,b","M","ASY","5x5, NA",10.5,"partial",66.2,53.6,2.8,3.5,10.8,6.8,NA,NA,"blue",19.9,20.7,2,2,2,2,NA,"gonads mushy; Not original label","","VA.Wise","South",36.87043,-82.525983,19.15
"606622","dorsal","m","2",0.0334528977479732,0.00875811741332284,0.0291604380333883,0.00909646616936734,0.0344017638821888,0.010119645618144,0.051026200511572,0.0119214581477435,0.0617162125147492,0.0114387443264654,0.0334528977479732,0.00875811741332284,34410,25.8284856445862,2491,"Setophaga caerulescens","13-Jun-88",13,"Jun",88,"Jefferson Nat'l Forest, 4.5mi SE Norton, Bark Camp Branch; 920m","Wise","VA","GRG","JPA","T-459-a,b","M","ASY","5x5, NA",10.5,"partial",66.2,53.6,2.8,3.5,10.8,6.8,NA,NA,"blue",19.9,20.7,2,2,2,2,NA,"gonads mushy; Not original label","","VA.Wise","South",36.87043,-82.525983,19.15
"606622","dorsal","m","3",0.0366328527811236,0.0102873910044097,0.0325279577064448,0.0105995500658932,0.0376295555239267,0.0118050439011233,0.0536252343645669,0.0123036726942285,0.0672480729250551,0.0126443609799077,0.0366328527811236,0.0102873910044097,33855,25.4118971664477,2491,"Setophaga caerulescens","13-Jun-88",13,"Jun",88,"Jefferson Nat'l Forest, 4.5mi SE Norton, Bark Camp Branch; 920m","Wise","VA","GRG","JPA","T-459-a,b","M","ASY","5x5, NA",10.5,"partial",66.2,53.6,2.8,3.5,10.8,6.8,NA,NA,"blue",19.9,20.7,2,2,2,2,NA,"gonads mushy; Not original label","","VA.Wise","South",36.87043,-82.525983,19.15
"606622","side","o","1",0.0602014373016799,0.0146663597562976,0.0580071494357118,0.0173245832404873,0.061546003893132,0.015326688552687,0.0707481213591356,0.0118558774941168,0.0866630429622348,0.0128535273573744,0.0602014373016799,0.0146663597562976,8961,6.7262150497279,2491,"Setophaga caerulescens","13-Jun-88",13,"Jun",88,"Jefferson Nat'l Forest, 4.5mi SE Norton, Bark Camp Branch; 920m","Wise","VA","GRG","JPA","T-459-a,b","M","ASY","5x5, NA",10.5,"partial",66.2,53.6,2.8,3.5,10.8,6.8,NA,NA,"blue",19.9,20.7,2,2,2,2,NA,"gonads mushy; Not original label","","VA.Wise","South",36.87043,-82.525983,19.15
"606622","side","w","1",0.456794181402351,0.116168893975526,0.470816070290818,0.124287380945856,0.46419320438337,0.119243041401375,0.379856551315427,0.0844721611056207,0.391255965749034,0.0708316293841246,0.456794181402351,0.116168893975526,75599,56.7453556014262,2491,"Setophaga caerulescens","13-Jun-88",13,"Jun",88,"Jefferson Nat'l Forest, 4.5mi SE Norton, Bark Camp Branch; 920m","Wise","VA","GRG","JPA","T-459-a,b","M","ASY","5x5, NA",10.5,"partial",66.2,53.6,2.8,3.5,10.8,6.8,NA,NA,"blue",19.9,20.7,2,2,2,2,NA,"gonads mushy; Not original label","","VA.Wise","South",36.87043,-82.525983,19.15
"606622","crown","c","1",0.0717532770330217,0.025448327923224,0.0579532543917938,0.0203336943251897,0.0751711403660318,0.0265994979465982,0.0921711606903008,0.0343611047434,0.149213901668281,0.0483097283418924,0.0717532770330217,0.025448327923224,88176,66.1857759429537,2491,"Setophaga caerulescens","13-Jun-88",13,"Jun",88,"Jefferson Nat'l Forest, 4.5mi SE Norton, Bark Camp Branch; 920m","Wise","VA","GRG","JPA","T-459-a,b","M","ASY","5x5, NA",10.5,"partial",66.2,53.6,2.8,3.5,10.8,6.8,NA,NA,"blue",19.9,20.7,2,2,2,2,NA,"gonads mushy; Not original label","","VA.Wise","South",36.87043,-82.525983,19.15
"606623","dorsal","m","3",0.0513769935535254,0.0144252956045197,0.0460780150370614,0.0120610048690107,0.0526494400659548,0.0161579037252241,0.0685583841647335,0.0194819452933711,0.0796721064479602,0.0185077603047827,0.0513769935535254,0.0144252956045197,33306,24.9998123475324,2492,"Setophaga caerulescens","13-Jun-89",13,"Jun",89,"Stoney Creek, 12mi NE Pembroke, Jefferson Nat'l Forest; 850m","Giles","VA","GRG","JPA","460-a,b","M","ASY","7x5.5, NA",9,"partial",66.3,50.7,2.8,4.2,11,7.4,NA,NA,"blue",14.1,17.2,2,2,2,2,NA,"not original tag","auto-align","VA.Giles","South",37.37291,-80.57508,19.23
"606623","dorsal","m","1",0.0524477441112519,0.0141219845825145,0.0465229104445173,0.0120114577106385,0.0539313686439066,0.0161074743621054,0.0699186937218605,0.0196766237061755,0.0837782760254938,0.0185650400643366,0.0524477441112519,0.0141219845825145,33306,24.9998123475324,2492,"Setophaga caerulescens","13-Jun-89",13,"Jun",89,"Stoney Creek, 12mi NE Pembroke, Jefferson Nat'l Forest; 850m","Giles","VA","GRG","JPA","460-a,b","M","ASY","7x5.5, NA",9,"partial",66.3,50.7,2.8,4.2,11,7.4,NA,NA,"blue",14.1,17.2,2,2,2,2,NA,"not original tag","auto-align","VA.Giles","South",37.37291,-80.57508,19.23
"606623","dorsal","m","2",0.0565277321374753,0.0173169817986861,0.0507945382390568,0.0146828860628925,0.0580101601212227,0.0195162427107,0.0733404965855101,0.0221796286270099,0.0877962961419939,0.0203515752056185,0.0565277321374753,0.0173169817986861,32580,24.454869581535,2492,"Setophaga caerulescens","13-Jun-89",13,"Jun",89,"Stoney Creek, 12mi NE Pembroke, Jefferson Nat'l Forest; 850m","Giles","VA","GRG","JPA","460-a,b","M","ASY","7x5.5, NA",9,"partial",66.3,50.7,2.8,4.2,11,7.4,NA,NA,"blue",14.1,17.2,2,2,2,2,NA,"not original tag","auto-align","VA.Giles","South",37.37291,-80.57508,19.23
"606623","ventral","t","1",0.0426175894933382,0.00751654913915485,0.037007717879111,0.00846530486785158,0.0441385458277894,0.00853875708477147,0.0592261491836326,0.0101432392458489,0.0619674142300617,0.00918592014495564,0.0426175894933382,0.00751654913915485,140267,105.2857947082,2492,"Setophaga caerulescens","13-Jun-89",13,"Jun",89,"Stoney Creek, 12mi NE Pembroke, Jefferson Nat'l Forest; 850m","Giles","VA","GRG","JPA","460-a,b","M","ASY","7x5.5, NA",9,"partial",66.3,50.7,2.8,4.2,11,7.4,NA,NA,"blue",14.1,17.2,2,2,2,2,NA,"not original tag","auto-align","VA.Giles","South",37.37291,-80.57508,19.23
"606623","crown","c","1",0.0855994393445128,0.0323994905920319,0.0701900428578041,0.0327155901787223,0.089191655303356,0.0342560152290588,0.106847293799394,0.0335573264619185,0.172798029540437,0.0626037255442542,0.0855994393445128,0.0323994905920319,69423,52.1095890410959,2492,"Setophaga caerulescens","13-Jun-89",13,"Jun",89,"Stoney Creek, 12mi NE Pembroke, Jefferson Nat'l Forest; 850m","Giles","VA","GRG","JPA","460-a,b","M","ASY","7x5.5, NA",9,"partial",66.3,50.7,2.8,4.2,11,7.4,NA,NA,"blue",14.1,17.2,2,2,2,2,NA,"not original tag","auto-align","VA.Giles","South",37.37291,-80.57508,19.23
"606623","side","o","1",0.0617213547569957,0.00762214184221734,0.0606681705944894,0.00932605788181766,0.063068748431241,0.00838988634181342,0.0704830648653906,0.00925661288176981,0.0844743513629195,0.00698392353667954,0.0617213547569957,0.00762214184221734,4435,3.3289547757553,2492,"Setophaga caerulescens","13-Jun-89",13,"Jun",89,"Stoney Creek, 12mi NE Pembroke, Jefferson Nat'l Forest; 850m","Giles","VA","GRG","JPA","460-a,b","M","ASY","7x5.5, NA",9,"partial",66.3,50.7,2.8,4.2,11,7.4,NA,NA,"blue",14.1,17.2,2,2,2,2,NA,"not original tag","auto-align","VA.Giles","South",37.37291,-80.57508,19.23
"606623","side","w","1",0.416134258937279,0.0967277057246236,0.415487546016564,0.101147041464502,0.419919921954259,0.0977752246097941,0.373070687200777,0.0798291246749425,0.442741262981702,0.0905931302410512,0.416134258937279,0.0967277057246236,31798,23.8678926627885,2492,"Setophaga caerulescens","13-Jun-89",13,"Jun",89,"Stoney Creek, 12mi NE Pembroke, Jefferson Nat'l Forest; 850m","Giles","VA","GRG","JPA","460-a,b","M","ASY","7x5.5, NA",9,"partial",66.3,50.7,2.8,4.2,11,7.4,NA,NA,"blue",14.1,17.2,2,2,2,2,NA,"not original tag","auto-align","VA.Giles","South",37.37291,-80.57508,19.23
"606627","dorsal","m","1",0.0516664966802844,0.0124563333850862,0.0447056013052136,0.00963632689169644,0.0535226309564693,0.0135009050499719,0.069422444998734,0.0175243708477012,0.0860587280134108,0.0172239358497522,0.0516664966802844,0.0124563333850862,34596,25.9680990805029,2496,"Setophaga caerulescens","13-Jun-88",13,"Jun",88,"Stoney Creek, 12mi NE Pembroke, Jefferson Nat'l Forest; 850m","Giles","VA","GRG","JPA","464-a,b","M","ASY","4.5x2.5, NA",9.3,"partial",66.4,54.2,3,3.7,10.7,7,NA,NA,"blue",16.9,15.2,2,2,2,2,NA,"not original tag; testes mushy; washed with ivory soap","Overwing coverts not visible due to back feathers, auto-align","VA.Giles","South",37.37291,-80.57508,NA
"606627","side","o","1",0.0724185445224357,0.026504519672516,0.0718160674721548,0.0304093093860888,0.0737574140857567,0.0274169813435084,0.0797841215672696,0.0194090965467995,0.094421489738645,0.0241731631457728,0.0724185445224357,0.026504519672516,9241,6.93638581347345,2496,"Setophaga caerulescens","13-Jun-88",13,"Jun",88,"Stoney Creek, 12mi NE Pembroke, Jefferson Nat'l Forest; 850m","Giles","VA","GRG","JPA","464-a,b","M","ASY","4.5x2.5, NA",9.3,"partial",66.4,54.2,3,3.7,10.7,7,NA,NA,"blue",16.9,15.2,2,2,2,2,NA,"not original tag; testes mushy; washed with ivory soap","Overwing coverts not visible due to back feathers, auto-align","VA.Giles","South",37.37291,-80.57508,NA
"606627","ventral","t","1",0.0444916402849319,0.00870706600743466,0.0395793815773606,0.00964944256229284,0.0461865072974119,0.00944197113304135,0.0593616674423156,0.00994848394046015,0.061910900663754,0.00996693144825194,0.0444916402849319,0.00870706600743466,135624,101.800713079377,2496,"Setophaga caerulescens","13-Jun-88",13,"Jun",88,"Stoney Creek, 12mi NE Pembroke, Jefferson Nat'l Forest; 850m","Giles","VA","GRG","JPA","464-a,b","M","ASY","4.5x2.5, NA",9.3,"partial",66.4,54.2,3,3.7,10.7,7,NA,NA,"blue",16.9,15.2,2,2,2,2,NA,"not original tag; testes mushy; washed with ivory soap","Overwing coverts not visible due to back feathers, auto-align","VA.Giles","South",37.37291,-80.57508,NA
"606627","crown","c","1",0.0931118693324909,0.0336771719954577,0.0736693669861726,0.0315877620667965,0.0965185839903272,0.036862557142524,0.120321733000076,0.0347009469102224,0.215942801350498,0.0564174843632841,0.0931118693324909,0.0336771719954577,62279,46.7472321261025,2496,"Setophaga caerulescens","13-Jun-88",13,"Jun",88,"Stoney Creek, 12mi NE Pembroke, Jefferson Nat'l Forest; 850m","Giles","VA","GRG","JPA","464-a,b","M","ASY","4.5x2.5, NA",9.3,"partial",66.4,54.2,3,3.7,10.7,7,NA,NA,"blue",16.9,15.2,2,2,2,2,NA,"not original tag; testes mushy; washed with ivory soap","Overwing coverts not visible due to back feathers, auto-align","VA.Giles","South",37.37291,-80.57508,NA
"606627","dorsal","m","2",0.0526372453635282,0.0115101154685792,0.0447135352778583,0.00867356697088968,0.0544719225362997,0.0124323126954626,0.0719484873168685,0.0168792765118038,0.0899504193642679,0.0191826851294843,0.0526372453635282,0.0115101154685792,33123,24.8624507412272,2496,"Setophaga caerulescens","13-Jun-88",13,"Jun",88,"Stoney Creek, 12mi NE Pembroke, Jefferson Nat'l Forest; 850m","Giles","VA","GRG","JPA","464-a,b","M","ASY","4.5x2.5, NA",9.3,"partial",66.4,54.2,3,3.7,10.7,7,NA,NA,"blue",16.9,15.2,2,2,2,2,NA,"not original tag; testes mushy; washed with ivory soap","Overwing coverts not visible due to back feathers, auto-align","VA.Giles","South",37.37291,-80.57508,NA
"606627","side","w","1",0.422660951520045,0.136227242990628,0.431740458378025,0.142873369170787,0.427801099162605,0.139175032797048,0.361763255328255,0.103742966619484,0.409192254492749,0.11579215795626,0.422660951520045,0.136227242990628,77103,57.8742728466879,2496,"Setophaga caerulescens","13-Jun-88",13,"Jun",88,"Stoney Creek, 12mi NE Pembroke, Jefferson Nat'l Forest; 850m","Giles","VA","GRG","JPA","464-a,b","M","ASY","4.5x2.5, NA",9.3,"partial",66.4,54.2,3,3.7,10.7,7,NA,NA,"blue",16.9,15.2,2,2,2,2,NA,"not original tag; testes mushy; washed with ivory soap","Overwing coverts not visible due to back feathers, auto-align","VA.Giles","South",37.37291,-80.57508,NA
"606627","dorsal","m","3",0.0463872925613663,0.00933899403968561,0.0402734721113397,0.00740418990876206,0.0480893832065033,0.0101855384186503,0.0635259915428172,0.0138703724807302,0.0775509306486841,0.0142503535043551,0.0463872925613663,0.00933899403968561,33672,25.2745355601426,2496,"Setophaga caerulescens","13-Jun-88",13,"Jun",88,"Stoney Creek, 12mi NE Pembroke, Jefferson Nat'l Forest; 850m","Giles","VA","GRG","JPA","464-a,b","M","ASY","4.5x2.5, NA",9.3,"partial",66.4,54.2,3,3.7,10.7,7,NA,NA,"blue",16.9,15.2,2,2,2,2,NA,"not original tag; testes mushy; washed with ivory soap","Overwing coverts not visible due to back feathers, auto-align","VA.Giles","South",37.37291,-80.57508,NA
"606633","side","w","1",0.436974814388899,0.131776757526022,0.446161091840815,0.138172215562554,0.440195728125178,0.134735073578864,0.378112571726606,0.101482404935779,0.420032822384878,0.0890208102155154,0.436974814388899,0.131776757526022,62597,46.9859260649278,2503,"Setophaga caerulescens","11-Jun-88",11,"Jun",88,"Jefferson Nat'l Forest, 4.5mi ENE Norton, Little Stoney Creek; 920m","Wise","VA","GRG","JPA","T-471-a,b","M","ASY",NA,NA,"partial",67.8,53.8,2.9,4.3,10.8,6.8,NA,NA,"blue",17.7,18.3,2,2,2,2,NA,"testes damaged by shot; not original label","","VA.Wise","South",36.879225,-82.542415,19.16
"606633","side","o","1",0.0683881374452038,0.0202233005521113,0.0671007035828773,0.0232566612756267,0.0696575239424162,0.0207271033158805,0.077453574174786,0.0152881393718025,0.0869334062001649,0.0121857821799791,0.0683881374452038,0.0202233005521113,4256,3.19459560893226,2503,"Setophaga caerulescens","11-Jun-88",11,"Jun",88,"Jefferson Nat'l Forest, 4.5mi ENE Norton, Little Stoney Creek; 920m","Wise","VA","GRG","JPA","T-471-a,b","M","ASY",NA,NA,"partial",67.8,53.8,2.9,4.3,10.8,6.8,NA,NA,"blue",17.7,18.3,2,2,2,2,NA,"testes damaged by shot; not original label","","VA.Wise","South",36.879225,-82.542415,19.16
"606633","crown","c","1",0.0653620897144433,0.0249847309367103,0.0537355411826721,0.0225996589884374,0.068487841431616,0.0266547200124467,0.0832985802298457,0.028603883165162,0.132950862479371,0.0390817640478351,0.0653620897144433,0.0249847309367103,96425,72.3775567648715,2503,"Setophaga caerulescens","11-Jun-88",11,"Jun",88,"Jefferson Nat'l Forest, 4.5mi ENE Norton, Little Stoney Creek; 920m","Wise","VA","GRG","JPA","T-471-a,b","M","ASY",NA,NA,"partial",67.8,53.8,2.9,4.3,10.8,6.8,NA,NA,"blue",17.7,18.3,2,2,2,2,NA,"testes damaged by shot; not original label","","VA.Wise","South",36.879225,-82.542415,19.16
"606633","dorsal","m","1",0.0431146114733299,0.0107985395799089,0.038665465065306,0.00959186106853347,0.0443647457932414,0.0119731496995967,0.059285220900957,0.0142982511794258,0.0660679059733578,0.0149678952781424,0.0431146114733299,0.0107985395799089,32942,24.7265903546632,2503,"Setophaga caerulescens","11-Jun-88",11,"Jun",88,"Jefferson Nat'l Forest, 4.5mi ENE Norton, Little Stoney Creek; 920m","Wise","VA","GRG","JPA","T-471-a,b","M","ASY",NA,NA,"partial",67.8,53.8,2.9,4.3,10.8,6.8,NA,NA,"blue",17.7,18.3,2,2,2,2,NA,"testes damaged by shot; not original label","","VA.Wise","South",36.879225,-82.542415,19.16
"606633","ventral","t","1",0.0436772297182391,0.00980906084128804,0.0394748121156943,0.0118189309915672,0.0453749850955524,0.0105312563102992,0.0571844302030092,0.00957809376483734,0.0606755087234303,0.00944258224659756,0.0436772297182391,0.00980906084128804,158341,118.852317507975,2503,"Setophaga caerulescens","11-Jun-88",11,"Jun",88,"Jefferson Nat'l Forest, 4.5mi ENE Norton, Little Stoney Creek; 920m","Wise","VA","GRG","JPA","T-471-a,b","M","ASY",NA,NA,"partial",67.8,53.8,2.9,4.3,10.8,6.8,NA,NA,"blue",17.7,18.3,2,2,2,2,NA,"testes damaged by shot; not original label","","VA.Wise","South",36.879225,-82.542415,19.16
"606633","dorsal","m","2",0.0567825466542997,0.0139298005020233,0.0517465528910247,0.0124351598554122,0.0583004177161777,0.0152446770863373,0.0722929764350778,0.0172800645456234,0.0904146834433712,0.0186158507480872,0.0567825466542997,0.0139298005020233,32942,24.7265903546632,2503,"Setophaga caerulescens","11-Jun-88",11,"Jun",88,"Jefferson Nat'l Forest, 4.5mi ENE Norton, Little Stoney Creek; 920m","Wise","VA","GRG","JPA","T-471-a,b","M","ASY",NA,NA,"partial",67.8,53.8,2.9,4.3,10.8,6.8,NA,NA,"blue",17.7,18.3,2,2,2,2,NA,"testes damaged by shot; not original label","","VA.Wise","South",36.879225,-82.542415,19.16
"606633","dorsal","m","3",0.0562185330528265,0.0133412508678133,0.0512539936652338,0.0120509497351502,0.0576647231514112,0.0145822732836781,0.0718987442640823,0.0174130590476711,0.089477790444516,0.0172166660443206,0.0562185330528265,0.0133412508678133,32580,24.454869581535,2503,"Setophaga caerulescens","11-Jun-88",11,"Jun",88,"Jefferson Nat'l Forest, 4.5mi ENE Norton, Little Stoney Creek; 920m","Wise","VA","GRG","JPA","T-471-a,b","M","ASY",NA,NA,"partial",67.8,53.8,2.9,4.3,10.8,6.8,NA,NA,"blue",17.7,18.3,2,2,2,2,NA,"testes damaged by shot; not original label","","VA.Wise","South",36.879225,-82.542415,19.16
"606634","side","o","1",0.0707210743939984,0.020107683029293,0.0689746075975515,0.0202302490248513,0.0718966109344314,0.0216345310791448,0.0812161060196522,0.0205391966600832,0.0994436308389278,0.0201167674163072,0.0707210743939984,0.020107683029293,7180,5.38937887033214,2504,"Setophaga caerulescens","11-Jun-88",11,"Jun",88,"Jefferson Nat'l Forest, 4.5mi ENE Norton, Little Stoney Creek; 920m","Wise","VA","GRG","JPA","T-472-a,b","M","ASY",NA,NA,"partial",64.8,54.2,3,3.7,10.9,6.4,17.7,NA,"blue",15.9,13.9,2,2,2,2,NA,"","","VA.Wise","South",36.879225,-82.542415,18.82
"606634","dorsal","m","2",0.057410697988916,0.012924340922831,0.0515094346314836,0.0110443161835555,0.0589234375940121,0.0143607321048791,0.0746015031664893,0.0175228358513277,0.0857862473692819,0.0142428616691422,0.057410697988916,0.012924340922831,33856,25.4126477763183,2504,"Setophaga caerulescens","11-Jun-88",11,"Jun",88,"Jefferson Nat'l Forest, 4.5mi ENE Norton, Little Stoney Creek; 920m","Wise","VA","GRG","JPA","T-472-a,b","M","ASY",NA,NA,"partial",64.8,54.2,3,3.7,10.9,6.4,17.7,NA,"blue",15.9,13.9,2,2,2,2,NA,"","","VA.Wise","South",36.879225,-82.542415,18.82
"606634","side","w","1",0.43996624295737,0.108288709209621,0.44708175161254,0.112723166259266,0.444273184953083,0.111759707568488,0.378908108725455,0.0884640016995878,0.440771938018001,0.0920737208724931,0.43996624295737,0.108288709209621,72356,54.3111277913305,2504,"Setophaga caerulescens","11-Jun-88",11,"Jun",88,"Jefferson Nat'l Forest, 4.5mi ENE Norton, Little Stoney Creek; 920m","Wise","VA","GRG","JPA","T-472-a,b","M","ASY",NA,NA,"partial",64.8,54.2,3,3.7,10.9,6.4,17.7,NA,"blue",15.9,13.9,2,2,2,2,NA,"","","VA.Wise","South",36.879225,-82.542415,18.82
"606634","crown","c","1",0.0624091693800497,0.0267660726817248,0.0522777963265918,0.0269561160602853,0.0660069529604899,0.0279253775889814,0.0769865238056477,0.0279968022268897,0.120003550469826,0.0329915805062996,0.0624091693800497,0.0267660726817248,91023,68.3227622443235,2504,"Setophaga caerulescens","11-Jun-88",11,"Jun",88,"Jefferson Nat'l Forest, 4.5mi ENE Norton, Little Stoney Creek; 920m","Wise","VA","GRG","JPA","T-472-a,b","M","ASY",NA,NA,"partial",64.8,54.2,3,3.7,10.9,6.4,17.7,NA,"blue",15.9,13.9,2,2,2,2,NA,"","","VA.Wise","South",36.879225,-82.542415,18.82
"606634","dorsal","m","3",0.0631498144490319,0.0144766198733464,0.0562985475152415,0.0117098413036104,0.0646889521933163,0.0161450274060939,0.0814338004048596,0.0198696260920119,0.0948363762522915,0.0138151045901736,0.0631498144490319,0.0144766198733464,34040,25.5507599924939,2504,"Setophaga caerulescens","11-Jun-88",11,"Jun",88,"Jefferson Nat'l Forest, 4.5mi ENE Norton, Little Stoney Creek; 920m","Wise","VA","GRG","JPA","T-472-a,b","M","ASY",NA,NA,"partial",64.8,54.2,3,3.7,10.9,6.4,17.7,NA,"blue",15.9,13.9,2,2,2,2,NA,"","","VA.Wise","South",36.879225,-82.542415,18.82
"606634","ventral","t","1",0.0425130150454896,0.00811453405188498,0.0377890723090796,0.00907773839299664,0.0439627612408618,0.00929948229896979,0.0581978388307981,0.0103678307142199,0.0636057302294643,0.0105969397672023,0.0425130150454896,0.00811453405188498,125555,94.2428222931132,2504,"Setophaga caerulescens","11-Jun-88",11,"Jun",88,"Jefferson Nat'l Forest, 4.5mi ENE Norton, Little Stoney Creek; 920m","Wise","VA","GRG","JPA","T-472-a,b","M","ASY",NA,NA,"partial",64.8,54.2,3,3.7,10.9,6.4,17.7,NA,"blue",15.9,13.9,2,2,2,2,NA,"","","VA.Wise","South",36.879225,-82.542415,18.82
"606634","dorsal","m","1",0.056033913462521,0.014282321950679,0.0495551795038425,0.0116706218213039,0.0573911271399141,0.0157261848439772,0.0747864978926693,0.0197257401406593,0.0861101657491474,0.0177625777990684,0.056033913462521,0.014282321950679,33489,25.1371739538375,2504,"Setophaga caerulescens","11-Jun-88",11,"Jun",88,"Jefferson Nat'l Forest, 4.5mi ENE Norton, Little Stoney Creek; 920m","Wise","VA","GRG","JPA","T-472-a,b","M","ASY",NA,NA,"partial",64.8,54.2,3,3.7,10.9,6.4,17.7,NA,"blue",15.9,13.9,2,2,2,2,NA,"","","VA.Wise","South",36.879225,-82.542415,18.82
"606637","side","w","1",0.375463616779611,0.110648161195691,0.375072756862266,0.113457002345249,0.376497340880492,0.112535051700385,0.340201232003194,0.0931636320859054,0.453082885309729,0.120852473037263,0.375463616779611,0.110648161195691,17220,12.9255019703509,2507,"Setophaga caerulescens","12-Jun-88",12,"Jun",88,"Jefferson Nat'l Forest, 7mi NNE Pembroke, Stony Creek; 750m","Giles","VA","GRG","JPA","475-a,b","M","SY","NA, 5x5",9,"partial",61.4,52.8,2.9,3.9,11,7.4,NA,NA,"green",8.4,8,2,2,2,2,NA,"not original tag","auto-align","VA.Giles","South",37.37291,-80.57508,19.03
"606637","ventral","t","1",0.0498108531426573,0.00982768488276658,0.0451762088525438,0.01061100800481,0.051536975244155,0.0109828875131958,0.0638998167131406,0.0115967447917224,0.0701375694217742,0.0115246634858543,0.0498108531426573,0.00982768488276658,135929,102.029649089886,2507,"Setophaga caerulescens","12-Jun-88",12,"Jun",88,"Jefferson Nat'l Forest, 7mi NNE Pembroke, Stony Creek; 750m","Giles","VA","GRG","JPA","475-a,b","M","SY","NA, 5x5",9,"partial",61.4,52.8,2.9,3.9,11,7.4,NA,NA,"green",8.4,8,2,2,2,2,NA,"not original tag","auto-align","VA.Giles","South",37.37291,-80.57508,19.03
"606637","dorsal","m","1",0.0769633017329996,0.0100089656972018,0.0673709198269082,0.00876233828700077,0.0796225840060665,0.0116441856829967,0.0948904009633547,0.0169363380494786,0.117771773931428,0.014988472611039,0.0769633017329996,0.0100089656972018,34225,25.6896228185401,2507,"Setophaga caerulescens","12-Jun-88",12,"Jun",88,"Jefferson Nat'l Forest, 7mi NNE Pembroke, Stony Creek; 750m","Giles","VA","GRG","JPA","475-a,b","M","SY","NA, 5x5",9,"partial",61.4,52.8,2.9,3.9,11,7.4,NA,NA,"green",8.4,8,2,2,2,2,NA,"not original tag","auto-align","VA.Giles","South",37.37291,-80.57508,19.03
"606637","dorsal","m","2",0.0822790801156663,0.0108784379610784,0.0724791110213251,0.00983921425907169,0.0851733372872212,0.0125191846397121,0.0996087910197573,0.017563584535203,0.122907294857654,0.0133281216903732,0.0822790801156663,0.0108784379610784,33672,25.2745355601426,2507,"Setophaga caerulescens","12-Jun-88",12,"Jun",88,"Jefferson Nat'l Forest, 7mi NNE Pembroke, Stony Creek; 750m","Giles","VA","GRG","JPA","475-a,b","M","SY","NA, 5x5",9,"partial",61.4,52.8,2.9,3.9,11,7.4,NA,NA,"green",8.4,8,2,2,2,2,NA,"not original tag","auto-align","VA.Giles","South",37.37291,-80.57508,19.03
"606637","dorsal","m","3",0.0746168474644255,0.0114148241799461,0.0651803774735199,0.00948890472249917,0.0773631680029854,0.0129779029250569,0.0925549431448577,0.018643726518769,0.107782662456522,0.0151504603574415,0.0746168474644255,0.0114148241799461,33672,25.2745355601426,2507,"Setophaga caerulescens","12-Jun-88",12,"Jun",88,"Jefferson Nat'l Forest, 7mi NNE Pembroke, Stony Creek; 750m","Giles","VA","GRG","JPA","475-a,b","M","SY","NA, 5x5",9,"partial",61.4,52.8,2.9,3.9,11,7.4,NA,NA,"green",8.4,8,2,2,2,2,NA,"not original tag","auto-align","VA.Giles","South",37.37291,-80.57508,19.03
"606637","side","o","1",0.0880547351081433,0.0182260354150191,0.0910719249096448,0.0217353506741656,0.0897887595956872,0.0202943742400873,0.0872097001191801,0.0162568684678264,0.10705251168029,0.0150313924076498,0.0880547351081433,0.0182260354150191,5099,3.82735972978045,2507,"Setophaga caerulescens","12-Jun-88",12,"Jun",88,"Jefferson Nat'l Forest, 7mi NNE Pembroke, Stony Creek; 750m","Giles","VA","GRG","JPA","475-a,b","M","SY","NA, 5x5",9,"partial",61.4,52.8,2.9,3.9,11,7.4,NA,NA,"green",8.4,8,2,2,2,2,NA,"not original tag","auto-align","VA.Giles","South",37.37291,-80.57508,19.03
"606637","crown","c","1",0.0725239861710366,0.0224467378697642,0.058281109181319,0.0228316853480291,0.0766303963649627,0.0239752511140083,0.0914774501843465,0.0260090848960853,0.153588592345933,0.0544476835400095,0.0725239861710366,0.0224467378697642,54404,40.8361793957591,2507,"Setophaga caerulescens","12-Jun-88",12,"Jun",88,"Jefferson Nat'l Forest, 7mi NNE Pembroke, Stony Creek; 750m","Giles","VA","GRG","JPA","475-a,b","M","SY","NA, 5x5",9,"partial",61.4,52.8,2.9,3.9,11,7.4,NA,NA,"green",8.4,8,2,2,2,2,NA,"not original tag","auto-align","VA.Giles","South",37.37291,-80.57508,19.03
"606639","ventral","t","1",0.0481942616184235,0.008570412295387,0.0440795587644098,0.0105748457959661,0.049655237528469,0.00978177968302429,0.0621118602660722,0.0112169896071913,0.0630533063945524,0.00777506565301482,0.0481942616184235,0.008570412295387,108202,81.2174892099831,2509,"Setophaga caerulescens","12-Jun-88",12,"Jun",88,"Jefferson Nat'l Forest, 4mi SE Norton, Bark Camp Branch; 920m","Wise","VA","GRG","U","T-477-a,b","M","SY","8x4",9,"partial",62,50.4,3.2,3.4,10.5,6.6,NA,NA,"green",13.3,11.9,2,2,2,2,NA,"not original label","","VA.Wise","South",36.879,-82.574,19.17
"606639","dorsal","m","3",0.0734112552828831,0.0191942189606135,0.0653491135959709,0.0168196583203014,0.074910719586588,0.0224157548206235,0.0926768912849155,0.0247426430960088,0.111902564393767,0.0153829268589385,0.0734112552828831,0.0191942189606135,32942,24.7265903546632,2509,"Setophaga caerulescens","12-Jun-88",12,"Jun",88,"Jefferson Nat'l Forest, 4mi SE Norton, Bark Camp Branch; 920m","Wise","VA","GRG","U","T-477-a,b","M","SY","8x4",9,"partial",62,50.4,3.2,3.4,10.5,6.6,NA,NA,"green",13.3,11.9,2,2,2,2,NA,"not original label","","VA.Wise","South",36.879,-82.574,19.17
"606639","dorsal","m","1",0.0704982743171617,0.0177558939602396,0.0636901034783531,0.0155759144164252,0.0720157290738605,0.0206773375982666,0.0879194767217844,0.0237827674744142,0.10695564168031,0.0164999991339149,0.0704982743171617,0.0177558939602396,34040,25.5507599924939,2509,"Setophaga caerulescens","12-Jun-88",12,"Jun",88,"Jefferson Nat'l Forest, 4mi SE Norton, Bark Camp Branch; 920m","Wise","VA","GRG","U","T-477-a,b","M","SY","8x4",9,"partial",62,50.4,3.2,3.4,10.5,6.6,NA,NA,"green",13.3,11.9,2,2,2,2,NA,"not original label","","VA.Wise","South",36.879,-82.574,19.17
"606639","side","w","1",0.378776908359736,0.0971943757868057,0.388354073693219,0.101912011519616,0.381875540861734,0.09869734168551,0.331202467893083,0.0807361781914738,0.348276019039231,0.070094538612073,0.378776908359736,0.0971943757868057,36837,27.6502158003378,2509,"Setophaga caerulescens","12-Jun-88",12,"Jun",88,"Jefferson Nat'l Forest, 4mi SE Norton, Bark Camp Branch; 920m","Wise","VA","GRG","U","T-477-a,b","M","SY","8x4",9,"partial",62,50.4,3.2,3.4,10.5,6.6,NA,NA,"green",13.3,11.9,2,2,2,2,NA,"not original label","","VA.Wise","South",36.879,-82.574,19.17
"606639","dorsal","m","2",0.0713999516445744,0.0174651718171694,0.0635006552586417,0.0149176998746614,0.0727372913858458,0.0206618234582175,0.0910152606551116,0.0237665818479723,0.108934010677835,0.0133627678218347,0.0713999516445744,0.0174651718171694,33487,25.1356727340965,2509,"Setophaga caerulescens","12-Jun-88",12,"Jun",88,"Jefferson Nat'l Forest, 4mi SE Norton, Bark Camp Branch; 920m","Wise","VA","GRG","U","T-477-a,b","M","SY","8x4",9,"partial",62,50.4,3.2,3.4,10.5,6.6,NA,NA,"green",13.3,11.9,2,2,2,2,NA,"not original label","","VA.Wise","South",36.879,-82.574,19.17
"606639","crown","c","1",0.067978385248652,0.0236459159224768,0.0539579997038297,0.0187540075758153,0.07121856328105,0.0248549419618468,0.0890123046035335,0.0328978349324088,0.14781465195024,0.0484155957975425,0.067978385248652,0.0236459159224768,117176,87.9534621880278,2509,"Setophaga caerulescens","12-Jun-88",12,"Jun",88,"Jefferson Nat'l Forest, 4mi SE Norton, Bark Camp Branch; 920m","Wise","VA","GRG","U","T-477-a,b","M","SY","8x4",9,"partial",62,50.4,3.2,3.4,10.5,6.6,NA,NA,"green",13.3,11.9,2,2,2,2,NA,"not original label","","VA.Wise","South",36.879,-82.574,19.17
"606639","side","o","1",0.130455709648119,0.0419320404392578,0.142486999257299,0.0475725681812712,0.131478947056703,0.0428352902064272,0.113210727636934,0.0295408733452052,0.116253567075489,0.0198402104002793,0.130455709648119,0.0419320404392578,2541,1.9072996809908,2509,"Setophaga caerulescens","12-Jun-88",12,"Jun",88,"Jefferson Nat'l Forest, 4mi SE Norton, Bark Camp Branch; 920m","Wise","VA","GRG","U","T-477-a,b","M","SY","8x4",9,"partial",62,50.4,3.2,3.4,10.5,6.6,NA,NA,"green",13.3,11.9,2,2,2,2,NA,"not original label","","VA.Wise","South",36.879,-82.574,19.17
"606641","crown","c","1",0.074852989875154,0.0250255564879495,0.0603208273018548,0.0228946900257089,0.0778591229765625,0.0255065046039467,0.0971882383032634,0.0303882085067136,0.155349642390899,0.0467808838086693,0.074852989875154,0.0250255564879495,93079,69.8660161381122,2511,"Setophaga caerulescens","12-Jun-88",12,"Jun",88,"Jefferson Nat'l Forest, 4mi SE Norton, Bark Camp Branch; 920m","Wise","VA","GRG","U","T-479-a,b","M","SY","8x7, NA",9.5,"partial",60.8,52.5,NA,NA,NA,NA,NA,NA,"green",10.3,12.6,2,2,2,2,NA,"not original label; upper bill is broken","","VA.Wise","South",36.879,-82.574,18.85
"606641","dorsal","m","1",0.0667750983886538,0.011086816615867,0.0623942562211193,0.0105503405765272,0.0680783409620988,0.0124380056402702,0.0813403188839944,0.0157951519822123,0.0956904125651093,0.0146919842728756,0.0667750983886538,0.011086816615867,32041,24.0502908613248,2511,"Setophaga caerulescens","12-Jun-88",12,"Jun",88,"Jefferson Nat'l Forest, 4mi SE Norton, Bark Camp Branch; 920m","Wise","VA","GRG","U","T-479-a,b","M","SY","8x7, NA",9.5,"partial",60.8,52.5,NA,NA,NA,NA,NA,NA,"green",10.3,12.6,2,2,2,2,NA,"not original label; upper bill is broken","","VA.Wise","South",36.879,-82.574,18.85
"606641","dorsal","m","2",0.0770818439229759,0.0110224271443357,0.0735996189132854,0.010598940911625,0.078365010846284,0.0125820975758709,0.0893574768486899,0.0161235993338135,0.106646994305482,0.0122257447867435,0.0770818439229759,0.0110224271443357,33306,24.9998123475324,2511,"Setophaga caerulescens","12-Jun-88",12,"Jun",88,"Jefferson Nat'l Forest, 4mi SE Norton, Bark Camp Branch; 920m","Wise","VA","GRG","U","T-479-a,b","M","SY","8x7, NA",9.5,"partial",60.8,52.5,NA,NA,NA,NA,NA,NA,"green",10.3,12.6,2,2,2,2,NA,"not original label; upper bill is broken","","VA.Wise","South",36.879,-82.574,18.85
"606641","side","w","1",0.287654806052631,0.0980112213533415,0.291013009239843,0.0965778349077222,0.288302360531426,0.0990277666426839,0.266131489084383,0.0893485296020977,0.322818033377051,0.0862850954301634,0.287654806052631,0.0980112213533415,28364,21.2902983674235,2511,"Setophaga caerulescens","12-Jun-88",12,"Jun",88,"Jefferson Nat'l Forest, 4mi SE Norton, Bark Camp Branch; 920m","Wise","VA","GRG","U","T-479-a,b","M","SY","8x7, NA",9.5,"partial",60.8,52.5,NA,NA,NA,NA,NA,NA,"green",10.3,12.6,2,2,2,2,NA,"not original label; upper bill is broken","","VA.Wise","South",36.879,-82.574,18.85
"606641","side","o","1",0.10987064873438,0.0355602262030927,0.120320936006856,0.0394971195223134,0.110154436359575,0.0362560083723742,0.099371257978112,0.0264492021260557,0.110464709567651,0.0217446076865018,0.10987064873438,0.0355602262030927,3778,2.83580409082379,2511,"Setophaga caerulescens","12-Jun-88",12,"Jun",88,"Jefferson Nat'l Forest, 4mi SE Norton, Bark Camp Branch; 920m","Wise","VA","GRG","U","T-479-a,b","M","SY","8x7, NA",9.5,"partial",60.8,52.5,NA,NA,NA,NA,NA,NA,"green",10.3,12.6,2,2,2,2,NA,"not original label; upper bill is broken","","VA.Wise","South",36.879,-82.574,18.85
"606641","ventral","t","1",0.0557554811939654,0.0121038912374582,0.0521174965306107,0.0136211065879278,0.0573402045014142,0.012850941481325,0.067841618866896,0.0125115560318844,0.071175938171305,0.0106325699812527,0.0557554811939654,0.0121038912374582,72759,54.6136235691499,2511,"Setophaga caerulescens","12-Jun-88",12,"Jun",88,"Jefferson Nat'l Forest, 4mi SE Norton, Bark Camp Branch; 920m","Wise","VA","GRG","U","T-479-a,b","M","SY","8x7, NA",9.5,"partial",60.8,52.5,NA,NA,NA,NA,NA,NA,"green",10.3,12.6,2,2,2,2,NA,"not original label; upper bill is broken","","VA.Wise","South",36.879,-82.574,18.85
"606641","dorsal","m","3",0.073081039350393,0.01141150650935,0.070513034338943,0.0110153875909886,0.0743829269099425,0.0127971183984164,0.0840431455786383,0.0156661656144822,0.0996852846995604,0.0141547028648637,0.073081039350393,0.01141150650935,32942,24.7265903546632,2511,"Setophaga caerulescens","12-Jun-88",12,"Jun",88,"Jefferson Nat'l Forest, 4mi SE Norton, Bark Camp Branch; 920m","Wise","VA","GRG","U","T-479-a,b","M","SY","8x7, NA",9.5,"partial",60.8,52.5,NA,NA,NA,NA,NA,NA,"green",10.3,12.6,2,2,2,2,NA,"not original label; upper bill is broken","","VA.Wise","South",36.879,-82.574,18.85
"606642","side","w","1",0.427715648082387,0.147370678579317,0.430346595138069,0.151453410209738,0.430487940176318,0.148936266320327,0.37705220691201,0.117392430463596,0.471621374198687,0.122972780406092,0.427715648082387,0.147370678579317,38776,29.1056483392757,2512,"Setophaga caerulescens","12-Jun-88",12,"Jun",88,"Jefferson Nat'l Forest, 4.5mi SE Norton, Bark Camp Branch; 920m","Wise","VA","GRG","JPA","T-480-a,b","M","ASY","8x6",9,"partial",63.4,53,3,4.1,10.8,6.8,NA,NA,"blue",13.6,14.9,2,2,2,2,NA,"Not original label","","VA.Wise","South",36.87043,-82.525983,18.99
"606642","ventral","t","1",0.0386789702824971,0.00926091523292421,0.0341994593541672,0.0110559899578685,0.0404198291525883,0.0102016350582519,0.0533493467726566,0.0109589358938301,0.0578658628819425,0.00849629787984615,0.0386789702824971,0.00926091523292421,104401,78.3644210921374,2512,"Setophaga caerulescens","12-Jun-88",12,"Jun",88,"Jefferson Nat'l Forest, 4.5mi SE Norton, Bark Camp Branch; 920m","Wise","VA","GRG","JPA","T-480-a,b","M","ASY","8x6",9,"partial",63.4,53,3,4.1,10.8,6.8,NA,NA,"blue",13.6,14.9,2,2,2,2,NA,"Not original label","","VA.Wise","South",36.87043,-82.525983,18.99
"606642","dorsal","m","1",0.0559470579590689,0.012324923705076,0.0486408365432434,0.0101299075947159,0.0576288044597272,0.0134808647891809,0.074940296768824,0.0176835468014771,0.0921141295878287,0.0169896305398452,0.0559470579590689,0.012324923705076,31684,23.7823231375493,2512,"Setophaga caerulescens","12-Jun-88",12,"Jun",88,"Jefferson Nat'l Forest, 4.5mi SE Norton, Bark Camp Branch; 920m","Wise","VA","GRG","JPA","T-480-a,b","M","ASY","8x6",9,"partial",63.4,53,3,4.1,10.8,6.8,NA,NA,"blue",13.6,14.9,2,2,2,2,NA,"Not original label","","VA.Wise","South",36.87043,-82.525983,18.99
"606642","side","o","1",0.0618617367914657,0.011837449870055,0.0600176198735155,0.01413239512219,0.0630618450612271,0.0124059820746654,0.0729422510942045,0.0106133315757639,0.0878829201064404,0.0105396780878893,0.0618617367914657,0.011837449870055,4922,3.69450178269844,2512,"Setophaga caerulescens","12-Jun-88",12,"Jun",88,"Jefferson Nat'l Forest, 4.5mi SE Norton, Bark Camp Branch; 920m","Wise","VA","GRG","JPA","T-480-a,b","M","ASY","8x6",9,"partial",63.4,53,3,4.1,10.8,6.8,NA,NA,"blue",13.6,14.9,2,2,2,2,NA,"Not original label","","VA.Wise","South",36.87043,-82.525983,18.99
"606642","dorsal","m","3",0.0616836385187301,0.0137844096438856,0.0537285885867419,0.0109609908333374,0.0634537413794061,0.0151949331706273,0.0810539454547147,0.0193155990066549,0.100623855367311,0.0168510181346381,0.0616836385187301,0.0137844096438856,32400,24.3197598048414,2512,"Setophaga caerulescens","12-Jun-88",12,"Jun",88,"Jefferson Nat'l Forest, 4.5mi SE Norton, Bark Camp Branch; 920m","Wise","VA","GRG","JPA","T-480-a,b","M","ASY","8x6",9,"partial",63.4,53,3,4.1,10.8,6.8,NA,NA,"blue",13.6,14.9,2,2,2,2,NA,"Not original label","","VA.Wise","South",36.87043,-82.525983,18.99
"606642","crown","c","1",0.0648102796330007,0.023257153895344,0.0547354998692406,0.0214526396617453,0.0686833669723628,0.0252795797032401,0.0781378902450934,0.0249682759883292,0.117735034681333,0.035728386219416,0.0648102796330007,0.023257153895344,86850,65.1904672546444,2512,"Setophaga caerulescens","12-Jun-88",12,"Jun",88,"Jefferson Nat'l Forest, 4.5mi SE Norton, Bark Camp Branch; 920m","Wise","VA","GRG","JPA","T-480-a,b","M","ASY","8x6",9,"partial",63.4,53,3,4.1,10.8,6.8,NA,NA,"blue",13.6,14.9,2,2,2,2,NA,"Not original label","","VA.Wise","South",36.87043,-82.525983,18.99
"606642","dorsal","m","2",0.0607103472001417,0.0127023249383485,0.0529413123057896,0.0101349012990157,0.0624917398605919,0.0140935016057639,0.0798835825773818,0.0184822984545666,0.0967988672913961,0.0143951772178553,0.0607103472001417,0.0127023249383485,33856,25.4126477763183,2512,"Setophaga caerulescens","12-Jun-88",12,"Jun",88,"Jefferson Nat'l Forest, 4.5mi SE Norton, Bark Camp Branch; 920m","Wise","VA","GRG","JPA","T-480-a,b","M","ASY","8x6",9,"partial",63.4,53,3,4.1,10.8,6.8,NA,NA,"blue",13.6,14.9,2,2,2,2,NA,"Not original label","","VA.Wise","South",36.87043,-82.525983,18.99
"606643","crown","c","1",0.0507800251719007,0.0164823341897292,0.0420331658233327,0.0146373721004978,0.0546956254563723,0.0176132420051954,0.0624363593081311,0.021252289285614,0.0928320699282615,0.0302111523655769,0.0507800251719007,0.0164823341897292,117975,88.5531994745731,2513,"Setophaga caerulescens","12-Jun-88",12,"Jun",88,"Jefferson Nat'l Forest, 4.5mi SE Norton, Bark Camp Branch; 920m","Wise","VA","GRG","JPA","T-481-a,b","M","ASY","6x5, 5x4",9.5,"partial",62.6,54.4,3.1,3.9,10.4,7,18.6,NA,"blue",12.5,14,2,2,2,2,NA,"Not original label","","VA.Wise","South",36.87043,-82.525983,19.17
"606643","side","w","1",0.43053135726585,0.138408636192752,0.434046720200078,0.141235738130137,0.434568068678918,0.141107175656647,0.376152890135354,0.114898765257453,0.460801516444678,0.122098269213838,0.43053135726585,0.138408636192752,35050,26.3088759617189,2513,"Setophaga caerulescens","12-Jun-88",12,"Jun",88,"Jefferson Nat'l Forest, 4.5mi SE Norton, Bark Camp Branch; 920m","Wise","VA","GRG","JPA","T-481-a,b","M","ASY","6x5, 5x4",9.5,"partial",62.6,54.4,3.1,3.9,10.4,7,18.6,NA,"blue",12.5,14,2,2,2,2,NA,"Not original label","","VA.Wise","South",36.87043,-82.525983,19.17
"606643","side","o","1",0.0698085980948338,0.0144614114072311,0.0699032390605426,0.0171837659837149,0.0708503085073054,0.0153041415129817,0.0772666486406596,0.0118060953635761,0.0908713753479977,0.00966113696549989,0.0698085980948338,0.0144614114072311,2705,2.03039969975605,2513,"Setophaga caerulescens","12-Jun-88",12,"Jun",88,"Jefferson Nat'l Forest, 4.5mi SE Norton, Bark Camp Branch; 920m","Wise","VA","GRG","JPA","T-481-a,b","M","ASY","6x5, 5x4",9.5,"partial",62.6,54.4,3.1,3.9,10.4,7,18.6,NA,"blue",12.5,14,2,2,2,2,NA,"Not original label","","VA.Wise","South",36.87043,-82.525983,19.17
"606643","dorsal","m","3",0.0661114133025821,0.0156876644198934,0.0591001893896334,0.0130661521837679,0.0677461178397179,0.0181545059749683,0.0839571429599594,0.0231821335570047,0.108178799202498,0.012755913818134,0.0661114133025821,0.0156876644198934,33121,24.8609495214862,2513,"Setophaga caerulescens","12-Jun-88",12,"Jun",88,"Jefferson Nat'l Forest, 4.5mi SE Norton, Bark Camp Branch; 920m","Wise","VA","GRG","JPA","T-481-a,b","M","ASY","6x5, 5x4",9.5,"partial",62.6,54.4,3.1,3.9,10.4,7,18.6,NA,"blue",12.5,14,2,2,2,2,NA,"Not original label","","VA.Wise","South",36.87043,-82.525983,19.17
"606643","ventral","t","1",0.0425068468825033,0.0080197104463505,0.0388428910944527,0.00907434785039624,0.0439918814616644,0.00932966499401239,0.0564295046100245,0.0108586471279156,0.0627840365730741,0.00835844046265386,0.0425068468825033,0.0080197104463505,148101,111.166072433853,2513,"Setophaga caerulescens","12-Jun-88",12,"Jun",88,"Jefferson Nat'l Forest, 4.5mi SE Norton, Bark Camp Branch; 920m","Wise","VA","GRG","JPA","T-481-a,b","M","ASY","6x5, 5x4",9.5,"partial",62.6,54.4,3.1,3.9,10.4,7,18.6,NA,"blue",12.5,14,2,2,2,2,NA,"Not original label","","VA.Wise","South",36.87043,-82.525983,19.17
"606643","dorsal","m","1",0.0660414316947575,0.0162256628041054,0.0581271754360174,0.0124267865452641,0.0677883312478665,0.0188431437277329,0.0850598835238603,0.0237502279833467,0.10761445300257,0.0138884631839135,0.0660414316947575,0.0162256628041054,32580,24.454869581535,2513,"Setophaga caerulescens","12-Jun-88",12,"Jun",88,"Jefferson Nat'l Forest, 4.5mi SE Norton, Bark Camp Branch; 920m","Wise","VA","GRG","JPA","T-481-a,b","M","ASY","6x5, 5x4",9.5,"partial",62.6,54.4,3.1,3.9,10.4,7,18.6,NA,"blue",12.5,14,2,2,2,2,NA,"Not original label","","VA.Wise","South",36.87043,-82.525983,19.17
"606643","dorsal","m","2",0.0655374250435029,0.0157544108398619,0.0575755359705858,0.0123097337295999,0.0670356515104362,0.0181598737444142,0.0855597946525445,0.0232489936775016,0.103062398746277,0.0125476278641053,0.0655374250435029,0.0157544108398619,33306,24.9998123475324,2513,"Setophaga caerulescens","12-Jun-88",12,"Jun",88,"Jefferson Nat'l Forest, 4.5mi SE Norton, Bark Camp Branch; 920m","Wise","VA","GRG","JPA","T-481-a,b","M","ASY","6x5, 5x4",9.5,"partial",62.6,54.4,3.1,3.9,10.4,7,18.6,NA,"blue",12.5,14,2,2,2,2,NA,"Not original label","","VA.Wise","South",36.87043,-82.525983,19.17
"606647","dorsal","m","2",0.0539974296358844,0.00863074237494522,0.0484087896987179,0.00768033007211255,0.0557548641077893,0.00926761706591721,0.0696195447179552,0.0116546865026226,0.0861105066731589,0.0118240014358254,0.0539974296358844,0.00863074237494522,33123,24.8624507412272,2517,"Setophaga caerulescens","13-Jun-88",13,"Jun",88,"Stoney Creek, 10mi NE Pembroke, Jefferson Nat'l Forest; 800m","Giles","VA","GRG","JPA","485-a,b","M","ASY","NA, 5x5",8.5,"partial",64.8,53.4,2.8,4.2,10.9,7.2,NA,NA,"blue",13.6,14.6,2,2,2,2,NA,"not original tag","","VA.Giles","South",37.37291,-80.57508,NA
"606647","side","o","1",0.0643533974215909,0.0248129785572978,0.0637383162369076,0.0279718658350482,0.0656537654601548,0.0252964922531052,0.0721103499742154,0.0184531062289992,0.0825646457222696,0.0126238371663302,0.0643533974215909,0.0248129785572978,12497,9.38037155188591,2517,"Setophaga caerulescens","13-Jun-88",13,"Jun",88,"Stoney Creek, 10mi NE Pembroke, Jefferson Nat'l Forest; 800m","Giles","VA","GRG","JPA","485-a,b","M","ASY","NA, 5x5",8.5,"partial",64.8,53.4,2.8,4.2,10.9,7.2,NA,NA,"blue",13.6,14.6,2,2,2,2,NA,"not original tag","","VA.Giles","South",37.37291,-80.57508,NA
"606647","ventral","t","1",0.0436942963653685,0.00776931875196642,0.0388555099065144,0.00901662458672044,0.0456100031399631,0.00884344488877141,0.0576696069389684,0.00961165780359319,0.0627251286694765,0.00814252988476789,0.0436942963653685,0.00776931875196642,169088,126.919121786451,2517,"Setophaga caerulescens","13-Jun-88",13,"Jun",88,"Stoney Creek, 10mi NE Pembroke, Jefferson Nat'l Forest; 800m","Giles","VA","GRG","JPA","485-a,b","M","ASY","NA, 5x5",8.5,"partial",64.8,53.4,2.8,4.2,10.9,7.2,NA,NA,"blue",13.6,14.6,2,2,2,2,NA,"not original tag","","VA.Giles","South",37.37291,-80.57508,NA
"606647","dorsal","m","3",0.0615898006538735,0.00881587316284111,0.0545010428969245,0.00783441431904287,0.0634741184699008,0.00950487135210867,0.0787974488490818,0.0124378738570871,0.103116565084678,0.0146538120069255,0.0615898006538735,0.00881587316284111,33489,25.1371739538375,2517,"Setophaga caerulescens","13-Jun-88",13,"Jun",88,"Stoney Creek, 10mi NE Pembroke, Jefferson Nat'l Forest; 800m","Giles","VA","GRG","JPA","485-a,b","M","ASY","NA, 5x5",8.5,"partial",64.8,53.4,2.8,4.2,10.9,7.2,NA,NA,"blue",13.6,14.6,2,2,2,2,NA,"not original tag","","VA.Giles","South",37.37291,-80.57508,NA
"606647","side","w","1",0.476437574429929,0.130929761651596,0.491996600800861,0.136779255298553,0.483684512373439,0.134211236918003,0.395582789368056,0.0995561976650234,0.400259150305523,0.0825748551664332,0.476437574429929,0.130929761651596,62809,47.145055357478,2517,"Setophaga caerulescens","13-Jun-88",13,"Jun",88,"Stoney Creek, 10mi NE Pembroke, Jefferson Nat'l Forest; 800m","Giles","VA","GRG","JPA","485-a,b","M","ASY","NA, 5x5",8.5,"partial",64.8,53.4,2.8,4.2,10.9,7.2,NA,NA,"blue",13.6,14.6,2,2,2,2,NA,"not original tag","","VA.Giles","South",37.37291,-80.57508,NA
"606647","dorsal","m","1",0.0635455803599478,0.0103786123696315,0.0556419905795786,0.00849172918463272,0.0654171149223303,0.0110292168008419,0.0822188130430299,0.0148773637204954,0.105017271019496,0.0190755629463047,0.0635455803599478,0.0103786123696315,32761,24.5907299680991,2517,"Setophaga caerulescens","13-Jun-88",13,"Jun",88,"Stoney Creek, 10mi NE Pembroke, Jefferson Nat'l Forest; 800m","Giles","VA","GRG","JPA","485-a,b","M","ASY","NA, 5x5",8.5,"partial",64.8,53.4,2.8,4.2,10.9,7.2,NA,NA,"blue",13.6,14.6,2,2,2,2,NA,"not original tag","","VA.Giles","South",37.37291,-80.57508,NA
"606647","crown","c","1",0.081234501791734,0.0305108361655616,0.0663418209505513,0.0246002011990532,0.0848910494571069,0.0331866218122164,0.102047120931411,0.0393048150737197,0.175460579652963,0.0516018530732304,0.081234501791734,0.0305108361655616,76876,57.7038844060799,2517,"Setophaga caerulescens","13-Jun-88",13,"Jun",88,"Stoney Creek, 10mi NE Pembroke, Jefferson Nat'l Forest; 800m","Giles","VA","GRG","JPA","485-a,b","M","ASY","NA, 5x5",8.5,"partial",64.8,53.4,2.8,4.2,10.9,7.2,NA,NA,"blue",13.6,14.6,2,2,2,2,NA,"not original tag","","VA.Giles","South",37.37291,-80.57508,NA
"606654","dorsal","m","1",0.0457292953757183,0.01411662395286,0.0359837045963113,0.0130688570022489,0.0493443217061225,0.0153281177133712,0.0635071897750176,0.017454524853616,NA,NA,0.0457292953757183,0.01411662395286,32400,24.3197598048414,2524,"Setophaga caerulescens","13-Jun-88",13,"Jun",88,"Stoney Creek, 12mi NE Pembroke, Jefferson Nat'l Forest; 850m","Giles","VA","GRG","JPA","492-a,b","M","ASY","6x5, NA",9,"partial",64.2,54.4,3.1,4.1,10.9,6.7,NA,NA,"blue",11.9,14.4,2,2,2,2,NA,"not original tag","","VA.Giles","South",37.37291,-80.57508,19.6
"606654","side","w","1",0.455591627831526,0.125647104328861,0.455167625144226,0.129048292764979,0.458183506338234,0.126980065754943,0.404469196013517,0.10158697963623,0.51728143544062,0.128739260074757,0.455591627831526,0.125647104328861,35085,26.3351473071871,2524,"Setophaga caerulescens","13-Jun-88",13,"Jun",88,"Stoney Creek, 12mi NE Pembroke, Jefferson Nat'l Forest; 850m","Giles","VA","GRG","JPA","492-a,b","M","ASY","6x5, NA",9,"partial",64.2,54.4,3.1,4.1,10.9,6.7,NA,NA,"blue",11.9,14.4,2,2,2,2,NA,"not original tag","","VA.Giles","South",37.37291,-80.57508,19.6
"606654","side","o","1",0.06561391728949,0.017254270945728,0.063037133730123,0.0199768338418457,0.067267552465103,0.0175375047036258,0.0754357452944191,0.0141230277358039,0.0853042709919371,0.0105353139065295,0.06561391728949,0.017254270945728,2675,2.00788140364046,2524,"Setophaga caerulescens","13-Jun-88",13,"Jun",88,"Stoney Creek, 12mi NE Pembroke, Jefferson Nat'l Forest; 850m","Giles","VA","GRG","JPA","492-a,b","M","ASY","6x5, NA",9,"partial",64.2,54.4,3.1,4.1,10.9,6.7,NA,NA,"blue",11.9,14.4,2,2,2,2,NA,"not original tag","","VA.Giles","South",37.37291,-80.57508,19.6
"606654","dorsal","m","3",0.0452083796240755,0.0159412292851674,0.0355574543552217,0.0147485900193892,0.0488843641014989,0.0168945126625522,0.0626007191640911,0.0191257992022098,NA,NA,0.0452083796240755,0.0159412292851674,33306,24.9998123475324,2524,"Setophaga caerulescens","13-Jun-88",13,"Jun",88,"Stoney Creek, 12mi NE Pembroke, Jefferson Nat'l Forest; 850m","Giles","VA","GRG","JPA","492-a,b","M","ASY","6x5, NA",9,"partial",64.2,54.4,3.1,4.1,10.9,6.7,NA,NA,"blue",11.9,14.4,2,2,2,2,NA,"not original tag","","VA.Giles","South",37.37291,-80.57508,19.6
"606654","crown","c","1",0.0897284997681386,0.0321887500538539,0.0722174924350311,0.031898579041386,0.093641101073443,0.0350854192564671,0.112686877349001,0.0317562329901802,0.186951612032349,0.0512414494773621,0.0897284997681386,0.0321887500538539,60006,45.041095890411,2524,"Setophaga caerulescens","13-Jun-88",13,"Jun",88,"Stoney Creek, 12mi NE Pembroke, Jefferson Nat'l Forest; 850m","Giles","VA","GRG","JPA","492-a,b","M","ASY","6x5, NA",9,"partial",64.2,54.4,3.1,4.1,10.9,6.7,NA,NA,"blue",11.9,14.4,2,2,2,2,NA,"not original tag","","VA.Giles","South",37.37291,-80.57508,19.6
"606654","ventral","t","1",0.0391041626063781,0.0059460602953847,0.0340910267347574,0.00703372312224041,0.0406069642926109,0.00743776430397557,0.0552618690764879,0.0102057673975488,0.0570396484795608,0.00725328353355494,0.0391041626063781,0.0059460602953847,160418,120.411334209045,2524,"Setophaga caerulescens","13-Jun-88",13,"Jun",88,"Stoney Creek, 12mi NE Pembroke, Jefferson Nat'l Forest; 850m","Giles","VA","GRG","JPA","492-a,b","M","ASY","6x5, NA",9,"partial",64.2,54.4,3.1,4.1,10.9,6.7,NA,NA,"blue",11.9,14.4,2,2,2,2,NA,"not original tag","","VA.Giles","South",37.37291,-80.57508,19.6
"606654","dorsal","m","2",0.0443244758351869,0.0137755369992902,0.0353817020093551,0.0130222488129017,0.0480391359438602,0.0147859597582774,0.0603201482390138,0.0168848371098959,NA,NA,0.0443244758351869,0.0137755369992902,32398,24.3182585851004,2524,"Setophaga caerulescens","13-Jun-88",13,"Jun",88,"Stoney Creek, 12mi NE Pembroke, Jefferson Nat'l Forest; 850m","Giles","VA","GRG","JPA","492-a,b","M","ASY","6x5, NA",9,"partial",64.2,54.4,3.1,4.1,10.9,6.7,NA,NA,"blue",11.9,14.4,2,2,2,2,NA,"not original tag","","VA.Giles","South",37.37291,-80.57508,19.6
"606655","side","w","1",0.456263958263105,0.132807103988376,0.467780396818968,0.137811462776331,0.461285116126673,0.135782211171452,0.387773233505741,0.102891101569675,0.43184282691739,0.0958363149422483,0.456263958263105,0.132807103988376,83937,63.0039407018202,2525,"Setophaga caerulescens","11-Jun-88",11,"Jun",88,"Bark Camp Branch, 4mi SE Norton, Jefferson Nat'l Forest; 920m","Wise","VA","GRG","JPA","T-493-a,b","M","ASY","4x5",8.5,"partial",64.1,54.4,2.9,3.9,10.8,6.5,NA,NA,"blue",16.4,18.8,2,2,2,2,NA,"Not original label","","VA.Wise","South",36.87043,-82.525983,18.58
"606655","dorsal","m","3",0.0527523319199917,0.0132889284666598,0.0473379713882477,0.0114962254577948,0.0541361111948785,0.0148031362825316,0.0695226020221814,0.015906521534385,0.0838707158846965,0.0159374332884806,0.0527523319199917,0.0132889284666598,33855,25.4118971664477,2525,"Setophaga caerulescens","11-Jun-88",11,"Jun",88,"Bark Camp Branch, 4mi SE Norton, Jefferson Nat'l Forest; 920m","Wise","VA","GRG","JPA","T-493-a,b","M","ASY","4x5",8.5,"partial",64.1,54.4,2.9,3.9,10.8,6.5,NA,NA,"blue",16.4,18.8,2,2,2,2,NA,"Not original label","","VA.Wise","South",36.87043,-82.525983,18.58
"606655","crown","c","1",0.0586815575146316,0.0173689831775155,0.0483850957011979,0.0143320377314678,0.0629704006701888,0.0183272176374273,0.0712944994988762,0.0240735812680623,0.11612075648748,0.0375490544924864,0.0586815575146316,0.0173689831775155,90706,68.0848189153687,2525,"Setophaga caerulescens","11-Jun-88",11,"Jun",88,"Bark Camp Branch, 4mi SE Norton, Jefferson Nat'l Forest; 920m","Wise","VA","GRG","JPA","T-493-a,b","M","ASY","4x5",8.5,"partial",64.1,54.4,2.9,3.9,10.8,6.5,NA,NA,"blue",16.4,18.8,2,2,2,2,NA,"Not original label","","VA.Wise","South",36.87043,-82.525983,18.58
"606655","dorsal","m","2",0.050520795349243,0.0119039795227721,0.0451880760023186,0.0103103229367597,0.0518444717618669,0.0132229786338248,0.0675892918015251,0.0155018363099491,0.0801724293701788,0.016589575835835,0.050520795349243,0.0119039795227721,34596,25.9680990805029,2525,"Setophaga caerulescens","11-Jun-88",11,"Jun",88,"Bark Camp Branch, 4mi SE Norton, Jefferson Nat'l Forest; 920m","Wise","VA","GRG","JPA","T-493-a,b","M","ASY","4x5",8.5,"partial",64.1,54.4,2.9,3.9,10.8,6.5,NA,NA,"blue",16.4,18.8,2,2,2,2,NA,"Not original label","","VA.Wise","South",36.87043,-82.525983,18.58
"606655","dorsal","m","1",0.0492151769316823,0.0127596416708804,0.0446560946877737,0.0110780802734293,0.050551287361423,0.0141048694517182,0.0649543506809283,0.0157603247774788,0.0775955449110144,0.015836651121511,0.0492151769316823,0.0127596416708804,34225,25.6896228185401,2525,"Setophaga caerulescens","11-Jun-88",11,"Jun",88,"Bark Camp Branch, 4mi SE Norton, Jefferson Nat'l Forest; 920m","Wise","VA","GRG","JPA","T-493-a,b","M","ASY","4x5",8.5,"partial",64.1,54.4,2.9,3.9,10.8,6.5,NA,NA,"blue",16.4,18.8,2,2,2,2,NA,"Not original label","","VA.Wise","South",36.87043,-82.525983,18.58
"606655","side","o","1",0.0750436292580721,0.0266987624406221,0.0744442243769078,0.0299176109740192,0.0761009590143547,0.0270457140724361,0.0831252180718737,0.0207859228395244,0.0909973329765228,0.0111285955503636,0.0750436292580721,0.0266987624406221,4685,3.51660724338525,2525,"Setophaga caerulescens","11-Jun-88",11,"Jun",88,"Bark Camp Branch, 4mi SE Norton, Jefferson Nat'l Forest; 920m","Wise","VA","GRG","JPA","T-493-a,b","M","ASY","4x5",8.5,"partial",64.1,54.4,2.9,3.9,10.8,6.5,NA,NA,"blue",16.4,18.8,2,2,2,2,NA,"Not original label","","VA.Wise","South",36.87043,-82.525983,18.58
"606655","ventral","t","1",0.0412165143411355,0.00992737827575403,0.0371229401045519,0.0110189477345453,0.0427107671886711,0.0108776189343009,0.0556511645939502,0.0115257990860754,0.0614664650302442,0.00926466694908106,0.0412165143411355,0.00992737827575403,146993,110.334396697317,2525,"Setophaga caerulescens","11-Jun-88",11,"Jun",88,"Bark Camp Branch, 4mi SE Norton, Jefferson Nat'l Forest; 920m","Wise","VA","GRG","JPA","T-493-a,b","M","ASY","4x5",8.5,"partial",64.1,54.4,2.9,3.9,10.8,6.5,NA,NA,"blue",16.4,18.8,2,2,2,2,NA,"Not original label","","VA.Wise","South",36.87043,-82.525983,18.58
"606656","dorsal","m","2",0.0406069349124757,0.00661455367761168,0.0364596786018475,0.00666352985068764,0.0415911101723197,0.00796767486056272,0.0576326115598386,0.0106079708561013,0.0697664524329967,0.0101837191526561,0.0406069349124757,0.00661455367761168,33124,24.8632013510978,2526,"Setophaga caerulescens","11-Jun-88",11,"Jun",88,"Bark Camp Branch, 4mi SE Norton, Jefferson Nat'l Forest; 920m","Wise","VA","GRG","JPA","T-494-a,b","M","ASY","7.5x5.5",10,"partial",62.1,54.9,3.2,3.5,10.9,6.4,NA,NA,"blue",16.8,16.4,2,2,2,2,NA,"Not original label","","VA.Wise","South",36.87043,-82.525983,18.38
"606656","dorsal","m","3",0.0402512662423354,0.00770789138597102,0.0358235770075244,0.00771966468192596,0.0412554575121768,0.00885271760244181,0.0577359397994853,0.0115362963698002,0.068954183798459,0.0115012160817039,0.0402512662423354,0.00770789138597102,33124,24.8632013510978,2526,"Setophaga caerulescens","11-Jun-88",11,"Jun",88,"Bark Camp Branch, 4mi SE Norton, Jefferson Nat'l Forest; 920m","Wise","VA","GRG","JPA","T-494-a,b","M","ASY","7.5x5.5",10,"partial",62.1,54.9,3.2,3.5,10.9,6.4,NA,NA,"blue",16.8,16.4,2,2,2,2,NA,"Not original label","","VA.Wise","South",36.87043,-82.525983,18.38
"606656","side","o","1",0.0686850782936084,0.0197618627438275,0.0678524438450208,0.0226551848658231,0.0696403094513869,0.0205211713129618,0.0781889089898663,0.0158370016390706,0.0903226593053106,0.0126857479338353,0.0686850782936084,0.0197618627438275,4318,3.24113342090449,2526,"Setophaga caerulescens","11-Jun-88",11,"Jun",88,"Bark Camp Branch, 4mi SE Norton, Jefferson Nat'l Forest; 920m","Wise","VA","GRG","JPA","T-494-a,b","M","ASY","7.5x5.5",10,"partial",62.1,54.9,3.2,3.5,10.9,6.4,NA,NA,"blue",16.8,16.4,2,2,2,2,NA,"Not original label","","VA.Wise","South",36.87043,-82.525983,18.38
"606656","dorsal","m","1",0.0347762695666109,0.00491368897434099,0.0311550801231067,0.00537236906315057,0.0355572996175584,0.00630050265257561,0.0519627729849124,0.00942582642798836,0.0598802184109619,0.00686225136131025,0.0347762695666109,0.00491368897434099,34040,25.5507599924939,2526,"Setophaga caerulescens","11-Jun-88",11,"Jun",88,"Bark Camp Branch, 4mi SE Norton, Jefferson Nat'l Forest; 920m","Wise","VA","GRG","JPA","T-494-a,b","M","ASY","7.5x5.5",10,"partial",62.1,54.9,3.2,3.5,10.9,6.4,NA,NA,"blue",16.8,16.4,2,2,2,2,NA,"Not original label","","VA.Wise","South",36.87043,-82.525983,18.38
"606656","crown","c","1",0.0585202588559235,0.0251898260935727,0.0476671094471681,0.0228593328904711,0.062215034825663,0.0266881603879434,0.0737645231268143,0.0296875277160447,0.11599639299867,0.044549132863314,0.0585202588559235,0.0251898260935727,86829,65.1747044473635,2526,"Setophaga caerulescens","11-Jun-88",11,"Jun",88,"Bark Camp Branch, 4mi SE Norton, Jefferson Nat'l Forest; 920m","Wise","VA","GRG","JPA","T-494-a,b","M","ASY","7.5x5.5",10,"partial",62.1,54.9,3.2,3.5,10.9,6.4,NA,NA,"blue",16.8,16.4,2,2,2,2,NA,"Not original label","","VA.Wise","South",36.87043,-82.525983,18.38
"606656","side","w","1",0.513222893251815,0.119644737487259,0.526460519696721,0.127104387756477,0.518676566604384,0.123182123993048,0.429422526336527,0.0887909872800292,0.468562509991619,0.0886854783071941,0.513222893251815,0.119644737487259,75467,56.6462750985175,2526,"Setophaga caerulescens","11-Jun-88",11,"Jun",88,"Bark Camp Branch, 4mi SE Norton, Jefferson Nat'l Forest; 920m","Wise","VA","GRG","JPA","T-494-a,b","M","ASY","7.5x5.5",10,"partial",62.1,54.9,3.2,3.5,10.9,6.4,NA,NA,"blue",16.8,16.4,2,2,2,2,NA,"Not original label","","VA.Wise","South",36.87043,-82.525983,18.38
"606656","ventral","t","1",0.0456481160148762,0.00965928649621165,0.041614863189751,0.0112202713338616,0.0469920048295183,0.0106971954114127,0.0602871634923478,0.0112255405288977,0.0657605276940241,0.0104830429452754,0.0456481160148762,0.00965928649621165,141131,105.93432163633,2526,"Setophaga caerulescens","11-Jun-88",11,"Jun",88,"Bark Camp Branch, 4mi SE Norton, Jefferson Nat'l Forest; 920m","Wise","VA","GRG","JPA","T-494-a,b","M","ASY","7.5x5.5",10,"partial",62.1,54.9,3.2,3.5,10.9,6.4,NA,NA,"blue",16.8,16.4,2,2,2,2,NA,"Not original label","","VA.Wise","South",36.87043,-82.525983,18.38
"606657","dorsal","m","1",0.0520420197516509,0.0135193459782762,0.0461097137396603,0.0111954067714887,0.0532078151579485,0.0151868444699425,0.0704680830710976,0.0192200860317525,0.0842403983482893,0.0186431672161791,0.0520420197516509,0.0135193459782762,33124,24.8632013510978,2527,"Setophaga caerulescens","11-Jun-88",11,"Jun",88,"Bark Camp Branch, 4mi SE Norton, Jefferson Nat'l Forest; 920m","Wise","VA","GRG","JPA","T-495-a,b","M","ASY","5x5",9.5,"partial",63.8,52,2.9,3.7,10.5,6.9,NA,NA,"blue",16.8,14.1,2,2,2,2,NA,"Not original label","","VA.Wise","South",36.87043,-82.525983,19.32
"606657","dorsal","m","2",0.0530782604907895,0.0137561755488452,0.0474462386290218,0.0119032143967842,0.0543434754056439,0.0155066709584756,0.0706337548888647,0.0181683488274857,0.084550687692603,0.0181357393804793,0.0530782604907895,0.0137561755488452,33488,25.136423343967,2527,"Setophaga caerulescens","11-Jun-88",11,"Jun",88,"Bark Camp Branch, 4mi SE Norton, Jefferson Nat'l Forest; 920m","Wise","VA","GRG","JPA","T-495-a,b","M","ASY","5x5",9.5,"partial",63.8,52,2.9,3.7,10.5,6.9,NA,NA,"blue",16.8,14.1,2,2,2,2,NA,"Not original label","","VA.Wise","South",36.87043,-82.525983,19.32
"606657","dorsal","m","3",0.0542920445936494,0.014996771242769,0.0476389215196355,0.0121978941972562,0.0557435668281496,0.0169372690144635,0.072815154724373,0.0209768201367614,0.0880472806291166,0.0208271901636627,0.0542920445936494,0.014996771242769,33306,24.9998123475324,2527,"Setophaga caerulescens","11-Jun-88",11,"Jun",88,"Bark Camp Branch, 4mi SE Norton, Jefferson Nat'l Forest; 920m","Wise","VA","GRG","JPA","T-495-a,b","M","ASY","5x5",9.5,"partial",63.8,52,2.9,3.7,10.5,6.9,NA,NA,"blue",16.8,14.1,2,2,2,2,NA,"Not original label","","VA.Wise","South",36.87043,-82.525983,19.32
"606657","crown","c","1",0.061811466007668,0.022777094166252,0.0498190659063271,0.0211237526225592,0.0656848073798126,0.0244475956697651,0.0782905939179093,0.0248383859185442,0.12515919694486,0.0460017544081647,0.061811466007668,0.022777094166252,98563,73.9823606680428,2527,"Setophaga caerulescens","11-Jun-88",11,"Jun",88,"Bark Camp Branch, 4mi SE Norton, Jefferson Nat'l Forest; 920m","Wise","VA","GRG","JPA","T-495-a,b","M","ASY","5x5",9.5,"partial",63.8,52,2.9,3.7,10.5,6.9,NA,NA,"blue",16.8,14.1,2,2,2,2,NA,"Not original label","","VA.Wise","South",36.87043,-82.525983,19.32
"606657","side","w","1",0.452223640621636,0.114086254010011,0.454294669127048,0.119729199356364,0.454027674217736,0.116127197009284,0.401755260750888,0.0873044822329834,0.486993022716537,0.0913289719664617,0.452223640621636,0.114086254010011,82067,61.6003002439482,2527,"Setophaga caerulescens","11-Jun-88",11,"Jun",88,"Bark Camp Branch, 4mi SE Norton, Jefferson Nat'l Forest; 920m","Wise","VA","GRG","JPA","T-495-a,b","M","ASY","5x5",9.5,"partial",63.8,52,2.9,3.7,10.5,6.9,NA,NA,"blue",16.8,14.1,2,2,2,2,NA,"Not original label","","VA.Wise","South",36.87043,-82.525983,19.32
"606657","side","o","1",0.0666903209889199,0.0175603266102027,0.0645919410817155,0.0197068057184047,0.0679131362342858,0.01825734023468,0.0774374444340263,0.0147250558277792,0.0905887611353086,0.01716348132948,0.0666903209889199,0.0175603266102027,12598,9.45618314880841,2527,"Setophaga caerulescens","11-Jun-88",11,"Jun",88,"Bark Camp Branch, 4mi SE Norton, Jefferson Nat'l Forest; 920m","Wise","VA","GRG","JPA","T-495-a,b","M","ASY","5x5",9.5,"partial",63.8,52,2.9,3.7,10.5,6.9,NA,NA,"blue",16.8,14.1,2,2,2,2,NA,"Not original label","","VA.Wise","South",36.87043,-82.525983,19.32
"606657","ventral","t","1",0.0408487813227429,0.00722738652448426,0.0363649335448566,0.00852886271919304,0.0424236837541293,0.00859500291999814,0.0554558558384721,0.0106684999236895,0.0560556097021878,0.00944173231804887,0.0408487813227429,0.00722738652448426,141571,106.264589979358,2527,"Setophaga caerulescens","11-Jun-88",11,"Jun",88,"Bark Camp Branch, 4mi SE Norton, Jefferson Nat'l Forest; 920m","Wise","VA","GRG","JPA","T-495-a,b","M","ASY","5x5",9.5,"partial",63.8,52,2.9,3.7,10.5,6.9,NA,NA,"blue",16.8,14.1,2,2,2,2,NA,"Not original label","","VA.Wise","South",36.87043,-82.525983,19.32
"606662","crown","c","1",0.0710251780886377,0.0215009654373135,0.0607297404202624,0.0224977843882221,0.0750093886995846,0.0224536010210217,0.0843578890193011,0.0225322827993097,0.122133435784408,0.0436138997553943,0.0710251780886377,0.0215009654373135,80149,60.1606305122912,2532,"Setophaga caerulescens","13-Jun-88",13,"Jun",88,"Stoney Creek, 10mi NE Pembroke, Jefferson Nat'l Forest; 850m","Giles","VA","GRG","JPA","500-a,b","M","SY","5x5",9.5,"partial",62.6,51.8,3,3.7,11.2,7,NA,NA,"green",12.4,14.9,2,2,2,2,NA,"not original tag; testes mushy","","VA.Giles","South",37.37291,-80.57508,19.03
"606662","dorsal","m","3",0.0684957358463461,0.0197623925161351,0.06380329724249,0.0166463152480419,0.070522768341297,0.0224388377666317,0.0810761570797247,0.0237578655899072,0.108289811066194,0.015648891100285,0.0684957358463461,0.0197623925161351,34782,26.1077125164196,2532,"Setophaga caerulescens","13-Jun-88",13,"Jun",88,"Stoney Creek, 10mi NE Pembroke, Jefferson Nat'l Forest; 850m","Giles","VA","GRG","JPA","500-a,b","M","SY","5x5",9.5,"partial",62.6,51.8,3,3.7,11.2,7,NA,NA,"green",12.4,14.9,2,2,2,2,NA,"not original tag; testes mushy","","VA.Giles","South",37.37291,-80.57508,19.03
"606662","dorsal","m","1",0.064909500225368,0.0188571239883105,0.0596179721574422,0.0153436175057197,0.0669496455613574,0.0215566295738121,0.0788258671542985,0.023012926297752,0.10052483358128,0.0158071489149784,0.064909500225368,0.0188571239883105,34782,26.1077125164196,2532,"Setophaga caerulescens","13-Jun-88",13,"Jun",88,"Stoney Creek, 10mi NE Pembroke, Jefferson Nat'l Forest; 850m","Giles","VA","GRG","JPA","500-a,b","M","SY","5x5",9.5,"partial",62.6,51.8,3,3.7,11.2,7,NA,NA,"green",12.4,14.9,2,2,2,2,NA,"not original tag; testes mushy","","VA.Giles","South",37.37291,-80.57508,19.03
"606662","dorsal","m","2",0.0649328472504184,0.0166895762021582,0.0596735077189323,0.0143450986430266,0.0668098908168766,0.0187867311021608,0.0792097248102292,0.0201310955626934,0.101244282800276,0.0173195288860166,0.0649328472504184,0.0166895762021582,34410,25.8284856445862,2532,"Setophaga caerulescens","13-Jun-88",13,"Jun",88,"Stoney Creek, 10mi NE Pembroke, Jefferson Nat'l Forest; 850m","Giles","VA","GRG","JPA","500-a,b","M","SY","5x5",9.5,"partial",62.6,51.8,3,3.7,11.2,7,NA,NA,"green",12.4,14.9,2,2,2,2,NA,"not original tag; testes mushy","","VA.Giles","South",37.37291,-80.57508,19.03
"606662","ventral","t","1",0.048899716106528,0.0101581467032397,0.0454979463319735,0.0129050236952788,0.0502335934565749,0.010928373686215,0.062137454866428,0.0100004907533164,0.062828333240107,0.0081308002069007,0.048899716106528,0.0101581467032397,155194,116.490148245449,2532,"Setophaga caerulescens","13-Jun-88",13,"Jun",88,"Stoney Creek, 10mi NE Pembroke, Jefferson Nat'l Forest; 850m","Giles","VA","GRG","JPA","500-a,b","M","SY","5x5",9.5,"partial",62.6,51.8,3,3.7,11.2,7,NA,NA,"green",12.4,14.9,2,2,2,2,NA,"not original tag; testes mushy","","VA.Giles","South",37.37291,-80.57508,19.03
"606662","side","o","1",0.0808438370430247,0.030950232320777,0.0856139395225996,0.0372109001866021,0.0821157941138232,0.0316104205776299,0.0788178259642389,0.0193822960719608,0.0905029377144242,0.0123187959021535,0.0808438370430247,0.030950232320777,6534,4.90448489397636,2532,"Setophaga caerulescens","13-Jun-88",13,"Jun",88,"Stoney Creek, 10mi NE Pembroke, Jefferson Nat'l Forest; 850m","Giles","VA","GRG","JPA","500-a,b","M","SY","5x5",9.5,"partial",62.6,51.8,3,3.7,11.2,7,NA,NA,"green",12.4,14.9,2,2,2,2,NA,"not original tag; testes mushy","","VA.Giles","South",37.37291,-80.57508,19.03
"606662","side","w","1",0.37651048500253,0.112093111537681,0.388570723741002,0.117967071668493,0.380577643360794,0.114929891927878,0.323010473096937,0.0879714442599481,0.361976776307701,0.0853107464856951,0.37651048500253,0.112093111537681,40113,30.1092137361606,2532,"Setophaga caerulescens","13-Jun-88",13,"Jun",88,"Stoney Creek, 10mi NE Pembroke, Jefferson Nat'l Forest; 850m","Giles","VA","GRG","JPA","500-a,b","M","SY","5x5",9.5,"partial",62.6,51.8,3,3.7,11.2,7,NA,NA,"green",12.4,14.9,2,2,2,2,NA,"not original tag; testes mushy","","VA.Giles","South",37.37291,-80.57508,19.03
"606663","dorsal","m","1",0.0469778927918316,0.0118762657387334,0.0419263699483758,0.011020854341184,0.0483059936396391,0.0135096565414865,0.0637042107416987,0.0161733860235839,0.0763397197131172,0.0149456807904864,0.0469778927918316,0.0118762657387334,32942,24.7265903546632,2533,"Setophaga caerulescens","13-Jun-88",13,"Jun",88,"Stoney Creek, 10mi NE Pembroke, Jefferson Nat'l Forest; 850m","Giles","VA","GRG","JPA","501-a,b","M","ASY","7x6",9.5,"partial",62.9,53.8,3.3,4.2,10.6,7.2,NA,NA,"blue",11.9,13.9,2,2,2,2,NA,"not original tag","","VA.Giles","South",37.37291,-80.57508,19.31
"606663","dorsal","m","2",0.0436490054067928,0.0116344967253815,0.0387792417495605,0.0103158469813428,0.0449020486898156,0.0137252365931153,0.0604845515181486,0.0151262630183023,0.0692010139698569,0.0144977739999867,0.0436490054067928,0.0116344967253815,32759,24.589228748358,2533,"Setophaga caerulescens","13-Jun-88",13,"Jun",88,"Stoney Creek, 10mi NE Pembroke, Jefferson Nat'l Forest; 850m","Giles","VA","GRG","JPA","501-a,b","M","ASY","7x6",9.5,"partial",62.9,53.8,3.3,4.2,10.6,7.2,NA,NA,"blue",11.9,13.9,2,2,2,2,NA,"not original tag","","VA.Giles","South",37.37291,-80.57508,19.31
"606663","crown","c","1",0.0712313317576981,0.0288347886246744,0.0590663114638001,0.0254378346806869,0.0759984857050152,0.0317755641343945,0.0845885080975827,0.0315055669261323,0.126708506102876,0.0414678188165344,0.0712313317576981,0.0288347886246744,70732,53.0921373616063,2533,"Setophaga caerulescens","13-Jun-88",13,"Jun",88,"Stoney Creek, 10mi NE Pembroke, Jefferson Nat'l Forest; 850m","Giles","VA","GRG","JPA","501-a,b","M","ASY","7x6",9.5,"partial",62.9,53.8,3.3,4.2,10.6,7.2,NA,NA,"blue",11.9,13.9,2,2,2,2,NA,"not original tag","","VA.Giles","South",37.37291,-80.57508,19.31
"606663","dorsal","m","3",0.0460211647829413,0.0119266331746654,0.0409551121076695,0.0109213827416133,0.0473424084677134,0.0136023645057394,0.0628769699950077,0.0159912404803392,0.0743598112286317,0.0141446118932777,0.0460211647829413,0.0119266331746654,32761,24.5907299680991,2533,"Setophaga caerulescens","13-Jun-88",13,"Jun",88,"Stoney Creek, 10mi NE Pembroke, Jefferson Nat'l Forest; 850m","Giles","VA","GRG","JPA","501-a,b","M","ASY","7x6",9.5,"partial",62.9,53.8,3.3,4.2,10.6,7.2,NA,NA,"blue",11.9,13.9,2,2,2,2,NA,"not original tag","","VA.Giles","South",37.37291,-80.57508,19.31
"606663","side","w","1",0.49068546809468,0.11203667493334,0.494062312792824,0.117846083597919,0.492167908326717,0.11374821895107,0.431742576982134,0.0875095023835952,0.535509250067061,0.0964622484584125,0.49068546809468,0.11203667493334,48189,36.1711390504785,2533,"Setophaga caerulescens","13-Jun-88",13,"Jun",88,"Stoney Creek, 10mi NE Pembroke, Jefferson Nat'l Forest; 850m","Giles","VA","GRG","JPA","501-a,b","M","ASY","7x6",9.5,"partial",62.9,53.8,3.3,4.2,10.6,7.2,NA,NA,"blue",11.9,13.9,2,2,2,2,NA,"not original tag","","VA.Giles","South",37.37291,-80.57508,19.31
"606663","side","o","1",0.0699842347821859,0.0128573016802706,0.0690662596221036,0.0153691781261538,0.0708806359518596,0.0134248046136034,0.0794851963058423,0.0107673083330256,0.0948026708667708,0.00928168866219271,0.0699842347821859,0.0128573016802706,4996,3.75004691311691,2533,"Setophaga caerulescens","13-Jun-88",13,"Jun",88,"Stoney Creek, 10mi NE Pembroke, Jefferson Nat'l Forest; 850m","Giles","VA","GRG","JPA","501-a,b","M","ASY","7x6",9.5,"partial",62.9,53.8,3.3,4.2,10.6,7.2,NA,NA,"blue",11.9,13.9,2,2,2,2,NA,"not original tag","","VA.Giles","South",37.37291,-80.57508,19.31
"606663","ventral","t","1",0.041326813556671,0.00679167191963481,0.0362415152206909,0.0076698162929494,0.0428978026075384,0.00848434447419849,0.0572185073195426,0.0114680569225902,0.0641266488459488,0.00787091637124454,0.041326813556671,0.00679167191963481,201324,151.115781572528,2533,"Setophaga caerulescens","13-Jun-88",13,"Jun",88,"Stoney Creek, 10mi NE Pembroke, Jefferson Nat'l Forest; 850m","Giles","VA","GRG","JPA","501-a,b","M","ASY","7x6",9.5,"partial",62.9,53.8,3.3,4.2,10.6,7.2,NA,NA,"blue",11.9,13.9,2,2,2,2,NA,"not original tag","","VA.Giles","South",37.37291,-80.57508,19.31
"606673","crown","c","1",0.0677895065207039,0.0306977737739649,0.0550950841410203,0.0254033749101446,0.0720944809603108,0.0327315734610399,0.0834959248409184,0.0360189622371238,0.138475660551559,0.0475369733026228,0.0677895065207039,0.0306977737739649,72752,54.6083693000563,2543,"Setophaga caerulescens","21-Jun-88",21,"Jun",88,"Monogahela Nat'l Forest; 2mi E. Gauley Mills","Webster","WV","GRG","JPA","511-a,b","M","ASY","6.5x5",9.5,"partial",62.3,51.4,3,4,9.8,6.7,NA,NA,"blue",13,11.1,2,2,2,2,NA,"660m elev; not original label","","WV.Webster","Central",38.3614987,-80.5834224,NA
"606673","dorsal","m","1",0.0520749935329907,0.00725429576107277,0.0484107268982449,0.00617934056442642,0.05385517531814,0.00786558212143579,0.0652766364310613,0.00979457646877846,0.0645502591398939,0.0141215906038207,0.0520749935329907,0.00725429576107277,33124,24.8632013510978,2543,"Setophaga caerulescens","21-Jun-88",21,"Jun",88,"Monogahela Nat'l Forest; 2mi E. Gauley Mills","Webster","WV","GRG","JPA","511-a,b","M","ASY","6.5x5",9.5,"partial",62.3,51.4,3,4,9.8,6.7,NA,NA,"blue",13,11.1,2,2,2,2,NA,"660m elev; not original label","","WV.Webster","Central",38.3614987,-80.5834224,NA
"606673","dorsal","m","2",0.0517518143955944,0.00687474020479643,0.048140630400545,0.00592657620412478,0.0535731043665812,0.0074083329606534,0.0646402725047466,0.00945279512543035,0.0637024361136131,0.0132733106354212,0.0517518143955944,0.00687474020479643,32041,24.0502908613248,2543,"Setophaga caerulescens","21-Jun-88",21,"Jun",88,"Monogahela Nat'l Forest; 2mi E. Gauley Mills","Webster","WV","GRG","JPA","511-a,b","M","ASY","6.5x5",9.5,"partial",62.3,51.4,3,4,9.8,6.7,NA,NA,"blue",13,11.1,2,2,2,2,NA,"660m elev; not original label","","WV.Webster","Central",38.3614987,-80.5834224,NA
"606673","side","w","1",0.379983983476191,0.0844578852178895,0.383394844734402,0.0892724866297161,0.382641710595177,0.0865428635831949,0.333026499552354,0.0666205114844965,0.420200485452634,0.0804764510832597,0.379983983476191,0.0844578852178895,44107,33.1071495590167,2543,"Setophaga caerulescens","21-Jun-88",21,"Jun",88,"Monogahela Nat'l Forest; 2mi E. Gauley Mills","Webster","WV","GRG","JPA","511-a,b","M","ASY","6.5x5",9.5,"partial",62.3,51.4,3,4,9.8,6.7,NA,NA,"blue",13,11.1,2,2,2,2,NA,"660m elev; not original label","","WV.Webster","Central",38.3614987,-80.5834224,NA
"606673","ventral","t","1",0.04472580317787,0.00657548695726759,0.0428329627883335,0.00706896773915894,0.0463033976561867,0.00753685766142845,0.0556142887107597,0.00855347922039195,0.0458933775668362,0.0101990768945379,0.04472580317787,0.00657548695726759,145904,109.516982548321,2543,"Setophaga caerulescens","21-Jun-88",21,"Jun",88,"Monogahela Nat'l Forest; 2mi E. Gauley Mills","Webster","WV","GRG","JPA","511-a,b","M","ASY","6.5x5",9.5,"partial",62.3,51.4,3,4,9.8,6.7,NA,NA,"blue",13,11.1,2,2,2,2,NA,"660m elev; not original label","","WV.Webster","Central",38.3614987,-80.5834224,NA
"606673","dorsal","m","3",0.0523891393187758,0.00683147169259471,0.0489885421816052,0.00612730237238486,0.0541543477990856,0.00741950016113887,0.0651712525048116,0.00902180047421087,0.0648328183055042,0.0121872609882353,0.0523891393187758,0.00683147169259471,33124,24.8632013510978,2543,"Setophaga caerulescens","21-Jun-88",21,"Jun",88,"Monogahela Nat'l Forest; 2mi E. Gauley Mills","Webster","WV","GRG","JPA","511-a,b","M","ASY","6.5x5",9.5,"partial",62.3,51.4,3,4,9.8,6.7,NA,NA,"blue",13,11.1,2,2,2,2,NA,"660m elev; not original label","","WV.Webster","Central",38.3614987,-80.5834224,NA
"606673","side","o","1",0.0652051511775441,0.0116241979641184,0.0652737336794514,0.0140421434726913,0.0667954632812266,0.0128673514894246,0.0721649542597829,0.0108805337759433,0.0791375002358123,0.0129294675920659,0.0652051511775441,0.0116241979641184,4657,3.4955901670107,2543,"Setophaga caerulescens","21-Jun-88",21,"Jun",88,"Monogahela Nat'l Forest; 2mi E. Gauley Mills","Webster","WV","GRG","JPA","511-a,b","M","ASY","6.5x5",9.5,"partial",62.3,51.4,3,4,9.8,6.7,NA,NA,"blue",13,11.1,2,2,2,2,NA,"660m elev; not original label","","WV.Webster","Central",38.3614987,-80.5834224,NA
"606674","crown","c","1",0.0715079676048225,0.0245760543728469,0.0579699591006185,0.0192028852974772,0.0754072384627563,0.0255518368005655,0.089410338244387,0.0336072102651666,0.147302161008943,0.0409440256640086,0.0715079676048225,0.0245760543728469,97048,72.8451867142053,2544,"Setophaga caerulescens","21-Jun-88",21,"Jun",88,"Monogahela Nat'l Forest;Gauley River, 2mi E. Gauley Mills","Webster","WV","GRG","JPA","512-a,b","M","ASY","7x5, 6x5",9,"partial",62.4,50.1,2.8,4.2,10.5,7,NA,NA,"blue",17.5,17.6,2,2,2,2,NA,"660m elev; not original label","","WV.Webster","Central",38.3614987,-80.5834224,NA
"606674","ventral","t","1",0.047347105188632,0.00905762382326748,0.0453780021365467,0.0096225771055958,0.0491973534263851,0.0098453028337945,0.0570855847004393,0.00979527369529933,0.0479462195582396,0.0113359064407234,0.047347105188632,0.00905762382326748,163579,122.784012009758,2544,"Setophaga caerulescens","21-Jun-88",21,"Jun",88,"Monogahela Nat'l Forest;Gauley River, 2mi E. Gauley Mills","Webster","WV","GRG","JPA","512-a,b","M","ASY","7x5, 6x5",9,"partial",62.4,50.1,2.8,4.2,10.5,7,NA,NA,"blue",17.5,17.6,2,2,2,2,NA,"660m elev; not original label","","WV.Webster","Central",38.3614987,-80.5834224,NA
"606674","side","o","1",0.0719878970604733,0.0151326174739443,0.0722071201783579,0.0174369375538433,0.0737104360521434,0.0161713460319079,0.0779748686758908,0.0140138451679077,0.0846351646910721,0.0129742647701407,0.0719878970604733,0.0151326174739443,5819,4.3677988365547,2544,"Setophaga caerulescens","21-Jun-88",21,"Jun",88,"Monogahela Nat'l Forest;Gauley River, 2mi E. Gauley Mills","Webster","WV","GRG","JPA","512-a,b","M","ASY","7x5, 6x5",9,"partial",62.4,50.1,2.8,4.2,10.5,7,NA,NA,"blue",17.5,17.6,2,2,2,2,NA,"660m elev; not original label","","WV.Webster","Central",38.3614987,-80.5834224,NA
"606674","dorsal","m","3",0.0689553686121798,0.0169165967400865,0.0618736573801371,0.013470442681325,0.0709998637945115,0.0189895069104439,0.0859185118029231,0.0234846772171796,0.102173798782238,0.0193894738928407,0.0689553686121798,0.0169165967400865,33124,24.8632013510978,2544,"Setophaga caerulescens","21-Jun-88",21,"Jun",88,"Monogahela Nat'l Forest;Gauley River, 2mi E. Gauley Mills","Webster","WV","GRG","JPA","512-a,b","M","ASY","7x5, 6x5",9,"partial",62.4,50.1,2.8,4.2,10.5,7,NA,NA,"blue",17.5,17.6,2,2,2,2,NA,"660m elev; not original label","","WV.Webster","Central",38.3614987,-80.5834224,NA
"606674","dorsal","m","1",0.0676997178216311,0.0160463228410027,0.0610754718993533,0.013117460430669,0.0696495428299598,0.0182139230614446,0.0843169028917388,0.0226381203383016,0.0977258000952732,0.0204981590224093,0.0676997178216311,0.0160463228410027,33856,25.4126477763183,2544,"Setophaga caerulescens","21-Jun-88",21,"Jun",88,"Monogahela Nat'l Forest;Gauley River, 2mi E. Gauley Mills","Webster","WV","GRG","JPA","512-a,b","M","ASY","7x5, 6x5",9,"partial",62.4,50.1,2.8,4.2,10.5,7,NA,NA,"blue",17.5,17.6,2,2,2,2,NA,"660m elev; not original label","","WV.Webster","Central",38.3614987,-80.5834224,NA
"606674","side","w","1",0.467148789821672,0.110893822951389,0.470531586349121,0.115437351843798,0.467223882106617,0.112478213839749,0.404513054156396,0.0874804988417345,0.512634043242221,0.0996593520743685,0.467148789821672,0.110893822951389,73245,54.9784199662226,2544,"Setophaga caerulescens","21-Jun-88",21,"Jun",88,"Monogahela Nat'l Forest;Gauley River, 2mi E. Gauley Mills","Webster","WV","GRG","JPA","512-a,b","M","ASY","7x5, 6x5",9,"partial",62.4,50.1,2.8,4.2,10.5,7,NA,NA,"blue",17.5,17.6,2,2,2,2,NA,"660m elev; not original label","","WV.Webster","Central",38.3614987,-80.5834224,NA
"606674","dorsal","m","2",0.0654594383627126,0.0144640722668011,0.0594078050939029,0.0118049381021007,0.0673450731877923,0.0163441253627314,0.0816287505662525,0.02065037662692,0.0911059826840032,0.0183967745107183,0.0654594383627126,0.0144640722668011,33489,25.1371739538375,2544,"Setophaga caerulescens","21-Jun-88",21,"Jun",88,"Monogahela Nat'l Forest;Gauley River, 2mi E. Gauley Mills","Webster","WV","GRG","JPA","512-a,b","M","ASY","7x5, 6x5",9,"partial",62.4,50.1,2.8,4.2,10.5,7,NA,NA,"blue",17.5,17.6,2,2,2,2,NA,"660m elev; not original label","","WV.Webster","Central",38.3614987,-80.5834224,NA
"606675","dorsal","m","3",0.0697832761227716,0.00976898817814988,0.0615250028698724,0.00802286030069832,0.0721176916846772,0.0111982464008355,0.0875006111260754,0.0161718835117759,0.108656015061256,0.0161115831934636,0.0697832761227716,0.00976898817814988,32759,24.589228748358,2545,"Setophaga caerulescens","21-Jun-88",21,"Jun",88,"Monogahela Nat'l Forest;Gauley River, 2mi E. Gauley Mills","Webster","WV","GRG","JPA","513-a,b","M","ASY","7x5.5",9,"partial",62.2,55.8,3.2,3.8,11.1,7.2,NA,NA,"blue",12.7,14.6,2,2,2,2,NA,"660m elev; not original label","","WV.Webster","Central",38.3614987,-80.5834224,NA
"606675","side","o","1",0.0667628332220648,0.0146323293496963,0.0681343119395525,0.0169100515339999,0.0682991404222653,0.0154554799597355,0.0716656742174349,0.0117472586272932,0.0753550121318863,0.0145178311865939,0.0667628332220648,0.0146323293496963,7531,5.65284293488459,2545,"Setophaga caerulescens","21-Jun-88",21,"Jun",88,"Monogahela Nat'l Forest;Gauley River, 2mi E. Gauley Mills","Webster","WV","GRG","JPA","513-a,b","M","ASY","7x5.5",9,"partial",62.2,55.8,3.2,3.8,11.1,7.2,NA,NA,"blue",12.7,14.6,2,2,2,2,NA,"660m elev; not original label","","WV.Webster","Central",38.3614987,-80.5834224,NA
"606675","dorsal","m","2",0.0700058007376547,0.00925089260133915,0.0626167883369203,0.0079038867222409,0.0723234902286206,0.0107275332780329,0.0865510388254162,0.0150754741909568,0.10702786691633,0.0128345172533981,0.0700058007376547,0.00925089260133915,32761,24.5907299680991,2545,"Setophaga caerulescens","21-Jun-88",21,"Jun",88,"Monogahela Nat'l Forest;Gauley River, 2mi E. Gauley Mills","Webster","WV","GRG","JPA","513-a,b","M","ASY","7x5.5",9,"partial",62.2,55.8,3.2,3.8,11.1,7.2,NA,NA,"blue",12.7,14.6,2,2,2,2,NA,"660m elev; not original label","","WV.Webster","Central",38.3614987,-80.5834224,NA
"606675","crown","c","1",0.072501508215828,0.0273756352822103,0.0567390578714188,0.0261481382605138,0.0758376651813178,0.028558327130846,0.0956569498761238,0.0296375507697713,0.161912913077163,0.0641078847593042,0.072501508215828,0.0273756352822103,105784,79.4025145430662,2545,"Setophaga caerulescens","21-Jun-88",21,"Jun",88,"Monogahela Nat'l Forest;Gauley River, 2mi E. Gauley Mills","Webster","WV","GRG","JPA","513-a,b","M","ASY","7x5.5",9,"partial",62.2,55.8,3.2,3.8,11.1,7.2,NA,NA,"blue",12.7,14.6,2,2,2,2,NA,"660m elev; not original label","","WV.Webster","Central",38.3614987,-80.5834224,NA
"606675","side","w","1",0.404706248724799,0.112427282622142,0.418965480881204,0.119480006012292,0.411525481261711,0.114490953674548,0.331791383124125,0.0884028938187476,0.385128812638847,0.0936856290653786,0.404706248724799,0.112427282622142,57493,43.1548132857947,2545,"Setophaga caerulescens","21-Jun-88",21,"Jun",88,"Monogahela Nat'l Forest;Gauley River, 2mi E. Gauley Mills","Webster","WV","GRG","JPA","513-a,b","M","ASY","7x5.5",9,"partial",62.2,55.8,3.2,3.8,11.1,7.2,NA,NA,"blue",12.7,14.6,2,2,2,2,NA,"660m elev; not original label","","WV.Webster","Central",38.3614987,-80.5834224,NA
"606675","dorsal","m","1",0.070725278539966,0.00910896067365139,0.065321507414183,0.00858074893268174,0.0730188412287148,0.0105688984718661,0.0840866067039956,0.0143737461201578,0.104013644025728,0.0139178345617124,0.070725278539966,0.00910896067365139,33672,25.2745355601426,2545,"Setophaga caerulescens","21-Jun-88",21,"Jun",88,"Monogahela Nat'l Forest;Gauley River, 2mi E. Gauley Mills","Webster","WV","GRG","JPA","513-a,b","M","ASY","7x5.5",9,"partial",62.2,55.8,3.2,3.8,11.1,7.2,NA,NA,"blue",12.7,14.6,2,2,2,2,NA,"660m elev; not original label","","WV.Webster","Central",38.3614987,-80.5834224,NA
"606675","ventral","t","1",0.0466240880467206,0.00730189890141305,0.0445536588494897,0.00832869379048718,0.048495179506344,0.00807270511065879,0.0566111337351477,0.00798759599201163,0.0491849486585058,0.01187250255123,0.0466240880467206,0.00730189890141305,180957,135.828110339651,2545,"Setophaga caerulescens","21-Jun-88",21,"Jun",88,"Monogahela Nat'l Forest;Gauley River, 2mi E. Gauley Mills","Webster","WV","GRG","JPA","513-a,b","M","ASY","7x5.5",9,"partial",62.2,55.8,3.2,3.8,11.1,7.2,NA,NA,"blue",12.7,14.6,2,2,2,2,NA,"660m elev; not original label","","WV.Webster","Central",38.3614987,-80.5834224,NA
"606681","crown","c","1",0.0598121614397745,0.0208013354511723,0.0493529413385685,0.0169008119591097,0.0638322129449212,0.0218042376188133,0.0733532687979496,0.0267776965079135,0.117548359919087,0.0402634653265255,0.0598121614397745,0.0208013354511723,70838,53.1717020078814,2551,"Setophaga caerulescens","19-Jun-88",19,"Jun",88,"Monongahela Nat'l Forest, Shaver's Fork, 1mi N Hwy 92; 1070m","Randolph","WV","GRG","JPA","T-519-a,b","M","ASY","8x5.5",9.5,"partial",64.5,53.6,3.1,3.7,11.1,7,NA,NA,"blue",19.6,20,2,2,2,2,NA,"Not original label","","WV.Randolph","Central",38.63488,-79.88203,19.2
"606681","side","w","1",0.455991929092897,0.115883564648963,0.456785404035725,0.122360203288511,0.457929249933611,0.117264851743766,0.403743492540865,0.0895340464401268,0.49297353058119,0.114887049042678,0.455991929092897,0.115883564648963,83816,62.9131169074873,2551,"Setophaga caerulescens","19-Jun-88",19,"Jun",88,"Monongahela Nat'l Forest, Shaver's Fork, 1mi N Hwy 92; 1070m","Randolph","WV","GRG","JPA","T-519-a,b","M","ASY","8x5.5",9.5,"partial",64.5,53.6,3.1,3.7,11.1,7,NA,NA,"blue",19.6,20,2,2,2,2,NA,"Not original label","","WV.Randolph","Central",38.63488,-79.88203,19.2
"606681","side","o","1",0.0600323780761864,0.0172111499067596,0.0572996990588892,0.0194204286987553,0.0612459595095201,0.0176531015142113,0.0725486690152983,0.0150171529663006,0.0888631261441518,0.0160811289723205,0.0600323780761864,0.0172111499067596,15569,11.6862450741227,2551,"Setophaga caerulescens","19-Jun-88",19,"Jun",88,"Monongahela Nat'l Forest, Shaver's Fork, 1mi N Hwy 92; 1070m","Randolph","WV","GRG","JPA","T-519-a,b","M","ASY","8x5.5",9.5,"partial",64.5,53.6,3.1,3.7,11.1,7,NA,NA,"blue",19.6,20,2,2,2,2,NA,"Not original label","","WV.Randolph","Central",38.63488,-79.88203,19.2
"606681","dorsal","m","1",0.040301906729168,0.00822671326031975,0.0213933268451248,0.00756096721014087,0.0466652114418622,0.00853159783685817,0.0602964365271799,0.0110306741181008,0.0767825108067157,0.0144103285008969,0.040301906729168,0.00822671326031975,35156,26.388440607994,2551,"Setophaga caerulescens","19-Jun-88",19,"Jun",88,"Monongahela Nat'l Forest, Shaver's Fork, 1mi N Hwy 92; 1070m","Randolph","WV","GRG","JPA","T-519-a,b","M","ASY","8x5.5",9.5,"partial",64.5,53.6,3.1,3.7,11.1,7,NA,NA,"blue",19.6,20,2,2,2,2,NA,"Not original label","","WV.Randolph","Central",38.63488,-79.88203,19.2
"606681","ventral","t","1",0.0452067864402899,0.0134591396137483,0.0415894921352994,0.0167606669716546,0.0467345899346832,0.0141950591990076,0.0585706359855749,0.0124094334193654,0.0623135616943133,0.0115708147689194,0.0452067864402899,0.0134591396137483,158381,118.882341902796,2551,"Setophaga caerulescens","19-Jun-88",19,"Jun",88,"Monongahela Nat'l Forest, Shaver's Fork, 1mi N Hwy 92; 1070m","Randolph","WV","GRG","JPA","T-519-a,b","M","ASY","8x5.5",9.5,"partial",64.5,53.6,3.1,3.7,11.1,7,NA,NA,"blue",19.6,20,2,2,2,2,NA,"Not original label","","WV.Randolph","Central",38.63488,-79.88203,19.2
"606681","dorsal","m","3",0.045917975776873,0.011418754992553,0.0279283397951257,0.0106590076012755,0.0522611175984324,0.0116723615451194,0.0644115058976283,0.0139297968828068,0.084060083133218,0.0177624785561831,0.045917975776873,0.011418754992553,35342,26.5280540439107,2551,"Setophaga caerulescens","19-Jun-88",19,"Jun",88,"Monongahela Nat'l Forest, Shaver's Fork, 1mi N Hwy 92; 1070m","Randolph","WV","GRG","JPA","T-519-a,b","M","ASY","8x5.5",9.5,"partial",64.5,53.6,3.1,3.7,11.1,7,NA,NA,"blue",19.6,20,2,2,2,2,NA,"Not original label","","WV.Randolph","Central",38.63488,-79.88203,19.2
"606681","dorsal","m","2",0.0384087334898661,0.00779241057613228,0.0204244902023203,0.00774906718533418,0.0447996788526492,0.00811064242530121,0.0571164406508114,0.0100628251199093,0.0715959930655243,0.0117841399226561,0.0384087334898661,0.00779241057613228,33489,25.1371739538375,2551,"Setophaga caerulescens","19-Jun-88",19,"Jun",88,"Monongahela Nat'l Forest, Shaver's Fork, 1mi N Hwy 92; 1070m","Randolph","WV","GRG","JPA","T-519-a,b","M","ASY","8x5.5",9.5,"partial",64.5,53.6,3.1,3.7,11.1,7,NA,NA,"blue",19.6,20,2,2,2,2,NA,"Not original label","","WV.Randolph","Central",38.63488,-79.88203,19.2
"606682","ventral","t","1",0.0372884630713564,0.00705098461422421,0.0320847281176655,0.00806272354271187,0.039123021330777,0.00805069573038007,0.0526934965277179,0.00859114809056812,0.0561517881734035,0.00622746678966729,0.0372884630713564,0.00705098461422421,71618,53.7571777068868,2552,"Setophaga caerulescens","19-Jun-88",19,"Jun",88,"Monongahela Nat'l Forest, Shaver's Fork, 1mi N Hwy 92; 1070m","Randolph","WV","GRG","JPA","T-520-a,b","M","ASY","6x6",9,"partial",63,46.7,3,4.2,10.7,7.2,NA,NA,"blue",10.6,13.3,2,2,2,2,NA,"Not original label","","WV.Randolph","Central",38.63488,-79.88203,NA
"606682","crown","c","1",0.0643999075179297,0.0213037468575084,0.0542588735330239,0.0218956335309627,0.0680969284714234,0.0225552962293723,0.0784128120304034,0.0204989554133636,0.11894110223668,0.0400933574287744,0.0643999075179297,0.0213037468575084,79042,59.3297053856258,2552,"Setophaga caerulescens","19-Jun-88",19,"Jun",88,"Monongahela Nat'l Forest, Shaver's Fork, 1mi N Hwy 92; 1070m","Randolph","WV","GRG","JPA","T-520-a,b","M","ASY","6x6",9,"partial",63,46.7,3,4.2,10.7,7.2,NA,NA,"blue",10.6,13.3,2,2,2,2,NA,"Not original label","","WV.Randolph","Central",38.63488,-79.88203,NA
"606682","side","w","1",0.481103965574014,0.115518267421835,0.493900373210819,0.120180768673465,0.487181319637354,0.117728582839801,0.401051239776987,0.0912854437144617,0.450148573894677,0.102199570439945,0.481103965574014,0.115518267421835,32301,24.24544942766,2552,"Setophaga caerulescens","19-Jun-88",19,"Jun",88,"Monongahela Nat'l Forest, Shaver's Fork, 1mi N Hwy 92; 1070m","Randolph","WV","GRG","JPA","T-520-a,b","M","ASY","6x6",9,"partial",63,46.7,3,4.2,10.7,7.2,NA,NA,"blue",10.6,13.3,2,2,2,2,NA,"Not original label","","WV.Randolph","Central",38.63488,-79.88203,NA
"606682","dorsal","m","1",0.0377290043201483,0.00434293650104387,0.0337410794895673,0.00488817433710125,0.0392498575962423,0.00534975055955934,0.052446069225515,0.00701260441218664,0.0643185799032966,0.00543506870184607,0.0377290043201483,0.00434293650104387,34782,26.1077125164196,2552,"Setophaga caerulescens","19-Jun-88",19,"Jun",88,"Monongahela Nat'l Forest, Shaver's Fork, 1mi N Hwy 92; 1070m","Randolph","WV","GRG","JPA","T-520-a,b","M","ASY","6x6",9,"partial",63,46.7,3,4.2,10.7,7.2,NA,NA,"blue",10.6,13.3,2,2,2,2,NA,"Not original label","","WV.Randolph","Central",38.63488,-79.88203,NA
"606682","dorsal","m","2",0.0357863098462777,0.0039385752609541,0.0318818803246036,0.00443580717565842,0.0371493859550233,0.00497976836239457,0.0510833752588227,0.0068245477785079,0.061051830783572,0.00520526999132461,0.0357863098462777,0.0039385752609541,33487,25.1356727340965,2552,"Setophaga caerulescens","19-Jun-88",19,"Jun",88,"Monongahela Nat'l Forest, Shaver's Fork, 1mi N Hwy 92; 1070m","Randolph","WV","GRG","JPA","T-520-a,b","M","ASY","6x6",9,"partial",63,46.7,3,4.2,10.7,7.2,NA,NA,"blue",10.6,13.3,2,2,2,2,NA,"Not original label","","WV.Randolph","Central",38.63488,-79.88203,NA
"606682","dorsal","m","3",0.0409904890090817,0.0060811650936086,0.0377994162212515,0.00673400882065104,0.0424596123878739,0.00698732282570615,0.0544585305936921,0.00755798622191652,0.0681367129492726,0.00737911370108389,0.0409904890090817,0.0060811650936086,33487,25.1356727340965,2552,"Setophaga caerulescens","19-Jun-88",19,"Jun",88,"Monongahela Nat'l Forest, Shaver's Fork, 1mi N Hwy 92; 1070m","Randolph","WV","GRG","JPA","T-520-a,b","M","ASY","6x6",9,"partial",63,46.7,3,4.2,10.7,7.2,NA,NA,"blue",10.6,13.3,2,2,2,2,NA,"Not original label","","WV.Randolph","Central",38.63488,-79.88203,NA
"606682","side","o","1",0.0595469527532781,0.0225506152428898,0.0586137187417401,0.0254453314756966,0.0610770445138985,0.0229839711441849,0.0680973512600633,0.0174525125470788,0.0833689413260943,0.0148452447245028,0.0595469527532781,0.0225506152428898,16857,12.6530305873522,2552,"Setophaga caerulescens","19-Jun-88",19,"Jun",88,"Monongahela Nat'l Forest, Shaver's Fork, 1mi N Hwy 92; 1070m","Randolph","WV","GRG","JPA","T-520-a,b","M","ASY","6x6",9,"partial",63,46.7,3,4.2,10.7,7.2,NA,NA,"blue",10.6,13.3,2,2,2,2,NA,"Not original label","","WV.Randolph","Central",38.63488,-79.88203,NA
"606683","ventral","t","1",0.0351190794812682,0.00729687815254002,0.0306701295954118,0.00846362313294038,0.0366972400357632,0.00843671149176378,0.0502346432769361,0.00976708764753216,0.0549867134153124,0.0067001822766417,0.0351190794812682,0.00729687815254002,111407,83.6231938449991,2553,"Setophaga caerulescens","19-Jun-88",19,"Jun",88,"Monongahela Nat'l Forest, Shaver's Fork, 1mi N Hwy 92; 1070m","Randolph","WV","GRG","JPA","T-521-a,b","M","ASY","7x5",9.5,"partial",65,52,3.4,3.5,10.5,6.8,NA,NA,"blue",13.4,14,2,2,2,2,NA,"Not original label","","WV.Randolph","Central",38.63488,-79.88203,NA
"606683","dorsal","m","1",0.0540234753178674,0.0150991166308358,0.0458729793360735,0.0117719137966951,0.0554870342265951,0.0171697892588989,0.0750541967376716,0.022031917458386,0.0998167064595979,0.0165553959029343,0.0540234753178674,0.0150991166308358,33856,25.4126477763183,2553,"Setophaga caerulescens","19-Jun-88",19,"Jun",88,"Monongahela Nat'l Forest, Shaver's Fork, 1mi N Hwy 92; 1070m","Randolph","WV","GRG","JPA","T-521-a,b","M","ASY","7x5",9.5,"partial",65,52,3.4,3.5,10.5,6.8,NA,NA,"blue",13.4,14,2,2,2,2,NA,"Not original label","","WV.Randolph","Central",38.63488,-79.88203,NA
"606683","dorsal","m","2",0.0555107249875079,0.0158976306851506,0.0470454448175887,0.0128267786443189,0.0568282972700017,0.0180459937989876,0.0775619179298486,0.0223358295630764,0.100622820519968,0.019216125632611,0.0555107249875079,0.0158976306851506,32399,24.3190091949709,2553,"Setophaga caerulescens","19-Jun-88",19,"Jun",88,"Monongahela Nat'l Forest, Shaver's Fork, 1mi N Hwy 92; 1070m","Randolph","WV","GRG","JPA","T-521-a,b","M","ASY","7x5",9.5,"partial",65,52,3.4,3.5,10.5,6.8,NA,NA,"blue",13.4,14,2,2,2,2,NA,"Not original label","","WV.Randolph","Central",38.63488,-79.88203,NA
"606683","crown","c","1",0.0584182300207377,0.0210240861874525,0.0506299514579873,0.0204114717427248,0.0620642751663527,0.0224314723989593,0.0689757802766654,0.0205702521332675,0.0996526801763387,0.0334103339380771,0.0584182300207377,0.0210240861874525,115843,86.9528992306249,2553,"Setophaga caerulescens","19-Jun-88",19,"Jun",88,"Monongahela Nat'l Forest, Shaver's Fork, 1mi N Hwy 92; 1070m","Randolph","WV","GRG","JPA","T-521-a,b","M","ASY","7x5",9.5,"partial",65,52,3.4,3.5,10.5,6.8,NA,NA,"blue",13.4,14,2,2,2,2,NA,"Not original label","","WV.Randolph","Central",38.63488,-79.88203,NA
"606683","side","o","1",0.0611264461473116,0.0184586874934999,0.058269663688688,0.020587095420326,0.0626077758526311,0.0191138758854291,0.0731173098757834,0.0160214446995045,0.0881857689695328,0.0133193847248993,0.0611264461473116,0.0184586874934999,14956,11.2261212234941,2553,"Setophaga caerulescens","19-Jun-88",19,"Jun",88,"Monongahela Nat'l Forest, Shaver's Fork, 1mi N Hwy 92; 1070m","Randolph","WV","GRG","JPA","T-521-a,b","M","ASY","7x5",9.5,"partial",65,52,3.4,3.5,10.5,6.8,NA,NA,"blue",13.4,14,2,2,2,2,NA,"Not original label","","WV.Randolph","Central",38.63488,-79.88203,NA
"606683","dorsal","m","3",0.063779605850062,0.0167744234971297,0.0546104565348371,0.0130609000087113,0.0653206131891733,0.0196373212997299,0.085638846494808,0.0226269575070178,0.114518015188382,0.0133310688050078,0.063779605850062,0.0167744234971297,34410,25.8284856445862,2553,"Setophaga caerulescens","19-Jun-88",19,"Jun",88,"Monongahela Nat'l Forest, Shaver's Fork, 1mi N Hwy 92; 1070m","Randolph","WV","GRG","JPA","T-521-a,b","M","ASY","7x5",9.5,"partial",65,52,3.4,3.5,10.5,6.8,NA,NA,"blue",13.4,14,2,2,2,2,NA,"Not original label","","WV.Randolph","Central",38.63488,-79.88203,NA
"606683","side","w","1",0.416779728752568,0.128309426049057,0.424267357595346,0.134478844540062,0.420063889207567,0.13045676322394,0.364141955743091,0.10111536526536,0.421851525548806,0.087423224562789,0.416779728752568,0.128309426049057,40466,30.3741790204541,2553,"Setophaga caerulescens","19-Jun-88",19,"Jun",88,"Monongahela Nat'l Forest, Shaver's Fork, 1mi N Hwy 92; 1070m","Randolph","WV","GRG","JPA","T-521-a,b","M","ASY","7x5",9.5,"partial",65,52,3.4,3.5,10.5,6.8,NA,NA,"blue",13.4,14,2,2,2,2,NA,"Not original label","","WV.Randolph","Central",38.63488,-79.88203,NA
"606684","dorsal","m","3",0.0708136994273875,0.0115026738943774,0.0666558011876813,0.012549761431811,0.07282425187575,0.0122879404236021,0.0824918806626279,0.0120197643866344,0.114361727546675,0.0161941981369632,0.0708136994273875,0.0115026738943774,34596,25.9680990805029,2554,"Setophaga caerulescens","19-Jun-88",19,"Jun",88,"Monongahela Nat'l Forest, Shaver's Fork, 2mi N Hwy 92; 1100m","Randolph","WV","GRG","JPA","T-522-a,b","M","SY","7x4",8.5,"partial",58.3,50.9,3.4,3.8,10.7,6,NA,NA,"green",6.9,9.5,2,2,2,2,NA,"Not original label","","WV.Randolph","Central",38.63488,-79.88203,NA
"606684","dorsal","m","2",0.0628921372581908,0.00680354901493579,0.056670216280522,0.00670102940729176,0.0647479701521941,0.00793200201621078,0.07917929067659,0.0104281914733713,0.102378797687488,0.00973163245573391,0.0628921372581908,0.00680354901493579,33489,25.1371739538375,2554,"Setophaga caerulescens","19-Jun-88",19,"Jun",88,"Monongahela Nat'l Forest, Shaver's Fork, 2mi N Hwy 92; 1100m","Randolph","WV","GRG","JPA","T-522-a,b","M","SY","7x4",8.5,"partial",58.3,50.9,3.4,3.8,10.7,6,NA,NA,"green",6.9,9.5,2,2,2,2,NA,"Not original label","","WV.Randolph","Central",38.63488,-79.88203,NA
"606684","side","w","1",0.239614183783873,0.0761708211794215,0.241345370934268,0.0754031430934403,0.241799638845174,0.076440009125814,0.221917421466356,0.0690646631948753,0.280813557532941,0.107157725943952,0.239614183783873,0.0761708211794215,43032,32.3002439482079,2554,"Setophaga caerulescens","19-Jun-88",19,"Jun",88,"Monongahela Nat'l Forest, Shaver's Fork, 2mi N Hwy 92; 1100m","Randolph","WV","GRG","JPA","T-522-a,b","M","SY","7x4",8.5,"partial",58.3,50.9,3.4,3.8,10.7,6,NA,NA,"green",6.9,9.5,2,2,2,2,NA,"Not original label","","WV.Randolph","Central",38.63488,-79.88203,NA
"606684","ventral","t","1",0.0450056145151229,0.0093204134273701,0.0413038609046938,0.0107603379226626,0.0469685279355465,0.0105146901788331,0.0570158889795188,0.0103719627991836,0.0652382282129873,0.00886449298495172,0.0450056145151229,0.0093204134273701,194040,145.648339275661,2554,"Setophaga caerulescens","19-Jun-88",19,"Jun",88,"Monongahela Nat'l Forest, Shaver's Fork, 2mi N Hwy 92; 1100m","Randolph","WV","GRG","JPA","T-522-a,b","M","SY","7x4",8.5,"partial",58.3,50.9,3.4,3.8,10.7,6,NA,NA,"green",6.9,9.5,2,2,2,2,NA,"Not original label","","WV.Randolph","Central",38.63488,-79.88203,NA
"606684","dorsal","m","1",0.0626870018771734,0.00862340113287067,0.058091352047835,0.00948139747522399,0.0644756994904855,0.00948701356945553,0.0762338993852327,0.0105510133300404,0.099904937902734,0.0119553961946688,0.0626870018771734,0.00862340113287067,33854,25.4111465565772,2554,"Setophaga caerulescens","19-Jun-88",19,"Jun",88,"Monongahela Nat'l Forest, Shaver's Fork, 2mi N Hwy 92; 1100m","Randolph","WV","GRG","JPA","T-522-a,b","M","SY","7x4",8.5,"partial",58.3,50.9,3.4,3.8,10.7,6,NA,NA,"green",6.9,9.5,2,2,2,2,NA,"Not original label","","WV.Randolph","Central",38.63488,-79.88203,NA
"606684","crown","c","1",0.0751894798045471,0.0295159545121952,0.065836422524212,0.0255222674764102,0.0791304451194448,0.0320790050734675,0.0865790471353079,0.0329107833093163,0.136715259571413,0.0496879354143118,0.0751894798045471,0.0295159545121952,58168,43.6614749483956,2554,"Setophaga caerulescens","19-Jun-88",19,"Jun",88,"Monongahela Nat'l Forest, Shaver's Fork, 2mi N Hwy 92; 1100m","Randolph","WV","GRG","JPA","T-522-a,b","M","SY","7x4",8.5,"partial",58.3,50.9,3.4,3.8,10.7,6,NA,NA,"green",6.9,9.5,2,2,2,2,NA,"Not original label","","WV.Randolph","Central",38.63488,-79.88203,NA
"606684","side","o","1",0.0579016933014125,0.0151719804794025,0.0550552152866551,0.0161441782603356,0.0592378496315766,0.0160379221539026,0.0704643047496081,0.0160241350926771,0.0927959157335131,0.0214311387111585,0.0579016933014125,0.0151719804794025,22112,16.5974854569338,2554,"Setophaga caerulescens","19-Jun-88",19,"Jun",88,"Monongahela Nat'l Forest, Shaver's Fork, 2mi N Hwy 92; 1100m","Randolph","WV","GRG","JPA","T-522-a,b","M","SY","7x4",8.5,"partial",58.3,50.9,3.4,3.8,10.7,6,NA,NA,"green",6.9,9.5,2,2,2,2,NA,"Not original label","","WV.Randolph","Central",38.63488,-79.88203,NA
"606690","crown","c","1",0.0703362577193364,0.0241850551997761,0.0607217368835923,0.0231924001287424,0.0741324945320809,0.0254100559235163,0.0829341355304774,0.0252228929687115,0.136657359934457,0.0494353091911533,0.0703362577193364,0.0241850551997761,68828,51.6629761681366,2562,"Setophaga caerulescens","19-Jun-88",19,"Jun",88,"Monongahela Nat'l Forest, Shaver's Fork, 4mi N Hwy 92; 1050m","Randolph","WV","GRG","JPA","T-530-a,b","M","SY","7.5x5, 5.5x5",9,"partial",62.2,54.8,2.9,3.9,11.2,7.4,NA,NA,"green",11.2,11.1,2,2,2,2,NA,"Not original label","","WV.Randolph","Central",38.63488,-79.88203,NA
"606690","side","w","1",0.422926631128061,0.081777159529558,0.432397194344083,0.086522749988101,0.425374588660441,0.083816045969233,0.368567014454739,0.0652583598579044,0.417870036675453,0.0692812679289078,0.422926631128061,0.081777159529558,19075,14.3178832801651,2562,"Setophaga caerulescens","19-Jun-88",19,"Jun",88,"Monongahela Nat'l Forest, Shaver's Fork, 4mi N Hwy 92; 1050m","Randolph","WV","GRG","JPA","T-530-a,b","M","SY","7.5x5, 5.5x5",9,"partial",62.2,54.8,2.9,3.9,11.2,7.4,NA,NA,"green",11.2,11.1,2,2,2,2,NA,"Not original label","","WV.Randolph","Central",38.63488,-79.88203,NA
"606690","side","o","1",0.0811263913402625,0.0222589516422884,0.0820969603106703,0.0241117231002395,0.0824463390966603,0.0232398278896591,0.0858924817064702,0.0186563540967265,0.101562510077186,0.021739130607424,0.0811263913402625,0.0222589516422884,14952,11.223118784012,2562,"Setophaga caerulescens","19-Jun-88",19,"Jun",88,"Monongahela Nat'l Forest, Shaver's Fork, 4mi N Hwy 92; 1050m","Randolph","WV","GRG","JPA","T-530-a,b","M","SY","7.5x5, 5.5x5",9,"partial",62.2,54.8,2.9,3.9,11.2,7.4,NA,NA,"green",11.2,11.1,2,2,2,2,NA,"Not original label","","WV.Randolph","Central",38.63488,-79.88203,NA
"606690","dorsal","m","2",0.0683525873034092,0.0076061194936228,0.0627465230102369,0.00793317417026677,0.0705764784860618,0.00835782336239509,0.0815777663854034,0.00983782662274362,0.104225535799815,0.010011770732741,0.0683525873034092,0.0076061194936228,32942,24.7265903546632,2562,"Setophaga caerulescens","19-Jun-88",19,"Jun",88,"Monongahela Nat'l Forest, Shaver's Fork, 4mi N Hwy 92; 1050m","Randolph","WV","GRG","JPA","T-530-a,b","M","SY","7.5x5, 5.5x5",9,"partial",62.2,54.8,2.9,3.9,11.2,7.4,NA,NA,"green",11.2,11.1,2,2,2,2,NA,"Not original label","","WV.Randolph","Central",38.63488,-79.88203,NA
"606690","dorsal","m","3",0.0727591339398785,0.00971457951262178,0.0674172993279155,0.0106721318121773,0.0750035754572467,0.0103356355454798,0.0852620781381929,0.0104636062955901,0.107478849720833,0.013503936825106,0.0727591339398785,0.00971457951262178,32399,24.3190091949709,2562,"Setophaga caerulescens","19-Jun-88",19,"Jun",88,"Monongahela Nat'l Forest, Shaver's Fork, 4mi N Hwy 92; 1050m","Randolph","WV","GRG","JPA","T-530-a,b","M","SY","7.5x5, 5.5x5",9,"partial",62.2,54.8,2.9,3.9,11.2,7.4,NA,NA,"green",11.2,11.1,2,2,2,2,NA,"Not original label","","WV.Randolph","Central",38.63488,-79.88203,NA
"606690","ventral","t","1",0.0448589338080491,0.00875398229021459,0.0396713263073035,0.00978628705926165,0.0465888836264559,0.00998632067376556,0.0599066898517012,0.0113289048574919,0.0635052116102668,0.00945503683493749,0.0448589338080491,0.00875398229021459,98741,74.1159692249953,2562,"Setophaga caerulescens","19-Jun-88",19,"Jun",88,"Monongahela Nat'l Forest, Shaver's Fork, 4mi N Hwy 92; 1050m","Randolph","WV","GRG","JPA","T-530-a,b","M","SY","7.5x5, 5.5x5",9,"partial",62.2,54.8,2.9,3.9,11.2,7.4,NA,NA,"green",11.2,11.1,2,2,2,2,NA,"Not original label","","WV.Randolph","Central",38.63488,-79.88203,NA
"606690","dorsal","m","1",0.0730472944576135,0.0112162276642177,0.0670472808473228,0.0122244060596625,0.0752854461499818,0.0118020355202662,0.0864457743396184,0.0113325105088117,0.111734329238599,0.0153893364436659,0.0730472944576135,0.0112162276642177,34596,25.9680990805029,2562,"Setophaga caerulescens","19-Jun-88",19,"Jun",88,"Monongahela Nat'l Forest, Shaver's Fork, 4mi N Hwy 92; 1050m","Randolph","WV","GRG","JPA","T-530-a,b","M","SY","7.5x5, 5.5x5",9,"partial",62.2,54.8,2.9,3.9,11.2,7.4,NA,NA,"green",11.2,11.1,2,2,2,2,NA,"Not original label","","WV.Randolph","Central",38.63488,-79.88203,NA
"606695","dorsal","m","3",0.0651865712303897,0.0166585847962764,0.0617050862702898,0.0162523815255562,0.0670429000937996,0.0182240284741551,0.0767379435313222,0.0174489657094233,0.0944998712221228,0.0168656299942588,0.0651865712303897,0.0166585847962764,34410,25.8284856445862,2567,"Setophaga caerulescens","19-Jun-88",19,"Jun",88,"Monongahela Nat'l Forest, Shaver's Fork, 4mi N Hwy 92; 1100m","Randolph","WV","GRG","JPA","T-535-a,b","M","SY","8x6, NA",9.5,"partial",61.9,51.3,3.4,3.9,10.5,6.8,NA,NA,"green",12.5,11.6,2,3,2,2,NA,"R testis not enlarged; not original label","","WV.Randolph","Central",38.63488,-79.88203,19.73
"606695","side","o","1",0.072372154338403,0.0105160692827699,0.0721233415517104,0.011611196504713,0.073916801261925,0.0111897681726854,0.0788316199819428,0.0112181353566417,0.0986065297476267,0.0271524549752905,0.072372154338403,0.0105160692827699,8741,6.56108087821355,2567,"Setophaga caerulescens","19-Jun-88",19,"Jun",88,"Monongahela Nat'l Forest, Shaver's Fork, 4mi N Hwy 92; 1100m","Randolph","WV","GRG","JPA","T-535-a,b","M","SY","8x6, NA",9.5,"partial",61.9,51.3,3.4,3.9,10.5,6.8,NA,NA,"green",12.5,11.6,2,3,2,2,NA,"R testis not enlarged; not original label","","WV.Randolph","Central",38.63488,-79.88203,19.73
"606695","crown","c","1",0.0619225371752301,0.0203371291262308,0.052822496142003,0.0177282856402186,0.0654485243145426,0.0218687659405744,0.0749256602234957,0.0245572500283837,0.120324652109152,0.036369799785791,0.0619225371752301,0.0203371291262308,61936,46.4897729405142,2567,"Setophaga caerulescens","19-Jun-88",19,"Jun",88,"Monongahela Nat'l Forest, Shaver's Fork, 4mi N Hwy 92; 1100m","Randolph","WV","GRG","JPA","T-535-a,b","M","SY","8x6, NA",9.5,"partial",61.9,51.3,3.4,3.9,10.5,6.8,NA,NA,"green",12.5,11.6,2,3,2,2,NA,"R testis not enlarged; not original label","","WV.Randolph","Central",38.63488,-79.88203,19.73
"606695","side","w","1",0.30724323549396,0.0892452251773543,0.314976030797232,0.0911493163812559,0.30998246513825,0.0907978038599589,0.272967097003944,0.0768153638098419,0.29774966012665,0.0735344909360415,0.30724323549396,0.0892452251773543,40374,30.3051229123663,2567,"Setophaga caerulescens","19-Jun-88",19,"Jun",88,"Monongahela Nat'l Forest, Shaver's Fork, 4mi N Hwy 92; 1100m","Randolph","WV","GRG","JPA","T-535-a,b","M","SY","8x6, NA",9.5,"partial",61.9,51.3,3.4,3.9,10.5,6.8,NA,NA,"green",12.5,11.6,2,3,2,2,NA,"R testis not enlarged; not original label","","WV.Randolph","Central",38.63488,-79.88203,19.73
"606695","ventral","t","1",0.0511799804728578,0.0110969688160892,0.0465623431293285,0.012458591863254,0.0533698076514229,0.0116635268724001,0.0634866392705072,0.0103966318800261,0.0664385275164773,0.0112582209569505,0.0511799804728578,0.0110969688160892,139008,104.340776881216,2567,"Setophaga caerulescens","19-Jun-88",19,"Jun",88,"Monongahela Nat'l Forest, Shaver's Fork, 4mi N Hwy 92; 1100m","Randolph","WV","GRG","JPA","T-535-a,b","M","SY","8x6, NA",9.5,"partial",61.9,51.3,3.4,3.9,10.5,6.8,NA,NA,"green",12.5,11.6,2,3,2,2,NA,"R testis not enlarged; not original label","","WV.Randolph","Central",38.63488,-79.88203,19.73
"606695","dorsal","m","1",0.0586319852313933,0.0135855007024002,0.0550284533614366,0.0135897244593626,0.0603611436940675,0.0151025534981455,0.071078175298192,0.0146291102835545,0.081994926695705,0.0110790421854861,0.0586319852313933,0.0135855007024002,32942,24.7265903546632,2567,"Setophaga caerulescens","19-Jun-88",19,"Jun",88,"Monongahela Nat'l Forest, Shaver's Fork, 4mi N Hwy 92; 1100m","Randolph","WV","GRG","JPA","T-535-a,b","M","SY","8x6, NA",9.5,"partial",61.9,51.3,3.4,3.9,10.5,6.8,NA,NA,"green",12.5,11.6,2,3,2,2,NA,"R testis not enlarged; not original label","","WV.Randolph","Central",38.63488,-79.88203,19.73
"606695","dorsal","m","2",0.0665546443579711,0.0167756809524075,0.0635879925428572,0.0174811953220924,0.0685148090798727,0.0180891618051111,0.0767416226038161,0.016596491185342,0.0933841845611832,0.016272917563716,0.0665546443579711,0.0167756809524075,33489,25.1371739538375,2567,"Setophaga caerulescens","19-Jun-88",19,"Jun",88,"Monongahela Nat'l Forest, Shaver's Fork, 4mi N Hwy 92; 1100m","Randolph","WV","GRG","JPA","T-535-a,b","M","SY","8x6, NA",9.5,"partial",61.9,51.3,3.4,3.9,10.5,6.8,NA,NA,"green",12.5,11.6,2,3,2,2,NA,"R testis not enlarged; not original label","","WV.Randolph","Central",38.63488,-79.88203,19.73
"606696","side","w","1",0.257376835565181,0.0839473567830195,0.257088088383911,0.0810236982250718,0.261604011227364,0.0847183964462837,0.237253295677099,0.0772140392898052,0.324583685559986,0.0715211703907252,0.257376835565181,0.0839473567830195,19165,14.3854381685119,2568,"Setophaga caerulescens","19-Jun-88",19,"Jun",88,"Monongahela Nat'l Forest, Shaver's Fork, 4mi N Hwy 92; 1100m","Randolph","WV","GRG","JPA","T-563-a,b","M","SY","8x5, NA",9,"partial",63.7,52.5,3,4.2,10.5,6.9,NA,NA,"green",9.2,8.6,2,2,2,2,NA,"R testis not enlarged; not original label","","WV.Randolph","Central",38.63488,-79.88203,19.12
"606696","ventral","t","1",0.0408361740270799,0.00896826782234011,0.0358996414409746,0.00993522649914665,0.0422834745806262,0.0101975967917704,0.0569928178447904,0.0116790190018489,0.0562715352699234,0.00875882059117509,0.0408361740270799,0.00896826782234011,170387,127.894164008257,2568,"Setophaga caerulescens","19-Jun-88",19,"Jun",88,"Monongahela Nat'l Forest, Shaver's Fork, 4mi N Hwy 92; 1100m","Randolph","WV","GRG","JPA","T-563-a,b","M","SY","8x5, NA",9,"partial",63.7,52.5,3,4.2,10.5,6.9,NA,NA,"green",9.2,8.6,2,2,2,2,NA,"R testis not enlarged; not original label","","WV.Randolph","Central",38.63488,-79.88203,19.12
"606696","dorsal","m","3",0.0813993524212812,0.0226875334534019,0.0741179767992273,0.0181210700771611,0.0836225112000823,0.0258244915263895,0.0969173695269092,0.0286244131007574,0.124305664124419,0.0156888650576197,0.0813993524212812,0.0226875334534019,34596,25.9680990805029,2568,"Setophaga caerulescens","19-Jun-88",19,"Jun",88,"Monongahela Nat'l Forest, Shaver's Fork, 4mi N Hwy 92; 1100m","Randolph","WV","GRG","JPA","T-563-a,b","M","SY","8x5, NA",9,"partial",63.7,52.5,3,4.2,10.5,6.9,NA,NA,"green",9.2,8.6,2,2,2,2,NA,"R testis not enlarged; not original label","","WV.Randolph","Central",38.63488,-79.88203,19.12
"606696","crown","c","1",0.0914347232196446,0.031390625908907,0.0736700919494985,0.0260471530135096,0.0955803382560582,0.0347129907693255,0.113816438358334,0.0363021802545273,0.210889292232011,0.0536171090864384,0.0914347232196446,0.031390625908907,96449,72.3955714017639,2568,"Setophaga caerulescens","19-Jun-88",19,"Jun",88,"Monongahela Nat'l Forest, Shaver's Fork, 4mi N Hwy 92; 1100m","Randolph","WV","GRG","JPA","T-563-a,b","M","SY","8x5, NA",9,"partial",63.7,52.5,3,4.2,10.5,6.9,NA,NA,"green",9.2,8.6,2,2,2,2,NA,"R testis not enlarged; not original label","","WV.Randolph","Central",38.63488,-79.88203,19.12
"606696","side","o","1",0.0920735450880282,0.0166863530033919,0.0946557483599489,0.0191697388404537,0.093469421010742,0.0172507620396434,0.0928753026462724,0.0130249452010066,0.111150879184137,0.0108550344981742,0.0920735450880282,0.0166863530033919,6634,4.97954588102834,2568,"Setophaga caerulescens","19-Jun-88",19,"Jun",88,"Monongahela Nat'l Forest, Shaver's Fork, 4mi N Hwy 92; 1100m","Randolph","WV","GRG","JPA","T-563-a,b","M","SY","8x5, NA",9,"partial",63.7,52.5,3,4.2,10.5,6.9,NA,NA,"green",9.2,8.6,2,2,2,2,NA,"R testis not enlarged; not original label","","WV.Randolph","Central",38.63488,-79.88203,19.12
"606696","dorsal","m","2",0.0806443540319643,0.0200071330066472,0.0709888946643047,0.0160572579026117,0.0832646909716714,0.0235620760976187,0.0990576807259756,0.0275967394342317,0.120618569750831,0.0148317941280727,0.0806443540319643,0.0200071330066472,34969,26.2480765622068,2568,"Setophaga caerulescens","19-Jun-88",19,"Jun",88,"Monongahela Nat'l Forest, Shaver's Fork, 4mi N Hwy 92; 1100m","Randolph","WV","GRG","JPA","T-563-a,b","M","SY","8x5, NA",9,"partial",63.7,52.5,3,4.2,10.5,6.9,NA,NA,"green",9.2,8.6,2,2,2,2,NA,"R testis not enlarged; not original label","","WV.Randolph","Central",38.63488,-79.88203,19.12
"606696","dorsal","m","1",0.0760266501679283,0.0198839405570522,0.0682234749885582,0.0160132281113979,0.07819842430845,0.0225574866574189,0.0930204251431712,0.0265819346687179,0.116789392515316,0.0164793912395534,0.0760266501679283,0.0198839405570522,33123,24.8624507412272,2568,"Setophaga caerulescens","19-Jun-88",19,"Jun",88,"Monongahela Nat'l Forest, Shaver's Fork, 4mi N Hwy 92; 1100m","Randolph","WV","GRG","JPA","T-563-a,b","M","SY","8x5, NA",9,"partial",63.7,52.5,3,4.2,10.5,6.9,NA,NA,"green",9.2,8.6,2,2,2,2,NA,"R testis not enlarged; not original label","","WV.Randolph","Central",38.63488,-79.88203,19.12
"606697","dorsal","m","1",0.0601729459784254,0.00982521020828206,0.0550376471730382,0.00813285503024178,0.0618899991480077,0.0109192681368876,0.0751601918469519,0.0143007984317527,0.0813139856119086,0.0173605933005084,0.0601729459784254,0.00982521020828206,33856,25.4126477763183,2569,"Setophaga caerulescens","21-Jun-88",21,"Jun",88,"Monogahela Nat'l Forest; Gauley River; 2mi E Gauley Mills; 660M","Webster","WV","GRG","JPA","537-a,b","M","ASY","9x5.5, NA",9,"partial",65.1,51.2,3.1,3.2,9.4,6.5,NA,NA,"blue",15.8,16,2,2,2,2,NA,"","","WV.Webster","Central",38.3614987,-80.5834224,NA
"606697","dorsal","m","2",0.0627612254936692,0.0112542687514516,0.0574724011103707,0.0102239772627832,0.0645034909847851,0.0124102968896143,0.0777715209064594,0.0147090431246869,0.0880523049933235,0.0175343122955461,0.0627612254936692,0.0112542687514516,33489,25.1371739538375,2569,"Setophaga caerulescens","21-Jun-88",21,"Jun",88,"Monogahela Nat'l Forest; Gauley River; 2mi E Gauley Mills; 660M","Webster","WV","GRG","JPA","537-a,b","M","ASY","9x5.5, NA",9,"partial",65.1,51.2,3.1,3.2,9.4,6.5,NA,NA,"blue",15.8,16,2,2,2,2,NA,"","","WV.Webster","Central",38.3614987,-80.5834224,NA
"606697","dorsal","m","3",0.0606240693239248,0.00934369597361406,0.056190044608604,0.00818078124619271,0.062335557365534,0.010506910726271,0.0744594954645989,0.013246640778424,0.0809104135447541,0.015877484866406,0.0606240693239248,0.00934369597361406,33124,24.8632013510978,2569,"Setophaga caerulescens","21-Jun-88",21,"Jun",88,"Monogahela Nat'l Forest; Gauley River; 2mi E Gauley Mills; 660M","Webster","WV","GRG","JPA","537-a,b","M","ASY","9x5.5, NA",9,"partial",65.1,51.2,3.1,3.2,9.4,6.5,NA,NA,"blue",15.8,16,2,2,2,2,NA,"","","WV.Webster","Central",38.3614987,-80.5834224,NA
"606697","side","o","1",0.0617278775049042,0.00678478741232137,0.0610985863592612,0.00759888081912518,0.0638181920532422,0.00727132175169239,0.0684729821100373,0.00716924396875789,0.073298765581996,0.00917590966642205,0.0617278775049042,0.00678478741232137,6826,5.12366297616814,2569,"Setophaga caerulescens","21-Jun-88",21,"Jun",88,"Monogahela Nat'l Forest; Gauley River; 2mi E Gauley Mills; 660M","Webster","WV","GRG","JPA","537-a,b","M","ASY","9x5.5, NA",9,"partial",65.1,51.2,3.1,3.2,9.4,6.5,NA,NA,"blue",15.8,16,2,2,2,2,NA,"","","WV.Webster","Central",38.3614987,-80.5834224,NA
"606697","crown","c","1",0.0746932661767846,0.0350427450066342,0.0589057827743469,0.0320012703159456,0.0794648627699875,0.0382442862300897,0.0935940198345113,0.0373456473807499,0.171724650920081,0.0610318259800328,0.0746932661767846,0.0350427450066342,86150,64.6650403452805,2569,"Setophaga caerulescens","21-Jun-88",21,"Jun",88,"Monogahela Nat'l Forest; Gauley River; 2mi E Gauley Mills; 660M","Webster","WV","GRG","JPA","537-a,b","M","ASY","9x5.5, NA",9,"partial",65.1,51.2,3.1,3.2,9.4,6.5,NA,NA,"blue",15.8,16,2,2,2,2,NA,"","","WV.Webster","Central",38.3614987,-80.5834224,NA
"606697","ventral","t","1",0.0459598196222735,0.00551621439497872,0.0445964811928609,0.00631784239587228,0.0477548115463376,0.00653454737653451,0.0550628512587166,0.00761396458591069,0.0432220791970448,0.00707375855932056,0.0459598196222735,0.00551621439497872,125559,94.2458247325952,2569,"Setophaga caerulescens","21-Jun-88",21,"Jun",88,"Monogahela Nat'l Forest; Gauley River; 2mi E Gauley Mills; 660M","Webster","WV","GRG","JPA","537-a,b","M","ASY","9x5.5, NA",9,"partial",65.1,51.2,3.1,3.2,9.4,6.5,NA,NA,"blue",15.8,16,2,2,2,2,NA,"","","WV.Webster","Central",38.3614987,-80.5834224,NA
"606697","side","w","1",0.395804970712383,0.103932581394866,0.398774646969553,0.10405138378036,0.399575750113806,0.104342281971487,0.341968186130757,0.0883976020230803,0.439171801877709,0.122820267259783,0.395804970712383,0.103932581394866,65031,48.8129104897729,2569,"Setophaga caerulescens","21-Jun-88",21,"Jun",88,"Monogahela Nat'l Forest; Gauley River; 2mi E Gauley Mills; 660M","Webster","WV","GRG","JPA","537-a,b","M","ASY","9x5.5, NA",9,"partial",65.1,51.2,3.1,3.2,9.4,6.5,NA,NA,"blue",15.8,16,2,2,2,2,NA,"","","WV.Webster","Central",38.3614987,-80.5834224,NA
"606698","dorsal","m","2",0.0790928743137414,0.00681885696865158,0.0730614995813992,0.00711245139403462,0.0814028571454339,0.00851681001515414,0.0923812482685015,0.0118238304269012,0.113258739169464,0.011701559048644,0.0790928743137414,0.00681885696865158,33856,25.4126477763183,2570,"Setophaga caerulescens","21-Jun-88",21,"Jun",88,"Monogahela Nat'l Forest;Gauley River, 2mi E. Gauley Mills","Webster","WV","GRG","JPA","538-a,b","M","SY","5x3.5",9.45,"partial",64.7,53.7,3,4.1,9.5,7.4,NA,NA,"green",16.4,14.4,2,2,2,2,NA,"660m elev;  not original label","side very misaligned, but aligned based on wingspot","WV.Webster","Central",38.3614987,-80.5834224,NA
"606698","side","w","1",0.335720580678988,0.0859730795347522,0.339273651809922,0.0892140193302592,0.340103637079558,0.086870447714046,0.295866996564733,0.0688008108678414,0.366386809460333,0.0753902055330636,0.335720580678988,0.0859730795347522,55723,41.8262338149747,2570,"Setophaga caerulescens","21-Jun-88",21,"Jun",88,"Monogahela Nat'l Forest;Gauley River, 2mi E. Gauley Mills","Webster","WV","GRG","JPA","538-a,b","M","SY","5x3.5",9.45,"partial",64.7,53.7,3,4.1,9.5,7.4,NA,NA,"green",16.4,14.4,2,2,2,2,NA,"660m elev;  not original label","side very misaligned, but aligned based on wingspot","WV.Webster","Central",38.3614987,-80.5834224,NA
"606698","dorsal","m","3",0.0783723250951041,0.00608132990785917,0.0729861137305317,0.00667154821300903,0.0806807248764729,0.00786889890635691,0.0906175245205427,0.0110473712769625,0.111418736902226,0.0099501569681013,0.0783723250951041,0.00608132990785917,32761,24.5907299680991,2570,"Setophaga caerulescens","21-Jun-88",21,"Jun",88,"Monogahela Nat'l Forest;Gauley River, 2mi E. Gauley Mills","Webster","WV","GRG","JPA","538-a,b","M","SY","5x3.5",9.45,"partial",64.7,53.7,3,4.1,9.5,7.4,NA,NA,"green",16.4,14.4,2,2,2,2,NA,"660m elev;  not original label","side very misaligned, but aligned based on wingspot","WV.Webster","Central",38.3614987,-80.5834224,NA
"606698","crown","c","1",0.0557252730988923,0.0219704005002526,0.0470157725700028,0.0199521130958164,0.0598865045776141,0.02426855002246,0.0668459633969357,0.0250372918266625,0.10942345595425,0.0383618500774226,0.0557252730988923,0.0219704005002526,94423,70.8748358040908,2570,"Setophaga caerulescens","21-Jun-88",21,"Jun",88,"Monogahela Nat'l Forest;Gauley River, 2mi E. Gauley Mills","Webster","WV","GRG","JPA","538-a,b","M","SY","5x3.5",9.45,"partial",64.7,53.7,3,4.1,9.5,7.4,NA,NA,"green",16.4,14.4,2,2,2,2,NA,"660m elev;  not original label","side very misaligned, but aligned based on wingspot","WV.Webster","Central",38.3614987,-80.5834224,NA
"606698","dorsal","m","1",0.0750907316441007,0.00743261990369901,0.0702208381411664,0.0074822083602534,0.0772847378501119,0.00882102160193782,0.0868887638407707,0.0121326678865704,0.10275928357691,0.0150465855279007,0.0750907316441007,0.00743261990369901,32942,24.7265903546632,2570,"Setophaga caerulescens","21-Jun-88",21,"Jun",88,"Monogahela Nat'l Forest;Gauley River, 2mi E. Gauley Mills","Webster","WV","GRG","JPA","538-a,b","M","SY","5x3.5",9.45,"partial",64.7,53.7,3,4.1,9.5,7.4,NA,NA,"green",16.4,14.4,2,2,2,2,NA,"660m elev;  not original label","side very misaligned, but aligned based on wingspot","WV.Webster","Central",38.3614987,-80.5834224,NA
"606698","ventral","t","1",0.0556027443482314,0.0113870747329952,0.055510376220045,0.0125104801762746,0.0573855803648402,0.0119584821201876,0.0615396511926032,0.0121109710427298,0.0579579395279049,0.0135172809167299,0.0556027443482314,0.0113870747329952,176218,132.270970163258,2570,"Setophaga caerulescens","21-Jun-88",21,"Jun",88,"Monogahela Nat'l Forest;Gauley River, 2mi E. Gauley Mills","Webster","WV","GRG","JPA","538-a,b","M","SY","5x3.5",9.45,"partial",64.7,53.7,3,4.1,9.5,7.4,NA,NA,"green",16.4,14.4,2,2,2,2,NA,"660m elev;  not original label","side very misaligned, but aligned based on wingspot","WV.Webster","Central",38.3614987,-80.5834224,NA
"606698","side","o","1",0.0947977304398539,0.0217872758915548,0.10030374446722,0.0259837837117002,0.0967277308223127,0.0221622900981542,0.0893133019490102,0.0146207630581282,0.100693587306526,0.0121756319688106,0.0947977304398539,0.0217872758915548,7389,5.54625633327078,2570,"Setophaga caerulescens","21-Jun-88",21,"Jun",88,"Monogahela Nat'l Forest;Gauley River, 2mi E. Gauley Mills","Webster","WV","GRG","JPA","538-a,b","M","SY","5x3.5",9.45,"partial",64.7,53.7,3,4.1,9.5,7.4,NA,NA,"green",16.4,14.4,2,2,2,2,NA,"660m elev;  not original label","side very misaligned, but aligned based on wingspot","WV.Webster","Central",38.3614987,-80.5834224,NA
"606699","side","w","1",0.410838077195637,0.0988988973646012,0.403207996085276,0.100622975499821,0.409945300747929,0.0992197571883488,0.372821797286455,0.0825873602010186,0.502937421346236,0.0994766228116487,0.410838077195637,0.0988988973646012,56510,42.4169637830737,2571,"Setophaga caerulescens","21-Jun-88",21,"Jun",88,"Monogahela Nat'l Forest;Gauley River, 2mi E. Gauley Mills","Webster","WV","GRG","JPA","539-a,b","M","ASY",NA,10,"partial",64.7,56.6,3.1,4.1,10.2,7.2,NA,NA,"blue",12.8,NA,2,2,2,2,NA,"660m elev;  not original label; gonads not seen; some R wing primaries broken","","WV.Webster","Central",38.3614987,-80.5834224,NA
"606699","crown","c","1",0.0829537943652385,0.0322163820397844,0.065623615555791,0.0252145145148103,0.0873234386619225,0.0343089159467185,0.104897691392105,0.0446690069638163,0.182605366774737,0.0523999257849391,0.0829537943652385,0.0322163820397844,79820,59.9136798648902,2571,"Setophaga caerulescens","21-Jun-88",21,"Jun",88,"Monogahela Nat'l Forest;Gauley River, 2mi E. Gauley Mills","Webster","WV","GRG","JPA","539-a,b","M","ASY",NA,10,"partial",64.7,56.6,3.1,4.1,10.2,7.2,NA,NA,"blue",12.8,NA,2,2,2,2,NA,"660m elev;  not original label; gonads not seen; some R wing primaries broken","","WV.Webster","Central",38.3614987,-80.5834224,NA
"606699","dorsal","m","2",0.0767021164721438,0.0118513454838184,0.0684336666165074,0.0082218094479472,0.079283099824272,0.0128418198357945,0.0931099694008115,0.0190452592961564,0.115460726322646,0.019048121757007,0.0767021164721438,0.0118513454838184,32761,24.5907299680991,2571,"Setophaga caerulescens","21-Jun-88",21,"Jun",88,"Monogahela Nat'l Forest;Gauley River, 2mi E. Gauley Mills","Webster","WV","GRG","JPA","539-a,b","M","ASY",NA,10,"partial",64.7,56.6,3.1,4.1,10.2,7.2,NA,NA,"blue",12.8,NA,2,2,2,2,NA,"660m elev;  not original label; gonads not seen; some R wing primaries broken","","WV.Webster","Central",38.3614987,-80.5834224,NA
"606699","ventral","t","1",0.0453960343569962,0.00705781209739734,0.0435731806360953,0.00758904719415224,0.0471496946049318,0.00780973489097423,0.0549440371341393,0.00842669974341635,0.0464549385305988,0.00896246265704761,0.0453960343569962,0.00705781209739734,138679,104.093826233815,2571,"Setophaga caerulescens","21-Jun-88",21,"Jun",88,"Monogahela Nat'l Forest;Gauley River, 2mi E. Gauley Mills","Webster","WV","GRG","JPA","539-a,b","M","ASY",NA,10,"partial",64.7,56.6,3.1,4.1,10.2,7.2,NA,NA,"blue",12.8,NA,2,2,2,2,NA,"660m elev;  not original label; gonads not seen; some R wing primaries broken","","WV.Webster","Central",38.3614987,-80.5834224,NA
"606699","dorsal","m","3",0.0797975991662888,0.0119084377189447,0.0701862730435367,0.00778679364729162,0.0824113328874447,0.0129036784309704,0.0981347026166725,0.0195687241658598,0.124900047320124,0.0150145412645597,0.0797975991662888,0.0119084377189447,32761,24.5907299680991,2571,"Setophaga caerulescens","21-Jun-88",21,"Jun",88,"Monogahela Nat'l Forest;Gauley River, 2mi E. Gauley Mills","Webster","WV","GRG","JPA","539-a,b","M","ASY",NA,10,"partial",64.7,56.6,3.1,4.1,10.2,7.2,NA,NA,"blue",12.8,NA,2,2,2,2,NA,"660m elev;  not original label; gonads not seen; some R wing primaries broken","","WV.Webster","Central",38.3614987,-80.5834224,NA
"606699","dorsal","m","1",0.0728489851062897,0.0117593743586332,0.0643677292156628,0.00794512117216589,0.0751821404698552,0.0126150288807614,0.0906645498672302,0.0191523176800529,0.112159733734746,0.0168872400396771,0.0728489851062897,0.0117593743586332,32760,24.5899793582286,2571,"Setophaga caerulescens","21-Jun-88",21,"Jun",88,"Monogahela Nat'l Forest;Gauley River, 2mi E. Gauley Mills","Webster","WV","GRG","JPA","539-a,b","M","ASY",NA,10,"partial",64.7,56.6,3.1,4.1,10.2,7.2,NA,NA,"blue",12.8,NA,2,2,2,2,NA,"660m elev;  not original label; gonads not seen; some R wing primaries broken","","WV.Webster","Central",38.3614987,-80.5834224,NA
"606699","side","o","1",0.0686800625253956,0.0316583874475069,0.0688567408481034,0.034744447739465,0.070089348812504,0.0327274707521239,0.0753265570503159,0.024851153440191,0.0789454120914736,0.0272782543753055,0.0686800625253956,0.0316583874475069,7232,5.42841058359917,2571,"Setophaga caerulescens","21-Jun-88",21,"Jun",88,"Monogahela Nat'l Forest;Gauley River, 2mi E. Gauley Mills","Webster","WV","GRG","JPA","539-a,b","M","ASY",NA,10,"partial",64.7,56.6,3.1,4.1,10.2,7.2,NA,NA,"blue",12.8,NA,2,2,2,2,NA,"660m elev;  not original label; gonads not seen; some R wing primaries broken","","WV.Webster","Central",38.3614987,-80.5834224,NA
"606700","crown","c","1",0.0531457916247881,0.019440643891149,0.0424788103689298,0.019026148919058,0.0567287893024933,0.0199591639781933,0.070095664307653,0.02316018006138,0.118679344854273,0.0495504089691214,0.0531457916247881,0.019440643891149,122196,91.7215237380371,2572,"Setophaga caerulescens","21-Jun-88",21,"Jun",88,"Monogahela Nat'l Forest;Gauley River, 2mi E. Gauley Mills","Webster","WV","GRG","JPA","540-a,b","M","ASY",NA,9,"partial",64.2,52.6,3.1,3.9,9.9,7.3,NA,NA,"blue",13.5,14.8,2,2,2,2,NA,"660m elev; testes destroyed; not original label","","WV.Webster","Central",38.3614987,-80.5834224,NA
"606700","side","o","1",0.0669638766816099,0.0155378300002364,0.0682850253800806,0.0175882198240824,0.0685765185567024,0.0162260319409711,0.0712577711632533,0.0148058155109993,0.0746028226211116,0.010576593364462,0.0669638766816099,0.0155378300002364,3219,2.41621317320323,2572,"Setophaga caerulescens","21-Jun-88",21,"Jun",88,"Monogahela Nat'l Forest;Gauley River, 2mi E. Gauley Mills","Webster","WV","GRG","JPA","540-a,b","M","ASY",NA,9,"partial",64.2,52.6,3.1,3.9,9.9,7.3,NA,NA,"blue",13.5,14.8,2,2,2,2,NA,"660m elev; testes destroyed; not original label","","WV.Webster","Central",38.3614987,-80.5834224,NA
"606700","ventral","t","1",0.0471785311728025,0.00531149279272041,0.0456112112877758,0.00640029613937596,0.0488380887348192,0.00659671225103604,0.0573462832977541,0.00822002729948517,0.0501443293877709,0.00716477549825371,0.0471785311728025,0.00531149279272041,143751,107.900919497091,2572,"Setophaga caerulescens","21-Jun-88",21,"Jun",88,"Monogahela Nat'l Forest;Gauley River, 2mi E. Gauley Mills","Webster","WV","GRG","JPA","540-a,b","M","ASY",NA,9,"partial",64.2,52.6,3.1,3.9,9.9,7.3,NA,NA,"blue",13.5,14.8,2,2,2,2,NA,"660m elev; testes destroyed; not original label","","WV.Webster","Central",38.3614987,-80.5834224,NA
"606700","side","w","1",0.417625828202204,0.110947460490239,0.413977064166597,0.110841956404826,0.414345701911426,0.109094202949657,0.379838516917775,0.0991065565954903,0.50194303369073,0.136021129681122,0.417625828202204,0.110947460490239,66026,49.5597673109401,2572,"Setophaga caerulescens","21-Jun-88",21,"Jun",88,"Monogahela Nat'l Forest;Gauley River, 2mi E. Gauley Mills","Webster","WV","GRG","JPA","540-a,b","M","ASY",NA,9,"partial",64.2,52.6,3.1,3.9,9.9,7.3,NA,NA,"blue",13.5,14.8,2,2,2,2,NA,"660m elev; testes destroyed; not original label","","WV.Webster","Central",38.3614987,-80.5834224,NA
"606700","dorsal","m","2",0.0579509466636821,0.00827061730956925,0.053521687403518,0.00758575510292167,0.0596324566112622,0.00955946114907807,0.0724244913230146,0.0129518850791317,0.0792285660556233,0.0175610943310262,0.0579509466636821,0.00827061730956925,32399,24.3190091949709,2572,"Setophaga caerulescens","21-Jun-88",21,"Jun",88,"Monogahela Nat'l Forest;Gauley River, 2mi E. Gauley Mills","Webster","WV","GRG","JPA","540-a,b","M","ASY",NA,9,"partial",64.2,52.6,3.1,3.9,9.9,7.3,NA,NA,"blue",13.5,14.8,2,2,2,2,NA,"660m elev; testes destroyed; not original label","","WV.Webster","Central",38.3614987,-80.5834224,NA
"606700","dorsal","m","3",0.0603793512557226,0.00771763634670013,0.0569379010183829,0.00745845590131138,0.062088611077645,0.00907474410716996,0.0731719172980606,0.0121615560644403,0.0806822279629752,0.0145376946026295,0.0603793512557226,0.00771763634670013,32760,24.5899793582286,2572,"Setophaga caerulescens","21-Jun-88",21,"Jun",88,"Monogahela Nat'l Forest;Gauley River, 2mi E. Gauley Mills","Webster","WV","GRG","JPA","540-a,b","M","ASY",NA,9,"partial",64.2,52.6,3.1,3.9,9.9,7.3,NA,NA,"blue",13.5,14.8,2,2,2,2,NA,"660m elev; testes destroyed; not original label","","WV.Webster","Central",38.3614987,-80.5834224,NA
"606700","dorsal","m","1",0.0570929581802734,0.00898925825641845,0.0525052503630487,0.00776646752077501,0.0586382617804929,0.0101446672693437,0.0723101832243794,0.0141913731891043,0.0795494788532859,0.0207564800069279,0.0570929581802734,0.00898925825641845,33489,25.1371739538375,2572,"Setophaga caerulescens","21-Jun-88",21,"Jun",88,"Monogahela Nat'l Forest;Gauley River, 2mi E. Gauley Mills","Webster","WV","GRG","JPA","540-a,b","M","ASY",NA,9,"partial",64.2,52.6,3.1,3.9,9.9,7.3,NA,NA,"blue",13.5,14.8,2,2,2,2,NA,"660m elev; testes destroyed; not original label","","WV.Webster","Central",38.3614987,-80.5834224,NA
"608313","ventral","t","1",0.0515084257472246,0.00975440915036428,0.0473819503162405,0.0115891909391503,0.0534293745245506,0.0107583712487086,0.0636442503430283,0.0109125111168863,0.0708621746865897,0.00940101114250113,0.0515084257472246,0.00975440915036428,179236,134.536310752486,3203,"Setophaga caerulescens","13-Jun-92",13,"Jun",92,"1.5mi NW Black Moshannon Reservoir on Huckleberry Rd, Moshannon State Forest; 600m","Centre","PA","GRG","CJD","T-923","M","SY","6x4, 5x5",9.5,"partial",62.5,49.7,3,4,10.2,6.7,NA,NA,"green",14.7,12.7,2,3,2,2,NA,"bill black; mouth lining cream; legs munsell 2.5Y 4/2; no fat; stomach saved; no molt","wingspot obscured","PA.Centre","Central",40.92719,-78.0898,19.46
"608313","crown","c","1",0.0662287254377713,0.0245316823322711,0.0579596894859366,0.0207689931186805,0.0702660878144732,0.0272706275455922,0.076330279269062,0.0274974826605291,0.107466813699493,0.0316952961202209,0.0662287254377713,0.0245316823322711,78131,58.6458997935823,3203,"Setophaga caerulescens","13-Jun-92",13,"Jun",92,"1.5mi NW Black Moshannon Reservoir on Huckleberry Rd, Moshannon State Forest; 600m","Centre","PA","GRG","CJD","T-923","M","SY","6x4, 5x5",9.5,"partial",62.5,49.7,3,4,10.2,6.7,NA,NA,"green",14.7,12.7,2,3,2,2,NA,"bill black; mouth lining cream; legs munsell 2.5Y 4/2; no fat; stomach saved; no molt","wingspot obscured","PA.Centre","Central",40.92719,-78.0898,19.46
"608313","dorsal","m","1",0.0754633537451637,0.0142199574446239,0.069325528285829,0.0162983947013804,0.0777445646163921,0.0149608493612432,0.0888126001858555,0.0125379758745148,0.111379450651126,0.0165258622318748,0.0754633537451637,0.0142199574446239,30624,22.9866766747983,3203,"Setophaga caerulescens","13-Jun-92",13,"Jun",92,"1.5mi NW Black Moshannon Reservoir on Huckleberry Rd, Moshannon State Forest; 600m","Centre","PA","GRG","CJD","T-923","M","SY","6x4, 5x5",9.5,"partial",62.5,49.7,3,4,10.2,6.7,NA,NA,"green",14.7,12.7,2,3,2,2,NA,"bill black; mouth lining cream; legs munsell 2.5Y 4/2; no fat; stomach saved; no molt","wingspot obscured","PA.Centre","Central",40.92719,-78.0898,19.46
"608313","dorsal","m","3",0.0742019852459222,0.011689790701687,0.0699258711762644,0.0133262303357988,0.076408008701163,0.0123157233309249,0.0849387928373461,0.0107943274047748,0.114467793136675,0.015824197669127,0.0742019852459222,0.011689790701687,32942,24.7265903546632,3203,"Setophaga caerulescens","13-Jun-92",13,"Jun",92,"1.5mi NW Black Moshannon Reservoir on Huckleberry Rd, Moshannon State Forest; 600m","Centre","PA","GRG","CJD","T-923","M","SY","6x4, 5x5",9.5,"partial",62.5,49.7,3,4,10.2,6.7,NA,NA,"green",14.7,12.7,2,3,2,2,NA,"bill black; mouth lining cream; legs munsell 2.5Y 4/2; no fat; stomach saved; no molt","wingspot obscured","PA.Centre","Central",40.92719,-78.0898,19.46
"608313","dorsal","m","2",0.0785903936244256,0.013336592154914,0.071029852579759,0.0157285736601185,0.0812016264166839,0.0140414202719589,0.0932558067458354,0.0119921162204475,0.115192349197529,0.0164923570347244,0.0785903936244256,0.013336592154914,32580,24.454869581535,3203,"Setophaga caerulescens","13-Jun-92",13,"Jun",92,"1.5mi NW Black Moshannon Reservoir on Huckleberry Rd, Moshannon State Forest; 600m","Centre","PA","GRG","CJD","T-923","M","SY","6x4, 5x5",9.5,"partial",62.5,49.7,3,4,10.2,6.7,NA,NA,"green",14.7,12.7,2,3,2,2,NA,"bill black; mouth lining cream; legs munsell 2.5Y 4/2; no fat; stomach saved; no molt","wingspot obscured","PA.Centre","Central",40.92719,-78.0898,19.46
"608314","crown","c","1",0.0885285326329923,0.0323899870172323,0.0733133966965698,0.0245086641897254,0.0932074895405714,0.0354465195156249,0.10625616274834,0.0418294589547751,0.178374961710112,0.0541114911104899,0.0885285326329923,0.0323899870172323,72505,54.4229686620379,3251,"Setophaga caerulescens","13-Jun-92",13,"Jun",92,"0.5mi W Sixmile Run on Strawband Beaver Rd, Moshannon State Forest; 650m","Centre","PA","GRG","CJD","T-971","M","SY","5x4, NA",9.6,"partial",64.5,49.9,2.9,3.9,10.1,6.8,NA,NA,"green",9,7,2,2,2,2,NA,"bill black; legs munsell 5Y 2.5/1; moderate fat; stomach saved; no molt; R testis deflated","","PA.Centre","Central",40.86828,-78.05871,18.04
"608314","dorsal","m","3",0.0778800238265386,0.0248377591843391,0.0741294514684619,0.0231592882786984,0.0801207046230965,0.0279014211418052,0.0872864866127614,0.0221505146629041,0.109839796571253,0.0137580353783777,0.0778800238265386,0.0248377591843391,33487,25.1356727340965,3251,"Setophaga caerulescens","13-Jun-92",13,"Jun",92,"0.5mi W Sixmile Run on Strawband Beaver Rd, Moshannon State Forest; 650m","Centre","PA","GRG","CJD","T-971","M","SY","5x4, NA",9.6,"partial",64.5,49.9,2.9,3.9,10.1,6.8,NA,NA,"green",9,7,2,2,2,2,NA,"bill black; legs munsell 5Y 2.5/1; moderate fat; stomach saved; no molt; R testis deflated","","PA.Centre","Central",40.86828,-78.05871,18.04
"608314","side","w","1",0.29749485570093,0.08914584312437,0.309622890244088,0.0961277804620818,0.301977274393107,0.0909105562294478,0.253284736299618,0.0695734397706166,0.283458989244649,0.0717579803958321,0.29749485570093,0.08914584312437,17479,13.1199099268155,3251,"Setophaga caerulescens","13-Jun-92",13,"Jun",92,"0.5mi W Sixmile Run on Strawband Beaver Rd, Moshannon State Forest; 650m","Centre","PA","GRG","CJD","T-971","M","SY","5x4, NA",9.6,"partial",64.5,49.9,2.9,3.9,10.1,6.8,NA,NA,"green",9,7,2,2,2,2,NA,"bill black; legs munsell 5Y 2.5/1; moderate fat; stomach saved; no molt; R testis deflated","","PA.Centre","Central",40.86828,-78.05871,18.04
"608314","side","o","1",0.08904936613792,0.0110070200338624,0.0930783332696687,0.0145359229022007,0.0907250694556208,0.0123329201885001,0.0865800619336322,0.0113974502352425,0.10997274851479,0.0113342984923186,0.08904936613792,0.0110070200338624,2746,2.06117470444736,3251,"Setophaga caerulescens","13-Jun-92",13,"Jun",92,"0.5mi W Sixmile Run on Strawband Beaver Rd, Moshannon State Forest; 650m","Centre","PA","GRG","CJD","T-971","M","SY","5x4, NA",9.6,"partial",64.5,49.9,2.9,3.9,10.1,6.8,NA,NA,"green",9,7,2,2,2,2,NA,"bill black; legs munsell 5Y 2.5/1; moderate fat; stomach saved; no molt; R testis deflated","","PA.Centre","Central",40.86828,-78.05871,18.04
"608314","dorsal","m","2",0.0801301118907969,0.0204814469176877,0.0778834607034648,0.0202662704136488,0.0821347693218924,0.0231527450216662,0.0877206806918374,0.0182576204935828,0.108766474598671,0.0133464953184184,0.0801301118907969,0.0204814469176877,33124,24.8632013510978,3251,"Setophaga caerulescens","13-Jun-92",13,"Jun",92,"0.5mi W Sixmile Run on Strawband Beaver Rd, Moshannon State Forest; 650m","Centre","PA","GRG","CJD","T-971","M","SY","5x4, NA",9.6,"partial",64.5,49.9,2.9,3.9,10.1,6.8,NA,NA,"green",9,7,2,2,2,2,NA,"bill black; legs munsell 5Y 2.5/1; moderate fat; stomach saved; no molt; R testis deflated","","PA.Centre","Central",40.86828,-78.05871,18.04
"608314","ventral","t","1",0.0421215596832778,0.00709463398819856,0.0366339136512323,0.0079895991743854,0.0439908427568933,0.00822549389118604,0.0572426360460537,0.00975257366993884,0.0624165006464659,0.00674283659679807,0.0421215596832778,0.00709463398819856,141697,106.359166823044,3251,"Setophaga caerulescens","13-Jun-92",13,"Jun",92,"0.5mi W Sixmile Run on Strawband Beaver Rd, Moshannon State Forest; 650m","Centre","PA","GRG","CJD","T-971","M","SY","5x4, NA",9.6,"partial",64.5,49.9,2.9,3.9,10.1,6.8,NA,NA,"green",9,7,2,2,2,2,NA,"bill black; legs munsell 5Y 2.5/1; moderate fat; stomach saved; no molt; R testis deflated","","PA.Centre","Central",40.86828,-78.05871,18.04
"608314","dorsal","m","1",0.0798445294906051,0.0227359507115811,0.076192905759948,0.0204761485381939,0.0820071815507865,0.0258553407686845,0.0890213624990008,0.0226986154336408,0.107582298550765,0.0125576899335988,0.0798445294906051,0.0227359507115811,32942,24.7265903546632,3251,"Setophaga caerulescens","13-Jun-92",13,"Jun",92,"0.5mi W Sixmile Run on Strawband Beaver Rd, Moshannon State Forest; 650m","Centre","PA","GRG","CJD","T-971","M","SY","5x4, NA",9.6,"partial",64.5,49.9,2.9,3.9,10.1,6.8,NA,NA,"green",9,7,2,2,2,2,NA,"bill black; legs munsell 5Y 2.5/1; moderate fat; stomach saved; no molt; R testis deflated","","PA.Centre","Central",40.86828,-78.05871,18.04
"608321","dorsal","m","2",0.0559858077610861,0.00774815813736896,0.0477955186089705,0.00677359435767635,0.0578712441206413,0.00898753940506887,0.0761797402542602,0.0125223355406019,0.105645670136166,0.0120901800881962,0.0559858077610861,0.00774815813736896,32041,24.0502908613248,3258,"Setophaga caerulescens","14-Jun-92",14,"Jun",92,"3.5mi SW Black Moshannon Reservoir on Strawband Beaver Rd, Moshannon State Forest; 600m","Centre","PA","GRG","CJD","T-978","M","SY","7x5, 4x4",9.1,"partial",59.9,53.2,3,3.9,10.9,7.2,NA,NA,"green",9.2,9.5,2,2,2,2,NA,"bill black; mouth lining cream; legs munsell 2.5Y 3/2; no fat; stomach saved; no molt; foot pads yellowish","","PA.Centre","Central",40.86828,-78.05871,NA
"608321","side","o","1",0.0860210953059915,0.0303368720490151,0.0891358767834798,0.0348358488730275,0.087609001499202,0.0312069712509605,0.0852297039162212,0.0214310446086197,0.100239041202095,0.0165370122975511,0.0860210953059915,0.0303368720490151,4494,3.37324075811597,3258,"Setophaga caerulescens","14-Jun-92",14,"Jun",92,"3.5mi SW Black Moshannon Reservoir on Strawband Beaver Rd, Moshannon State Forest; 600m","Centre","PA","GRG","CJD","T-978","M","SY","7x5, 4x4",9.1,"partial",59.9,53.2,3,3.9,10.9,7.2,NA,NA,"green",9.2,9.5,2,2,2,2,NA,"bill black; mouth lining cream; legs munsell 2.5Y 3/2; no fat; stomach saved; no molt; foot pads yellowish","","PA.Centre","Central",40.86828,-78.05871,NA
"608321","crown","c","1",0.0729629836131875,0.0229087135079957,0.0588278188939684,0.0171850473490827,0.0764832767294737,0.0242993425206058,0.0937411452881317,0.0342419556772024,0.151295139807275,0.0424515631235344,0.0729629836131875,0.0229087135079957,96157,72.1763933195722,3258,"Setophaga caerulescens","14-Jun-92",14,"Jun",92,"3.5mi SW Black Moshannon Reservoir on Strawband Beaver Rd, Moshannon State Forest; 600m","Centre","PA","GRG","CJD","T-978","M","SY","7x5, 4x4",9.1,"partial",59.9,53.2,3,3.9,10.9,7.2,NA,NA,"green",9.2,9.5,2,2,2,2,NA,"bill black; mouth lining cream; legs munsell 2.5Y 3/2; no fat; stomach saved; no molt; foot pads yellowish","","PA.Centre","Central",40.86828,-78.05871,NA
"608321","dorsal","m","1",0.0568082808583175,0.00862071091346822,0.0509366305004761,0.00885806826000941,0.0585708813269472,0.00973920728654693,0.0730767860727314,0.0123835825568327,0.105169069691785,0.0120841925109956,0.0568082808583175,0.00862071091346822,32580,24.454869581535,3258,"Setophaga caerulescens","14-Jun-92",14,"Jun",92,"3.5mi SW Black Moshannon Reservoir on Strawband Beaver Rd, Moshannon State Forest; 600m","Centre","PA","GRG","CJD","T-978","M","SY","7x5, 4x4",9.1,"partial",59.9,53.2,3,3.9,10.9,7.2,NA,NA,"green",9.2,9.5,2,2,2,2,NA,"bill black; mouth lining cream; legs munsell 2.5Y 3/2; no fat; stomach saved; no molt; foot pads yellowish","","PA.Centre","Central",40.86828,-78.05871,NA
"608321","dorsal","m","3",0.0577199449419006,0.00667126525099929,0.0504060247039236,0.00639406200368785,0.0596122090057638,0.00799261162095456,0.0760785859717308,0.0116203005726929,0.1063134031891,0.00985780896563906,0.0577199449419006,0.00667126525099929,33124,24.8632013510978,3258,"Setophaga caerulescens","14-Jun-92",14,"Jun",92,"3.5mi SW Black Moshannon Reservoir on Strawband Beaver Rd, Moshannon State Forest; 600m","Centre","PA","GRG","CJD","T-978","M","SY","7x5, 4x4",9.1,"partial",59.9,53.2,3,3.9,10.9,7.2,NA,NA,"green",9.2,9.5,2,2,2,2,NA,"bill black; mouth lining cream; legs munsell 2.5Y 3/2; no fat; stomach saved; no molt; foot pads yellowish","","PA.Centre","Central",40.86828,-78.05871,NA
"608321","side","w","1",0.35745679785268,0.121876046581451,0.361860101283884,0.126890082943553,0.361145013558271,0.124184518734515,0.317678003397928,0.0976642648539063,0.345662727511951,0.0937973023215025,0.35745679785268,0.121876046581451,29704,22.2961155939201,3258,"Setophaga caerulescens","14-Jun-92",14,"Jun",92,"3.5mi SW Black Moshannon Reservoir on Strawband Beaver Rd, Moshannon State Forest; 600m","Centre","PA","GRG","CJD","T-978","M","SY","7x5, 4x4",9.1,"partial",59.9,53.2,3,3.9,10.9,7.2,NA,NA,"green",9.2,9.5,2,2,2,2,NA,"bill black; mouth lining cream; legs munsell 2.5Y 3/2; no fat; stomach saved; no molt; foot pads yellowish","","PA.Centre","Central",40.86828,-78.05871,NA
"608321","ventral","t","1",0.0468048190249958,0.009420678479991,0.041954087505261,0.011534262752582,0.0485854221544395,0.0104537904630538,0.060933224923238,0.0105797872105334,0.0694716056681799,0.00960259597586991,0.0468048190249958,0.009420678479991,110874,83.223118784012,3258,"Setophaga caerulescens","14-Jun-92",14,"Jun",92,"3.5mi SW Black Moshannon Reservoir on Strawband Beaver Rd, Moshannon State Forest; 600m","Centre","PA","GRG","CJD","T-978","M","SY","7x5, 4x4",9.1,"partial",59.9,53.2,3,3.9,10.9,7.2,NA,NA,"green",9.2,9.5,2,2,2,2,NA,"bill black; mouth lining cream; legs munsell 2.5Y 3/2; no fat; stomach saved; no molt; foot pads yellowish","","PA.Centre","Central",40.86828,-78.05871,NA
"608323","dorsal","m","1",0.0666694045054347,0.0110787988908915,0.0614691135941886,0.01053224079521,0.0686780695052402,0.0128216100358126,0.0798729511636155,0.0179729175603165,0.098421758114609,0.0104616945178153,0.0666694045054347,0.0110787988908915,34225,25.6896228185401,3263,"Setophaga caerulescens","14-Jun-92",14,"Jun",92,"0.4mi N of Hwy 322 on Sandy Ridge Trail, State Game Lands No. 33; 700m","Centre","PA","GRG","JPD","T-983","M","SY","NA, 6x5.5",9,"partial",62.3,52.4,2.9,3.9,11,7.3,NA,NA,"green",12.7,12,2,2,2,2,NA,"bill black; mouth lining black; legs munsell 2.5Y 4/2; very light fat; stomach saved; no molt; L testis ruptured","","PA.Centre","Central",40.83079,-78.14433,NA
"608323","dorsal","m","2",0.0755186832169712,0.0100607661910685,0.0673748347905739,0.00950131864926024,0.077689181369898,0.012125271986772,0.0928326241914357,0.0187141764071715,0.117066415397567,0.00947165563239063,0.0755186832169712,0.0100607661910685,33489,25.1371739538375,3263,"Setophaga caerulescens","14-Jun-92",14,"Jun",92,"0.4mi N of Hwy 322 on Sandy Ridge Trail, State Game Lands No. 33; 700m","Centre","PA","GRG","JPD","T-983","M","SY","NA, 6x5.5",9,"partial",62.3,52.4,2.9,3.9,11,7.3,NA,NA,"green",12.7,12,2,2,2,2,NA,"bill black; mouth lining black; legs munsell 2.5Y 4/2; very light fat; stomach saved; no molt; L testis ruptured","","PA.Centre","Central",40.83079,-78.14433,NA
"608323","ventral","t","1",0.0480906956224235,0.0122787225324639,0.0440022933660805,0.0143963516667803,0.0501141178846556,0.0131057707763427,0.0602080129499955,0.0121134272653269,0.0680418154792839,0.0114578734297521,0.0480906956224235,0.0122787225324639,156944,117.803715518859,3263,"Setophaga caerulescens","14-Jun-92",14,"Jun",92,"0.4mi N of Hwy 322 on Sandy Ridge Trail, State Game Lands No. 33; 700m","Centre","PA","GRG","JPD","T-983","M","SY","NA, 6x5.5",9,"partial",62.3,52.4,2.9,3.9,11,7.3,NA,NA,"green",12.7,12,2,2,2,2,NA,"bill black; mouth lining black; legs munsell 2.5Y 4/2; very light fat; stomach saved; no molt; L testis ruptured","","PA.Centre","Central",40.83079,-78.14433,NA
"608323","dorsal","m","3",0.0728128323192629,0.0114596344690143,0.0671755646795243,0.0112399904414292,0.0750297734558823,0.0133291155210093,0.0856900037114635,0.0185983913587604,0.11136644758375,0.0102152671656788,0.0728128323192629,0.0114596344690143,33672,25.2745355601426,3263,"Setophaga caerulescens","14-Jun-92",14,"Jun",92,"0.4mi N of Hwy 322 on Sandy Ridge Trail, State Game Lands No. 33; 700m","Centre","PA","GRG","JPD","T-983","M","SY","NA, 6x5.5",9,"partial",62.3,52.4,2.9,3.9,11,7.3,NA,NA,"green",12.7,12,2,2,2,2,NA,"bill black; mouth lining black; legs munsell 2.5Y 4/2; very light fat; stomach saved; no molt; L testis ruptured","","PA.Centre","Central",40.83079,-78.14433,NA
"608323","side","w","1",0.421240686928162,0.112043025093563,0.430022435126924,0.11747436768771,0.425915371416578,0.115041800936778,0.363639721619324,0.0886253890829004,0.388007370307863,0.074304868936019,0.421240686928162,0.112043025093563,51542,38.6879339463314,3263,"Setophaga caerulescens","14-Jun-92",14,"Jun",92,"0.4mi N of Hwy 322 on Sandy Ridge Trail, State Game Lands No. 33; 700m","Centre","PA","GRG","JPD","T-983","M","SY","NA, 6x5.5",9,"partial",62.3,52.4,2.9,3.9,11,7.3,NA,NA,"green",12.7,12,2,2,2,2,NA,"bill black; mouth lining black; legs munsell 2.5Y 4/2; very light fat; stomach saved; no molt; L testis ruptured","","PA.Centre","Central",40.83079,-78.14433,NA
"608323","side","o","1",0.0967992687969402,0.0218156947361135,0.103508305517078,0.0253647999488453,0.098295064132673,0.0230867409401996,0.0890336429216804,0.0165033531650128,0.107695203256751,0.0121099432931044,0.0967992687969402,0.0218156947361135,2444,1.83449052355038,3263,"Setophaga caerulescens","14-Jun-92",14,"Jun",92,"0.4mi N of Hwy 322 on Sandy Ridge Trail, State Game Lands No. 33; 700m","Centre","PA","GRG","JPD","T-983","M","SY","NA, 6x5.5",9,"partial",62.3,52.4,2.9,3.9,11,7.3,NA,NA,"green",12.7,12,2,2,2,2,NA,"bill black; mouth lining black; legs munsell 2.5Y 4/2; very light fat; stomach saved; no molt; L testis ruptured","","PA.Centre","Central",40.83079,-78.14433,NA
"608323","crown","c","1",0.084537018127027,0.0246228256686322,0.0703832714264287,0.0196523726413644,0.0885237113801624,0.0261123611397658,0.103396280157355,0.0338299678325585,0.173984423319309,0.0379075363219394,0.084537018127027,0.0246228256686322,69761,52.3632951773316,3263,"Setophaga caerulescens","14-Jun-92",14,"Jun",92,"0.4mi N of Hwy 322 on Sandy Ridge Trail, State Game Lands No. 33; 700m","Centre","PA","GRG","JPD","T-983","M","SY","NA, 6x5.5",9,"partial",62.3,52.4,2.9,3.9,11,7.3,NA,NA,"green",12.7,12,2,2,2,2,NA,"bill black; mouth lining black; legs munsell 2.5Y 4/2; very light fat; stomach saved; no molt; L testis ruptured","","PA.Centre","Central",40.83079,-78.14433,NA
"608325","ventral","t","1",0.0494651428319259,0.00656296640868493,0.045921148710122,0.00832274797742871,0.0516384509147684,0.00793900601753049,0.0598397195982156,0.0101406747194947,0.0694034284315685,0.00713935930362982,0.0494651428319259,0.00656296640868493,117441,88.1523738037155,3205,"Setophaga caerulescens","14-Jun-92",14,"Jun",92,"1mi W of Hwy 322 on Sandy Ridge Trail; State game lands No.33; 700m","Centre","PA","GRG","CJD","T-925","M","SY","5x4, 4x4",9.4,"partial",59.1,52.5,3,4,11.2,6.5,NA,NA,"green",13.5,12.6,2,2,2,2,NA,"bill black; mouth lining light cream; legs munsell 2.5Y 432; no fat; stomach saved; no molt","","PA.Centre","Central",40.83079,-78.14433,18.45
"608325","dorsal","m","1",0.0778794957511435,0.0269366288377335,0.0724799061174927,0.0230166458985288,0.0801175896405981,0.0299346969085625,0.0901421011271403,0.0315144006092335,0.117896756569901,0.0186951205585894,0.0778794957511435,0.0269366288377335,30976,23.2508913492212,3205,"Setophaga caerulescens","14-Jun-92",14,"Jun",92,"1mi W of Hwy 322 on Sandy Ridge Trail; State game lands No.33; 700m","Centre","PA","GRG","CJD","T-925","M","SY","5x4, 4x4",9.4,"partial",59.1,52.5,3,4,11.2,6.5,NA,NA,"green",13.5,12.6,2,2,2,2,NA,"bill black; mouth lining light cream; legs munsell 2.5Y 432; no fat; stomach saved; no molt","","PA.Centre","Central",40.83079,-78.14433,18.45
"608325","dorsal","m","2",0.0797142265437523,0.0254261832849845,0.0729299761832865,0.0202220852708358,0.0823394017296331,0.0290966020828367,0.0930478210632137,0.0330169814201486,0.116828614147133,0.0169187384154523,0.0797142265437523,0.0254261832849845,32220,24.1846500281479,3205,"Setophaga caerulescens","14-Jun-92",14,"Jun",92,"1mi W of Hwy 322 on Sandy Ridge Trail; State game lands No.33; 700m","Centre","PA","GRG","CJD","T-925","M","SY","5x4, 4x4",9.4,"partial",59.1,52.5,3,4,11.2,6.5,NA,NA,"green",13.5,12.6,2,2,2,2,NA,"bill black; mouth lining light cream; legs munsell 2.5Y 432; no fat; stomach saved; no molt","","PA.Centre","Central",40.83079,-78.14433,18.45
"608325","side","w","1",0.372247671769409,0.134006542580234,0.376271417693136,0.13540025578503,0.378088273621486,0.136646086116419,0.323707540197421,0.110705994558166,0.388325034775877,0.112496135811709,0.372247671769409,0.134006542580234,50434,37.8562582097955,3205,"Setophaga caerulescens","14-Jun-92",14,"Jun",92,"1mi W of Hwy 322 on Sandy Ridge Trail; State game lands No.33; 700m","Centre","PA","GRG","CJD","T-925","M","SY","5x4, 4x4",9.4,"partial",59.1,52.5,3,4,11.2,6.5,NA,NA,"green",13.5,12.6,2,2,2,2,NA,"bill black; mouth lining light cream; legs munsell 2.5Y 432; no fat; stomach saved; no molt","","PA.Centre","Central",40.83079,-78.14433,18.45
"608325","crown","c","1",0.074602708030919,0.0267275294587808,0.0630547987283148,0.021045729795071,0.079032502236267,0.0300262660099285,0.0880740749711543,0.0333369454685022,0.138315534081417,0.0406379540838131,0.074602708030919,0.0267275294587808,105552,79.2283730531056,3205,"Setophaga caerulescens","14-Jun-92",14,"Jun",92,"1mi W of Hwy 322 on Sandy Ridge Trail; State game lands No.33; 700m","Centre","PA","GRG","CJD","T-925","M","SY","5x4, 4x4",9.4,"partial",59.1,52.5,3,4,11.2,6.5,NA,NA,"green",13.5,12.6,2,2,2,2,NA,"bill black; mouth lining light cream; legs munsell 2.5Y 432; no fat; stomach saved; no molt","","PA.Centre","Central",40.83079,-78.14433,18.45
"608325","side","o","1",0.105417136405184,0.0258335444840461,0.111833223667353,0.0275356219152034,0.107601202212297,0.0265940869847438,0.0952028401498801,0.023296738517471,0.121877601933398,0.0247422635309632,0.105417136405184,0.0258335444840461,3774,2.83280165134172,3205,"Setophaga caerulescens","14-Jun-92",14,"Jun",92,"1mi W of Hwy 322 on Sandy Ridge Trail; State game lands No.33; 700m","Centre","PA","GRG","CJD","T-925","M","SY","5x4, 4x4",9.4,"partial",59.1,52.5,3,4,11.2,6.5,NA,NA,"green",13.5,12.6,2,2,2,2,NA,"bill black; mouth lining light cream; legs munsell 2.5Y 432; no fat; stomach saved; no molt","","PA.Centre","Central",40.83079,-78.14433,18.45
"608325","dorsal","m","3",0.074610533680147,0.0275000756315328,0.068860779991833,0.0231687385629484,0.0770424299847835,0.0308604089836503,0.0871210852771737,0.0322937859005641,0.113485641903967,0.0184388848321986,0.074610533680147,0.0275000756315328,33489,25.1371739538375,3205,"Setophaga caerulescens","14-Jun-92",14,"Jun",92,"1mi W of Hwy 322 on Sandy Ridge Trail; State game lands No.33; 700m","Centre","PA","GRG","CJD","T-925","M","SY","5x4, 4x4",9.4,"partial",59.1,52.5,3,4,11.2,6.5,NA,NA,"green",13.5,12.6,2,2,2,2,NA,"bill black; mouth lining light cream; legs munsell 2.5Y 432; no fat; stomach saved; no molt","","PA.Centre","Central",40.83079,-78.14433,18.45
"608326","dorsal","m","3",0.0803975040552641,0.0119828008990044,0.0781533308033361,0.0118529697337208,0.0827415433829769,0.0139543561700827,0.0871098513249961,0.0180485001376128,0.107935479151535,0.014622242355108,0.0803975040552641,0.0119828008990044,33488,25.136423343967,3259,"Setophaga caerulescens","14-Jun-92",14,"Jun",92,"1mi W of Hwy 322 on Sandy Ridge Trail; State game lands No.33; 700m","Centre","PA","GRG","JPD","T-979","M","SY","8x5, 6.5x5.5",9.5,"partial",63.5,54.1,3.2,4.1,11,7.5,NA,NA,"green",12.3,8.7,2,2,2,2,NA,"bill black; mouth lining gray; legs munsell 5Y 4/2; fat moderate; stomach saved; no molt","jacked-up wingspot","PA.Centre","Central",40.83079,-78.14433,17.9
"608326","dorsal","m","1",0.0917912514734686,0.0105483447179417,0.0865658146568136,0.00997930295474678,0.0947121612348857,0.012911796671391,0.100656911094592,0.0177817126403991,0.135361919506109,0.0145356714604256,0.0917912514734686,0.0105483447179417,33306,24.9998123475324,3259,"Setophaga caerulescens","14-Jun-92",14,"Jun",92,"1mi W of Hwy 322 on Sandy Ridge Trail; State game lands No.33; 700m","Centre","PA","GRG","JPD","T-979","M","SY","8x5, 6.5x5.5",9.5,"partial",63.5,54.1,3.2,4.1,11,7.5,NA,NA,"green",12.3,8.7,2,2,2,2,NA,"bill black; mouth lining gray; legs munsell 5Y 4/2; fat moderate; stomach saved; no molt","jacked-up wingspot","PA.Centre","Central",40.83079,-78.14433,17.9
"608326","dorsal","m","2",0.0831884445403248,0.0115434103894782,0.081947661038382,0.0116211242949821,0.0856156099844245,0.013421877127829,0.0876708479593391,0.0172558748366382,0.108479661741503,0.018655371415193,0.0831884445403248,0.0115434103894782,34040,25.5507599924939,3259,"Setophaga caerulescens","14-Jun-92",14,"Jun",92,"1mi W of Hwy 322 on Sandy Ridge Trail; State game lands No.33; 700m","Centre","PA","GRG","JPD","T-979","M","SY","8x5, 6.5x5.5",9.5,"partial",63.5,54.1,3.2,4.1,11,7.5,NA,NA,"green",12.3,8.7,2,2,2,2,NA,"bill black; mouth lining gray; legs munsell 5Y 4/2; fat moderate; stomach saved; no molt","jacked-up wingspot","PA.Centre","Central",40.83079,-78.14433,17.9
"608326","side","w","1",0.308038331890717,0.108099753325427,0.318233268562051,0.110360504228207,0.313018650073017,0.11073310532748,0.26465377057151,0.0888257626398482,0.276022016479774,0.0739518013051793,0.308038331890717,0.108099753325427,32433,24.3445299305686,3259,"Setophaga caerulescens","14-Jun-92",14,"Jun",92,"1mi W of Hwy 322 on Sandy Ridge Trail; State game lands No.33; 700m","Centre","PA","GRG","JPD","T-979","M","SY","8x5, 6.5x5.5",9.5,"partial",63.5,54.1,3.2,4.1,11,7.5,NA,NA,"green",12.3,8.7,2,2,2,2,NA,"bill black; mouth lining gray; legs munsell 5Y 4/2; fat moderate; stomach saved; no molt","jacked-up wingspot","PA.Centre","Central",40.83079,-78.14433,17.9
"608326","side","o","1",0.103632641309522,0.026781719851365,0.111005942286969,0.029531498402565,0.105320457996097,0.0276166944308665,0.0935735177276376,0.0209730524710902,0.106861232910455,0.0147061195183127,0.103632641309522,0.026781719851365,5028,3.77406642897354,3259,"Setophaga caerulescens","14-Jun-92",14,"Jun",92,"1mi W of Hwy 322 on Sandy Ridge Trail; State game lands No.33; 700m","Centre","PA","GRG","JPD","T-979","M","SY","8x5, 6.5x5.5",9.5,"partial",63.5,54.1,3.2,4.1,11,7.5,NA,NA,"green",12.3,8.7,2,2,2,2,NA,"bill black; mouth lining gray; legs munsell 5Y 4/2; fat moderate; stomach saved; no molt","jacked-up wingspot","PA.Centre","Central",40.83079,-78.14433,17.9
"608326","ventral","t","1",0.0567227536057905,0.0174883380262933,0.0531910220411644,0.0182217508529575,0.0590677798963317,0.0187140545979113,0.0666213103555296,0.0167528271856022,0.0743383828697698,0.0153073939563383,0.0567227536057905,0.0174883380262933,108535,81.4674422968662,3259,"Setophaga caerulescens","14-Jun-92",14,"Jun",92,"1mi W of Hwy 322 on Sandy Ridge Trail; State game lands No.33; 700m","Centre","PA","GRG","JPD","T-979","M","SY","8x5, 6.5x5.5",9.5,"partial",63.5,54.1,3.2,4.1,11,7.5,NA,NA,"green",12.3,8.7,2,2,2,2,NA,"bill black; mouth lining gray; legs munsell 5Y 4/2; fat moderate; stomach saved; no molt","jacked-up wingspot","PA.Centre","Central",40.83079,-78.14433,17.9
"608326","crown","c","1",0.0784178313495438,0.0290276621266929,0.0688373082656174,0.0248682052004309,0.0825877703064623,0.0324335063038905,0.0893707609547047,0.0323165870486109,0.134476942744202,0.034374731994775,0.0784178313495438,0.0290276621266929,84543,63.4588102833552,3259,"Setophaga caerulescens","14-Jun-92",14,"Jun",92,"1mi W of Hwy 322 on Sandy Ridge Trail; State game lands No.33; 700m","Centre","PA","GRG","JPD","T-979","M","SY","8x5, 6.5x5.5",9.5,"partial",63.5,54.1,3.2,4.1,11,7.5,NA,NA,"green",12.3,8.7,2,2,2,2,NA,"bill black; mouth lining gray; legs munsell 5Y 4/2; fat moderate; stomach saved; no molt","jacked-up wingspot","PA.Centre","Central",40.83079,-78.14433,17.9
"608328","crown","c","1",0.082908947812131,0.0306828032642589,0.0685227296650819,0.0301150167073489,0.0870629618941199,0.0334205289123795,0.101852888560102,0.0308866367482428,0.161587621364747,0.0464915425552687,0.082908947812131,0.0306828032642589,63779,47.8731469318822,3260,"Setophaga caerulescens","14-Jun-92",14,"Jun",92,"State Game Lands No. 33, 2.2 mi W Hwy 322 On Sandy Ridge Road","Centre","PA","GRG","","T-980","M","SY","",8.9,"partial",NA,NA,NA,NA,NA,NA,NA,NA,"",NA,NA,NA,NA,NA,NA,NA,"","","PA.Centre","Central",40.83201,-78.14412,NA
"608329","crown","c","1",0.0781778109243487,0.0286426256482321,0.0651149645366368,0.022694526315345,0.0818569989857369,0.0324715333243043,0.0963123911928807,0.0337229424923879,0.150319801989805,0.03711366357818,0.0781778109243487,0.0286426256482321,100584,75.4993432163633,3261,"Setophaga caerulescens","14-Jun-92",14,"Jun",92,"State Game Lands No. 33, 3.6 mi W Hwy 322 On Sandy Ridge Road","Centre","PA","GRG","","T-981","M","ASY","",8.75,"partial",NA,NA,NA,NA,NA,NA,NA,NA,"",NA,NA,NA,NA,2,NA,NA,"","","PA.Centre","Central",40.83201,-78.14412,NA
"608330","dorsal","m","3",0.0669746216770294,0.0140157621821876,0.0618852855705519,0.0159135370996384,0.0696009939277798,0.0149592781377113,0.0781269606546417,0.0130344083537823,0.100700794950385,0.0177485741494491,0.0669746216770294,0.0140157621821876,33306,24.9998123475324,3264,"Setophaga caerulescens","14-Jun-92",14,"Jun",92,"0.3mi S Black Moshannon Creek on Hannah Furnace Rd, Moshannon State Forest; 475m","Centre","PA","GRG","JPD","T-984","M","SY","7x5, 5.5x4.5",9.8,"partial",61.9,51.3,3.2,NA,10.7,7,NA,NA,"green",11.6,12.6,2,2,2,2,NA,"bill black; mouth lining black; legs munsell 5Y 2.5/2; stomach saved; no molt; lower bill tip broken","","PA.Centre","Central",40.91309,-78.12391,18.46
"608330","side","o","1",0.074755934681033,0.020025787113992,0.0769011234969481,0.0221980021964509,0.0765087903836372,0.0211934432934802,0.0756846986785938,0.0177815146762919,0.0934574168716002,0.0161879694981499,0.074755934681033,0.020025787113992,6968,5.23024957778195,3264,"Setophaga caerulescens","14-Jun-92",14,"Jun",92,"0.3mi S Black Moshannon Creek on Hannah Furnace Rd, Moshannon State Forest; 475m","Centre","PA","GRG","JPD","T-984","M","SY","7x5, 5.5x4.5",9.8,"partial",61.9,51.3,3.2,NA,10.7,7,NA,NA,"green",11.6,12.6,2,2,2,2,NA,"bill black; mouth lining black; legs munsell 5Y 2.5/2; stomach saved; no molt; lower bill tip broken","","PA.Centre","Central",40.91309,-78.12391,18.46
"608330","dorsal","m","1",0.0692810567024659,0.0154453970014035,0.0647250808637178,0.0175209494083757,0.0718536510253784,0.0164520530714904,0.0793979672019118,0.0139127130324998,0.103444881547711,0.0195517298563827,0.0692810567024659,0.0154453970014035,32761,24.5907299680991,3264,"Setophaga caerulescens","14-Jun-92",14,"Jun",92,"0.3mi S Black Moshannon Creek on Hannah Furnace Rd, Moshannon State Forest; 475m","Centre","PA","GRG","JPD","T-984","M","SY","7x5, 5.5x4.5",9.8,"partial",61.9,51.3,3.2,NA,10.7,7,NA,NA,"green",11.6,12.6,2,2,2,2,NA,"bill black; mouth lining black; legs munsell 5Y 2.5/2; stomach saved; no molt; lower bill tip broken","","PA.Centre","Central",40.91309,-78.12391,18.46
"608330","dorsal","m","2",0.07409594805902,0.015180760723348,0.0688263876028509,0.0172199508916324,0.0768793643783729,0.0165810030839397,0.0846036200587538,0.0138998283699586,0.112917481625232,0.0169616439367559,0.07409594805902,0.015180760723348,32220,24.1846500281479,3264,"Setophaga caerulescens","14-Jun-92",14,"Jun",92,"0.3mi S Black Moshannon Creek on Hannah Furnace Rd, Moshannon State Forest; 475m","Centre","PA","GRG","JPD","T-984","M","SY","7x5, 5.5x4.5",9.8,"partial",61.9,51.3,3.2,NA,10.7,7,NA,NA,"green",11.6,12.6,2,2,2,2,NA,"bill black; mouth lining black; legs munsell 5Y 2.5/2; stomach saved; no molt; lower bill tip broken","","PA.Centre","Central",40.91309,-78.12391,18.46
"608330","ventral","t","1",0.0518911865218829,0.0127425819264126,0.0491219072571616,0.0152154664406023,0.0539113478302471,0.0134634881863699,0.0614205447168995,0.0125156249032688,0.067240293165747,0.0130533916268644,0.0518911865218829,0.0127425819264126,102269,76.7641208481892,3264,"Setophaga caerulescens","14-Jun-92",14,"Jun",92,"0.3mi S Black Moshannon Creek on Hannah Furnace Rd, Moshannon State Forest; 475m","Centre","PA","GRG","JPD","T-984","M","SY","7x5, 5.5x4.5",9.8,"partial",61.9,51.3,3.2,NA,10.7,7,NA,NA,"green",11.6,12.6,2,2,2,2,NA,"bill black; mouth lining black; legs munsell 5Y 2.5/2; stomach saved; no molt; lower bill tip broken","","PA.Centre","Central",40.91309,-78.12391,18.46
"608330","side","w","1",0.319416906215906,0.0902428518026222,0.319923366918666,0.0880856437788956,0.323801700947879,0.092396846518591,0.290373154658772,0.0860930562666748,0.327375895790625,0.0780387646266016,0.319416906215906,0.0902428518026222,34058,25.5642709701633,3264,"Setophaga caerulescens","14-Jun-92",14,"Jun",92,"0.3mi S Black Moshannon Creek on Hannah Furnace Rd, Moshannon State Forest; 475m","Centre","PA","GRG","JPD","T-984","M","SY","7x5, 5.5x4.5",9.8,"partial",61.9,51.3,3.2,NA,10.7,7,NA,NA,"green",11.6,12.6,2,2,2,2,NA,"bill black; mouth lining black; legs munsell 5Y 2.5/2; stomach saved; no molt; lower bill tip broken","","PA.Centre","Central",40.91309,-78.12391,18.46
"608330","crown","c","1",0.054892001114377,0.0148844598934698,0.0478059323079168,0.014863481554747,0.0593006564832786,0.0155702636255822,0.062293843390931,0.0170689776944428,0.088230707763836,0.0336325825354188,0.054892001114377,0.0148844598934698,87000,65.3030587352224,3264,"Setophaga caerulescens","14-Jun-92",14,"Jun",92,"0.3mi S Black Moshannon Creek on Hannah Furnace Rd, Moshannon State Forest; 475m","Centre","PA","GRG","JPD","T-984","M","SY","7x5, 5.5x4.5",9.8,"partial",61.9,51.3,3.2,NA,10.7,7,NA,NA,"green",11.6,12.6,2,2,2,2,NA,"bill black; mouth lining black; legs munsell 5Y 2.5/2; stomach saved; no molt; lower bill tip broken","","PA.Centre","Central",40.91309,-78.12391,18.46
"608331","dorsal","m","1",0.066900727418673,0.0116196925153919,0.0624304748885424,0.0141474341887621,0.0693350769417317,0.0122308863522499,0.0776886762746839,0.0114225819413241,0.097843100299645,0.0184410597253714,0.066900727418673,0.0116196925153919,34410,25.8284856445862,3265,"Setophaga caerulescens","14-Jun-92",14,"Jun",92,"0.3mi S Black Moshannon Creek on Hannah Furnace Rd, Moshannon State Forest; 475m","Centre","PA","GRG","JPD","T-985","M","SY","5.5x5, NA",8.3,"partial",61.1,51.8,2.9,4.1,11.5,6.7,NA,NA,"green",12.9,11.1,2,2,3,2,NA,"bill black; mouth lining black; legs munsell 5Y 3/2; fat light; stomach saved; R testis ruptured","","PA.Centre","Central",40.91309,-78.12391,18.39
"608331","side","w","1",0.341339583382125,0.103794428124245,0.355765962547024,0.111148513130452,0.344726088660026,0.104572993059117,0.291830230677297,0.0847053214541973,0.301210150782863,0.075369904943526,0.341339583382125,0.103794428124245,37132,27.8716457121411,3265,"Setophaga caerulescens","14-Jun-92",14,"Jun",92,"0.3mi S Black Moshannon Creek on Hannah Furnace Rd, Moshannon State Forest; 475m","Centre","PA","GRG","JPD","T-985","M","SY","5.5x5, NA",8.3,"partial",61.1,51.8,2.9,4.1,11.5,6.7,NA,NA,"green",12.9,11.1,2,2,3,2,NA,"bill black; mouth lining black; legs munsell 5Y 3/2; fat light; stomach saved; R testis ruptured","","PA.Centre","Central",40.91309,-78.12391,18.39
"608331","side","o","1",0.064935218169296,0.0159867625875949,0.0663373646900749,0.0181005315495036,0.0667188480547165,0.0170186764094021,0.0676773443835279,0.0159411770968742,0.0832562244649475,0.00996792484341735,0.064935218169296,0.0159867625875949,7190,5.39688496903734,3265,"Setophaga caerulescens","14-Jun-92",14,"Jun",92,"0.3mi S Black Moshannon Creek on Hannah Furnace Rd, Moshannon State Forest; 475m","Centre","PA","GRG","JPD","T-985","M","SY","5.5x5, NA",8.3,"partial",61.1,51.8,2.9,4.1,11.5,6.7,NA,NA,"green",12.9,11.1,2,2,3,2,NA,"bill black; mouth lining black; legs munsell 5Y 3/2; fat light; stomach saved; R testis ruptured","","PA.Centre","Central",40.91309,-78.12391,18.39
"608331","crown","c","1",0.0889808722975812,0.0212885926745279,0.0743878864390887,0.0189621781124231,0.0935579118260134,0.0224514277607241,0.106700459534161,0.0280768226341042,0.178870745120062,0.0368676034190036,0.0889808722975812,0.0212885926745279,89114,66.8898480015012,3265,"Setophaga caerulescens","14-Jun-92",14,"Jun",92,"0.3mi S Black Moshannon Creek on Hannah Furnace Rd, Moshannon State Forest; 475m","Centre","PA","GRG","JPD","T-985","M","SY","5.5x5, NA",8.3,"partial",61.1,51.8,2.9,4.1,11.5,6.7,NA,NA,"green",12.9,11.1,2,2,3,2,NA,"bill black; mouth lining black; legs munsell 5Y 3/2; fat light; stomach saved; R testis ruptured","","PA.Centre","Central",40.91309,-78.12391,18.39
"608331","dorsal","m","2",0.071708696779482,0.0136489814817341,0.0680619780772176,0.0162496379369624,0.0741150860511721,0.0143276141300835,0.0809422394534457,0.0130023408475067,0.105920133641025,0.0228695840130895,0.071708696779482,0.0136489814817341,32761,24.5907299680991,3265,"Setophaga caerulescens","14-Jun-92",14,"Jun",92,"0.3mi S Black Moshannon Creek on Hannah Furnace Rd, Moshannon State Forest; 475m","Centre","PA","GRG","JPD","T-985","M","SY","5.5x5, NA",8.3,"partial",61.1,51.8,2.9,4.1,11.5,6.7,NA,NA,"green",12.9,11.1,2,2,3,2,NA,"bill black; mouth lining black; legs munsell 5Y 3/2; fat light; stomach saved; R testis ruptured","","PA.Centre","Central",40.91309,-78.12391,18.39
"608331","ventral","t","1",0.0495091762115897,0.0106160401386587,0.0459539915405397,0.0117149487198051,0.0518164446753071,0.0113673485653635,0.0597058185787593,0.0113284632692328,0.0687004703780892,0.0135488559764102,0.0495091762115897,0.0106160401386587,105399,79.1135297429161,3265,"Setophaga caerulescens","14-Jun-92",14,"Jun",92,"0.3mi S Black Moshannon Creek on Hannah Furnace Rd, Moshannon State Forest; 475m","Centre","PA","GRG","JPD","T-985","M","SY","5.5x5, NA",8.3,"partial",61.1,51.8,2.9,4.1,11.5,6.7,NA,NA,"green",12.9,11.1,2,2,3,2,NA,"bill black; mouth lining black; legs munsell 5Y 3/2; fat light; stomach saved; R testis ruptured","","PA.Centre","Central",40.91309,-78.12391,18.39
"608331","dorsal","m","3",0.0664922075703195,0.0111528846086573,0.0624759958548515,0.0130086533503354,0.0690211087243465,0.0119638167201705,0.0761825935741024,0.0115342518291519,0.100807870216283,0.0190239807957591,0.0664922075703195,0.0111528846086573,33489,25.1371739538375,3265,"Setophaga caerulescens","14-Jun-92",14,"Jun",92,"0.3mi S Black Moshannon Creek on Hannah Furnace Rd, Moshannon State Forest; 475m","Centre","PA","GRG","JPD","T-985","M","SY","5.5x5, NA",8.3,"partial",61.1,51.8,2.9,4.1,11.5,6.7,NA,NA,"green",12.9,11.1,2,2,3,2,NA,"bill black; mouth lining black; legs munsell 5Y 3/2; fat light; stomach saved; R testis ruptured","","PA.Centre","Central",40.91309,-78.12391,18.39
"608335","dorsal","m","2",0.0761312358641383,0.0102807697858446,0.0669891268599275,0.00809399445957123,0.0790294487838733,0.0111815236193792,0.0925830238795754,0.016192958970698,0.116846085114487,0.0108564180616687,0.0761312358641383,0.0102807697858446,30800,23.1187840120098,3269,"Setophaga caerulescens","16-Jun-92",16,"Jun",92,"1.5mi NNE Lyman Lake on side road off Rock Run Rd., Susquehannock State Forest; 700m","Potter","PA","GRG","CJD","T-989","M","SY","6x5, 5x5",9.3,"partial",61.2,52.8,3,4,11.1,6.8,NA,NA,"green",10.6,14.5,2,2,2,2,NA,"bill black; mouth lining cream; legs munsell 2.5Y 3/2; foot pads yellowish; no fat; stomach saved; no molt","","PA.Potter","Central",41.7220797,-77.7767117,18.97
"608335","crown","c","1",0.0689669724511698,0.0216133127714134,0.0550665346190074,0.0158510012482814,0.0721745780333798,0.0227592670490829,0.0904619928679499,0.0309814483715263,0.150943120844582,0.0450773443753824,0.0689669724511698,0.0216133127714134,84689,63.5683993244511,3269,"Setophaga caerulescens","16-Jun-92",16,"Jun",92,"1.5mi NNE Lyman Lake on side road off Rock Run Rd., Susquehannock State Forest; 700m","Potter","PA","GRG","CJD","T-989","M","SY","6x5, 5x5",9.3,"partial",61.2,52.8,3,4,11.1,6.8,NA,NA,"green",10.6,14.5,2,2,2,2,NA,"bill black; mouth lining cream; legs munsell 2.5Y 3/2; foot pads yellowish; no fat; stomach saved; no molt","","PA.Potter","Central",41.7220797,-77.7767117,18.97
"608335","side","w","1",0.481647313846728,0.120461359314742,0.496138162010902,0.129596770488789,0.489532163488839,0.124867343186858,0.394946384809191,0.0850469457733567,0.410391131770643,0.103607101892392,0.481647313846728,0.120461359314742,35232,26.4454869581535,3269,"Setophaga caerulescens","16-Jun-92",16,"Jun",92,"1.5mi NNE Lyman Lake on side road off Rock Run Rd., Susquehannock State Forest; 700m","Potter","PA","GRG","CJD","T-989","M","SY","6x5, 5x5",9.3,"partial",61.2,52.8,3,4,11.1,6.8,NA,NA,"green",10.6,14.5,2,2,2,2,NA,"bill black; mouth lining cream; legs munsell 2.5Y 3/2; foot pads yellowish; no fat; stomach saved; no molt","","PA.Potter","Central",41.7220797,-77.7767117,18.97
"608335","side","o","1",0.0805302032072356,0.0118978002941359,0.0821396695796721,0.0126011906418222,0.0820966479407919,0.0135515853267707,0.0830837448110705,0.0116788225040025,0.102211248697327,0.0112038656522135,0.0805302032072356,0.0118978002941359,18029,13.5327453556014,3269,"Setophaga caerulescens","16-Jun-92",16,"Jun",92,"1.5mi NNE Lyman Lake on side road off Rock Run Rd., Susquehannock State Forest; 700m","Potter","PA","GRG","CJD","T-989","M","SY","6x5, 5x5",9.3,"partial",61.2,52.8,3,4,11.1,6.8,NA,NA,"green",10.6,14.5,2,2,2,2,NA,"bill black; mouth lining cream; legs munsell 2.5Y 3/2; foot pads yellowish; no fat; stomach saved; no molt","","PA.Potter","Central",41.7220797,-77.7767117,18.97
"608335","dorsal","m","1",0.0708538006530897,0.00942955475976488,0.062353928461146,0.00717132218832327,0.0735830652204141,0.0103387606539506,0.0868627019678814,0.0148591510201249,0.10755127199942,0.0101059384402237,0.0708538006530897,0.00942955475976488,30800,23.1187840120098,3269,"Setophaga caerulescens","16-Jun-92",16,"Jun",92,"1.5mi NNE Lyman Lake on side road off Rock Run Rd., Susquehannock State Forest; 700m","Potter","PA","GRG","CJD","T-989","M","SY","6x5, 5x5",9.3,"partial",61.2,52.8,3,4,11.1,6.8,NA,NA,"green",10.6,14.5,2,2,2,2,NA,"bill black; mouth lining cream; legs munsell 2.5Y 3/2; foot pads yellowish; no fat; stomach saved; no molt","","PA.Potter","Central",41.7220797,-77.7767117,18.97
"608335","dorsal","m","3",0.0749846445313204,0.0112276821767552,0.0660503796490207,0.0080845533067794,0.0779276704736138,0.012196723265324,0.0910147759711237,0.0171960365045589,0.1140613843999,0.0109652327336763,0.0749846445313204,0.0112276821767552,28730,21.5650215800338,3269,"Setophaga caerulescens","16-Jun-92",16,"Jun",92,"1.5mi NNE Lyman Lake on side road off Rock Run Rd., Susquehannock State Forest; 700m","Potter","PA","GRG","CJD","T-989","M","SY","6x5, 5x5",9.3,"partial",61.2,52.8,3,4,11.1,6.8,NA,NA,"green",10.6,14.5,2,2,2,2,NA,"bill black; mouth lining cream; legs munsell 2.5Y 3/2; foot pads yellowish; no fat; stomach saved; no molt","","PA.Potter","Central",41.7220797,-77.7767117,18.97
"608335","ventral","t","1",0.0407102602170949,0.00669811920143368,0.0368351440951414,0.00774025912750535,0.0420485728328192,0.00759537317922395,0.054567690387599,0.00858673447002962,0.0571834951486677,0.00756102212791298,0.0407102602170949,0.00669811920143368,87733,65.8532557703134,3269,"Setophaga caerulescens","16-Jun-92",16,"Jun",92,"1.5mi NNE Lyman Lake on side road off Rock Run Rd., Susquehannock State Forest; 700m","Potter","PA","GRG","CJD","T-989","M","SY","6x5, 5x5",9.3,"partial",61.2,52.8,3,4,11.1,6.8,NA,NA,"green",10.6,14.5,2,2,2,2,NA,"bill black; mouth lining cream; legs munsell 2.5Y 3/2; foot pads yellowish; no fat; stomach saved; no molt","","PA.Potter","Central",41.7220797,-77.7767117,18.97
"608336","crown","c","1",0.0709843102778202,0.0299732075447102,0.0557017315366534,0.0240687482008887,0.0746876110402454,0.0328533520439993,0.0925950798737122,0.0369234926006991,0.155347008545252,0.0525245457618382,0.0709843102778202,0.0299732075447102,115372,86.5993619816101,3211,"Setophaga caerulescens","16-Jun-92",16,"Jun",92,"1.5mi NE Lyman Lake on Rock Run Rd., Susquehannock State Forest; 650m","Potter","PA","GRG","JPD","T-931","M","SY","7x4.5, 6.5x5",8.9,"partial",62.4,51.6,2.9,4,10.7,6.9,NA,NA,"green",15.4,18.2,2,2,2,2,NA,"bill black; mouth lining cream; legs Munsell 2.5Y 4/4; light fat; no molt - wings and tail worn; stomach saved","","PA.Potter","Central",41.72457,-77.75484,18.91
"608336","side","w","1",0.459918048095168,0.109359226479917,0.483656917093313,0.117874568412945,0.467920974926376,0.113490298821728,0.366034406442679,0.0759524030060935,0.348253665963967,0.0808653031667235,0.459918048095168,0.109359226479917,67042,50.3223869393883,3211,"Setophaga caerulescens","16-Jun-92",16,"Jun",92,"1.5mi NE Lyman Lake on Rock Run Rd., Susquehannock State Forest; 650m","Potter","PA","GRG","JPD","T-931","M","SY","7x4.5, 6.5x5",8.9,"partial",62.4,51.6,2.9,4,10.7,6.9,NA,NA,"green",15.4,18.2,2,2,2,2,NA,"bill black; mouth lining cream; legs Munsell 2.5Y 4/4; light fat; no molt - wings and tail worn; stomach saved","","PA.Potter","Central",41.72457,-77.75484,18.91
"608336","side","o","1",0.0754939043697903,0.00623877964016115,0.076104114504442,0.00770439570908049,0.0766235350441087,0.0074327858596156,0.0811938226585089,0.00810768078183999,0.0930449840155614,0.00499747386260478,0.0754939043697903,0.00623877964016115,7739,5.80896978795271,3211,"Setophaga caerulescens","16-Jun-92",16,"Jun",92,"1.5mi NE Lyman Lake on Rock Run Rd., Susquehannock State Forest; 650m","Potter","PA","GRG","JPD","T-931","M","SY","7x4.5, 6.5x5",8.9,"partial",62.4,51.6,2.9,4,10.7,6.9,NA,NA,"green",15.4,18.2,2,2,2,2,NA,"bill black; mouth lining cream; legs Munsell 2.5Y 4/4; light fat; no molt - wings and tail worn; stomach saved","","PA.Potter","Central",41.72457,-77.75484,18.91
"608336","dorsal","m","1",0.0779368461553108,0.0127060371161623,0.0696201747381483,0.0123120498556584,0.0810601871536415,0.0131558677510283,0.0912680035579714,0.0145066826883427,0.114297747656836,0.0152783784683106,0.0779368461553108,0.0127060371161623,33124,24.8632013510978,3211,"Setophaga caerulescens","16-Jun-92",16,"Jun",92,"1.5mi NE Lyman Lake on Rock Run Rd., Susquehannock State Forest; 650m","Potter","PA","GRG","JPD","T-931","M","SY","7x4.5, 6.5x5",8.9,"partial",62.4,51.6,2.9,4,10.7,6.9,NA,NA,"green",15.4,18.2,2,2,2,2,NA,"bill black; mouth lining cream; legs Munsell 2.5Y 4/4; light fat; no molt - wings and tail worn; stomach saved","","PA.Potter","Central",41.72457,-77.75484,18.91
"608336","dorsal","m","3",0.0725230730125322,0.0137677117213024,0.0651707703299784,0.0135598559719736,0.07573647448327,0.0141854481386756,0.0842214249534844,0.0151785414184295,0.104098811963701,0.0146783874103348,0.0725230730125322,0.0137677117213024,33489,25.1371739538375,3211,"Setophaga caerulescens","16-Jun-92",16,"Jun",92,"1.5mi NE Lyman Lake on Rock Run Rd., Susquehannock State Forest; 650m","Potter","PA","GRG","JPD","T-931","M","SY","7x4.5, 6.5x5",8.9,"partial",62.4,51.6,2.9,4,10.7,6.9,NA,NA,"green",15.4,18.2,2,2,2,2,NA,"bill black; mouth lining cream; legs Munsell 2.5Y 4/4; light fat; no molt - wings and tail worn; stomach saved","","PA.Potter","Central",41.72457,-77.75484,18.91
"608336","ventral","t","1",0.0412828385220089,0.00524496341549115,0.0367779198153376,0.00642499255936038,0.0421530431160977,0.00664772430039658,0.0574115034978585,0.00912938100440888,0.0543393877388669,0.00534474300637481,0.0412828385220089,0.00524496341549115,77405,58.1009570275849,3211,"Setophaga caerulescens","16-Jun-92",16,"Jun",92,"1.5mi NE Lyman Lake on Rock Run Rd., Susquehannock State Forest; 650m","Potter","PA","GRG","JPD","T-931","M","SY","7x4.5, 6.5x5",8.9,"partial",62.4,51.6,2.9,4,10.7,6.9,NA,NA,"green",15.4,18.2,2,2,2,2,NA,"bill black; mouth lining cream; legs Munsell 2.5Y 4/4; light fat; no molt - wings and tail worn; stomach saved","","PA.Potter","Central",41.72457,-77.75484,18.91
"608336","dorsal","m","2",0.0809145696952497,0.0184155678863452,0.0733953733460844,0.0176320033750166,0.0837940656326316,0.0186937957654677,0.0934209160029616,0.0201694408736503,0.110582700242959,0.0225305057033751,0.0809145696952497,0.0184155678863452,35344,26.5295552636517,3211,"Setophaga caerulescens","16-Jun-92",16,"Jun",92,"1.5mi NE Lyman Lake on Rock Run Rd., Susquehannock State Forest; 650m","Potter","PA","GRG","JPD","T-931","M","SY","7x4.5, 6.5x5",8.9,"partial",62.4,51.6,2.9,4,10.7,6.9,NA,NA,"green",15.4,18.2,2,2,2,2,NA,"bill black; mouth lining cream; legs Munsell 2.5Y 4/4; light fat; no molt - wings and tail worn; stomach saved","","PA.Potter","Central",41.72457,-77.75484,18.91
"608338","dorsal","m","3",0.0713634959148876,0.00828697980448951,0.0648790853329252,0.00787664706609619,0.0734560002172096,0.00934983800345511,0.0863078257497224,0.0123970400310734,0.105903763178115,0.00917875015926266,0.0713634959148876,0.00828697980448951,33306,24.9998123475324,3271,"Setophaga caerulescens","16-Jun-92",16,"Jun",92,"1.5mi NNE Lyman Lake on side road off Rock Run Rd., Susquehannock State Forest; 700m","Potter","PA","GRG","CJD","T-991","M","ASY","8x6, 5x4",9.1,"partial",65,55.2,3.2,3.9,10.4,7,NA,NA,"blue",18.7,18.1,2,2,2,2,NA,"bill black; mouth lining dark brown; legs munsell 2.5Y 4/2; foot pads yellowish; no fat; stomach saved; no molt","","PA.Potter","Central",41.7220797,-77.7767117,19.4
"608338","side","o","1",0.0724176165839889,0.010520347922283,0.0710213713614344,0.013122634828245,0.0740865993348001,0.0111706128737038,0.0801173415120348,0.00870904685662849,0.100127557181872,0.012028050840144,0.0724176165839889,0.010520347922283,4366,3.27716269468943,3271,"Setophaga caerulescens","16-Jun-92",16,"Jun",92,"1.5mi NNE Lyman Lake on side road off Rock Run Rd., Susquehannock State Forest; 700m","Potter","PA","GRG","CJD","T-991","M","ASY","8x6, 5x4",9.1,"partial",65,55.2,3.2,3.9,10.4,7,NA,NA,"blue",18.7,18.1,2,2,2,2,NA,"bill black; mouth lining dark brown; legs munsell 2.5Y 4/2; foot pads yellowish; no fat; stomach saved; no molt","","PA.Potter","Central",41.7220797,-77.7767117,19.4
"608338","side","w","1",0.524542163662119,0.106344304497503,0.540631252246832,0.113370913791168,0.533304089344269,0.110527042526479,0.42873696841002,0.0740290521202608,0.432209276875982,0.0856742958764004,0.524542163662119,0.106344304497503,59852,44.9255019703509,3271,"Setophaga caerulescens","16-Jun-92",16,"Jun",92,"1.5mi NNE Lyman Lake on side road off Rock Run Rd., Susquehannock State Forest; 700m","Potter","PA","GRG","CJD","T-991","M","ASY","8x6, 5x4",9.1,"partial",65,55.2,3.2,3.9,10.4,7,NA,NA,"blue",18.7,18.1,2,2,2,2,NA,"bill black; mouth lining dark brown; legs munsell 2.5Y 4/2; foot pads yellowish; no fat; stomach saved; no molt","","PA.Potter","Central",41.7220797,-77.7767117,19.4
"608338","crown","c","1",0.0805935313344003,0.0281537677040207,0.065654469782799,0.0232916715981958,0.0852314054612926,0.0311866265436722,0.0982466272057667,0.0323330274406708,0.170189802666801,0.0456204079797747,0.0805935313344003,0.0281537677040207,76993,57.7917057609308,3271,"Setophaga caerulescens","16-Jun-92",16,"Jun",92,"1.5mi NNE Lyman Lake on side road off Rock Run Rd., Susquehannock State Forest; 700m","Potter","PA","GRG","CJD","T-991","M","ASY","8x6, 5x4",9.1,"partial",65,55.2,3.2,3.9,10.4,7,NA,NA,"blue",18.7,18.1,2,2,2,2,NA,"bill black; mouth lining dark brown; legs munsell 2.5Y 4/2; foot pads yellowish; no fat; stomach saved; no molt","","PA.Potter","Central",41.7220797,-77.7767117,19.4
"608338","dorsal","m","1",0.0711094891224442,0.0101794209579085,0.0652275653627873,0.00926516955562873,0.0731950097159134,0.0112063045499098,0.085065990939733,0.0135508403439745,0.109186056716001,0.0130276768513283,0.0711094891224442,0.0101794209579085,34225,25.6896228185401,3271,"Setophaga caerulescens","16-Jun-92",16,"Jun",92,"1.5mi NNE Lyman Lake on side road off Rock Run Rd., Susquehannock State Forest; 700m","Potter","PA","GRG","CJD","T-991","M","ASY","8x6, 5x4",9.1,"partial",65,55.2,3.2,3.9,10.4,7,NA,NA,"blue",18.7,18.1,2,2,2,2,NA,"bill black; mouth lining dark brown; legs munsell 2.5Y 4/2; foot pads yellowish; no fat; stomach saved; no molt","","PA.Potter","Central",41.7220797,-77.7767117,19.4
"608338","ventral","t","1",0.0456491189915476,0.00564412233867678,0.0414939758053667,0.00669551762909005,0.0468101115576173,0.00698569369331179,0.0597238263973754,0.0093097976080182,0.0625747895063638,0.00633284185965345,0.0456491189915476,0.00564412233867678,101278,76.020266466504,3271,"Setophaga caerulescens","16-Jun-92",16,"Jun",92,"1.5mi NNE Lyman Lake on side road off Rock Run Rd., Susquehannock State Forest; 700m","Potter","PA","GRG","CJD","T-991","M","ASY","8x6, 5x4",9.1,"partial",65,55.2,3.2,3.9,10.4,7,NA,NA,"blue",18.7,18.1,2,2,2,2,NA,"bill black; mouth lining dark brown; legs munsell 2.5Y 4/2; foot pads yellowish; no fat; stomach saved; no molt","","PA.Potter","Central",41.7220797,-77.7767117,19.4
"608338","dorsal","m","2",0.0788397105399531,0.00877064962682488,0.0701872151331273,0.00747153992169627,0.0815678099735641,0.0100903147191802,0.0948566259711752,0.0138563362858429,0.123808573181678,0.0116151688601838,0.0788397105399531,0.00877064962682488,31152,23.3829986864327,3271,"Setophaga caerulescens","16-Jun-92",16,"Jun",92,"1.5mi NNE Lyman Lake on side road off Rock Run Rd., Susquehannock State Forest; 700m","Potter","PA","GRG","CJD","T-991","M","ASY","8x6, 5x4",9.1,"partial",65,55.2,3.2,3.9,10.4,7,NA,NA,"blue",18.7,18.1,2,2,2,2,NA,"bill black; mouth lining dark brown; legs munsell 2.5Y 4/2; foot pads yellowish; no fat; stomach saved; no molt","","PA.Potter","Central",41.7220797,-77.7767117,19.4
"608340","dorsal","m","2",0.0747976864449514,0.0103854196068306,0.0696208427043338,0.00848730662212931,0.0773530544572365,0.0117319198681204,0.0860763041887536,0.0138020567717729,0.102435367293169,0.015967329039344,0.0747976864449514,0.0103854196068306,32041,24.0502908613248,3208,"Setophaga caerulescens","16-Jun-92",16,"Jun",92,"1.5mi NNE Lyman Lake on side road off Rock Run Rd., Susquehannock State Forest; 700m","Potter","PA","GRG","CJD","T-928","M","SY","6.5x5, 5x5",8.8,"partial",57.3,54.9,2.8,4.1,10.3,6.7,NA,NA,"green",10.8,10.8,2,2,2,2,NA,"bill black; mouth lining cream; legs munsell 5Y 3/2; no fat; stomach saved; no molt","","PA.Potter","Central",41.7220797,-77.7767117,18.57
"608340","dorsal","m","3",0.0778646976779923,0.0118219483567876,0.0747002100443836,0.0111464873949094,0.0801324219188547,0.0128179170037189,0.0864209457707344,0.0134637769533846,0.112571074293973,0.0132308037766612,0.0778646976779923,0.0118219483567876,38612,28.9825483205104,3208,"Setophaga caerulescens","16-Jun-92",16,"Jun",92,"1.5mi NNE Lyman Lake on side road off Rock Run Rd., Susquehannock State Forest; 700m","Potter","PA","GRG","CJD","T-928","M","SY","6.5x5, 5x5",8.8,"partial",57.3,54.9,2.8,4.1,10.3,6.7,NA,NA,"green",10.8,10.8,2,2,2,2,NA,"bill black; mouth lining cream; legs munsell 5Y 3/2; no fat; stomach saved; no molt","","PA.Potter","Central",41.7220797,-77.7767117,18.57
"608340","crown","c","1",0.0597263784258509,0.0198549612492768,0.0503729306902425,0.0170663223261313,0.0634024428798857,0.0204033428992508,0.0726808580954956,0.0240203350272168,0.110711937929248,0.0375656274330518,0.0597263784258509,0.0198549612492768,109825,82.4357290298367,3208,"Setophaga caerulescens","16-Jun-92",16,"Jun",92,"1.5mi NNE Lyman Lake on side road off Rock Run Rd., Susquehannock State Forest; 700m","Potter","PA","GRG","CJD","T-928","M","SY","6.5x5, 5x5",8.8,"partial",57.3,54.9,2.8,4.1,10.3,6.7,NA,NA,"green",10.8,10.8,2,2,2,2,NA,"bill black; mouth lining cream; legs munsell 5Y 3/2; no fat; stomach saved; no molt","","PA.Potter","Central",41.7220797,-77.7767117,18.57
"608340","side","w","1",0.423492885532477,0.104254578538098,0.441766801293084,0.110312003532373,0.434649376895796,0.109521913510469,0.334798455913792,0.0747224057412618,0.361208898873195,0.0892867481588425,0.423492885532477,0.104254578538098,27006,20.2709701632576,3208,"Setophaga caerulescens","16-Jun-92",16,"Jun",92,"1.5mi NNE Lyman Lake on side road off Rock Run Rd., Susquehannock State Forest; 700m","Potter","PA","GRG","CJD","T-928","M","SY","6.5x5, 5x5",8.8,"partial",57.3,54.9,2.8,4.1,10.3,6.7,NA,NA,"green",10.8,10.8,2,2,2,2,NA,"bill black; mouth lining cream; legs munsell 5Y 3/2; no fat; stomach saved; no molt","","PA.Potter","Central",41.7220797,-77.7767117,18.57
"608340","side","o","1",0.0827333928644326,0.00954567088638033,0.0823383772763696,0.00985180279585491,0.0841402169950453,0.0113980754230892,0.0880130303241963,0.0122401410333213,0.110118595056699,0.00875877359419634,0.0827333928644326,0.00954567088638033,19914,14.9476449615312,3208,"Setophaga caerulescens","16-Jun-92",16,"Jun",92,"1.5mi NNE Lyman Lake on side road off Rock Run Rd., Susquehannock State Forest; 700m","Potter","PA","GRG","CJD","T-928","M","SY","6.5x5, 5x5",8.8,"partial",57.3,54.9,2.8,4.1,10.3,6.7,NA,NA,"green",10.8,10.8,2,2,2,2,NA,"bill black; mouth lining cream; legs munsell 5Y 3/2; no fat; stomach saved; no molt","","PA.Potter","Central",41.7220797,-77.7767117,18.57
"608340","dorsal","m","1",0.0778363622731463,0.00995139212040851,0.073182323524126,0.00832746533307829,0.0803950009204095,0.0112532134303745,0.0877750064382066,0.0131713480620277,0.113001996458566,0.0099707957135759,0.0778363622731463,0.00995139212040851,32041,24.0502908613248,3208,"Setophaga caerulescens","16-Jun-92",16,"Jun",92,"1.5mi NNE Lyman Lake on side road off Rock Run Rd., Susquehannock State Forest; 700m","Potter","PA","GRG","CJD","T-928","M","SY","6.5x5, 5x5",8.8,"partial",57.3,54.9,2.8,4.1,10.3,6.7,NA,NA,"green",10.8,10.8,2,2,2,2,NA,"bill black; mouth lining cream; legs munsell 5Y 3/2; no fat; stomach saved; no molt","","PA.Potter","Central",41.7220797,-77.7767117,18.57
"608340","ventral","t","1",0.0425569851423891,0.00609065500347755,0.0383862401652647,0.0069014771893665,0.0435363899318859,0.00749185241937835,0.0573549606298663,0.009839140778249,0.0607517573156754,0.00734521873026746,0.0425569851423891,0.00609065500347755,153773,115.423531619441,3208,"Setophaga caerulescens","16-Jun-92",16,"Jun",92,"1.5mi NNE Lyman Lake on side road off Rock Run Rd., Susquehannock State Forest; 700m","Potter","PA","GRG","CJD","T-928","M","SY","6.5x5, 5x5",8.8,"partial",57.3,54.9,2.8,4.1,10.3,6.7,NA,NA,"green",10.8,10.8,2,2,2,2,NA,"bill black; mouth lining cream; legs munsell 5Y 3/2; no fat; stomach saved; no molt","","PA.Potter","Central",41.7220797,-77.7767117,18.57
"608346","dorsal","m","3",0.086811199431439,0.0168721840655627,0.0830105806076671,0.0208989833601373,0.0895654717604403,0.017589594557184,0.0944086004282614,0.0126641653191535,0.113271225171095,0.0242446881195262,0.086811199431439,0.0168721840655627,35344,26.5295552636517,3275,"Setophaga caerulescens","16-Jun-92",16,"Jun",92,"2.5mi NNE Lyman Lake on side road off Rock Run Rd., Susquehannock State Forest; 700m","Potter","PA","GRG","JPD","T-995","M","SY","7x5.5, 6.5x5",10,"partial",59.8,55.6,3.2,4,NA,NA,NA,NA,"green",11.8,10,2,2,2,2,NA,"bill black; legs munsell 5Y 4/2; moderate fat; stomach saved; no molt; bill broken","","PA.Potter","Central",41.7220797,-77.7767117,NA
"608346","side","o","1",0.0793498367115303,0.00958238829991927,0.0802830160645832,0.0108762608646771,0.0810908394160364,0.0104629029329669,0.0826679025617732,0.0100844174139969,0.104370554748912,0.010677308533377,0.0793498367115303,0.00958238829991927,19147,14.3719271908426,3275,"Setophaga caerulescens","16-Jun-92",16,"Jun",92,"2.5mi NNE Lyman Lake on side road off Rock Run Rd., Susquehannock State Forest; 700m","Potter","PA","GRG","JPD","T-995","M","SY","7x5.5, 6.5x5",10,"partial",59.8,55.6,3.2,4,NA,NA,NA,NA,"green",11.8,10,2,2,2,2,NA,"bill black; legs munsell 5Y 4/2; moderate fat; stomach saved; no molt; bill broken","","PA.Potter","Central",41.7220797,-77.7767117,NA
"608346","dorsal","m","1",0.0814628903085619,0.0150451414405046,0.0768669721003502,0.0170995025359507,0.0837894955030454,0.0158119604670166,0.0921317893807889,0.0126751083174763,0.118199903674795,0.0208058568414171,0.0814628903085619,0.0150451414405046,35532,26.6706699193094,3275,"Setophaga caerulescens","16-Jun-92",16,"Jun",92,"2.5mi NNE Lyman Lake on side road off Rock Run Rd., Susquehannock State Forest; 700m","Potter","PA","GRG","JPD","T-995","M","SY","7x5.5, 6.5x5",10,"partial",59.8,55.6,3.2,4,NA,NA,NA,NA,"green",11.8,10,2,2,2,2,NA,"bill black; legs munsell 5Y 4/2; moderate fat; stomach saved; no molt; bill broken","","PA.Potter","Central",41.7220797,-77.7767117,NA
"608346","crown","c","1",0.0858696504740457,0.0327154225943139,0.0702277550618211,0.0293419543727683,0.0905704851177647,0.036003936556697,0.103534428970013,0.0316497677565198,0.175037941339812,0.0510398287362097,0.0858696504740457,0.0327154225943139,103706,77.8427472321261,3275,"Setophaga caerulescens","16-Jun-92",16,"Jun",92,"2.5mi NNE Lyman Lake on side road off Rock Run Rd., Susquehannock State Forest; 700m","Potter","PA","GRG","JPD","T-995","M","SY","7x5.5, 6.5x5",10,"partial",59.8,55.6,3.2,4,NA,NA,NA,NA,"green",11.8,10,2,2,2,2,NA,"bill black; legs munsell 5Y 4/2; moderate fat; stomach saved; no molt; bill broken","","PA.Potter","Central",41.7220797,-77.7767117,NA
"608346","side","w","1",0.422120663560504,0.0715403244023146,0.431219184283055,0.0732653475625926,0.42761147206557,0.0737036491952171,0.359019378984585,0.0614155853342548,0.409359556562779,0.0930981257638028,0.422120663560504,0.0715403244023146,36463,27.3694877087634,3275,"Setophaga caerulescens","16-Jun-92",16,"Jun",92,"2.5mi NNE Lyman Lake on side road off Rock Run Rd., Susquehannock State Forest; 700m","Potter","PA","GRG","JPD","T-995","M","SY","7x5.5, 6.5x5",10,"partial",59.8,55.6,3.2,4,NA,NA,NA,NA,"green",11.8,10,2,2,2,2,NA,"bill black; legs munsell 5Y 4/2; moderate fat; stomach saved; no molt; bill broken","","PA.Potter","Central",41.7220797,-77.7767117,NA
"608346","dorsal","m","2",0.0803029498146039,0.0153550607156851,0.0764550444336183,0.0176660740430377,0.0828236432218614,0.0160060899344792,0.0895054572303992,0.0128916794702125,0.111437002722512,0.0210864852218988,0.0803029498146039,0.0153550607156851,33488,25.136423343967,3275,"Setophaga caerulescens","16-Jun-92",16,"Jun",92,"2.5mi NNE Lyman Lake on side road off Rock Run Rd., Susquehannock State Forest; 700m","Potter","PA","GRG","JPD","T-995","M","SY","7x5.5, 6.5x5",10,"partial",59.8,55.6,3.2,4,NA,NA,NA,NA,"green",11.8,10,2,2,2,2,NA,"bill black; legs munsell 5Y 4/2; moderate fat; stomach saved; no molt; bill broken","","PA.Potter","Central",41.7220797,-77.7767117,NA
"608346","ventral","t","1",0.0415673379096238,0.00566838572208086,0.037459677597793,0.00673578659451213,0.0430533937417121,0.00678960127438745,0.0553717310705661,0.00851310372473562,0.0569046518716169,0.00616997231937246,0.0415673379096238,0.00566838572208086,88198,66.2022893601051,3275,"Setophaga caerulescens","16-Jun-92",16,"Jun",92,"2.5mi NNE Lyman Lake on side road off Rock Run Rd., Susquehannock State Forest; 700m","Potter","PA","GRG","JPD","T-995","M","SY","7x5.5, 6.5x5",10,"partial",59.8,55.6,3.2,4,NA,NA,NA,NA,"green",11.8,10,2,2,2,2,NA,"bill black; legs munsell 5Y 4/2; moderate fat; stomach saved; no molt; bill broken","","PA.Potter","Central",41.7220797,-77.7767117,NA
"608347","crown","c","1",0.0981980543896137,0.028165497715124,0.0819673325270009,0.0298998648521301,0.102310647042872,0.0290425420950966,0.118865861297814,0.0268511806491932,0.197529828040095,0.0636034161391425,0.0981980543896137,0.028165497715124,85169,63.9286920623006,3276,"Setophaga caerulescens","16-Jun-92",16,"Jun",92,"2.75mi NNE Lyman Lake on side road off Rock Run Rd., Susquehannock State Forest; 700m","Potter","PA","GRG","JPD","T-996","M","ASY","6.5x5, 7x5.5",9.4,"partial",66.2,52.5,3.3,4.2,11,6.8,NA,NA,"blue",14.8,15.1,2,2,2,2,NA,"bill black; mouth lining black; legs munsell 2.5Y 4/4; moderate fat; stomach saved; no molt","","PA.Potter","Central",41.7220797,-77.7767117,18.74
"608347","ventral","t","1",0.0408711134090986,0.00564166269062498,0.0360016771161078,0.00668040245240532,0.0422130560394962,0.00729733768729333,0.0573516916834441,0.0101950868351184,0.0602270232171005,0.00638040259542075,0.0408711134090986,0.00564166269062498,126733,95.1270407205855,3276,"Setophaga caerulescens","16-Jun-92",16,"Jun",92,"2.75mi NNE Lyman Lake on side road off Rock Run Rd., Susquehannock State Forest; 700m","Potter","PA","GRG","JPD","T-996","M","ASY","6.5x5, 7x5.5",9.4,"partial",66.2,52.5,3.3,4.2,11,6.8,NA,NA,"blue",14.8,15.1,2,2,2,2,NA,"bill black; mouth lining black; legs munsell 2.5Y 4/4; moderate fat; stomach saved; no molt","","PA.Potter","Central",41.7220797,-77.7767117,18.74
"608347","dorsal","m","1",0.0785598327590377,0.0207241436686591,0.071967552811548,0.0172804145426878,0.080562921142419,0.0238227687244836,0.0936065059937791,0.0250446940626044,0.125252901633312,0.0162778597441154,0.0785598327590377,0.0207241436686591,36290,27.2396322011634,3276,"Setophaga caerulescens","16-Jun-92",16,"Jun",92,"2.75mi NNE Lyman Lake on side road off Rock Run Rd., Susquehannock State Forest; 700m","Potter","PA","GRG","JPD","T-996","M","ASY","6.5x5, 7x5.5",9.4,"partial",66.2,52.5,3.3,4.2,11,6.8,NA,NA,"blue",14.8,15.1,2,2,2,2,NA,"bill black; mouth lining black; legs munsell 2.5Y 4/4; moderate fat; stomach saved; no molt","","PA.Potter","Central",41.7220797,-77.7767117,18.74
"608347","side","o","1",0.062080379212072,0.0116875125097823,0.0583457331856841,0.0128220753198331,0.0633125873845191,0.0132224860895372,0.0757269159474755,0.012531210011276,0.0922322324533876,0.010319194634464,0.062080379212072,0.0116875125097823,22124,16.60649277538,3276,"Setophaga caerulescens","16-Jun-92",16,"Jun",92,"2.75mi NNE Lyman Lake on side road off Rock Run Rd., Susquehannock State Forest; 700m","Potter","PA","GRG","JPD","T-996","M","ASY","6.5x5, 7x5.5",9.4,"partial",66.2,52.5,3.3,4.2,11,6.8,NA,NA,"blue",14.8,15.1,2,2,2,2,NA,"bill black; mouth lining black; legs munsell 2.5Y 4/4; moderate fat; stomach saved; no molt","","PA.Potter","Central",41.7220797,-77.7767117,18.74
"608347","dorsal","m","3",0.0795982048626954,0.0193460949006816,0.0716265013193846,0.0155030111275815,0.081645913409224,0.0223953022584549,0.0963324602667515,0.0256211883330651,0.127462430368074,0.0143973085009722,0.0795982048626954,0.0193460949006816,32039,24.0487896415838,3276,"Setophaga caerulescens","16-Jun-92",16,"Jun",92,"2.75mi NNE Lyman Lake on side road off Rock Run Rd., Susquehannock State Forest; 700m","Potter","PA","GRG","JPD","T-996","M","ASY","6.5x5, 7x5.5",9.4,"partial",66.2,52.5,3.3,4.2,11,6.8,NA,NA,"blue",14.8,15.1,2,2,2,2,NA,"bill black; mouth lining black; legs munsell 2.5Y 4/4; moderate fat; stomach saved; no molt","","PA.Potter","Central",41.7220797,-77.7767117,18.74
"608347","side","w","1",0.442437981586327,0.115011355814057,0.449834967711284,0.120484357198723,0.447055864492603,0.117652923945571,0.380858220839773,0.0887987362256342,0.433724944882372,0.102779345819603,0.442437981586327,0.115011355814057,74721,56.0863201351098,3276,"Setophaga caerulescens","16-Jun-92",16,"Jun",92,"2.75mi NNE Lyman Lake on side road off Rock Run Rd., Susquehannock State Forest; 700m","Potter","PA","GRG","JPD","T-996","M","ASY","6.5x5, 7x5.5",9.4,"partial",66.2,52.5,3.3,4.2,11,6.8,NA,NA,"blue",14.8,15.1,2,2,2,2,NA,"bill black; mouth lining black; legs munsell 2.5Y 4/4; moderate fat; stomach saved; no molt","","PA.Potter","Central",41.7220797,-77.7767117,18.74
"608347","dorsal","m","2",0.0720801086178785,0.0185301740965603,0.0662412431678045,0.0162595008138092,0.0738269717576709,0.0210491303481431,0.087157395849204,0.0219564326715443,0.111106538893323,0.016574691627485,0.0720801086178785,0.0185301740965603,36100,27.0970163257647,3276,"Setophaga caerulescens","16-Jun-92",16,"Jun",92,"2.75mi NNE Lyman Lake on side road off Rock Run Rd., Susquehannock State Forest; 700m","Potter","PA","GRG","JPD","T-996","M","ASY","6.5x5, 7x5.5",9.4,"partial",66.2,52.5,3.3,4.2,11,6.8,NA,NA,"blue",14.8,15.1,2,2,2,2,NA,"bill black; mouth lining black; legs munsell 2.5Y 4/4; moderate fat; stomach saved; no molt","","PA.Potter","Central",41.7220797,-77.7767117,18.74
"608348","crown","c","1",0.0594717624107885,0.0194749221915801,0.0483304602759125,0.0163659094224593,0.0630614314563402,0.0212608713137649,0.0754447963076863,0.0225943743207475,0.115279503114386,0.0324289705967589,0.0594717624107885,0.0194749221915801,112709,84.6004878964158,3277,"Setophaga caerulescens","17-Jun-92",17,"Jun",92,"3mi NNE Lyman Lake on side road off Rock Run Rd., Susquehannock State Forest; 700m","Potter","PA","GRG","JPD","T-997","M","SY","7x5, 6x5",9.35,"partial",59.8,50.3,3,4,10.8,7.6,NA,NA,"green",9.7,10.1,2,2,2,2,NA,"bill black; mouth lining black; legs munsell 5Y 4/4; light fat; stomach saved; no molt","","PA.Potter","Central",41.7220797,-77.7767117,18.38
"608348","dorsal","m","1",0.066581810436717,0.0122806110223332,0.058616777359942,0.0103141154970527,0.0690700092573261,0.0139529668113916,0.0828753950143576,0.0179856045786181,0.0875256542183852,0.0152655882047414,0.066581810436717,0.0122806110223332,33856,25.4126477763183,3277,"Setophaga caerulescens","17-Jun-92",17,"Jun",92,"3mi NNE Lyman Lake on side road off Rock Run Rd., Susquehannock State Forest; 700m","Potter","PA","GRG","JPD","T-997","M","SY","7x5, 6x5",9.35,"partial",59.8,50.3,3,4,10.8,7.6,NA,NA,"green",9.7,10.1,2,2,2,2,NA,"bill black; mouth lining black; legs munsell 5Y 4/4; light fat; stomach saved; no molt","","PA.Potter","Central",41.7220797,-77.7767117,18.38
"608348","dorsal","m","2",0.076534043962162,0.0109661215772809,0.0689409363265339,0.00929525492525155,0.0791647115697203,0.0128986221858204,0.0910371715441414,0.0175279384153797,0.104177217729497,0.0137891620862161,0.076534043962162,0.0109661215772809,35156,26.388440607994,3277,"Setophaga caerulescens","17-Jun-92",17,"Jun",92,"3mi NNE Lyman Lake on side road off Rock Run Rd., Susquehannock State Forest; 700m","Potter","PA","GRG","JPD","T-997","M","SY","7x5, 6x5",9.35,"partial",59.8,50.3,3,4,10.8,7.6,NA,NA,"green",9.7,10.1,2,2,2,2,NA,"bill black; mouth lining black; legs munsell 5Y 4/4; light fat; stomach saved; no molt","","PA.Potter","Central",41.7220797,-77.7767117,18.38
"608348","dorsal","m","3",0.0717371498620119,0.0111998632363893,0.0641595624144601,0.00920064370964516,0.0744222193207063,0.0130379678644346,0.0865284292302366,0.017343809383571,0.0939627440857667,0.011652993794889,0.0717371498620119,0.0111998632363893,33489,25.1371739538375,3277,"Setophaga caerulescens","17-Jun-92",17,"Jun",92,"3mi NNE Lyman Lake on side road off Rock Run Rd., Susquehannock State Forest; 700m","Potter","PA","GRG","JPD","T-997","M","SY","7x5, 6x5",9.35,"partial",59.8,50.3,3,4,10.8,7.6,NA,NA,"green",9.7,10.1,2,2,2,2,NA,"bill black; mouth lining black; legs munsell 5Y 4/4; light fat; stomach saved; no molt","","PA.Potter","Central",41.7220797,-77.7767117,18.38
"608348","side","o","1",0.0808240687529927,0.0101865419349969,0.0827393641167632,0.0109901683209126,0.0826169181417919,0.0117746539950862,0.0826230384814246,0.0101594633209526,0.099576305661558,0.00874936413356565,0.0808240687529927,0.0101865419349969,12824,9.62582097954588,3277,"Setophaga caerulescens","17-Jun-92",17,"Jun",92,"3mi NNE Lyman Lake on side road off Rock Run Rd., Susquehannock State Forest; 700m","Potter","PA","GRG","JPD","T-997","M","SY","7x5, 6x5",9.35,"partial",59.8,50.3,3,4,10.8,7.6,NA,NA,"green",9.7,10.1,2,2,2,2,NA,"bill black; mouth lining black; legs munsell 5Y 4/4; light fat; stomach saved; no molt","","PA.Potter","Central",41.7220797,-77.7767117,18.38
"608348","ventral","t","1",0.0378894461612222,0.00639261451601811,0.0334567154024208,0.00745067174161244,0.039470555499651,0.00785959740173087,0.0534492876449721,0.0100050774524241,0.0561945951270552,0.00699935022948528,0.0378894461612222,0.00639261451601811,76452,57.3856258209795,3277,"Setophaga caerulescens","17-Jun-92",17,"Jun",92,"3mi NNE Lyman Lake on side road off Rock Run Rd., Susquehannock State Forest; 700m","Potter","PA","GRG","JPD","T-997","M","SY","7x5, 6x5",9.35,"partial",59.8,50.3,3,4,10.8,7.6,NA,NA,"green",9.7,10.1,2,2,2,2,NA,"bill black; mouth lining black; legs munsell 5Y 4/4; light fat; stomach saved; no molt","","PA.Potter","Central",41.7220797,-77.7767117,18.38
"608348","side","w","1",0.373588811534847,0.0714728286132759,0.37537763644531,0.0711314077254127,0.377283692780151,0.0752428166729532,0.334057808859565,0.0622717176240938,0.4012500122527,0.0830861389925099,0.373588811534847,0.0714728286132759,29430,22.0904484893976,3277,"Setophaga caerulescens","17-Jun-92",17,"Jun",92,"3mi NNE Lyman Lake on side road off Rock Run Rd., Susquehannock State Forest; 700m","Potter","PA","GRG","JPD","T-997","M","SY","7x5, 6x5",9.35,"partial",59.8,50.3,3,4,10.8,7.6,NA,NA,"green",9.7,10.1,2,2,2,2,NA,"bill black; mouth lining black; legs munsell 5Y 4/4; light fat; stomach saved; no molt","","PA.Potter","Central",41.7220797,-77.7767117,18.38
"608350","side","w","1",0.502694965209863,0.103501177831712,0.517116298507788,0.110677096277024,0.507600846233125,0.107203293007964,0.419898336431585,0.0793372301001225,0.458460529771328,0.105796655680718,0.502694965209863,0.103501177831712,60439,45.366109964346,3279,"Setophaga caerulescens","17-Jun-92",17,"Jun",92,"3mi NNE Lyman Lake on side road off Rock Run Rd., Susquehannock State Forest; 700m","Potter","PA","GRG","CJD","T-999","M","ASY","7x5, 5x5",9.3,"partial",64.4,47.9,3.2,4.1,10.8,7.2,NA,NA,"blue",16.7,17.2,2,2,2,2,NA,"bill black; mouth lining brown; legs munsell 2.5Y 3/2; light fat; stomach saved; no molt; some throat feathers in sheath","","PA.Potter","Central",41.7220797,-77.7767117,19.03
"608350","dorsal","m","2",0.0645363169282982,0.0211744964158738,0.0564734557471544,0.0156286454536962,0.0668802800266062,0.0245688766558754,0.0824997127194037,0.0327796786037798,0.121136504283632,0.0170571876014242,0.0645363169282982,0.0211744964158738,35343,26.5288046537812,3279,"Setophaga caerulescens","17-Jun-92",17,"Jun",92,"3mi NNE Lyman Lake on side road off Rock Run Rd., Susquehannock State Forest; 700m","Potter","PA","GRG","CJD","T-999","M","ASY","7x5, 5x5",9.3,"partial",64.4,47.9,3.2,4.1,10.8,7.2,NA,NA,"blue",16.7,17.2,2,2,2,2,NA,"bill black; mouth lining brown; legs munsell 2.5Y 3/2; light fat; stomach saved; no molt; some throat feathers in sheath","","PA.Potter","Central",41.7220797,-77.7767117,19.03
"608350","side","o","1",0.0654014552784711,0.0125824519615724,0.0602369226888023,0.0122594816998296,0.0669544042058373,0.0145308387256438,0.0805515304283546,0.0165080123067967,0.100603899962813,0.0134998131254908,0.0654014552784711,0.0125824519615724,15907,11.9399512103584,3279,"Setophaga caerulescens","17-Jun-92",17,"Jun",92,"3mi NNE Lyman Lake on side road off Rock Run Rd., Susquehannock State Forest; 700m","Potter","PA","GRG","CJD","T-999","M","ASY","7x5, 5x5",9.3,"partial",64.4,47.9,3.2,4.1,10.8,7.2,NA,NA,"blue",16.7,17.2,2,2,2,2,NA,"bill black; mouth lining brown; legs munsell 2.5Y 3/2; light fat; stomach saved; no molt; some throat feathers in sheath","","PA.Potter","Central",41.7220797,-77.7767117,19.03
"608350","crown","c","1",0.0817704921318696,0.0255916367395729,0.0660700051937327,0.0246227160060407,0.0856822427181819,0.0271936877042521,0.102654205282764,0.0259420782592153,0.169758642910115,0.0529073155278962,0.0817704921318696,0.0255916367395729,75622,56.7626196284481,3279,"Setophaga caerulescens","17-Jun-92",17,"Jun",92,"3mi NNE Lyman Lake on side road off Rock Run Rd., Susquehannock State Forest; 700m","Potter","PA","GRG","CJD","T-999","M","ASY","7x5, 5x5",9.3,"partial",64.4,47.9,3.2,4.1,10.8,7.2,NA,NA,"blue",16.7,17.2,2,2,2,2,NA,"bill black; mouth lining brown; legs munsell 2.5Y 3/2; light fat; stomach saved; no molt; some throat feathers in sheath","","PA.Potter","Central",41.7220797,-77.7767117,19.03
"608350","dorsal","m","3",0.0615894688719368,0.0215193358868241,0.0552007704194575,0.016046007646226,0.0637134022948492,0.024701588749146,0.0773372959382184,0.031828594971938,0.116975114685372,0.0148065946954332,0.0615894688719368,0.0215193358868241,32761,24.5907299680991,3279,"Setophaga caerulescens","17-Jun-92",17,"Jun",92,"3mi NNE Lyman Lake on side road off Rock Run Rd., Susquehannock State Forest; 700m","Potter","PA","GRG","CJD","T-999","M","ASY","7x5, 5x5",9.3,"partial",64.4,47.9,3.2,4.1,10.8,7.2,NA,NA,"blue",16.7,17.2,2,2,2,2,NA,"bill black; mouth lining brown; legs munsell 2.5Y 3/2; light fat; stomach saved; no molt; some throat feathers in sheath","","PA.Potter","Central",41.7220797,-77.7767117,19.03
"608350","ventral","t","1",0.0384198094250744,0.00571638847366806,0.0335534986856456,0.00662730496465948,0.0399408885492015,0.00708299260072875,0.0546961039609117,0.00933154236512508,0.0591964705426374,0.00602647227392113,0.0384198094250744,0.00571638847366806,129242,97.0103208857197,3279,"Setophaga caerulescens","17-Jun-92",17,"Jun",92,"3mi NNE Lyman Lake on side road off Rock Run Rd., Susquehannock State Forest; 700m","Potter","PA","GRG","CJD","T-999","M","ASY","7x5, 5x5",9.3,"partial",64.4,47.9,3.2,4.1,10.8,7.2,NA,NA,"blue",16.7,17.2,2,2,2,2,NA,"bill black; mouth lining brown; legs munsell 2.5Y 3/2; light fat; stomach saved; no molt; some throat feathers in sheath","","PA.Potter","Central",41.7220797,-77.7767117,19.03
"608350","dorsal","m","1",0.0648967643648695,0.0215040626017256,0.0576895511145307,0.0169790940496124,0.0672762141672245,0.0245941861096117,0.0812800909139523,0.0313443149901654,0.123999101598094,0.0158473386611648,0.0648967643648695,0.0215040626017256,34225,25.6896228185401,3279,"Setophaga caerulescens","17-Jun-92",17,"Jun",92,"3mi NNE Lyman Lake on side road off Rock Run Rd., Susquehannock State Forest; 700m","Potter","PA","GRG","CJD","T-999","M","ASY","7x5, 5x5",9.3,"partial",64.4,47.9,3.2,4.1,10.8,7.2,NA,NA,"blue",16.7,17.2,2,2,2,2,NA,"bill black; mouth lining brown; legs munsell 2.5Y 3/2; light fat; stomach saved; no molt; some throat feathers in sheath","","PA.Potter","Central",41.7220797,-77.7767117,19.03
"608370","crown","c","1",0.0796704996126591,0.0266763469153731,0.0667465060079751,0.0205823589742411,0.083977664804837,0.0294979547968542,0.0952389056803175,0.0352818610297423,0.154923946204944,0.0460045480076363,0.0796704996126591,0.0266763469153731,86607,65.0080690561081,3239,"Setophaga caerulescens","20-Jun-92",20,"Jun",92,"1.5mi SSE Denman Mountain, Catskills State Park; 650m","Sullivan","NY","GRG","CJD","T-959","M","ASY","9x6, 6x5",9.3,"partial",63.5,52.8,2.8,3.9,10,6.2,NA,NA,"blue",15.9,15.3,2,2,2,2,NA,"bill black; mouth lining brown; legs munsell 5Y 2.5/1; light fat; stomach saved; no molt","","NY.Sullivan","North Central",41.90287,-74.5396005,NA
"608370","dorsal","m","2",0.0694532139798569,0.0180305001864541,0.0646625230419954,0.0157004008300624,0.0713400347871373,0.020760879072856,0.0825210053480387,0.0227076282283774,0.103867154093666,0.0162937204247812,0.0694532139798569,0.0180305001864541,33489,25.1371739538375,3239,"Setophaga caerulescens","20-Jun-92",20,"Jun",92,"1.5mi SSE Denman Mountain, Catskills State Park; 650m","Sullivan","NY","GRG","CJD","T-959","M","ASY","9x6, 6x5",9.3,"partial",63.5,52.8,2.8,3.9,10,6.2,NA,NA,"blue",15.9,15.3,2,2,2,2,NA,"bill black; mouth lining brown; legs munsell 5Y 2.5/1; light fat; stomach saved; no molt","","NY.Sullivan","North Central",41.90287,-74.5396005,NA
"608370","dorsal","m","1",0.0706679188650014,0.0166769182460337,0.0652998978112883,0.0135790411140605,0.072296342594658,0.0194030369515482,0.0852978614271956,0.022424435450488,0.106230710473189,0.0113831132646574,0.0706679188650014,0.0166769182460337,32942,24.7265903546632,3239,"Setophaga caerulescens","20-Jun-92",20,"Jun",92,"1.5mi SSE Denman Mountain, Catskills State Park; 650m","Sullivan","NY","GRG","CJD","T-959","M","ASY","9x6, 6x5",9.3,"partial",63.5,52.8,2.8,3.9,10,6.2,NA,NA,"blue",15.9,15.3,2,2,2,2,NA,"bill black; mouth lining brown; legs munsell 5Y 2.5/1; light fat; stomach saved; no molt","","NY.Sullivan","North Central",41.90287,-74.5396005,NA
"608370","side","o","1",0.0655301699961814,0.0150914587761297,0.0643549822917072,0.0185807612181893,0.0667157586414129,0.0158348371999836,0.0747851407429965,0.0119772873915682,0.0884212498264958,0.012620559441384,0.0655301699961814,0.0150914587761297,9253,6.94539313191969,3239,"Setophaga caerulescens","20-Jun-92",20,"Jun",92,"1.5mi SSE Denman Mountain, Catskills State Park; 650m","Sullivan","NY","GRG","CJD","T-959","M","ASY","9x6, 6x5",9.3,"partial",63.5,52.8,2.8,3.9,10,6.2,NA,NA,"blue",15.9,15.3,2,2,2,2,NA,"bill black; mouth lining brown; legs munsell 5Y 2.5/1; light fat; stomach saved; no molt","","NY.Sullivan","North Central",41.90287,-74.5396005,NA
"608370","dorsal","m","3",0.0708222447093644,0.018003082343811,0.0653820560704372,0.015067850796087,0.0726184055758787,0.0211139119039987,0.0851421972391674,0.0232999424373327,0.108164069719965,0.0122925241013603,0.0708222447093644,0.018003082343811,33306,24.9998123475324,3239,"Setophaga caerulescens","20-Jun-92",20,"Jun",92,"1.5mi SSE Denman Mountain, Catskills State Park; 650m","Sullivan","NY","GRG","CJD","T-959","M","ASY","9x6, 6x5",9.3,"partial",63.5,52.8,2.8,3.9,10,6.2,NA,NA,"blue",15.9,15.3,2,2,2,2,NA,"bill black; mouth lining brown; legs munsell 5Y 2.5/1; light fat; stomach saved; no molt","","NY.Sullivan","North Central",41.90287,-74.5396005,NA
"608370","ventral","t","1",0.0464101090139075,0.00745833523718133,0.0420278396004654,0.00861312099606076,0.048100679709038,0.00826354800663185,0.0600467294930649,0.00897531011271629,0.0644093132869922,0.0089364218094106,0.0464101090139075,0.00745833523718133,156917,117.783449052355,3239,"Setophaga caerulescens","20-Jun-92",20,"Jun",92,"1.5mi SSE Denman Mountain, Catskills State Park; 650m","Sullivan","NY","GRG","CJD","T-959","M","ASY","9x6, 6x5",9.3,"partial",63.5,52.8,2.8,3.9,10,6.2,NA,NA,"blue",15.9,15.3,2,2,2,2,NA,"bill black; mouth lining brown; legs munsell 5Y 2.5/1; light fat; stomach saved; no molt","","NY.Sullivan","North Central",41.90287,-74.5396005,NA
"608370","side","w","1",0.398835184759223,0.156209542908727,0.410644991854077,0.166609655356454,0.405281079086541,0.159828638312254,0.333934908859595,0.113070407041976,0.359896747870984,0.0873771649112714,0.398835184759223,0.156209542908727,69929,52.4893976355789,3239,"Setophaga caerulescens","20-Jun-92",20,"Jun",92,"1.5mi SSE Denman Mountain, Catskills State Park; 650m","Sullivan","NY","GRG","CJD","T-959","M","ASY","9x6, 6x5",9.3,"partial",63.5,52.8,2.8,3.9,10,6.2,NA,NA,"blue",15.9,15.3,2,2,2,2,NA,"bill black; mouth lining brown; legs munsell 5Y 2.5/1; light fat; stomach saved; no molt","","NY.Sullivan","North Central",41.90287,-74.5396005,NA
"608371","side","w","1",0.366725737422483,0.119536790227497,0.374767737882824,0.120594205876089,0.372416431258153,0.121784164267756,0.314489427731012,0.0999834297237268,0.347652980722896,0.113376746545373,0.366725737422483,0.119536790227497,68098,51.1150309626572,3240,"Setophaga caerulescens","20-Jun-92",20,"Jun",92,"1.5mi SSE Denman Mountain, Catskills State Park; 650m","Sullivan","NY","GRG","CJD","T-960","M","ASY","6x5, 5x4",9.6,"partial",60,48.1,3.1,4,10.4,6.5,NA,NA,"blue",11.6,18.3,2,2,2,2,NA,"bill black; mouth lining dark brown; legs munsell 5Y 3/1; no fat; stomach saved; no molt","","NY.Sullivan","North Central",41.90287,-74.5396005,18.81
"608371","crown","c","1",0.079010577638905,0.02522712475742,0.0645629229752521,0.0256136651476494,0.0830444439734742,0.0270577348584781,0.0980651498142792,0.0254099715516189,0.162119894692454,0.0475178344599036,0.079010577638905,0.02522712475742,99140,74.4154625633327,3240,"Setophaga caerulescens","20-Jun-92",20,"Jun",92,"1.5mi SSE Denman Mountain, Catskills State Park; 650m","Sullivan","NY","GRG","CJD","T-960","M","ASY","6x5, 5x4",9.6,"partial",60,48.1,3.1,4,10.4,6.5,NA,NA,"blue",11.6,18.3,2,2,2,2,NA,"bill black; mouth lining dark brown; legs munsell 5Y 3/1; no fat; stomach saved; no molt","","NY.Sullivan","North Central",41.90287,-74.5396005,18.81
"608371","dorsal","m","3",0.0651242645922369,0.0128137095294943,0.0585666772458769,0.0100823225395368,0.0670463832643068,0.0140406167141794,0.0810518336200585,0.0177950944850758,0.103572643528406,0.0170565601634208,0.0651242645922369,0.0128137095294943,33489,25.1371739538375,3240,"Setophaga caerulescens","20-Jun-92",20,"Jun",92,"1.5mi SSE Denman Mountain, Catskills State Park; 650m","Sullivan","NY","GRG","CJD","T-960","M","ASY","6x5, 5x4",9.6,"partial",60,48.1,3.1,4,10.4,6.5,NA,NA,"blue",11.6,18.3,2,2,2,2,NA,"bill black; mouth lining dark brown; legs munsell 5Y 3/1; no fat; stomach saved; no molt","","NY.Sullivan","North Central",41.90287,-74.5396005,18.81
"608371","dorsal","m","1",0.0729991109078787,0.0128506484279519,0.0642141360700375,0.0094906481556373,0.0751911374053099,0.0141510497372514,0.0912294179857383,0.0197004202429237,0.121185842596201,0.0174595047405496,0.0729991109078787,0.0128506484279519,34969,26.2480765622068,3240,"Setophaga caerulescens","20-Jun-92",20,"Jun",92,"1.5mi SSE Denman Mountain, Catskills State Park; 650m","Sullivan","NY","GRG","CJD","T-960","M","ASY","6x5, 5x4",9.6,"partial",60,48.1,3.1,4,10.4,6.5,NA,NA,"blue",11.6,18.3,2,2,2,2,NA,"bill black; mouth lining dark brown; legs munsell 5Y 3/1; no fat; stomach saved; no molt","","NY.Sullivan","North Central",41.90287,-74.5396005,18.81
"608371","side","o","1",0.0983896669701231,0.0195197687775806,0.100668190041528,0.0231954106534049,0.0997291784457367,0.020012727298911,0.0990251933787613,0.0147745380600796,0.123460730235937,0.0122983771886916,0.0983896669701231,0.0195197687775806,5551,4.16663539125539,3240,"Setophaga caerulescens","20-Jun-92",20,"Jun",92,"1.5mi SSE Denman Mountain, Catskills State Park; 650m","Sullivan","NY","GRG","CJD","T-960","M","ASY","6x5, 5x4",9.6,"partial",60,48.1,3.1,4,10.4,6.5,NA,NA,"blue",11.6,18.3,2,2,2,2,NA,"bill black; mouth lining dark brown; legs munsell 5Y 3/1; no fat; stomach saved; no molt","","NY.Sullivan","North Central",41.90287,-74.5396005,18.81
"608371","dorsal","m","2",0.0698827673640067,0.0125683372927429,0.0621320847830882,0.00951787322720385,0.0719155897406967,0.0138106105821953,0.086952847602014,0.0182831411717032,0.110465024133255,0.0138165644592993,0.0698827673640067,0.0125683372927429,32761,24.5907299680991,3240,"Setophaga caerulescens","20-Jun-92",20,"Jun",92,"1.5mi SSE Denman Mountain, Catskills State Park; 650m","Sullivan","NY","GRG","CJD","T-960","M","ASY","6x5, 5x4",9.6,"partial",60,48.1,3.1,4,10.4,6.5,NA,NA,"blue",11.6,18.3,2,2,2,2,NA,"bill black; mouth lining dark brown; legs munsell 5Y 3/1; no fat; stomach saved; no molt","","NY.Sullivan","North Central",41.90287,-74.5396005,18.81
"608371","ventral","t","1",0.0438408264214388,0.00519721922988399,0.0388143650701229,0.00648179185503322,0.0452532815939236,0.00655905130043854,0.0597991687135009,0.00884291715824405,0.0618906890466272,0.00684576449297709,0.0438408264214388,0.00519721922988399,103509,77.6948770876337,3240,"Setophaga caerulescens","20-Jun-92",20,"Jun",92,"1.5mi SSE Denman Mountain, Catskills State Park; 650m","Sullivan","NY","GRG","CJD","T-960","M","ASY","6x5, 5x4",9.6,"partial",60,48.1,3.1,4,10.4,6.5,NA,NA,"blue",11.6,18.3,2,2,2,2,NA,"bill black; mouth lining dark brown; legs munsell 5Y 3/1; no fat; stomach saved; no molt","","NY.Sullivan","North Central",41.90287,-74.5396005,18.81
"608372","dorsal","m","3",0.0774627950136363,0.0113242656510769,0.0707651650009813,0.00955207462865056,0.0795177367853448,0.0125463580832677,0.0925426415733317,0.0174514663867148,0.120424798000086,0.0124798993728872,0.0774627950136363,0.0113242656510769,33856,25.4126477763183,3241,"Setophaga caerulescens","20-Jun-92",20,"Jun",92,"1.5mi SSE Denman Mountain, Catskills State Park; 650m","Sullivan","NY","GRG","CJD","T-961","M","ASY","6x5, 4x3",9,"partial",58.1,52.2,3.3,3.9,11,6.9,NA,NA,"blue",17,14.8,2,2,2,2,NA,"bill black; mouth lining cream; legs munsell 2.5Y 3/2; no fat; stomach saved; no molt","","NY.Sullivan","North Central",41.90287,-74.5396005,19.02
"608372","side","w","1",0.400364228909902,0.0850324751374505,0.402283539061693,0.0855574197295207,0.404672824349691,0.0866397390219382,0.356729501536154,0.0747985157121125,0.414856469348964,0.0740433012892906,0.400364228909902,0.0850324751374505,68529,51.4385438168512,3241,"Setophaga caerulescens","20-Jun-92",20,"Jun",92,"1.5mi SSE Denman Mountain, Catskills State Park; 650m","Sullivan","NY","GRG","CJD","T-961","M","ASY","6x5, 4x3",9,"partial",58.1,52.2,3.3,3.9,11,6.9,NA,NA,"blue",17,14.8,2,2,2,2,NA,"bill black; mouth lining cream; legs munsell 2.5Y 3/2; no fat; stomach saved; no molt","","NY.Sullivan","North Central",41.90287,-74.5396005,19.02
"608372","crown","c","1",0.0839064798890479,0.0269525598548391,0.0682683728591541,0.021595250545738,0.0877807937442576,0.0289475153155413,0.105127124419722,0.0364237878717289,0.190182582192405,0.0507295721082652,0.0839064798890479,0.0269525598548391,94394,70.8530681178458,3241,"Setophaga caerulescens","20-Jun-92",20,"Jun",92,"1.5mi SSE Denman Mountain, Catskills State Park; 650m","Sullivan","NY","GRG","CJD","T-961","M","ASY","6x5, 4x3",9,"partial",58.1,52.2,3.3,3.9,11,6.9,NA,NA,"blue",17,14.8,2,2,2,2,NA,"bill black; mouth lining cream; legs munsell 2.5Y 3/2; no fat; stomach saved; no molt","","NY.Sullivan","North Central",41.90287,-74.5396005,19.02
"608372","side","o","1",0.0915227909640764,0.0229189859306561,0.0926253190521541,0.0259546699581596,0.092713635709221,0.0234455552658354,0.0950898899958703,0.0185031532407725,0.117389325809425,0.0166877889817812,0.0915227909640764,0.0229189859306561,4157,3.1202852317508,3241,"Setophaga caerulescens","20-Jun-92",20,"Jun",92,"1.5mi SSE Denman Mountain, Catskills State Park; 650m","Sullivan","NY","GRG","CJD","T-961","M","ASY","6x5, 4x3",9,"partial",58.1,52.2,3.3,3.9,11,6.9,NA,NA,"blue",17,14.8,2,2,2,2,NA,"bill black; mouth lining cream; legs munsell 2.5Y 3/2; no fat; stomach saved; no molt","","NY.Sullivan","North Central",41.90287,-74.5396005,19.02
"608372","dorsal","m","2",0.078968780284882,0.0136428081671979,0.0727182872474133,0.0132243165602652,0.0809775077476838,0.0145625114121704,0.0930659354931014,0.0176105776027421,0.125020393267352,0.014950089531358,0.078968780284882,0.0136428081671979,32761,24.5907299680991,3241,"Setophaga caerulescens","20-Jun-92",20,"Jun",92,"1.5mi SSE Denman Mountain, Catskills State Park; 650m","Sullivan","NY","GRG","CJD","T-961","M","ASY","6x5, 4x3",9,"partial",58.1,52.2,3.3,3.9,11,6.9,NA,NA,"blue",17,14.8,2,2,2,2,NA,"bill black; mouth lining cream; legs munsell 2.5Y 3/2; no fat; stomach saved; no molt","","NY.Sullivan","North Central",41.90287,-74.5396005,19.02
"608372","ventral","t","1",0.0455256917269253,0.00786162461449117,0.0404674951780279,0.0088127159990805,0.0467366097518657,0.00896333291279454,0.0621156218339624,0.0102561678671986,0.064256342934456,0.00946592666487502,0.0455256917269253,0.00786162461449117,155459,116.689059861137,3241,"Setophaga caerulescens","20-Jun-92",20,"Jun",92,"1.5mi SSE Denman Mountain, Catskills State Park; 650m","Sullivan","NY","GRG","CJD","T-961","M","ASY","6x5, 4x3",9,"partial",58.1,52.2,3.3,3.9,11,6.9,NA,NA,"blue",17,14.8,2,2,2,2,NA,"bill black; mouth lining cream; legs munsell 2.5Y 3/2; no fat; stomach saved; no molt","","NY.Sullivan","North Central",41.90287,-74.5396005,19.02
"608372","dorsal","m","1",0.0777609794071644,0.0112183767418408,0.0703553350278377,0.00868871687243235,0.0797684332002681,0.0124312007358277,0.0940020399207209,0.0184089174732086,0.125761912735012,0.0151555774089818,0.0777609794071644,0.0112183767418408,33124,24.8632013510978,3241,"Setophaga caerulescens","20-Jun-92",20,"Jun",92,"1.5mi SSE Denman Mountain, Catskills State Park; 650m","Sullivan","NY","GRG","CJD","T-961","M","ASY","6x5, 4x3",9,"partial",58.1,52.2,3.3,3.9,11,6.9,NA,NA,"blue",17,14.8,2,2,2,2,NA,"bill black; mouth lining cream; legs munsell 2.5Y 3/2; no fat; stomach saved; no molt","","NY.Sullivan","North Central",41.90287,-74.5396005,19.02
"608373","dorsal","m","2",0.07473221275394,0.023958760096375,0.0661712324501502,0.0211253392559927,0.07713729759821,0.0278266012956638,0.0919133555807564,0.0265117485316119,0.12103940342475,0.0186927860165919,0.07473221275394,0.023958760096375,34225,25.6896228185401,3242,"Setophaga caerulescens","20-Jun-92",20,"Jun",92,"1.5mi SSE Denman Mountain, Catskills State Park; 650m","Sullivan","NY","GRG","CJD","T-962","M","SY","6x4, 6x4",9.8,"partial",60.3,51.8,3.3,4.1,10.2,7.1,NA,NA,"green",13,13.9,2,2,2,2,NA,"bill black; mouth lining cream; legs munsell 2.5Y 3/2; feet: yellowish pads; moderate fat; stomach saved; no molt","","NY.Sullivan","North Central",41.90287,-74.5396005,19.48
"608373","side","o","1",0.0965480060930567,0.0279351151916489,0.100014440063172,0.0325463136245375,0.0979031894280235,0.0285155554748881,0.0950894958382485,0.0195839078688846,0.113877318788921,0.0130576806324399,0.0965480060930567,0.0279351151916489,6494,4.87446049915556,3242,"Setophaga caerulescens","20-Jun-92",20,"Jun",92,"1.5mi SSE Denman Mountain, Catskills State Park; 650m","Sullivan","NY","GRG","CJD","T-962","M","SY","6x4, 6x4",9.8,"partial",60.3,51.8,3.3,4.1,10.2,7.1,NA,NA,"green",13,13.9,2,2,2,2,NA,"bill black; mouth lining cream; legs munsell 2.5Y 3/2; feet: yellowish pads; moderate fat; stomach saved; no molt","","NY.Sullivan","North Central",41.90287,-74.5396005,19.48
"608373","crown","c","1",0.0832532122151253,0.0210211111727503,0.0705156665863331,0.021807969392587,0.0875511573589047,0.021748515625517,0.0985868425201621,0.0212801566931579,0.153288605165355,0.0434554018090261,0.0832532122151253,0.0210211111727503,66542,49.9470820041284,3242,"Setophaga caerulescens","20-Jun-92",20,"Jun",92,"1.5mi SSE Denman Mountain, Catskills State Park; 650m","Sullivan","NY","GRG","CJD","T-962","M","SY","6x4, 6x4",9.8,"partial",60.3,51.8,3.3,4.1,10.2,7.1,NA,NA,"green",13,13.9,2,2,2,2,NA,"bill black; mouth lining cream; legs munsell 2.5Y 3/2; feet: yellowish pads; moderate fat; stomach saved; no molt","","NY.Sullivan","North Central",41.90287,-74.5396005,19.48
"608373","side","w","1",0.35921717612032,0.106203694931387,0.366468369077762,0.107943131598284,0.36452492773673,0.109036841338262,0.311015810765537,0.0864567936860144,0.35465085166118,0.0885121800015625,0.35921717612032,0.106203694931387,40555,30.4409832989304,3242,"Setophaga caerulescens","20-Jun-92",20,"Jun",92,"1.5mi SSE Denman Mountain, Catskills State Park; 650m","Sullivan","NY","GRG","CJD","T-962","M","SY","6x4, 6x4",9.8,"partial",60.3,51.8,3.3,4.1,10.2,7.1,NA,NA,"green",13,13.9,2,2,2,2,NA,"bill black; mouth lining cream; legs munsell 2.5Y 3/2; feet: yellowish pads; moderate fat; stomach saved; no molt","","NY.Sullivan","North Central",41.90287,-74.5396005,19.48
"608373","dorsal","m","3",0.0778333405608741,0.0236882033489292,0.0684739059684252,0.022205238949567,0.0804698882572925,0.0277578080590169,0.0956609993550686,0.0242143157698705,0.122698761668791,0.0192300154408816,0.0778333405608741,0.0236882033489292,32942,24.7265903546632,3242,"Setophaga caerulescens","20-Jun-92",20,"Jun",92,"1.5mi SSE Denman Mountain, Catskills State Park; 650m","Sullivan","NY","GRG","CJD","T-962","M","SY","6x4, 6x4",9.8,"partial",60.3,51.8,3.3,4.1,10.2,7.1,NA,NA,"green",13,13.9,2,2,2,2,NA,"bill black; mouth lining cream; legs munsell 2.5Y 3/2; feet: yellowish pads; moderate fat; stomach saved; no molt","","NY.Sullivan","North Central",41.90287,-74.5396005,19.48
"608373","dorsal","m","1",0.0807101301801285,0.0219237648043293,0.071280515768772,0.0204358185707825,0.083578106374724,0.0260489867317222,0.0976765755422128,0.0233050788820074,0.129057489989511,0.018435014250856,0.0807101301801285,0.0219237648043293,33489,25.1371739538375,3242,"Setophaga caerulescens","20-Jun-92",20,"Jun",92,"1.5mi SSE Denman Mountain, Catskills State Park; 650m","Sullivan","NY","GRG","CJD","T-962","M","SY","6x4, 6x4",9.8,"partial",60.3,51.8,3.3,4.1,10.2,7.1,NA,NA,"green",13,13.9,2,2,2,2,NA,"bill black; mouth lining cream; legs munsell 2.5Y 3/2; feet: yellowish pads; moderate fat; stomach saved; no molt","","NY.Sullivan","North Central",41.90287,-74.5396005,19.48
"608373","ventral","t","1",0.0498773534871841,0.00826836060210779,0.0456749850773817,0.00963969714131912,0.0512959634831411,0.00943905846527174,0.063903806034037,0.0101969900532028,0.0680706526531867,0.00746180705469918,0.0498773534871841,0.00826836060210779,136402,102.384687558641,3242,"Setophaga caerulescens","20-Jun-92",20,"Jun",92,"1.5mi SSE Denman Mountain, Catskills State Park; 650m","Sullivan","NY","GRG","CJD","T-962","M","SY","6x4, 6x4",9.8,"partial",60.3,51.8,3.3,4.1,10.2,7.1,NA,NA,"green",13,13.9,2,2,2,2,NA,"bill black; mouth lining cream; legs munsell 2.5Y 3/2; feet: yellowish pads; moderate fat; stomach saved; no molt","","NY.Sullivan","North Central",41.90287,-74.5396005,19.48
"608374","crown","c","1",0.0892903404830187,0.0239433688273417,0.0737390425691569,0.0191938106272409,0.0934579542640302,0.0256968619221385,0.109041956770357,0.0317614428579872,0.185111305701421,0.0410862533771187,0.0892903404830187,0.0239433688273417,82870,62.2030399699756,3214,"Setophaga caerulescens","20-Jun-92",20,"Jun",92,"1.5mi SSE Denman Mountain, Catskills State Park; 650m","Sullivan","NY","GRG","CJD","T-934","M","ASY","7x5, 6x6",9.3,"partial",63.7,51,3.4,4.3,11,6.9,NA,NA,"blue",12.6,16.8,2,2,2,2,NA,"bill black; mouth lining cream; legs munsell 2.5Y 4/2; no fat; stomach saved; no molt","","NY.Sullivan","North Central",41.90287,-74.5396005,NA
"608374","side","o","1",0.0712651278763513,0.0185398863722038,0.0708440244327462,0.0218592550248864,0.0726957574480476,0.0191906323223471,0.0780324190028129,0.0142726849454621,0.0929485892882391,0.0108445162871661,0.0712651278763513,0.0185398863722038,8982,6.74197785700882,3214,"Setophaga caerulescens","20-Jun-92",20,"Jun",92,"1.5mi SSE Denman Mountain, Catskills State Park; 650m","Sullivan","NY","GRG","CJD","T-934","M","ASY","7x5, 6x6",9.3,"partial",63.7,51,3.4,4.3,11,6.9,NA,NA,"blue",12.6,16.8,2,2,2,2,NA,"bill black; mouth lining cream; legs munsell 2.5Y 4/2; no fat; stomach saved; no molt","","NY.Sullivan","North Central",41.90287,-74.5396005,NA
"608374","ventral","t","1",0.0514198976334815,0.0113023137773828,0.0479242295748808,0.0134412098890043,0.0529526082540714,0.0120969933299837,0.0639480400650177,0.0109888708820757,0.0670837643732136,0.0098116281646351,0.0514198976334815,0.0113023137773828,129889,97.495965471946,3214,"Setophaga caerulescens","20-Jun-92",20,"Jun",92,"1.5mi SSE Denman Mountain, Catskills State Park; 650m","Sullivan","NY","GRG","CJD","T-934","M","ASY","7x5, 6x6",9.3,"partial",63.7,51,3.4,4.3,11,6.9,NA,NA,"blue",12.6,16.8,2,2,2,2,NA,"bill black; mouth lining cream; legs munsell 2.5Y 4/2; no fat; stomach saved; no molt","","NY.Sullivan","North Central",41.90287,-74.5396005,NA
"608374","side","w","1",0.443739047513722,0.101955353144,0.453281150409885,0.105537616050792,0.448088050896364,0.1049815185201,0.38133722493124,0.0823162266257514,0.42858773827478,0.088258610040983,0.443739047513722,0.101955353144,74628,56.0165134171514,3214,"Setophaga caerulescens","20-Jun-92",20,"Jun",92,"1.5mi SSE Denman Mountain, Catskills State Park; 650m","Sullivan","NY","GRG","CJD","T-934","M","ASY","7x5, 6x6",9.3,"partial",63.7,51,3.4,4.3,11,6.9,NA,NA,"blue",12.6,16.8,2,2,2,2,NA,"bill black; mouth lining cream; legs munsell 2.5Y 4/2; no fat; stomach saved; no molt","","NY.Sullivan","North Central",41.90287,-74.5396005,NA
"608374","dorsal","m","1",0.074320269542451,0.017379808896355,0.0655597395793573,0.0136653680042895,0.0765220283630616,0.0208544603317246,0.0924858090094832,0.0250174982729216,0.119437908218085,0.0185320480767761,0.074320269542451,0.017379808896355,33124,24.8632013510978,3214,"Setophaga caerulescens","20-Jun-92",20,"Jun",92,"1.5mi SSE Denman Mountain, Catskills State Park; 650m","Sullivan","NY","GRG","CJD","T-934","M","ASY","7x5, 6x6",9.3,"partial",63.7,51,3.4,4.3,11,6.9,NA,NA,"blue",12.6,16.8,2,2,2,2,NA,"bill black; mouth lining cream; legs munsell 2.5Y 4/2; no fat; stomach saved; no molt","","NY.Sullivan","North Central",41.90287,-74.5396005,NA
"608374","dorsal","m","2",0.0718535959931381,0.0175847609107539,0.0635785454181852,0.0136057548777521,0.0738903656520845,0.0202910993810663,0.0898834542413935,0.0255428149461436,0.114435739711534,0.017376489790201,0.0718535959931381,0.0175847609107539,33487,25.1356727340965,3214,"Setophaga caerulescens","20-Jun-92",20,"Jun",92,"1.5mi SSE Denman Mountain, Catskills State Park; 650m","Sullivan","NY","GRG","CJD","T-934","M","ASY","7x5, 6x6",9.3,"partial",63.7,51,3.4,4.3,11,6.9,NA,NA,"blue",12.6,16.8,2,2,2,2,NA,"bill black; mouth lining cream; legs munsell 2.5Y 4/2; no fat; stomach saved; no molt","","NY.Sullivan","North Central",41.90287,-74.5396005,NA
"608374","dorsal","m","3",0.0756392877779647,0.0171754444707323,0.0667419551178239,0.0133426151488638,0.0779169668075258,0.0203964318592607,0.0938297294179787,0.0258563775863383,0.120271160485892,0.0183621603776798,0.0756392877779647,0.0171754444707323,33856,25.4126477763183,3214,"Setophaga caerulescens","20-Jun-92",20,"Jun",92,"1.5mi SSE Denman Mountain, Catskills State Park; 650m","Sullivan","NY","GRG","CJD","T-934","M","ASY","7x5, 6x6",9.3,"partial",63.7,51,3.4,4.3,11,6.9,NA,NA,"blue",12.6,16.8,2,2,2,2,NA,"bill black; mouth lining cream; legs munsell 2.5Y 4/2; no fat; stomach saved; no molt","","NY.Sullivan","North Central",41.90287,-74.5396005,NA
"608375","dorsal","m","3",0.0741419344026913,0.0115082898910782,0.0664916997031827,0.0094064303964786,0.0761851962450437,0.0130028068830847,0.090691965878534,0.0176557846618867,0.120220788406886,0.012211158344019,0.0741419344026913,0.0115082898910782,33856,25.4126477763183,3243,"Setophaga caerulescens","20-Jun-92",20,"Jun",92,"1.5mi SSE Denman Mountain, Catskills State Park; 650m","Sullivan","NY","GRG","JPD","T-963","M","?SY","NA, 5.5x 5.5",8.9,"partial",61.7,52.2,3,4,10.7,7,NA,NA,"bluish green",15.8,18.8,2,2,NA,2,NA,"bill black; mouth lining black; legs munsell 2.5Y 3/2; no fat; stomach saved; no molt; L testis destroyed by shot; R testis mushy","","NY.Sullivan","North Central",41.90287,-74.5396005,17.5
"608375","crown","c","1",0.0869148733088697,0.0285702392975202,0.0732267317601635,0.0296293738153206,0.0913358470254368,0.0303776163235933,0.103020008407336,0.0290569582334746,0.170942264548932,0.0586735550954068,0.0869148733088697,0.0285702392975202,89824,67.4227810095703,3243,"Setophaga caerulescens","20-Jun-92",20,"Jun",92,"1.5mi SSE Denman Mountain, Catskills State Park; 650m","Sullivan","NY","GRG","JPD","T-963","M","?SY","NA, 5.5x 5.5",8.9,"partial",61.7,52.2,3,4,10.7,7,NA,NA,"bluish green",15.8,18.8,2,2,NA,2,NA,"bill black; mouth lining black; legs munsell 2.5Y 3/2; no fat; stomach saved; no molt; L testis destroyed by shot; R testis mushy","","NY.Sullivan","North Central",41.90287,-74.5396005,17.5
"608375","dorsal","m","2",0.0738567449368471,0.0106751362730043,0.0663833389014614,0.00868986192563807,0.0759183133211424,0.0121543766923704,0.0899371189901915,0.0172385422881244,0.117606080557315,0.0103426813716416,0.0738567449368471,0.0106751362730043,34596,25.9680990805029,3243,"Setophaga caerulescens","20-Jun-92",20,"Jun",92,"1.5mi SSE Denman Mountain, Catskills State Park; 650m","Sullivan","NY","GRG","JPD","T-963","M","?SY","NA, 5.5x 5.5",8.9,"partial",61.7,52.2,3,4,10.7,7,NA,NA,"bluish green",15.8,18.8,2,2,NA,2,NA,"bill black; mouth lining black; legs munsell 2.5Y 3/2; no fat; stomach saved; no molt; L testis destroyed by shot; R testis mushy","","NY.Sullivan","North Central",41.90287,-74.5396005,17.5
"608375","ventral","t","1",0.0437085285532317,0.00659503513341712,0.0395485486512657,0.00754168800295249,0.0451245430068213,0.00788664706913806,0.0581139613759696,0.00951358853602226,0.0618557240489006,0.00782353578791302,0.0437085285532317,0.00659503513341712,119314,89.5582660911991,3243,"Setophaga caerulescens","20-Jun-92",20,"Jun",92,"1.5mi SSE Denman Mountain, Catskills State Park; 650m","Sullivan","NY","GRG","JPD","T-963","M","?SY","NA, 5.5x 5.5",8.9,"partial",61.7,52.2,3,4,10.7,7,NA,NA,"bluish green",15.8,18.8,2,2,NA,2,NA,"bill black; mouth lining black; legs munsell 2.5Y 3/2; no fat; stomach saved; no molt; L testis destroyed by shot; R testis mushy","","NY.Sullivan","North Central",41.90287,-74.5396005,17.5
"608375","side","w","1",0.435263632820802,0.130046553266779,0.449912770404678,0.138723879546289,0.441810064790324,0.133661988678194,0.361692351165477,0.0952913098282145,0.379613782979456,0.100239689175851,0.435263632820802,0.130046553266779,64244,48.2221805216739,3243,"Setophaga caerulescens","20-Jun-92",20,"Jun",92,"1.5mi SSE Denman Mountain, Catskills State Park; 650m","Sullivan","NY","GRG","JPD","T-963","M","?SY","NA, 5.5x 5.5",8.9,"partial",61.7,52.2,3,4,10.7,7,NA,NA,"bluish green",15.8,18.8,2,2,NA,2,NA,"bill black; mouth lining black; legs munsell 2.5Y 3/2; no fat; stomach saved; no molt; L testis destroyed by shot; R testis mushy","","NY.Sullivan","North Central",41.90287,-74.5396005,17.5
"608375","side","o","1",0.0648261408507236,0.0117971157110876,0.0624532617959752,0.014692430540765,0.0661997824718144,0.0124901478340359,0.0755642993341351,0.0106281702892494,0.0912527208820728,0.00958689313501969,0.0648261408507236,0.0117971157110876,5731,4.30174516794896,3243,"Setophaga caerulescens","20-Jun-92",20,"Jun",92,"1.5mi SSE Denman Mountain, Catskills State Park; 650m","Sullivan","NY","GRG","JPD","T-963","M","?SY","NA, 5.5x 5.5",8.9,"partial",61.7,52.2,3,4,10.7,7,NA,NA,"bluish green",15.8,18.8,2,2,NA,2,NA,"bill black; mouth lining black; legs munsell 2.5Y 3/2; no fat; stomach saved; no molt; L testis destroyed by shot; R testis mushy","","NY.Sullivan","North Central",41.90287,-74.5396005,17.5
"608375","dorsal","m","1",0.073455584582617,0.0116248429679049,0.064655450731516,0.00885773619655124,0.0754545001589679,0.0130312631907881,0.0922509715608261,0.0188700587723482,0.117254710217204,0.0129511730532968,0.073455584582617,0.0116248429679049,32040,24.0495402514543,3243,"Setophaga caerulescens","20-Jun-92",20,"Jun",92,"1.5mi SSE Denman Mountain, Catskills State Park; 650m","Sullivan","NY","GRG","JPD","T-963","M","?SY","NA, 5.5x 5.5",8.9,"partial",61.7,52.2,3,4,10.7,7,NA,NA,"bluish green",15.8,18.8,2,2,NA,2,NA,"bill black; mouth lining black; legs munsell 2.5Y 3/2; no fat; stomach saved; no molt; L testis destroyed by shot; R testis mushy","","NY.Sullivan","North Central",41.90287,-74.5396005,17.5
"608376","dorsal","m","1",0.0727261048239997,0.0165637424277497,0.0663728421033157,0.0123395313063193,0.0747941769440459,0.0184242775095424,0.0876439707354249,0.0221656981986247,0.105821579501587,0.0151248332651486,0.0727261048239997,0.0165637424277497,33306,24.9998123475324,3245,"Setophaga caerulescens","20-Jun-92",20,"Jun",92,"1.5mi SSE Denman Mountain, Catskills State Park; 650m","Sullivan","NY","GRG","JPD","T-965","M","SY","6x4, NA",9.8,"partial",62.9,55.5,NA,NA,NA,NA,NA,NA,"green",9.9,12.1,2,2,2,2,NA,"bill black; mouth lining cream; legs munsell 5Y 4/2; stomach saved; no molt; R testis not found; Rectrix right 1 80% grown; bill broken off","","NY.Sullivan","North Central",41.90287,-74.5396005,18.36
"608376","ventral","t","1",0.0485829609847338,0.00890321528099942,0.044469917206021,0.011246022036322,0.0500130026948409,0.00999308524999344,0.0629399976926811,0.0107604148469411,0.067581287809185,0.0084339407691705,0.0485829609847338,0.00890321528099942,100391,75.354475511353,3245,"Setophaga caerulescens","20-Jun-92",20,"Jun",92,"1.5mi SSE Denman Mountain, Catskills State Park; 650m","Sullivan","NY","GRG","JPD","T-965","M","SY","6x4, NA",9.8,"partial",62.9,55.5,NA,NA,NA,NA,NA,NA,"green",9.9,12.1,2,2,2,2,NA,"bill black; mouth lining cream; legs munsell 5Y 4/2; stomach saved; no molt; R testis not found; Rectrix right 1 80% grown; bill broken off","","NY.Sullivan","North Central",41.90287,-74.5396005,18.36
"608376","dorsal","m","3",0.0731366953159179,0.0159812176002938,0.0682929959748622,0.0137571720305155,0.0751431832078129,0.0175148203009293,0.0856746305811762,0.0200648530043263,0.105877498834586,0.0134936962870522,0.0731366953159179,0.0159812176002938,33856,25.4126477763183,3245,"Setophaga caerulescens","20-Jun-92",20,"Jun",92,"1.5mi SSE Denman Mountain, Catskills State Park; 650m","Sullivan","NY","GRG","JPD","T-965","M","SY","6x4, NA",9.8,"partial",62.9,55.5,NA,NA,NA,NA,NA,NA,"green",9.9,12.1,2,2,2,2,NA,"bill black; mouth lining cream; legs munsell 5Y 4/2; stomach saved; no molt; R testis not found; Rectrix right 1 80% grown; bill broken off","","NY.Sullivan","North Central",41.90287,-74.5396005,18.36
"608376","side","w","1",0.382069631685404,0.102788372139712,0.388277103297703,0.10625251865894,0.38667097419225,0.106091215695703,0.333727529059454,0.0819020765550471,0.382554272243746,0.0813766915680751,0.382069631685404,0.102788372139712,35691,26.7900168887221,3245,"Setophaga caerulescens","20-Jun-92",20,"Jun",92,"1.5mi SSE Denman Mountain, Catskills State Park; 650m","Sullivan","NY","GRG","JPD","T-965","M","SY","6x4, NA",9.8,"partial",62.9,55.5,NA,NA,NA,NA,NA,NA,"green",9.9,12.1,2,2,2,2,NA,"bill black; mouth lining cream; legs munsell 5Y 4/2; stomach saved; no molt; R testis not found; Rectrix right 1 80% grown; bill broken off","","NY.Sullivan","North Central",41.90287,-74.5396005,18.36
"608376","crown","c","1",0.093531186266484,0.028809118683134,0.0790922273613585,0.0311447492965213,0.097824963264745,0.0304644404886118,0.110990905333928,0.028181976429269,0.18053272635069,0.0585954369163436,0.093531186266484,0.028809118683134,58759,44.1050853818728,3245,"Setophaga caerulescens","20-Jun-92",20,"Jun",92,"1.5mi SSE Denman Mountain, Catskills State Park; 650m","Sullivan","NY","GRG","JPD","T-965","M","SY","6x4, NA",9.8,"partial",62.9,55.5,NA,NA,NA,NA,NA,NA,"green",9.9,12.1,2,2,2,2,NA,"bill black; mouth lining cream; legs munsell 5Y 4/2; stomach saved; no molt; R testis not found; Rectrix right 1 80% grown; bill broken off","","NY.Sullivan","North Central",41.90287,-74.5396005,18.36
"608376","dorsal","m","2",0.0704163354409303,0.0156724204567286,0.0649773208796166,0.0130787279267116,0.0724772197780757,0.0171171726280604,0.0837456203732395,0.0194468287993922,0.104239966506759,0.0155918954193314,0.0704163354409303,0.0156724204567286,34596,25.9680990805029,3245,"Setophaga caerulescens","20-Jun-92",20,"Jun",92,"1.5mi SSE Denman Mountain, Catskills State Park; 650m","Sullivan","NY","GRG","JPD","T-965","M","SY","6x4, NA",9.8,"partial",62.9,55.5,NA,NA,NA,NA,NA,NA,"green",9.9,12.1,2,2,2,2,NA,"bill black; mouth lining cream; legs munsell 5Y 4/2; stomach saved; no molt; R testis not found; Rectrix right 1 80% grown; bill broken off","","NY.Sullivan","North Central",41.90287,-74.5396005,18.36
"608376","side","o","1",0.0916802663574851,0.0221781653529382,0.0965659292014162,0.0262728036110413,0.092815383631942,0.0230252862892624,0.0892391630023352,0.0162605209245924,0.107704430595861,0.0161386545690843,0.0916802663574851,0.0221781653529382,7456,5.59654719459561,3245,"Setophaga caerulescens","20-Jun-92",20,"Jun",92,"1.5mi SSE Denman Mountain, Catskills State Park; 650m","Sullivan","NY","GRG","JPD","T-965","M","SY","6x4, NA",9.8,"partial",62.9,55.5,NA,NA,NA,NA,NA,NA,"green",9.9,12.1,2,2,2,2,NA,"bill black; mouth lining cream; legs munsell 5Y 4/2; stomach saved; no molt; R testis not found; Rectrix right 1 80% grown; bill broken off","","NY.Sullivan","North Central",41.90287,-74.5396005,18.36
"608377","side","o","1",0.0856948415453201,0.016190931357898,0.0873132332799284,0.0178801860682867,0.0875734052742948,0.017556753069078,0.0866197662747803,0.0163110671494601,0.113545040043882,0.0162437108811706,0.0856948415453201,0.016190931357898,5885,4.41733908800901,3244,"Setophaga caerulescens","20-Jun-92",20,"Jun",92,"1.5mi SSE Denman Mountain, Catskills State Park; 650m","Sullivan","NY","GRG","CJD","T-964","M","SY","7x4, 6x5",9,"partial",59.8,53.4,3,4,10.9,6.9,NA,NA,"green",11.8,12.2,2,2,2,2,NA,"bill black; mouth lining cream; legs munsell 2.5Y 3/2; no fat; stomach saved; no molt","","NY.Sullivan","North Central",41.90287,-74.5396005,18.97
"608377","side","w","1",0.383020537324294,0.118871178070427,0.382661790608016,0.120918595199974,0.387236596237561,0.120686251947359,0.341164540421954,0.101993966428548,0.429121095349201,0.0942153893720694,0.383020537324294,0.118871178070427,47027,35.2989303809345,3244,"Setophaga caerulescens","20-Jun-92",20,"Jun",92,"1.5mi SSE Denman Mountain, Catskills State Park; 650m","Sullivan","NY","GRG","CJD","T-964","M","SY","7x4, 6x5",9,"partial",59.8,53.4,3,4,10.9,6.9,NA,NA,"green",11.8,12.2,2,2,2,2,NA,"bill black; mouth lining cream; legs munsell 2.5Y 3/2; no fat; stomach saved; no molt","","NY.Sullivan","North Central",41.90287,-74.5396005,18.97
"608377","dorsal","m","2",0.0674146786589445,0.0151562402448598,0.0625688898451027,0.0131407727315369,0.0690909851863092,0.0167657746135115,0.08098993906502,0.0187927974584828,0.0987997768241909,0.0138761749041912,0.0674146786589445,0.0151562402448598,32761,24.5907299680991,3244,"Setophaga caerulescens","20-Jun-92",20,"Jun",92,"1.5mi SSE Denman Mountain, Catskills State Park; 650m","Sullivan","NY","GRG","CJD","T-964","M","SY","7x4, 6x5",9,"partial",59.8,53.4,3,4,10.9,6.9,NA,NA,"green",11.8,12.2,2,2,2,2,NA,"bill black; mouth lining cream; legs munsell 2.5Y 3/2; no fat; stomach saved; no molt","","NY.Sullivan","North Central",41.90287,-74.5396005,18.97
"608377","dorsal","m","3",0.0743105751417042,0.0144630664988222,0.0702676243610714,0.013530219227697,0.0761473205822536,0.015934312618609,0.0856587350503095,0.0168377144283917,0.108545582142193,0.0140974440286156,0.0743105751417042,0.0144630664988222,33856,25.4126477763183,3244,"Setophaga caerulescens","20-Jun-92",20,"Jun",92,"1.5mi SSE Denman Mountain, Catskills State Park; 650m","Sullivan","NY","GRG","CJD","T-964","M","SY","7x4, 6x5",9,"partial",59.8,53.4,3,4,10.9,6.9,NA,NA,"green",11.8,12.2,2,2,2,2,NA,"bill black; mouth lining cream; legs munsell 2.5Y 3/2; no fat; stomach saved; no molt","","NY.Sullivan","North Central",41.90287,-74.5396005,18.97
"608377","ventral","t","1",0.0547248001136908,0.0116928835315873,0.0511722347565092,0.0136987576796463,0.0563713697353165,0.0124822459958576,0.0666322676275735,0.0109049825323859,0.0689580126926036,0.00883385964893653,0.0547248001136908,0.0116928835315873,102268,76.7633702383186,3244,"Setophaga caerulescens","20-Jun-92",20,"Jun",92,"1.5mi SSE Denman Mountain, Catskills State Park; 650m","Sullivan","NY","GRG","CJD","T-964","M","SY","7x4, 6x5",9,"partial",59.8,53.4,3,4,10.9,6.9,NA,NA,"green",11.8,12.2,2,2,2,2,NA,"bill black; mouth lining cream; legs munsell 2.5Y 3/2; no fat; stomach saved; no molt","","NY.Sullivan","North Central",41.90287,-74.5396005,18.97
"608377","dorsal","m","1",0.078710212341466,0.0182851364226377,0.0728610328936942,0.014844940156006,0.0807978360876917,0.0206929410726303,0.091843118412288,0.0220266090186324,0.119667461949004,0.0183259503609563,0.078710212341466,0.0182851364226377,34225,25.6896228185401,3244,"Setophaga caerulescens","20-Jun-92",20,"Jun",92,"1.5mi SSE Denman Mountain, Catskills State Park; 650m","Sullivan","NY","GRG","CJD","T-964","M","SY","7x4, 6x5",9,"partial",59.8,53.4,3,4,10.9,6.9,NA,NA,"green",11.8,12.2,2,2,2,2,NA,"bill black; mouth lining cream; legs munsell 2.5Y 3/2; no fat; stomach saved; no molt","","NY.Sullivan","North Central",41.90287,-74.5396005,18.97
"608377","crown","c","1",0.0801814228374334,0.0284428740456874,0.0672652704408219,0.0240421738011021,0.0847175006269883,0.0319480736822481,0.0951480811415477,0.0348887707707476,0.153606904713348,0.0414628674372979,0.0801814228374334,0.0284428740456874,54084,40.5959842371927,3244,"Setophaga caerulescens","20-Jun-92",20,"Jun",92,"1.5mi SSE Denman Mountain, Catskills State Park; 650m","Sullivan","NY","GRG","CJD","T-964","M","SY","7x4, 6x5",9,"partial",59.8,53.4,3,4,10.9,6.9,NA,NA,"green",11.8,12.2,2,2,2,2,NA,"bill black; mouth lining cream; legs munsell 2.5Y 3/2; no fat; stomach saved; no molt","","NY.Sullivan","North Central",41.90287,-74.5396005,18.97
"608378","side","o","1",0.0914006499425998,0.0236952141006894,0.0920937688770273,0.0260573817869523,0.0926000076729728,0.0243548848597166,0.0956798852668348,0.0201841438845946,0.122255447971675,0.0247348705414909,0.0914006499425998,0.0236952141006894,3141,2.35766560330268,3246,"Setophaga caerulescens","20-Jun-92",20,"Jun",92,"1.5mi SSE Denman Mountain, Catskills State Park; 650m","Sullivan","NY","GRG","CJD","T-966","M","ASY","6x5, 5x5",9.4,"partial",64.9,53.5,3.1,4.1,11,6.4,NA,NA,"blue",13,15,2,2,2,2,NA,"bill black; mouth lining dark brown; legs munsell 5Y 2.5/2; light fat; stomach saved; no molt","","NY.Sullivan","North Central",41.90287,-74.5396005,19.13
"608378","side","w","1",0.449134447278594,0.12458072325193,0.451811543654142,0.126085653144634,0.453142302341741,0.126712055443071,0.392314221789345,0.102359835636622,0.46440306917581,0.109089025759819,0.449134447278594,0.12458072325193,69418,52.1058359917433,3246,"Setophaga caerulescens","20-Jun-92",20,"Jun",92,"1.5mi SSE Denman Mountain, Catskills State Park; 650m","Sullivan","NY","GRG","CJD","T-966","M","ASY","6x5, 5x5",9.4,"partial",64.9,53.5,3.1,4.1,11,6.4,NA,NA,"blue",13,15,2,2,2,2,NA,"bill black; mouth lining dark brown; legs munsell 5Y 2.5/2; light fat; stomach saved; no molt","","NY.Sullivan","North Central",41.90287,-74.5396005,19.13
"608378","dorsal","m","3",0.0772229871391331,0.0194213108290285,0.0676101815961099,0.0142926017206963,0.0790032340716678,0.0219474497165193,0.0979416094273574,0.0269183505755029,0.127713370612079,0.018434661674399,0.0772229871391331,0.0194213108290285,34040,25.5507599924939,3246,"Setophaga caerulescens","20-Jun-92",20,"Jun",92,"1.5mi SSE Denman Mountain, Catskills State Park; 650m","Sullivan","NY","GRG","CJD","T-966","M","ASY","6x5, 5x5",9.4,"partial",64.9,53.5,3.1,4.1,11,6.4,NA,NA,"blue",13,15,2,2,2,2,NA,"bill black; mouth lining dark brown; legs munsell 5Y 2.5/2; light fat; stomach saved; no molt","","NY.Sullivan","North Central",41.90287,-74.5396005,19.13
"608378","ventral","t","1",0.042711956293139,0.00614786685511659,0.0374574030138741,0.00668899018663863,0.0442751533594848,0.0072290296462031,0.0586399008082401,0.00921243333960329,0.0616469410612715,0.00755326504877798,0.042711956293139,0.00614786685511659,187056,140.406079939951,3246,"Setophaga caerulescens","20-Jun-92",20,"Jun",92,"1.5mi SSE Denman Mountain, Catskills State Park; 650m","Sullivan","NY","GRG","CJD","T-966","M","ASY","6x5, 5x5",9.4,"partial",64.9,53.5,3.1,4.1,11,6.4,NA,NA,"blue",13,15,2,2,2,2,NA,"bill black; mouth lining dark brown; legs munsell 5Y 2.5/2; light fat; stomach saved; no molt","","NY.Sullivan","North Central",41.90287,-74.5396005,19.13
"608378","dorsal","m","2",0.078934111800363,0.0210235320476156,0.0707848229597844,0.0160767213476287,0.0807520935017077,0.0234147928545334,0.0967192848503666,0.0264299846975759,0.12362247586401,0.0202887630137723,0.078934111800363,0.0210235320476156,33124,24.8632013510978,3246,"Setophaga caerulescens","20-Jun-92",20,"Jun",92,"1.5mi SSE Denman Mountain, Catskills State Park; 650m","Sullivan","NY","GRG","CJD","T-966","M","ASY","6x5, 5x5",9.4,"partial",64.9,53.5,3.1,4.1,11,6.4,NA,NA,"blue",13,15,2,2,2,2,NA,"bill black; mouth lining dark brown; legs munsell 5Y 2.5/2; light fat; stomach saved; no molt","","NY.Sullivan","North Central",41.90287,-74.5396005,19.13
"608378","dorsal","m","1",0.0818860893689577,0.0218702049008522,0.0716309732850611,0.016716057830114,0.0838170737927115,0.0249205373887935,0.102840332628801,0.0282905922718309,0.131077506871032,0.0196117473885336,0.0818860893689577,0.0218702049008522,35156,26.388440607994,3246,"Setophaga caerulescens","20-Jun-92",20,"Jun",92,"1.5mi SSE Denman Mountain, Catskills State Park; 650m","Sullivan","NY","GRG","CJD","T-966","M","ASY","6x5, 5x5",9.4,"partial",64.9,53.5,3.1,4.1,11,6.4,NA,NA,"blue",13,15,2,2,2,2,NA,"bill black; mouth lining dark brown; legs munsell 5Y 2.5/2; light fat; stomach saved; no molt","","NY.Sullivan","North Central",41.90287,-74.5396005,19.13
"608378","crown","c","1",0.0781600283155936,0.0261132480897149,0.0632363637089914,0.0253679500880744,0.0820957151130544,0.0282734541014147,0.0983538619681761,0.0266436047087014,0.167831729099009,0.0483274982576197,0.0781600283155936,0.0261132480897149,89753,67.3694877087634,3246,"Setophaga caerulescens","20-Jun-92",20,"Jun",92,"1.5mi SSE Denman Mountain, Catskills State Park; 650m","Sullivan","NY","GRG","CJD","T-966","M","ASY","6x5, 5x5",9.4,"partial",64.9,53.5,3.1,4.1,11,6.4,NA,NA,"blue",13,15,2,2,2,2,NA,"bill black; mouth lining dark brown; legs munsell 5Y 2.5/2; light fat; stomach saved; no molt","","NY.Sullivan","North Central",41.90287,-74.5396005,19.13
"608379","side","w","1",0.528400825929026,0.110643327694053,0.539888369714869,0.116172758676595,0.535380455958701,0.113653715942268,0.440748281541843,0.0836038894562372,0.470157002661336,0.0951513365736403,0.528400825929026,0.110643327694053,74124,55.6382060424095,3216,"Setophaga caerulescens","20-Jun-92",20,"Jun",92,"1.5mi SSE Denman Mountain, Catskills State Park; 650m","Sullivan","NY","GRG","CJD","T-936","M","ASY","8x6, 6x5",9.6,"partial",63.1,51.6,3.1,4.4,10.6,7.1,NA,NA,"blue",14.5,14.9,2,2,NA,2,NA,"bill black; mouth lining light brown; legs munsell 2.5Y 3/2; light fat; stomach saved; no molt","","NY.Sullivan","North Central",41.90287,-74.5396005,NA
"608379","ventral","t","1",0.0507698988322219,0.0107493899619336,0.046772080273418,0.0121930645874137,0.051999452060039,0.011408844623531,0.0647804804247723,0.0100290922095372,0.0659965674586971,0.00917091067386483,0.0507698988322219,0.0107493899619336,119053,89.3623569149934,3216,"Setophaga caerulescens","20-Jun-92",20,"Jun",92,"1.5mi SSE Denman Mountain, Catskills State Park; 650m","Sullivan","NY","GRG","CJD","T-936","M","ASY","8x6, 6x5",9.6,"partial",63.1,51.6,3.1,4.4,10.6,7.1,NA,NA,"blue",14.5,14.9,2,2,NA,2,NA,"bill black; mouth lining light brown; legs munsell 2.5Y 3/2; light fat; stomach saved; no molt","","NY.Sullivan","North Central",41.90287,-74.5396005,NA
"608379","dorsal","m","1",0.0790503407236489,0.0159317140505612,0.0707073809101591,0.0180942095247593,0.0811691369823405,0.016885622062418,0.0961854210794592,0.0142289297040317,0.122759361516484,0.028990954780627,0.0790503407236489,0.0159317140505612,34410,25.8284856445862,3216,"Setophaga caerulescens","20-Jun-92",20,"Jun",92,"1.5mi SSE Denman Mountain, Catskills State Park; 650m","Sullivan","NY","GRG","CJD","T-936","M","ASY","8x6, 6x5",9.6,"partial",63.1,51.6,3.1,4.4,10.6,7.1,NA,NA,"blue",14.5,14.9,2,2,NA,2,NA,"bill black; mouth lining light brown; legs munsell 2.5Y 3/2; light fat; stomach saved; no molt","","NY.Sullivan","North Central",41.90287,-74.5396005,NA
"608379","crown","c","1",0.0684421418603179,0.0225658634408421,0.0559868901848419,0.0227227020709937,0.0726373856599863,0.024200770074957,0.0843505473321326,0.0235174317808198,0.134665620146639,0.0452137569178396,0.0684421418603179,0.0225658634408421,75073,56.3505348095327,3216,"Setophaga caerulescens","20-Jun-92",20,"Jun",92,"1.5mi SSE Denman Mountain, Catskills State Park; 650m","Sullivan","NY","GRG","CJD","T-936","M","ASY","8x6, 6x5",9.6,"partial",63.1,51.6,3.1,4.4,10.6,7.1,NA,NA,"blue",14.5,14.9,2,2,NA,2,NA,"bill black; mouth lining light brown; legs munsell 2.5Y 3/2; light fat; stomach saved; no molt","","NY.Sullivan","North Central",41.90287,-74.5396005,NA
"608379","dorsal","m","2",0.0765156230921056,0.0144374416556098,0.0689019715071241,0.0169328731180225,0.0783770740654108,0.015286380300659,0.0933398873380075,0.0126869633220231,0.117242202097624,0.0263694453773835,0.0765156230921056,0.0144374416556098,34225,25.6896228185401,3216,"Setophaga caerulescens","20-Jun-92",20,"Jun",92,"1.5mi SSE Denman Mountain, Catskills State Park; 650m","Sullivan","NY","GRG","CJD","T-936","M","ASY","8x6, 6x5",9.6,"partial",63.1,51.6,3.1,4.4,10.6,7.1,NA,NA,"blue",14.5,14.9,2,2,NA,2,NA,"bill black; mouth lining light brown; legs munsell 2.5Y 3/2; light fat; stomach saved; no molt","","NY.Sullivan","North Central",41.90287,-74.5396005,NA
"608379","dorsal","m","3",0.0725595324555005,0.0154011933295368,0.0655142723625371,0.0168681811860732,0.0744036312875319,0.0163447421174755,0.0891494963831342,0.0139080538060305,0.108117608674574,0.0257591567728949,0.0725595324555005,0.0154011933295368,33489,25.1371739538375,3216,"Setophaga caerulescens","20-Jun-92",20,"Jun",92,"1.5mi SSE Denman Mountain, Catskills State Park; 650m","Sullivan","NY","GRG","CJD","T-936","M","ASY","8x6, 6x5",9.6,"partial",63.1,51.6,3.1,4.4,10.6,7.1,NA,NA,"blue",14.5,14.9,2,2,NA,2,NA,"bill black; mouth lining light brown; legs munsell 2.5Y 3/2; light fat; stomach saved; no molt","","NY.Sullivan","North Central",41.90287,-74.5396005,NA
"608379","side","o","1",0.0815227783795028,0.023731848065692,0.0798172338458952,0.0270118115645902,0.083073379329372,0.0243466106638553,0.089374957100653,0.0181934039399848,0.104528916527654,0.0168446782472332,0.0815227783795028,0.023731848065692,6007,4.50891349221242,3216,"Setophaga caerulescens","20-Jun-92",20,"Jun",92,"1.5mi SSE Denman Mountain, Catskills State Park; 650m","Sullivan","NY","GRG","CJD","T-936","M","ASY","8x6, 6x5",9.6,"partial",63.1,51.6,3.1,4.4,10.6,7.1,NA,NA,"blue",14.5,14.9,2,2,NA,2,NA,"bill black; mouth lining light brown; legs munsell 2.5Y 3/2; light fat; stomach saved; no molt","","NY.Sullivan","North Central",41.90287,-74.5396005,NA
"608406","side","w","1",0.354537946416665,0.102116617680441,0.362704177735888,0.103828741184869,0.361006556344607,0.105385549866305,0.301071408685775,0.0874947637812345,0.354349440730946,0.0739019837397647,0.354537946416665,0.102116617680441,30815,23.1300431600676,3305,"Setophaga caerulescens","23-Jun-92",23,"Jun",92,"Fawn Lake, Adirondack State Park; 650m","Hamilton","NY","GRG","CJD","T-1025","M","SY","6x5, NA",10.1,"partial",61.9,49.9,NA,NA,10,6.5,NA,NA,"green",14.6,11,2,2,2,2,NA,"bill black; mouth lining brown; legs munsell 2.5Y 3/2; feet:yellowish pads; moderate fat; stomach saved; no molt; R testis deflated; base of bill broken at nares","","NY.Hamilton","North Central",43.4890471,-74.4540282,NA
"608406","dorsal","m","2",0.0762506378030734,0.0095022194862301,0.0694781932379083,0.00934108569730277,0.0784570104296098,0.0108373857780095,0.0913580796284884,0.0151319999285625,0.109219439866751,0.0130267094111206,0.0762506378030734,0.0095022194862301,33856,25.4126477763183,3305,"Setophaga caerulescens","23-Jun-92",23,"Jun",92,"Fawn Lake, Adirondack State Park; 650m","Hamilton","NY","GRG","CJD","T-1025","M","SY","6x5, NA",10.1,"partial",61.9,49.9,NA,NA,10,6.5,NA,NA,"green",14.6,11,2,2,2,2,NA,"bill black; mouth lining brown; legs munsell 2.5Y 3/2; feet:yellowish pads; moderate fat; stomach saved; no molt; R testis deflated; base of bill broken at nares","","NY.Hamilton","North Central",43.4890471,-74.4540282,NA
"608406","dorsal","m","1",0.0805655970440611,0.0105423775497635,0.0739986390777983,0.00988057486199433,0.0828468610061802,0.0119574428642722,0.0945646634203018,0.0160626501481136,0.116910282545478,0.014719232163433,0.0805655970440611,0.0105423775497635,33124,24.8632013510978,3305,"Setophaga caerulescens","23-Jun-92",23,"Jun",92,"Fawn Lake, Adirondack State Park; 650m","Hamilton","NY","GRG","CJD","T-1025","M","SY","6x5, NA",10.1,"partial",61.9,49.9,NA,NA,10,6.5,NA,NA,"green",14.6,11,2,2,2,2,NA,"bill black; mouth lining brown; legs munsell 2.5Y 3/2; feet:yellowish pads; moderate fat; stomach saved; no molt; R testis deflated; base of bill broken at nares","","NY.Hamilton","North Central",43.4890471,-74.4540282,NA
"608406","dorsal","m","3",0.0770762233333488,0.0101146637381376,0.0699919376243213,0.00960996979810917,0.0793525112886904,0.011492487415665,0.0922849368997699,0.0158869589424699,0.11329542008908,0.012647522333731,0.0770762233333488,0.0101146637381376,33856,25.4126477763183,3305,"Setophaga caerulescens","23-Jun-92",23,"Jun",92,"Fawn Lake, Adirondack State Park; 650m","Hamilton","NY","GRG","CJD","T-1025","M","SY","6x5, NA",10.1,"partial",61.9,49.9,NA,NA,10,6.5,NA,NA,"green",14.6,11,2,2,2,2,NA,"bill black; mouth lining brown; legs munsell 2.5Y 3/2; feet:yellowish pads; moderate fat; stomach saved; no molt; R testis deflated; base of bill broken at nares","","NY.Hamilton","North Central",43.4890471,-74.4540282,NA
"608406","side","o","1",0.0974698470621467,0.0183652339309154,0.104739081306068,0.0224575010431228,0.0983997838780844,0.0198163928139487,0.0923360095727181,0.0184852484661379,0.101567261835115,0.0124137323178809,0.0974698470621467,0.0183652339309154,5707,4.28373053105648,3305,"Setophaga caerulescens","23-Jun-92",23,"Jun",92,"Fawn Lake, Adirondack State Park; 650m","Hamilton","NY","GRG","CJD","T-1025","M","SY","6x5, NA",10.1,"partial",61.9,49.9,NA,NA,10,6.5,NA,NA,"green",14.6,11,2,2,2,2,NA,"bill black; mouth lining brown; legs munsell 2.5Y 3/2; feet:yellowish pads; moderate fat; stomach saved; no molt; R testis deflated; base of bill broken at nares","","NY.Hamilton","North Central",43.4890471,-74.4540282,NA
"608406","ventral","t","1",0.0447043877805102,0.00667263033326324,0.0396033183385117,0.00751282588342683,0.04578250100575,0.00808975640835456,0.0616347296147982,0.0103772999671554,0.0668379342529596,0.00795935925765417,0.0447043877805102,0.00667263033326324,181495,136.231938449991,3305,"Setophaga caerulescens","23-Jun-92",23,"Jun",92,"Fawn Lake, Adirondack State Park; 650m","Hamilton","NY","GRG","CJD","T-1025","M","SY","6x5, NA",10.1,"partial",61.9,49.9,NA,NA,10,6.5,NA,NA,"green",14.6,11,2,2,2,2,NA,"bill black; mouth lining brown; legs munsell 2.5Y 3/2; feet:yellowish pads; moderate fat; stomach saved; no molt; R testis deflated; base of bill broken at nares","","NY.Hamilton","North Central",43.4890471,-74.4540282,NA
"608406","crown","c","1",0.0697667555530041,0.0143106283746176,0.0582627144139982,0.0123732011312723,0.0741020171588639,0.0154954080124229,0.0841830824334636,0.0201872235296199,0.145071653284078,0.0289461356693594,0.0697667555530041,0.0143106283746176,104537,78.4665040345281,3305,"Setophaga caerulescens","23-Jun-92",23,"Jun",92,"Fawn Lake, Adirondack State Park; 650m","Hamilton","NY","GRG","CJD","T-1025","M","SY","6x5, NA",10.1,"partial",61.9,49.9,NA,NA,10,6.5,NA,NA,"green",14.6,11,2,2,2,2,NA,"bill black; mouth lining brown; legs munsell 2.5Y 3/2; feet:yellowish pads; moderate fat; stomach saved; no molt; R testis deflated; base of bill broken at nares","","NY.Hamilton","North Central",43.4890471,-74.4540282,NA
"608409","dorsal","m","1",0.0805051360250753,0.0185057124594628,0.0770380218344333,0.019051029816761,0.082732445471564,0.0195318108500622,0.0893806183722657,0.0184064664562978,0.121519714769392,0.0222775318257779,0.0805051360250753,0.0185057124594628,33489,25.1371739538375,3320,"Setophaga caerulescens","25-Jun-92",25,"Jun",92,"Fawn Lake, Adirondack State Park; 650m","Hamilton","NY","GRG","JPD","T-1040","M","SY","4x5, 6x5.5",9.65,"partial",59.6,52.5,3.1,4.2,11.1,7.4,NA,NA,"green",9.9,11.6,2,2,2,2,NA,"bill black; mouth lining cream; legs munsell 5Y 4/4; light fat; stomach saved; no molt; L testis deflated","lots of feathers missing from belly, only did 2 measures","NY.Hamilton","North Central",43.4890471,-74.4540282,18.79
"608409","crown","c","1",0.0647913556073763,0.0194747921447415,0.0568175555130312,0.0170843577223816,0.0686486104758393,0.0214381089916075,0.0747518400655345,0.0233675651415903,0.105195314212888,0.0273017718731129,0.0647913556073763,0.0194747921447415,73862,55.4415462563333,3320,"Setophaga caerulescens","25-Jun-92",25,"Jun",92,"Fawn Lake, Adirondack State Park; 650m","Hamilton","NY","GRG","JPD","T-1040","M","SY","4x5, 6x5.5",9.65,"partial",59.6,52.5,3.1,4.2,11.1,7.4,NA,NA,"green",9.9,11.6,2,2,2,2,NA,"bill black; mouth lining cream; legs munsell 5Y 4/4; light fat; stomach saved; no molt; L testis deflated","lots of feathers missing from belly, only did 2 measures","NY.Hamilton","North Central",43.4890471,-74.4540282,18.79
"608409","side","w","1",0.427387661132331,0.120058919919927,0.437574977901826,0.125495305787705,0.436181098902014,0.123737093127429,0.356724287564218,0.0953272396460589,0.380255251983576,0.0769847211549328,0.427387661132331,0.120058919919927,29210,21.9253143178833,3320,"Setophaga caerulescens","25-Jun-92",25,"Jun",92,"Fawn Lake, Adirondack State Park; 650m","Hamilton","NY","GRG","JPD","T-1040","M","SY","4x5, 6x5.5",9.65,"partial",59.6,52.5,3.1,4.2,11.1,7.4,NA,NA,"green",9.9,11.6,2,2,2,2,NA,"bill black; mouth lining cream; legs munsell 5Y 4/4; light fat; stomach saved; no molt; L testis deflated","lots of feathers missing from belly, only did 2 measures","NY.Hamilton","North Central",43.4890471,-74.4540282,18.79
"608409","side","o","1",0.105597802624466,0.0381044033482003,0.114064273386684,0.0434939702627386,0.107481227395735,0.0389908336898542,0.0939377734103359,0.0269981307406941,0.107892113382151,0.0137098367907588,0.105597802624466,0.0381044033482003,3815,2.86357665603303,3320,"Setophaga caerulescens","25-Jun-92",25,"Jun",92,"Fawn Lake, Adirondack State Park; 650m","Hamilton","NY","GRG","JPD","T-1040","M","SY","4x5, 6x5.5",9.65,"partial",59.6,52.5,3.1,4.2,11.1,7.4,NA,NA,"green",9.9,11.6,2,2,2,2,NA,"bill black; mouth lining cream; legs munsell 5Y 4/4; light fat; stomach saved; no molt; L testis deflated","lots of feathers missing from belly, only did 2 measures","NY.Hamilton","North Central",43.4890471,-74.4540282,18.79
"608409","ventral","t","1",0.0457712334076019,0.00975801334411994,0.0415666825960325,0.0113247727185805,0.0474937472444543,0.0105576859708086,0.0594148166314407,0.0100449834841586,0.0642849696799279,0.0109804790008204,0.0457712334076019,0.00975801334411994,91315,68.5419403265153,3320,"Setophaga caerulescens","25-Jun-92",25,"Jun",92,"Fawn Lake, Adirondack State Park; 650m","Hamilton","NY","GRG","JPD","T-1040","M","SY","4x5, 6x5.5",9.65,"partial",59.6,52.5,3.1,4.2,11.1,7.4,NA,NA,"green",9.9,11.6,2,2,2,2,NA,"bill black; mouth lining cream; legs munsell 5Y 4/4; light fat; stomach saved; no molt; L testis deflated","lots of feathers missing from belly, only did 2 measures","NY.Hamilton","North Central",43.4890471,-74.4540282,18.79
"608409","dorsal","m","3",0.0719782644334392,0.0103492611549767,0.0656838341779014,0.00805772561821811,0.0741835447711823,0.0116558094823567,0.0864300793077938,0.0159931855680453,0.111457654682901,0.0104257474639601,0.0719782644334392,0.0103492611549767,33855,25.4118971664477,3320,"Setophaga caerulescens","25-Jun-92",25,"Jun",92,"Fawn Lake, Adirondack State Park; 650m","Hamilton","NY","GRG","JPD","T-1040","M","SY","4x5, 6x5.5",9.65,"partial",59.6,52.5,3.1,4.2,11.1,7.4,NA,NA,"green",9.9,11.6,2,2,2,2,NA,"bill black; mouth lining cream; legs munsell 5Y 4/4; light fat; stomach saved; no molt; L testis deflated","lots of feathers missing from belly, only did 2 measures","NY.Hamilton","North Central",43.4890471,-74.4540282,18.79
"608409","dorsal","m","2",0.0721493071245012,0.0123193588446952,0.0667396325535846,0.011188910572041,0.0742686070581526,0.0134346348617504,0.085188483820703,0.0165361927556641,0.108459119771198,0.0127227644842514,0.0721493071245012,0.0123193588446952,32045,24.0532933008069,3320,"Setophaga caerulescens","25-Jun-92",25,"Jun",92,"Fawn Lake, Adirondack State Park; 650m","Hamilton","NY","GRG","JPD","T-1040","M","SY","4x5, 6x5.5",9.65,"partial",59.6,52.5,3.1,4.2,11.1,7.4,NA,NA,"green",9.9,11.6,2,2,2,2,NA,"bill black; mouth lining cream; legs munsell 5Y 4/4; light fat; stomach saved; no molt; L testis deflated","lots of feathers missing from belly, only did 2 measures","NY.Hamilton","North Central",43.4890471,-74.4540282,18.79
"608411","ventral","t","1",0.0461641425692881,0.00707142288107538,0.0406670649606765,0.00810979531395545,0.0477110617288142,0.0083095030956856,0.0618843815274651,0.0101333981029485,0.0666533292997982,0.00903627107280401,0.0461641425692881,0.00707142288107538,84226,63.2208669544004,3307,"Setophaga caerulescens","23-Jun-92",23,"Jun",92,"SE Flank of Fawn Lake Mountain, Adirondack State Park; 650m","Hamilton","NY","GRG","CJD","T-1027","M","ASY","6x5, 5x4",10,"partial",63.4,52.2,2.8,3.8,NA,NA,NA,NA,"green",11.8,12.2,2,2,2,2,NA,"bill black; mouth lining brown; legs munsell 5Y 3/1; moderate fat; stomach saved; no molt; upper bill broken","","NY.Hamilton","North Central",43.708677,-74.7798908,19.46
"608411","side","o","1",0.0806529796337391,0.0157523067366759,0.0821339124209178,0.0176062367969683,0.0825907326960671,0.0178466814952436,0.0817031042453281,0.0136865473130789,0.102746396284321,0.0130410163233822,0.0806529796337391,0.0157523067366759,7122,5.345843497842,3307,"Setophaga caerulescens","23-Jun-92",23,"Jun",92,"SE Flank of Fawn Lake Mountain, Adirondack State Park; 650m","Hamilton","NY","GRG","CJD","T-1027","M","ASY","6x5, 5x4",10,"partial",63.4,52.2,2.8,3.8,NA,NA,NA,NA,"green",11.8,12.2,2,2,2,2,NA,"bill black; mouth lining brown; legs munsell 5Y 3/1; moderate fat; stomach saved; no molt; upper bill broken","","NY.Hamilton","North Central",43.708677,-74.7798908,19.46
"608411","dorsal","m","2",0.0802595208048644,0.024058254233445,0.0725697941206324,0.0188418892853136,0.0830673069817112,0.0270957452781853,0.0944217651346178,0.0299926490833629,0.121386475807725,0.0173534265356817,0.0802595208048644,0.024058254233445,32399,24.3190091949709,3307,"Setophaga caerulescens","23-Jun-92",23,"Jun",92,"SE Flank of Fawn Lake Mountain, Adirondack State Park; 650m","Hamilton","NY","GRG","CJD","T-1027","M","ASY","6x5, 5x4",10,"partial",63.4,52.2,2.8,3.8,NA,NA,NA,NA,"green",11.8,12.2,2,2,2,2,NA,"bill black; mouth lining brown; legs munsell 5Y 3/1; moderate fat; stomach saved; no molt; upper bill broken","","NY.Hamilton","North Central",43.708677,-74.7798908,19.46
"608411","side","w","1",0.329519297487926,0.0960092328789775,0.336581851050357,0.096359508763048,0.334371313562735,0.0998165752970238,0.288676806715781,0.0812175715422655,0.312116904595949,0.0655676668781234,0.329519297487926,0.0960092328789775,29811,22.3764308500657,3307,"Setophaga caerulescens","23-Jun-92",23,"Jun",92,"SE Flank of Fawn Lake Mountain, Adirondack State Park; 650m","Hamilton","NY","GRG","CJD","T-1027","M","ASY","6x5, 5x4",10,"partial",63.4,52.2,2.8,3.8,NA,NA,NA,NA,"green",11.8,12.2,2,2,2,2,NA,"bill black; mouth lining brown; legs munsell 5Y 3/1; moderate fat; stomach saved; no molt; upper bill broken","","NY.Hamilton","North Central",43.708677,-74.7798908,19.46
"608411","dorsal","m","1",0.0809603834484591,0.0223171422933911,0.0728526603810918,0.0172946035772495,0.0840440666132714,0.0256838088637702,0.0949064857328857,0.028502420724191,0.124740501320428,0.0171414605282135,0.0809603834484591,0.0223171422933911,31862,23.9159316945018,3307,"Setophaga caerulescens","23-Jun-92",23,"Jun",92,"SE Flank of Fawn Lake Mountain, Adirondack State Park; 650m","Hamilton","NY","GRG","CJD","T-1027","M","ASY","6x5, 5x4",10,"partial",63.4,52.2,2.8,3.8,NA,NA,NA,NA,"green",11.8,12.2,2,2,2,2,NA,"bill black; mouth lining brown; legs munsell 5Y 3/1; moderate fat; stomach saved; no molt; upper bill broken","","NY.Hamilton","North Central",43.708677,-74.7798908,19.46
"608411","crown","c","1",0.0734086112339968,0.0282181922821114,0.0603464306441822,0.0236141315773139,0.07710780507749,0.0306788926570987,0.0915258316280996,0.0351431999169638,0.142998282101267,0.0495757211731455,0.0734086112339968,0.0282181922821114,107282,80.5269281291049,3307,"Setophaga caerulescens","23-Jun-92",23,"Jun",92,"SE Flank of Fawn Lake Mountain, Adirondack State Park; 650m","Hamilton","NY","GRG","CJD","T-1027","M","ASY","6x5, 5x4",10,"partial",63.4,52.2,2.8,3.8,NA,NA,NA,NA,"green",11.8,12.2,2,2,2,2,NA,"bill black; mouth lining brown; legs munsell 5Y 3/1; moderate fat; stomach saved; no molt; upper bill broken","","NY.Hamilton","North Central",43.708677,-74.7798908,19.46
"608411","dorsal","m","3",0.080113370842825,0.0224217572642958,0.0725626164026857,0.0176632124606326,0.0830063604143728,0.02551345318061,0.0938983913713259,0.0270595490337422,0.122169624689721,0.0169143702124283,0.080113370842825,0.0224217572642958,32760,24.5899793582286,3307,"Setophaga caerulescens","23-Jun-92",23,"Jun",92,"SE Flank of Fawn Lake Mountain, Adirondack State Park; 650m","Hamilton","NY","GRG","CJD","T-1027","M","ASY","6x5, 5x4",10,"partial",63.4,52.2,2.8,3.8,NA,NA,NA,NA,"green",11.8,12.2,2,2,2,2,NA,"bill black; mouth lining brown; legs munsell 5Y 3/1; moderate fat; stomach saved; no molt; upper bill broken","","NY.Hamilton","North Central",43.708677,-74.7798908,19.46
"608417","dorsal","m","3",0.071086481654948,0.0145213396169636,0.0680791322475527,0.0159550898251076,0.0728663894519877,0.0160706548794444,0.0808466319737884,0.0143881345728917,0.111151319636859,0.0158798510746603,0.071086481654948,0.0145213396169636,32580,24.454869581535,3223,"Setophaga caerulescens","24-Jun-92",24,"Jun",92,"SE Flank of Fawn Lake Mountain, Adirondack State Park; 650m","Hamilton","NY","GRG","JPD","T-943","M","SY","6.5x5.5, 6x4.5",9.15,"partial",62.2,51.1,2.9,3.9,NA,NA,NA,NA,"green",10.7,12,2,2,2,2,NA,"bill black; mouth lining brownish ivory; legs munsell 2.5Y 4/2; no fat; stomach saved; no molt; very tip of bill chipped off","","NY.Hamilton","North Central",43.708677,-74.7798908,18.58
"608417","dorsal","m","2",0.062583773640525,0.0133964635530878,0.0589541320422561,0.0140668817749804,0.0642156718369712,0.0152154267913394,0.0744350102825697,0.0136922345577314,0.0958314090446076,0.0145568981870608,0.062583773640525,0.0133964635530878,32760,24.5899793582286,3223,"Setophaga caerulescens","24-Jun-92",24,"Jun",92,"SE Flank of Fawn Lake Mountain, Adirondack State Park; 650m","Hamilton","NY","GRG","JPD","T-943","M","SY","6.5x5.5, 6x4.5",9.15,"partial",62.2,51.1,2.9,3.9,NA,NA,NA,NA,"green",10.7,12,2,2,2,2,NA,"bill black; mouth lining brownish ivory; legs munsell 2.5Y 4/2; no fat; stomach saved; no molt; very tip of bill chipped off","","NY.Hamilton","North Central",43.708677,-74.7798908,18.58
"608417","side","o","1",0.137313893146301,0.0478367146778956,0.149644907119067,0.0542826616035912,0.139603664006349,0.0488450169038294,0.115342328716043,0.033519217116871,0.136172214719091,0.0268835109478846,0.137313893146301,0.0478367146778956,3418,2.56558453743667,3223,"Setophaga caerulescens","24-Jun-92",24,"Jun",92,"SE Flank of Fawn Lake Mountain, Adirondack State Park; 650m","Hamilton","NY","GRG","JPD","T-943","M","SY","6.5x5.5, 6x4.5",9.15,"partial",62.2,51.1,2.9,3.9,NA,NA,NA,NA,"green",10.7,12,2,2,2,2,NA,"bill black; mouth lining brownish ivory; legs munsell 2.5Y 4/2; no fat; stomach saved; no molt; very tip of bill chipped off","","NY.Hamilton","North Central",43.708677,-74.7798908,18.58
"608417","crown","c","1",0.0756533242234258,0.0200664124052108,0.0634389838935551,0.0173956511786095,0.0793721689692035,0.0212443704960815,0.092561222439681,0.0276041489060695,0.150203116401758,0.0381532191273313,0.0756533242234258,0.0200664124052108,43696,32.7986489022331,3223,"Setophaga caerulescens","24-Jun-92",24,"Jun",92,"SE Flank of Fawn Lake Mountain, Adirondack State Park; 650m","Hamilton","NY","GRG","JPD","T-943","M","SY","6.5x5.5, 6x4.5",9.15,"partial",62.2,51.1,2.9,3.9,NA,NA,NA,NA,"green",10.7,12,2,2,2,2,NA,"bill black; mouth lining brownish ivory; legs munsell 2.5Y 4/2; no fat; stomach saved; no molt; very tip of bill chipped off","","NY.Hamilton","North Central",43.708677,-74.7798908,18.58
"608417","ventral","t","1",0.0462162268438092,0.0082279712516057,0.0422295148404836,0.00956163436690926,0.0474392979255667,0.00923996387070936,0.0608504584058008,0.0104191249449587,0.0626835450881512,0.00857294298896773,0.0462162268438092,0.0082279712516057,126143,94.6841808969788,3223,"Setophaga caerulescens","24-Jun-92",24,"Jun",92,"SE Flank of Fawn Lake Mountain, Adirondack State Park; 650m","Hamilton","NY","GRG","JPD","T-943","M","SY","6.5x5.5, 6x4.5",9.15,"partial",62.2,51.1,2.9,3.9,NA,NA,NA,NA,"green",10.7,12,2,2,2,2,NA,"bill black; mouth lining brownish ivory; legs munsell 2.5Y 4/2; no fat; stomach saved; no molt; very tip of bill chipped off","","NY.Hamilton","North Central",43.708677,-74.7798908,18.58
"608417","side","w","1",0.399709896277754,0.102093120384494,0.408033338986697,0.105996369719404,0.407442661057697,0.104646288713799,0.337665986853154,0.0826985544565622,0.396536765043499,0.0676361674374199,0.399709896277754,0.102093120384494,42935,32.2274347907675,3223,"Setophaga caerulescens","24-Jun-92",24,"Jun",92,"SE Flank of Fawn Lake Mountain, Adirondack State Park; 650m","Hamilton","NY","GRG","JPD","T-943","M","SY","6.5x5.5, 6x4.5",9.15,"partial",62.2,51.1,2.9,3.9,NA,NA,NA,NA,"green",10.7,12,2,2,2,2,NA,"bill black; mouth lining brownish ivory; legs munsell 2.5Y 4/2; no fat; stomach saved; no molt; very tip of bill chipped off","","NY.Hamilton","North Central",43.708677,-74.7798908,18.58
"608417","dorsal","m","1",0.0637987956924202,0.0147742097981933,0.0601789518711001,0.0160822881503901,0.0653821025090373,0.0164767103820092,0.0759448757604364,0.0146309183114227,0.0948836276560105,0.0142834081186066,0.0637987956924202,0.0147742097981933,32580,24.454869581535,3223,"Setophaga caerulescens","24-Jun-92",24,"Jun",92,"SE Flank of Fawn Lake Mountain, Adirondack State Park; 650m","Hamilton","NY","GRG","JPD","T-943","M","SY","6.5x5.5, 6x4.5",9.15,"partial",62.2,51.1,2.9,3.9,NA,NA,NA,NA,"green",10.7,12,2,2,2,2,NA,"bill black; mouth lining brownish ivory; legs munsell 2.5Y 4/2; no fat; stomach saved; no molt; very tip of bill chipped off","","NY.Hamilton","North Central",43.708677,-74.7798908,18.58
"608419","dorsal","m","2",0.0758573933466717,0.0106266035458687,0.0690799984582171,0.00937559869082758,0.0773082583543608,0.0126444461613288,0.0931518765768444,0.0185578978077381,0.11424662084509,0.0110059072967282,0.0758573933466717,0.0106266035458687,32761,24.5907299680991,3322,"Setophaga caerulescens","25-Jun-92",25,"Jun",92,"SE Flank of Fawn Lake Mountain, Adirondack State Park; 650m","Hamilton","NY","GRG","JPD","T-1042","M","ASY","7.5x6, 6.5x5",9.8,"partial",61.4,53.8,3,4.1,10,6.7,NA,NA,"blue",10.4,13.1,2,2,2,2,NA,"bill black; mouth lining black; legs Munsell 5Y 2.5/2; light fat; no molt; stomach saved","","NY.Hamilton","North Central",43.71678,-74.75517,18.76
"608419","side","w","1",0.478096077745227,0.104316467868806,0.488791660373191,0.111011641824362,0.481630145290138,0.106396320596663,0.411025587841281,0.079289539002025,0.437501127484197,0.0684048859666491,0.478096077745227,0.104316467868806,31414,23.5796584725089,3322,"Setophaga caerulescens","25-Jun-92",25,"Jun",92,"SE Flank of Fawn Lake Mountain, Adirondack State Park; 650m","Hamilton","NY","GRG","JPD","T-1042","M","ASY","7.5x6, 6.5x5",9.8,"partial",61.4,53.8,3,4.1,10,6.7,NA,NA,"blue",10.4,13.1,2,2,2,2,NA,"bill black; mouth lining black; legs Munsell 5Y 2.5/2; light fat; no molt; stomach saved","","NY.Hamilton","North Central",43.71678,-74.75517,18.76
"608419","dorsal","m","3",0.0759667386594062,0.00999983569537681,0.0709435300958235,0.00950245485415565,0.0771417031436943,0.0119769951073308,0.091086276624646,0.0175048081018913,0.113239159879458,0.0105387695561486,0.0759667386594062,0.00999983569537681,33124,24.8632013510978,3322,"Setophaga caerulescens","25-Jun-92",25,"Jun",92,"SE Flank of Fawn Lake Mountain, Adirondack State Park; 650m","Hamilton","NY","GRG","JPD","T-1042","M","ASY","7.5x6, 6.5x5",9.8,"partial",61.4,53.8,3,4.1,10,6.7,NA,NA,"blue",10.4,13.1,2,2,2,2,NA,"bill black; mouth lining black; legs Munsell 5Y 2.5/2; light fat; no molt; stomach saved","","NY.Hamilton","North Central",43.71678,-74.75517,18.76
"608419","dorsal","m","1",0.081126502581112,0.0110509026610258,0.0720250457410277,0.00943798188940113,0.0826365565439221,0.0131297832659128,0.101773894317272,0.0199382302827587,0.125463225568012,0.0127862747688693,0.081126502581112,0.0110509026610258,33306,24.9998123475324,3322,"Setophaga caerulescens","25-Jun-92",25,"Jun",92,"SE Flank of Fawn Lake Mountain, Adirondack State Park; 650m","Hamilton","NY","GRG","JPD","T-1042","M","ASY","7.5x6, 6.5x5",9.8,"partial",61.4,53.8,3,4.1,10,6.7,NA,NA,"blue",10.4,13.1,2,2,2,2,NA,"bill black; mouth lining black; legs Munsell 5Y 2.5/2; light fat; no molt; stomach saved","","NY.Hamilton","North Central",43.71678,-74.75517,18.76
"608419","ventral","t","1",0.0440378946739021,0.00639547709680886,0.0392114024208484,0.00747203340699982,0.0455503355892745,0.00796481580890236,0.0598061399662932,0.0116169140682798,0.0600254620274359,0.00818191444493905,0.0440378946739021,0.00639547709680886,128151,96.1914055169825,3322,"Setophaga caerulescens","25-Jun-92",25,"Jun",92,"SE Flank of Fawn Lake Mountain, Adirondack State Park; 650m","Hamilton","NY","GRG","JPD","T-1042","M","ASY","7.5x6, 6.5x5",9.8,"partial",61.4,53.8,3,4.1,10,6.7,NA,NA,"blue",10.4,13.1,2,2,2,2,NA,"bill black; mouth lining black; legs Munsell 5Y 2.5/2; light fat; no molt; stomach saved","","NY.Hamilton","North Central",43.71678,-74.75517,18.76
"608419","crown","c","1",0.0956787541022943,0.0270828546401425,0.0760981847765969,0.0222442329073479,0.0991240388535078,0.0280556073226424,0.12367398124098,0.0374877436849066,0.213275524162469,0.0504436785129393,0.0956787541022943,0.0270828546401425,73730,55.3424657534247,3322,"Setophaga caerulescens","25-Jun-92",25,"Jun",92,"SE Flank of Fawn Lake Mountain, Adirondack State Park; 650m","Hamilton","NY","GRG","JPD","T-1042","M","ASY","7.5x6, 6.5x5",9.8,"partial",61.4,53.8,3,4.1,10,6.7,NA,NA,"blue",10.4,13.1,2,2,2,2,NA,"bill black; mouth lining black; legs Munsell 5Y 2.5/2; light fat; no molt; stomach saved","","NY.Hamilton","North Central",43.71678,-74.75517,18.76
"608419","side","o","1",0.0975198531208239,0.0209740520853095,0.102355549579876,0.0241076372979193,0.0985384040623441,0.0217143541999601,0.0952219929942548,0.0166128863194234,0.113137961553546,0.0191885091431352,0.0975198531208239,0.0209740520853095,2004,1.50422218052167,3322,"Setophaga caerulescens","25-Jun-92",25,"Jun",92,"SE Flank of Fawn Lake Mountain, Adirondack State Park; 650m","Hamilton","NY","GRG","JPD","T-1042","M","ASY","7.5x6, 6.5x5",9.8,"partial",61.4,53.8,3,4.1,10,6.7,NA,NA,"blue",10.4,13.1,2,2,2,2,NA,"bill black; mouth lining black; legs Munsell 5Y 2.5/2; light fat; no molt; stomach saved","","NY.Hamilton","North Central",43.71678,-74.75517,18.76
"608426","dorsal","m","2",0.0808597969037528,0.0225374906917873,0.0703530852933224,0.022079069347295,0.0831084960030667,0.0258845554667714,0.101165674967487,0.0232206036476917,0.128296295849376,0.0279382878256828,0.0808597969037528,0.0225374906917873,34967,26.2465753424658,3225,"Setophaga caerulescens","24-Jun-92",24,"Jun",92,"East End of Squaw Lake, Adirondack State Park; 700m","Hamilton","NY","GRG","JPD","T-945","M","ASY","8x6, 6.5x5.5",9.5,"partial",61.3,51.6,3.3,4.2,10,6.3,NA,NA,"blue",11.6,13.1,2,2,2,2,NA,"bill black; mouth lining brownish cream; legs munsell 5Y 4/2; stomach saved; no molt","","NY.Hamilton","North Central",43.6333221,-74.7388276,18.05
"608426","dorsal","m","3",0.0764461309063099,0.0211977437867286,0.067961071518718,0.0213715561949401,0.0786096643609652,0.0244245719887471,0.094242351645272,0.0210431270807771,0.117628387911868,0.0231373502249553,0.0764461309063099,0.0211977437867286,34410,25.8284856445862,3225,"Setophaga caerulescens","24-Jun-92",24,"Jun",92,"East End of Squaw Lake, Adirondack State Park; 700m","Hamilton","NY","GRG","JPD","T-945","M","ASY","8x6, 6.5x5.5",9.5,"partial",61.3,51.6,3.3,4.2,10,6.3,NA,NA,"blue",11.6,13.1,2,2,2,2,NA,"bill black; mouth lining brownish cream; legs munsell 5Y 4/2; stomach saved; no molt","","NY.Hamilton","North Central",43.6333221,-74.7388276,18.05
"608426","ventral","t","1",0.045263395113881,0.00847883311830005,0.0405995436840583,0.00917571992019724,0.0467192582521852,0.00952263441829323,0.0604429895241178,0.0114530054963361,0.0659854751059672,0.00905661268191454,0.045263395113881,0.00847883311830005,174405,130.910114468005,3225,"Setophaga caerulescens","24-Jun-92",24,"Jun",92,"East End of Squaw Lake, Adirondack State Park; 700m","Hamilton","NY","GRG","JPD","T-945","M","ASY","8x6, 6.5x5.5",9.5,"partial",61.3,51.6,3.3,4.2,10,6.3,NA,NA,"blue",11.6,13.1,2,2,2,2,NA,"bill black; mouth lining brownish cream; legs munsell 5Y 4/2; stomach saved; no molt","","NY.Hamilton","North Central",43.6333221,-74.7388276,18.05
"608426","side","w","1",0.477185676699456,0.108577907620195,0.480137623208026,0.11475367536246,0.482430793784679,0.111349944049171,0.414845722143203,0.0856091722750568,0.486077893863072,0.082182005600799,0.477185676699456,0.108577907620195,45565,34.2015387502346,3225,"Setophaga caerulescens","24-Jun-92",24,"Jun",92,"East End of Squaw Lake, Adirondack State Park; 700m","Hamilton","NY","GRG","JPD","T-945","M","ASY","8x6, 6.5x5.5",9.5,"partial",61.3,51.6,3.3,4.2,10,6.3,NA,NA,"blue",11.6,13.1,2,2,2,2,NA,"bill black; mouth lining brownish cream; legs munsell 5Y 4/2; stomach saved; no molt","","NY.Hamilton","North Central",43.6333221,-74.7388276,18.05
"608426","side","o","1",0.1149538502821,0.035056847546345,0.122676264684666,0.0396517945874606,0.116599290332158,0.0361201102778035,0.103838061409237,0.0247292769847838,0.116461175154022,0.0191874690630462,0.1149538502821,0.035056847546345,3789,2.84406079939951,3225,"Setophaga caerulescens","24-Jun-92",24,"Jun",92,"East End of Squaw Lake, Adirondack State Park; 700m","Hamilton","NY","GRG","JPD","T-945","M","ASY","8x6, 6.5x5.5",9.5,"partial",61.3,51.6,3.3,4.2,10,6.3,NA,NA,"blue",11.6,13.1,2,2,2,2,NA,"bill black; mouth lining brownish cream; legs munsell 5Y 4/2; stomach saved; no molt","","NY.Hamilton","North Central",43.6333221,-74.7388276,18.05
"608426","dorsal","m","1",0.0810841378921629,0.0227399473935602,0.0705004261833479,0.0219180411901493,0.0834174266862441,0.0262607305929752,0.101241579099528,0.0230805004261342,0.130929308205812,0.0269686077663101,0.0810841378921629,0.0227399473935602,32942,24.7265903546632,3225,"Setophaga caerulescens","24-Jun-92",24,"Jun",92,"East End of Squaw Lake, Adirondack State Park; 700m","Hamilton","NY","GRG","JPD","T-945","M","ASY","8x6, 6.5x5.5",9.5,"partial",61.3,51.6,3.3,4.2,10,6.3,NA,NA,"blue",11.6,13.1,2,2,2,2,NA,"bill black; mouth lining brownish cream; legs munsell 5Y 4/2; stomach saved; no molt","","NY.Hamilton","North Central",43.6333221,-74.7388276,18.05
"608426","crown","c","1",0.0872084557524461,0.034120866292986,0.073968897568668,0.0290389095588849,0.0913307680055775,0.0374333358593104,0.103854112660556,0.0405347548189997,0.167293762304127,0.0501067743995549,0.0872084557524461,0.034120866292986,63496,47.660724338525,3225,"Setophaga caerulescens","24-Jun-92",24,"Jun",92,"East End of Squaw Lake, Adirondack State Park; 700m","Hamilton","NY","GRG","JPD","T-945","M","ASY","8x6, 6.5x5.5",9.5,"partial",61.3,51.6,3.3,4.2,10,6.3,NA,NA,"blue",11.6,13.1,2,2,2,2,NA,"bill black; mouth lining brownish cream; legs munsell 5Y 4/2; stomach saved; no molt","","NY.Hamilton","North Central",43.6333221,-74.7388276,18.05
"608427","dorsal","m","3",0.0801578281698474,0.00755490686281348,0.0715235490777664,0.00798740533809151,0.0824400128126249,0.00907015256984931,0.0973896585755829,0.012079993301929,0.130256373234778,0.0112955758874687,0.0801578281698474,0.00755490686281348,32761,24.5907299680991,3326,"Setophaga caerulescens","24-Jun-92",24,"Jun",92,"1mi N Falls Pond, Adirondack State Park; 600m","Hamilton","NY","GRG","JPD","T-946","M","ASY","7.5x5, 7x5",10.2,"partial",62,51.5,3.1,4.1,10.6,6.5,NA,NA,"blue",15,14.3,2,2,2,2,NA,"bill black; mouth lining ivory; legs munsell 2.5Y 3/2; light fat; stomach saved; no molt","","NY.Hamilton","North Central",43.6310659,-74.6857839,18.75
"608427","side","o","1",0.070722809816528,0.0174546036905713,0.0673497952993004,0.0196217546041546,0.0725784891575251,0.0186351471101625,0.0809916041371216,0.0150851340422017,0.0996689058720943,0.0127294634826222,0.070722809816528,0.0174546036905713,3440,2.5820979545881,3326,"Setophaga caerulescens","24-Jun-92",24,"Jun",92,"1mi N Falls Pond, Adirondack State Park; 600m","Hamilton","NY","GRG","JPD","T-946","M","ASY","7.5x5, 7x5",10.2,"partial",62,51.5,3.1,4.1,10.6,6.5,NA,NA,"blue",15,14.3,2,2,2,2,NA,"bill black; mouth lining ivory; legs munsell 2.5Y 3/2; light fat; stomach saved; no molt","","NY.Hamilton","North Central",43.6310659,-74.6857839,18.75
"608427","ventral","t","1",0.0420644305243995,0.00909013446061368,0.0374062355354794,0.0109247761256983,0.0434501565498285,0.0101483985277082,0.0574796889610123,0.011104353489442,0.0602603113991,0.00821477388210954,0.0420644305243995,0.00909013446061368,196238,147.298179771064,3326,"Setophaga caerulescens","24-Jun-92",24,"Jun",92,"1mi N Falls Pond, Adirondack State Park; 600m","Hamilton","NY","GRG","JPD","T-946","M","ASY","7.5x5, 7x5",10.2,"partial",62,51.5,3.1,4.1,10.6,6.5,NA,NA,"blue",15,14.3,2,2,2,2,NA,"bill black; mouth lining ivory; legs munsell 2.5Y 3/2; light fat; stomach saved; no molt","","NY.Hamilton","North Central",43.6310659,-74.6857839,18.75
"608427","dorsal","m","2",0.0798183456263442,0.00698083656380577,0.070487136388284,0.00721552518142446,0.0820776261834437,0.00868415508958832,0.0981327856948885,0.0125240753199726,0.129895828083957,0.0114257698105114,0.0798183456263442,0.00698083656380577,33122,24.8617001313567,3326,"Setophaga caerulescens","24-Jun-92",24,"Jun",92,"1mi N Falls Pond, Adirondack State Park; 600m","Hamilton","NY","GRG","JPD","T-946","M","ASY","7.5x5, 7x5",10.2,"partial",62,51.5,3.1,4.1,10.6,6.5,NA,NA,"blue",15,14.3,2,2,2,2,NA,"bill black; mouth lining ivory; legs munsell 2.5Y 3/2; light fat; stomach saved; no molt","","NY.Hamilton","North Central",43.6310659,-74.6857839,18.75
"608427","dorsal","m","1",0.080775087477019,0.00784272758186876,0.0707537191326553,0.00717670978826601,0.0831287419465562,0.00939242611766561,0.100122342985737,0.0133642798763367,0.130470974513926,0.013046009617702,0.080775087477019,0.00784272758186876,32761,24.5907299680991,3326,"Setophaga caerulescens","24-Jun-92",24,"Jun",92,"1mi N Falls Pond, Adirondack State Park; 600m","Hamilton","NY","GRG","JPD","T-946","M","ASY","7.5x5, 7x5",10.2,"partial",62,51.5,3.1,4.1,10.6,6.5,NA,NA,"blue",15,14.3,2,2,2,2,NA,"bill black; mouth lining ivory; legs munsell 2.5Y 3/2; light fat; stomach saved; no molt","","NY.Hamilton","North Central",43.6310659,-74.6857839,18.75
"608427","side","w","1",0.511055751992438,0.111039470228421,0.516820037761821,0.116086607165271,0.516486280667122,0.114319114166531,0.438116832310401,0.086507953686173,0.516411844595846,0.0865106123527122,0.511055751992438,0.111039470228421,50101,37.6063051229124,3326,"Setophaga caerulescens","24-Jun-92",24,"Jun",92,"1mi N Falls Pond, Adirondack State Park; 600m","Hamilton","NY","GRG","JPD","T-946","M","ASY","7.5x5, 7x5",10.2,"partial",62,51.5,3.1,4.1,10.6,6.5,NA,NA,"blue",15,14.3,2,2,2,2,NA,"bill black; mouth lining ivory; legs munsell 2.5Y 3/2; light fat; stomach saved; no molt","","NY.Hamilton","North Central",43.6310659,-74.6857839,18.75
"608427","crown","c","1",0.0870113231503996,0.0314631957804608,0.0701601710446209,0.0268590155540392,0.0912443547460245,0.0345215066279539,0.108657880266159,0.036472060249743,0.181149647612086,0.0531485545133346,0.0870113231503996,0.0314631957804608,76875,57.7031337962094,3326,"Setophaga caerulescens","24-Jun-92",24,"Jun",92,"1mi N Falls Pond, Adirondack State Park; 600m","Hamilton","NY","GRG","JPD","T-946","M","ASY","7.5x5, 7x5",10.2,"partial",62,51.5,3.1,4.1,10.6,6.5,NA,NA,"blue",15,14.3,2,2,2,2,NA,"bill black; mouth lining ivory; legs munsell 2.5Y 3/2; light fat; stomach saved; no molt","","NY.Hamilton","North Central",43.6310659,-74.6857839,18.75
"608428","dorsal","m","1",0.0824992778533605,0.00865997956819861,0.0749490134517999,0.00800034713098732,0.0847063998403439,0.00994395322433285,0.0981495503172093,0.0140744115762084,0.124798164750019,0.0117866359933599,0.0824992778533605,0.00865997956819861,32760,24.5899793582286,3316,"Setophaga caerulescens","24-Jun-92",24,"Jun",92,"1mi N Falls Pond, Adirondack State Park; 600m","Hamilton","NY","GRG","CJD","T-1036","M","SY","7x4, 6x6",10.1,"partial",62.1,54.5,2.8,4.5,11,6.7,NA,NA,"green",8.8,8.3,2,2,2,2,NA,"bill black; mouth lining cream; legs munsell 2.5Y 3/2; moderate fat; stomach saved; no molt","","NY.Hamilton","North Central",43.6310659,-74.6857839,19.84
"608428","side","w","1",0.328025775650083,0.100983876848255,0.325395881477699,0.1019656926726,0.332866687368857,0.102648887364509,0.300579443738441,0.0878898228620398,0.352687974114402,0.0841421078067349,0.328025775650083,0.100983876848255,25157,18.8830925126665,3316,"Setophaga caerulescens","24-Jun-92",24,"Jun",92,"1mi N Falls Pond, Adirondack State Park; 600m","Hamilton","NY","GRG","CJD","T-1036","M","SY","7x4, 6x6",10.1,"partial",62.1,54.5,2.8,4.5,11,6.7,NA,NA,"green",8.8,8.3,2,2,2,2,NA,"bill black; mouth lining cream; legs munsell 2.5Y 3/2; moderate fat; stomach saved; no molt","","NY.Hamilton","North Central",43.6310659,-74.6857839,19.84
"608428","dorsal","m","3",0.082503606672346,0.00928370792095503,0.0764585487499405,0.009001246331544,0.0845510841373756,0.0105436801008207,0.0960182966623506,0.0140052371079397,0.128024248534286,0.0114860667895083,0.082503606672346,0.00928370792095503,32761,24.5907299680991,3316,"Setophaga caerulescens","24-Jun-92",24,"Jun",92,"1mi N Falls Pond, Adirondack State Park; 600m","Hamilton","NY","GRG","CJD","T-1036","M","SY","7x4, 6x6",10.1,"partial",62.1,54.5,2.8,4.5,11,6.7,NA,NA,"green",8.8,8.3,2,2,2,2,NA,"bill black; mouth lining cream; legs munsell 2.5Y 3/2; moderate fat; stomach saved; no molt","","NY.Hamilton","North Central",43.6310659,-74.6857839,19.84
"608428","crown","c","1",0.0850340112104533,0.0277398846326685,0.0729840421894749,0.0230086550555197,0.0891585516577711,0.0294958349965957,0.0996531191222162,0.0342284805394637,0.158468170009247,0.0391104217154742,0.0850340112104533,0.0277398846326685,63736,47.8408707074498,3316,"Setophaga caerulescens","24-Jun-92",24,"Jun",92,"1mi N Falls Pond, Adirondack State Park; 600m","Hamilton","NY","GRG","CJD","T-1036","M","SY","7x4, 6x6",10.1,"partial",62.1,54.5,2.8,4.5,11,6.7,NA,NA,"green",8.8,8.3,2,2,2,2,NA,"bill black; mouth lining cream; legs munsell 2.5Y 3/2; moderate fat; stomach saved; no molt","","NY.Hamilton","North Central",43.6310659,-74.6857839,19.84
"608428","side","o","1",0.109052789564855,0.0229022712547889,0.118169063301266,0.0266535970083613,0.110337325644341,0.0233344352877696,0.0973069267049962,0.0173411710986261,0.109316740130607,0.00977438999566895,0.109052789564855,0.0229022712547889,2229,1.67310940138863,3316,"Setophaga caerulescens","24-Jun-92",24,"Jun",92,"1mi N Falls Pond, Adirondack State Park; 600m","Hamilton","NY","GRG","CJD","T-1036","M","SY","7x4, 6x6",10.1,"partial",62.1,54.5,2.8,4.5,11,6.7,NA,NA,"green",8.8,8.3,2,2,2,2,NA,"bill black; mouth lining cream; legs munsell 2.5Y 3/2; moderate fat; stomach saved; no molt","","NY.Hamilton","North Central",43.6310659,-74.6857839,19.84
"608428","ventral","t","1",0.046973085575678,0.00929279945031934,0.0425310786482762,0.010660016245402,0.0485918179282743,0.0102347410481068,0.0610939391174108,0.00980735279729025,0.0665991186278864,0.00802663932879557,0.046973085575678,0.00929279945031934,148732,111.63970726215,3316,"Setophaga caerulescens","24-Jun-92",24,"Jun",92,"1mi N Falls Pond, Adirondack State Park; 600m","Hamilton","NY","GRG","CJD","T-1036","M","SY","7x4, 6x6",10.1,"partial",62.1,54.5,2.8,4.5,11,6.7,NA,NA,"green",8.8,8.3,2,2,2,2,NA,"bill black; mouth lining cream; legs munsell 2.5Y 3/2; moderate fat; stomach saved; no molt","","NY.Hamilton","North Central",43.6310659,-74.6857839,19.84
"608428","dorsal","m","2",0.0814794505418433,0.0117542519940941,0.0765004340961775,0.0121247017747923,0.0833851810938209,0.0128142118823934,0.093634525604364,0.0141042446931293,0.124200418028154,0.0154743431834946,0.0814794505418433,0.0117542519940941,33489,25.1371739538375,3316,"Setophaga caerulescens","24-Jun-92",24,"Jun",92,"1mi N Falls Pond, Adirondack State Park; 600m","Hamilton","NY","GRG","CJD","T-1036","M","SY","7x4, 6x6",10.1,"partial",62.1,54.5,2.8,4.5,11,6.7,NA,NA,"green",8.8,8.3,2,2,2,2,NA,"bill black; mouth lining cream; legs munsell 2.5Y 3/2; moderate fat; stomach saved; no molt","","NY.Hamilton","North Central",43.6310659,-74.6857839,19.84
"608568","dorsal","m","1",0.0654991181999735,0.0149187356467015,0.0576394879280613,0.0113603992027521,0.0671494177865467,0.0170591103671863,0.0848293272111704,0.0210374779815539,0.103375512641469,0.0127134527531425,0.0654991181999735,0.0149187356467015,32041,24.0502908613248,3325,"Setophaga caerulescens","12-Jun-93",12,"Jun",93,"ca 9mi SW Davis on Red Run (10.5mi W Hwy 32 on Forest Service Road 13), Monongahela Nat'l Forest; 1000m","Tucker","WV","GRG","JPD","T-1045","M","SY","6.5x5, 5x4.5",9.3,"partial",60.4,53.3,2.9,3.9,10.5,7,NA,NA,"green",12.3,10.4,2,2,2,2,NA,"bill black; mouth lining black; legs: munsell 2.5Y 4/4 (olive brown); stomach saved","","WV.Tucker","Central",39.03255,-79.41061,17.95
"608568","dorsal","m","2",0.0714680119913531,0.0147444227802183,0.0630242848101691,0.0114714918975979,0.0733454844717516,0.0172602865494528,0.0906660840968334,0.0211405509544131,0.11255819827404,0.0145196478101076,0.0714680119913531,0.0147444227802183,32400,24.3197598048414,3325,"Setophaga caerulescens","12-Jun-93",12,"Jun",93,"ca 9mi SW Davis on Red Run (10.5mi W Hwy 32 on Forest Service Road 13), Monongahela Nat'l Forest; 1000m","Tucker","WV","GRG","JPD","T-1045","M","SY","6.5x5, 5x4.5",9.3,"partial",60.4,53.3,2.9,3.9,10.5,7,NA,NA,"green",12.3,10.4,2,2,2,2,NA,"bill black; mouth lining black; legs: munsell 2.5Y 4/4 (olive brown); stomach saved","","WV.Tucker","Central",39.03255,-79.41061,17.95
"608568","crown","c","1",0.071889190340172,0.0280258124872092,0.0574046796025004,0.0231566713376908,0.0755129678169223,0.029773031165656,0.0926964029400611,0.0349982731888647,0.16045851123913,0.0545446869242652,0.071889190340172,0.0280258124872092,99945,75.0197035091011,3325,"Setophaga caerulescens","12-Jun-93",12,"Jun",93,"ca 9mi SW Davis on Red Run (10.5mi W Hwy 32 on Forest Service Road 13), Monongahela Nat'l Forest; 1000m","Tucker","WV","GRG","JPD","T-1045","M","SY","6.5x5, 5x4.5",9.3,"partial",60.4,53.3,2.9,3.9,10.5,7,NA,NA,"green",12.3,10.4,2,2,2,2,NA,"bill black; mouth lining black; legs: munsell 2.5Y 4/4 (olive brown); stomach saved","","WV.Tucker","Central",39.03255,-79.41061,17.95
"608568","side","o","1",0.0780551578331404,0.0112687731632233,0.0796000944728523,0.0126940535516915,0.0792515001674383,0.0137385291359577,0.0824685820365034,0.0140998712059564,0.0968558300450631,0.00879934308759869,0.0780551578331404,0.0112687731632233,7935,5.95608932257459,3325,"Setophaga caerulescens","12-Jun-93",12,"Jun",93,"ca 9mi SW Davis on Red Run (10.5mi W Hwy 32 on Forest Service Road 13), Monongahela Nat'l Forest; 1000m","Tucker","WV","GRG","JPD","T-1045","M","SY","6.5x5, 5x4.5",9.3,"partial",60.4,53.3,2.9,3.9,10.5,7,NA,NA,"green",12.3,10.4,2,2,2,2,NA,"bill black; mouth lining black; legs: munsell 2.5Y 4/4 (olive brown); stomach saved","","WV.Tucker","Central",39.03255,-79.41061,17.95
"608568","ventral","t","1",0.0456507070521831,0.00698188835175747,0.0403357313749338,0.00802534912770333,0.0474704536382142,0.00844760902014931,0.0608390325727746,0.0102349771327511,0.0621427896076471,0.00614258342271705,0.0456507070521831,0.00698188835175747,113454,85.1596922499531,3325,"Setophaga caerulescens","12-Jun-93",12,"Jun",93,"ca 9mi SW Davis on Red Run (10.5mi W Hwy 32 on Forest Service Road 13), Monongahela Nat'l Forest; 1000m","Tucker","WV","GRG","JPD","T-1045","M","SY","6.5x5, 5x4.5",9.3,"partial",60.4,53.3,2.9,3.9,10.5,7,NA,NA,"green",12.3,10.4,2,2,2,2,NA,"bill black; mouth lining black; legs: munsell 2.5Y 4/4 (olive brown); stomach saved","","WV.Tucker","Central",39.03255,-79.41061,17.95
"608568","dorsal","m","3",0.0708828415504393,0.0153755569095926,0.0638250908121995,0.0122235439357703,0.0726036322135815,0.0175870910625517,0.0883804600189649,0.0218236332171338,0.110699427018297,0.0113189283587174,0.0708828415504393,0.0153755569095926,33489,25.1371739538375,3325,"Setophaga caerulescens","12-Jun-93",12,"Jun",93,"ca 9mi SW Davis on Red Run (10.5mi W Hwy 32 on Forest Service Road 13), Monongahela Nat'l Forest; 1000m","Tucker","WV","GRG","JPD","T-1045","M","SY","6.5x5, 5x4.5",9.3,"partial",60.4,53.3,2.9,3.9,10.5,7,NA,NA,"green",12.3,10.4,2,2,2,2,NA,"bill black; mouth lining black; legs: munsell 2.5Y 4/4 (olive brown); stomach saved","","WV.Tucker","Central",39.03255,-79.41061,17.95
"608568","side","w","1",0.302685832157765,0.0883702409495969,0.305910102527084,0.0908643691385583,0.305451437189475,0.0912189580332626,0.274284623841366,0.0766615319384346,0.327964025384761,0.0755439536880815,0.302685832157765,0.0883702409495969,42721,32.0668042784763,3325,"Setophaga caerulescens","12-Jun-93",12,"Jun",93,"ca 9mi SW Davis on Red Run (10.5mi W Hwy 32 on Forest Service Road 13), Monongahela Nat'l Forest; 1000m","Tucker","WV","GRG","JPD","T-1045","M","SY","6.5x5, 5x4.5",9.3,"partial",60.4,53.3,2.9,3.9,10.5,7,NA,NA,"green",12.3,10.4,2,2,2,2,NA,"bill black; mouth lining black; legs: munsell 2.5Y 4/4 (olive brown); stomach saved","","WV.Tucker","Central",39.03255,-79.41061,17.95
"608573","side","o","1",0.0640930683137071,0.0115098171939936,0.0609891373142326,0.0135690793787769,0.0656921370853562,0.0120799593152783,0.0755673221211822,0.00985690714813823,0.0891947696636048,0.00878202940638647,0.0640930683137071,0.0115098171939936,6207,4.65903546631638,3330,"Setophaga caerulescens","13-Jun-93",13,"Jun",93,"ca 9mi SW Davis on Red Run (10.5mi W Hwy 32 on Forest Service Road 13), Monongahela Nat'l Forest; 1000m","Tucker","WV","GRG","JPD","T-1050","M","ASY","7.5x5.5, 6.5x5.5",NA,"partial",63.7,53.6,2.6,3.5,9.4,6.6,NA,NA,"blue",11.7,11.8,2,2,2,2,NA,"bill black; mouth lining black; legs: munsell 2.5Y 3/2 (very dark grayish brown); no molt; stomach saved","","WV.Tucker","Central",39.03255,-79.41061,19.16
"608573","crown","c","1",0.0728691918924491,0.0203781753604811,0.060043815099599,0.0209787344448228,0.0766856558097811,0.0211074339140912,0.0912657793456927,0.0224664988968824,0.140759018445936,0.0481938524456586,0.0728691918924491,0.0203781753604811,105168,78.940138862826,3330,"Setophaga caerulescens","13-Jun-93",13,"Jun",93,"ca 9mi SW Davis on Red Run (10.5mi W Hwy 32 on Forest Service Road 13), Monongahela Nat'l Forest; 1000m","Tucker","WV","GRG","JPD","T-1050","M","ASY","7.5x5.5, 6.5x5.5",NA,"partial",63.7,53.6,2.6,3.5,9.4,6.6,NA,NA,"blue",11.7,11.8,2,2,2,2,NA,"bill black; mouth lining black; legs: munsell 2.5Y 3/2 (very dark grayish brown); no molt; stomach saved","","WV.Tucker","Central",39.03255,-79.41061,19.16
"608573","ventral","t","1",0.0449504707258714,0.00838390189415242,0.0399718954893524,0.00938670176244046,0.0466269176954027,0.00937608017490789,0.0601769407343759,0.0102376126533935,0.0631312642590815,0.00949335757441675,0.0449504707258714,0.00838390189415242,148082,111.151810846313,3330,"Setophaga caerulescens","13-Jun-93",13,"Jun",93,"ca 9mi SW Davis on Red Run (10.5mi W Hwy 32 on Forest Service Road 13), Monongahela Nat'l Forest; 1000m","Tucker","WV","GRG","JPD","T-1050","M","ASY","7.5x5.5, 6.5x5.5",NA,"partial",63.7,53.6,2.6,3.5,9.4,6.6,NA,NA,"blue",11.7,11.8,2,2,2,2,NA,"bill black; mouth lining black; legs: munsell 2.5Y 3/2 (very dark grayish brown); no molt; stomach saved","","WV.Tucker","Central",39.03255,-79.41061,19.16
"608573","dorsal","m","3",0.0756323062800867,0.0208139746896338,0.0674638041713729,0.0196406738391245,0.0775171480399287,0.0237325147155053,0.093856059171936,0.0210139305084383,0.120505389408946,0.0227899238385744,0.0756323062800867,0.0208139746896338,32041,24.0502908613248,3330,"Setophaga caerulescens","13-Jun-93",13,"Jun",93,"ca 9mi SW Davis on Red Run (10.5mi W Hwy 32 on Forest Service Road 13), Monongahela Nat'l Forest; 1000m","Tucker","WV","GRG","JPD","T-1050","M","ASY","7.5x5.5, 6.5x5.5",NA,"partial",63.7,53.6,2.6,3.5,9.4,6.6,NA,NA,"blue",11.7,11.8,2,2,2,2,NA,"bill black; mouth lining black; legs: munsell 2.5Y 3/2 (very dark grayish brown); no molt; stomach saved","","WV.Tucker","Central",39.03255,-79.41061,19.16
"608573","dorsal","m","2",0.070555809651729,0.020156944153365,0.0623116237248412,0.0198558920773988,0.0725046919433369,0.0230835962896331,0.0891251744059414,0.0197689152320292,0.111206930050114,0.0195678121426384,0.070555809651729,0.020156944153365,33489,25.1371739538375,3330,"Setophaga caerulescens","13-Jun-93",13,"Jun",93,"ca 9mi SW Davis on Red Run (10.5mi W Hwy 32 on Forest Service Road 13), Monongahela Nat'l Forest; 1000m","Tucker","WV","GRG","JPD","T-1050","M","ASY","7.5x5.5, 6.5x5.5",NA,"partial",63.7,53.6,2.6,3.5,9.4,6.6,NA,NA,"blue",11.7,11.8,2,2,2,2,NA,"bill black; mouth lining black; legs: munsell 2.5Y 3/2 (very dark grayish brown); no molt; stomach saved","","WV.Tucker","Central",39.03255,-79.41061,19.16
"608573","side","w","1",0.407953311916946,0.133184478607637,0.422323215640235,0.139534844521928,0.412132762382192,0.135413917912622,0.344948820920461,0.102361342913875,0.3792317931268,0.0905597152343855,0.407953311916946,0.133184478607637,46128,34.6241321073372,3330,"Setophaga caerulescens","13-Jun-93",13,"Jun",93,"ca 9mi SW Davis on Red Run (10.5mi W Hwy 32 on Forest Service Road 13), Monongahela Nat'l Forest; 1000m","Tucker","WV","GRG","JPD","T-1050","M","ASY","7.5x5.5, 6.5x5.5",NA,"partial",63.7,53.6,2.6,3.5,9.4,6.6,NA,NA,"blue",11.7,11.8,2,2,2,2,NA,"bill black; mouth lining black; legs: munsell 2.5Y 3/2 (very dark grayish brown); no molt; stomach saved","","WV.Tucker","Central",39.03255,-79.41061,19.16
"608573","dorsal","m","1",0.0656831939197498,0.0205351353143557,0.0571896539955888,0.018272425269175,0.0675627088199503,0.0234153252018842,0.0852321308127235,0.0210526895386265,0.102707838032504,0.0221303051782982,0.0656831939197498,0.0205351353143557,32041,24.0502908613248,3330,"Setophaga caerulescens","13-Jun-93",13,"Jun",93,"ca 9mi SW Davis on Red Run (10.5mi W Hwy 32 on Forest Service Road 13), Monongahela Nat'l Forest; 1000m","Tucker","WV","GRG","JPD","T-1050","M","ASY","7.5x5.5, 6.5x5.5",NA,"partial",63.7,53.6,2.6,3.5,9.4,6.6,NA,NA,"blue",11.7,11.8,2,2,2,2,NA,"bill black; mouth lining black; legs: munsell 2.5Y 3/2 (very dark grayish brown); no molt; stomach saved","","WV.Tucker","Central",39.03255,-79.41061,19.16
"608575","dorsal","m","2",0.0644254343975337,0.013926703511444,0.0609895865390193,0.0135171429442685,0.0658382464417241,0.0156385821538622,0.0769958025846046,0.0169506033582542,0.0961666022189369,0.0160442989653599,0.0644254343975337,0.013926703511444,32040,24.0495402514543,3332,"Setophaga caerulescens","13-Jun-93",13,"Jun",93,"ca 9mi SW Davis on Red Run (10.5mi W Hwy 32 on Forest Service Road 13), Monongahela Nat'l Forest; 1000m","Tucker","WV","GRG","JPD","T-1052","M","ASY","7x5, 6x5",9.4,"partial",64.3,53.8,3.1,3.8,10.6,7,NA,NA,"blue",17.8,20,2,2,2,2,NA,"bill black; mouth lining dark ivory edged with black; legs Munsell 2.5Y 3/2 (very dark grayish brown); very light fat; no molt; stomach saved","","WV.Tucker","Central",39.06175,-79.51135,19.21
"608575","dorsal","m","3",0.0597081585038321,0.0149308625627306,0.0539543484106234,0.0123834661246054,0.0612620844332755,0.0171501307434597,0.0760177436016602,0.020358979943779,0.0911366150566776,0.0173485294083443,0.0597081585038321,0.0149308625627306,34595,25.9673484706324,3332,"Setophaga caerulescens","13-Jun-93",13,"Jun",93,"ca 9mi SW Davis on Red Run (10.5mi W Hwy 32 on Forest Service Road 13), Monongahela Nat'l Forest; 1000m","Tucker","WV","GRG","JPD","T-1052","M","ASY","7x5, 6x5",9.4,"partial",64.3,53.8,3.1,3.8,10.6,7,NA,NA,"blue",17.8,20,2,2,2,2,NA,"bill black; mouth lining dark ivory edged with black; legs Munsell 2.5Y 3/2 (very dark grayish brown); very light fat; no molt; stomach saved","","WV.Tucker","Central",39.06175,-79.51135,19.21
"608575","ventral","t","1",0.0419363848756427,0.00689954536655769,0.0373823683209493,0.00785581867464481,0.0432518015141325,0.00815351680326584,0.0575768179269503,0.0103773735755231,0.0570559154226817,0.00767112950174576,0.0419363848756427,0.00689954536655769,184211,138.270594858322,3332,"Setophaga caerulescens","13-Jun-93",13,"Jun",93,"ca 9mi SW Davis on Red Run (10.5mi W Hwy 32 on Forest Service Road 13), Monongahela Nat'l Forest; 1000m","Tucker","WV","GRG","JPD","T-1052","M","ASY","7x5, 6x5",9.4,"partial",64.3,53.8,3.1,3.8,10.6,7,NA,NA,"blue",17.8,20,2,2,2,2,NA,"bill black; mouth lining dark ivory edged with black; legs Munsell 2.5Y 3/2 (very dark grayish brown); very light fat; no molt; stomach saved","","WV.Tucker","Central",39.06175,-79.51135,19.21
"608575","side","w","1",0.485585666253577,0.128532655882304,0.489098894063857,0.134621776570111,0.486222909882215,0.130699740267425,0.429073212173354,0.101320230100624,0.51202745280559,0.104727348936919,0.485585666253577,0.128532655882304,70127,52.6380183899418,3332,"Setophaga caerulescens","13-Jun-93",13,"Jun",93,"ca 9mi SW Davis on Red Run (10.5mi W Hwy 32 on Forest Service Road 13), Monongahela Nat'l Forest; 1000m","Tucker","WV","GRG","JPD","T-1052","M","ASY","7x5, 6x5",9.4,"partial",64.3,53.8,3.1,3.8,10.6,7,NA,NA,"blue",17.8,20,2,2,2,2,NA,"bill black; mouth lining dark ivory edged with black; legs Munsell 2.5Y 3/2 (very dark grayish brown); very light fat; no molt; stomach saved","","WV.Tucker","Central",39.06175,-79.51135,19.21
"608575","crown","c","1",0.0695776318324092,0.0280782130876817,0.0551051612290576,0.0240790823674459,0.0735850522365206,0.0310919511856483,0.0887767982379912,0.0347993681325663,0.151696872711364,0.0498815813442314,0.0695776318324092,0.0280782130876817,110157,82.6849315068493,3332,"Setophaga caerulescens","13-Jun-93",13,"Jun",93,"ca 9mi SW Davis on Red Run (10.5mi W Hwy 32 on Forest Service Road 13), Monongahela Nat'l Forest; 1000m","Tucker","WV","GRG","JPD","T-1052","M","ASY","7x5, 6x5",9.4,"partial",64.3,53.8,3.1,3.8,10.6,7,NA,NA,"blue",17.8,20,2,2,2,2,NA,"bill black; mouth lining dark ivory edged with black; legs Munsell 2.5Y 3/2 (very dark grayish brown); very light fat; no molt; stomach saved","","WV.Tucker","Central",39.06175,-79.51135,19.21
"608575","dorsal","m","1",0.0580955319126495,0.0139966557101382,0.0527037625399457,0.012055936121612,0.0596164285644966,0.0161219557739882,0.0740283065214897,0.0180325400183785,0.0892169267639726,0.0168250382033781,0.0580955319126495,0.0139966557101382,33488,25.136423343967,3332,"Setophaga caerulescens","13-Jun-93",13,"Jun",93,"ca 9mi SW Davis on Red Run (10.5mi W Hwy 32 on Forest Service Road 13), Monongahela Nat'l Forest; 1000m","Tucker","WV","GRG","JPD","T-1052","M","ASY","7x5, 6x5",9.4,"partial",64.3,53.8,3.1,3.8,10.6,7,NA,NA,"blue",17.8,20,2,2,2,2,NA,"bill black; mouth lining dark ivory edged with black; legs Munsell 2.5Y 3/2 (very dark grayish brown); very light fat; no molt; stomach saved","","WV.Tucker","Central",39.06175,-79.51135,19.21
"608575","side","o","1",0.0735786764241132,0.0236981064549158,0.0728645510859764,0.0269084382677537,0.0743614945187221,0.0241491757362603,0.0826841826272766,0.0181842252407055,0.0888613248184887,0.0112514128856263,0.0735786764241132,0.0236981064549158,3586,2.69168699568399,3332,"Setophaga caerulescens","13-Jun-93",13,"Jun",93,"ca 9mi SW Davis on Red Run (10.5mi W Hwy 32 on Forest Service Road 13), Monongahela Nat'l Forest; 1000m","Tucker","WV","GRG","JPD","T-1052","M","ASY","7x5, 6x5",9.4,"partial",64.3,53.8,3.1,3.8,10.6,7,NA,NA,"blue",17.8,20,2,2,2,2,NA,"bill black; mouth lining dark ivory edged with black; legs Munsell 2.5Y 3/2 (very dark grayish brown); very light fat; no molt; stomach saved","","WV.Tucker","Central",39.06175,-79.51135,19.21
"608576","dorsal","m","3",0.0642015851135872,0.0111743622239725,0.0595508797391142,0.0105676316483749,0.0654666420002755,0.0129497230084984,0.0798722607099576,0.0164754256373587,0.105657874020679,0.0108515682382503,0.0642015851135872,0.0111743622239725,31329,23.5158566335147,3333,"Setophaga caerulescens","13-Jun-93",13,"Jun",93,"ca 9mi SW Davis on Red Run (10mi W Hwy 32 on Forest Service Road 13), Monongahela Nat'l Forest; 990m","Tucker","WV","GRG","JPD","T-1053","M","ASY","6.5x5, 6x5",8.7,"partial",63.6,54.4,2.9,4.1,10,6.7,NA,NA,"blue",14.8,17.8,2,2,2,2,NA,"bill black; mouth lining center horn, edge black; legs: munsell 5Y 3/2 (dark olive gray); no fat; no molt; stomach saved","","WV.Tucker","Central",39.06243,-79.53341,18.84
"608576","dorsal","m","2",0.0681878349161988,0.0165236912636565,0.0649349511060304,0.0171157571754892,0.0692325414185288,0.0178940723093819,0.0819958749083462,0.018327653220177,0.110833729240214,0.0176503056685789,0.0681878349161988,0.0165236912636565,32761,24.5907299680991,3333,"Setophaga caerulescens","13-Jun-93",13,"Jun",93,"ca 9mi SW Davis on Red Run (10mi W Hwy 32 on Forest Service Road 13), Monongahela Nat'l Forest; 990m","Tucker","WV","GRG","JPD","T-1053","M","ASY","6.5x5, 6x5",8.7,"partial",63.6,54.4,2.9,4.1,10,6.7,NA,NA,"blue",14.8,17.8,2,2,2,2,NA,"bill black; mouth lining center horn, edge black; legs: munsell 5Y 3/2 (dark olive gray); no fat; no molt; stomach saved","","WV.Tucker","Central",39.06243,-79.53341,18.84
"608576","dorsal","m","1",0.0704892103703284,0.011254368204456,0.0666712070004,0.0121638662243376,0.0717520270719702,0.0128871499126762,0.0841179171633849,0.0150980445253695,0.116518183863198,0.013208608115113,0.0704892103703284,0.011254368204456,32761,24.5907299680991,3333,"Setophaga caerulescens","13-Jun-93",13,"Jun",93,"ca 9mi SW Davis on Red Run (10mi W Hwy 32 on Forest Service Road 13), Monongahela Nat'l Forest; 990m","Tucker","WV","GRG","JPD","T-1053","M","ASY","6.5x5, 6x5",8.7,"partial",63.6,54.4,2.9,4.1,10,6.7,NA,NA,"blue",14.8,17.8,2,2,2,2,NA,"bill black; mouth lining center horn, edge black; legs: munsell 5Y 3/2 (dark olive gray); no fat; no molt; stomach saved","","WV.Tucker","Central",39.06243,-79.53341,18.84
"608576","crown","c","1",0.0679515540857797,0.0264703302843336,0.055803401070979,0.0223334902316099,0.0716510499378928,0.0285928377301346,0.0850453261336563,0.0297362121659254,0.139988347417174,0.0481118055010468,0.0679515540857797,0.0264703302843336,118604,89.02533308313,3333,"Setophaga caerulescens","13-Jun-93",13,"Jun",93,"ca 9mi SW Davis on Red Run (10mi W Hwy 32 on Forest Service Road 13), Monongahela Nat'l Forest; 990m","Tucker","WV","GRG","JPD","T-1053","M","ASY","6.5x5, 6x5",8.7,"partial",63.6,54.4,2.9,4.1,10,6.7,NA,NA,"blue",14.8,17.8,2,2,2,2,NA,"bill black; mouth lining center horn, edge black; legs: munsell 5Y 3/2 (dark olive gray); no fat; no molt; stomach saved","","WV.Tucker","Central",39.06243,-79.53341,18.84
"608576","side","o","1",0.066642992266215,0.0114047631607468,0.0637181223501961,0.0134770063295365,0.0679719180091407,0.0121077769142419,0.0786808033529081,0.0097265328072723,0.0927225249074294,0.0103554164508281,0.066642992266215,0.0114047631607468,4987,3.74329142428223,3333,"Setophaga caerulescens","13-Jun-93",13,"Jun",93,"ca 9mi SW Davis on Red Run (10mi W Hwy 32 on Forest Service Road 13), Monongahela Nat'l Forest; 990m","Tucker","WV","GRG","JPD","T-1053","M","ASY","6.5x5, 6x5",8.7,"partial",63.6,54.4,2.9,4.1,10,6.7,NA,NA,"blue",14.8,17.8,2,2,2,2,NA,"bill black; mouth lining center horn, edge black; legs: munsell 5Y 3/2 (dark olive gray); no fat; no molt; stomach saved","","WV.Tucker","Central",39.06243,-79.53341,18.84
"608576","ventral","t","1",0.0467463157937802,0.0116928509095742,0.0422515208587077,0.0143697947689721,0.0482869137472973,0.012636203400619,0.0614559358889046,0.0111006849011408,0.0602756442475507,0.00823229860407096,0.0467463157937802,0.0116928509095742,126611,95.035466316382,3333,"Setophaga caerulescens","13-Jun-93",13,"Jun",93,"ca 9mi SW Davis on Red Run (10mi W Hwy 32 on Forest Service Road 13), Monongahela Nat'l Forest; 990m","Tucker","WV","GRG","JPD","T-1053","M","ASY","6.5x5, 6x5",8.7,"partial",63.6,54.4,2.9,4.1,10,6.7,NA,NA,"blue",14.8,17.8,2,2,2,2,NA,"bill black; mouth lining center horn, edge black; legs: munsell 5Y 3/2 (dark olive gray); no fat; no molt; stomach saved","","WV.Tucker","Central",39.06243,-79.53341,18.84
"608576","side","w","1",0.485864820608814,0.115108442045958,0.492637196993385,0.122266277718679,0.489084573822734,0.118473038318681,0.418223888501555,0.0859020808542634,0.497595809251379,0.102238068897819,0.485864820608814,0.115108442045958,66906,50.2203039969976,3333,"Setophaga caerulescens","13-Jun-93",13,"Jun",93,"ca 9mi SW Davis on Red Run (10mi W Hwy 32 on Forest Service Road 13), Monongahela Nat'l Forest; 990m","Tucker","WV","GRG","JPD","T-1053","M","ASY","6.5x5, 6x5",8.7,"partial",63.6,54.4,2.9,4.1,10,6.7,NA,NA,"blue",14.8,17.8,2,2,2,2,NA,"bill black; mouth lining center horn, edge black; legs: munsell 5Y 3/2 (dark olive gray); no fat; no molt; stomach saved","","WV.Tucker","Central",39.06243,-79.53341,18.84
"608578","crown","c","1",0.0627170759465028,0.0193078836857802,0.051360570735579,0.0152888512191317,0.0664016926504831,0.0213015641640626,0.0788039207908472,0.0251539265997982,0.127492873058425,0.0302638484775276,0.0627170759465028,0.0193078836857802,123647,92.8106586601614,3335,"Setophaga caerulescens","13-Jun-93",13,"Jun",93,"ca 9mi SW Davis on Red Run (10mi W Hwy 32 on Forest Service Road 13), Monongahela Nat'l Forest; 990m","Tucker","WV","GRG","JPD","T-1055","M","SY","6.5x5.5, 6.5x5",9.6,"partial",59.4,51.9,3.1,4.1,10.7,6.9,NA,NA,"green",8.6,11.8,2,2,2,2,NA,"bill black; mouth lining dark gray; legs: munsell 5Y 2.5/2 (black); light fat; no molt; stomach saved","","WV.Tucker","Central",39.06243,-79.53341,19.03
"608578","dorsal","m","3",0.0746692507683835,0.0213952174831349,0.0661927842592412,0.0201632006986655,0.0766191015936259,0.0244145497666535,0.0932138713748705,0.0206942487064225,0.113331029242165,0.0160374849468263,0.0746692507683835,0.0213952174831349,34781,26.1069619065491,3335,"Setophaga caerulescens","13-Jun-93",13,"Jun",93,"ca 9mi SW Davis on Red Run (10mi W Hwy 32 on Forest Service Road 13), Monongahela Nat'l Forest; 990m","Tucker","WV","GRG","JPD","T-1055","M","SY","6.5x5.5, 6.5x5",9.6,"partial",59.4,51.9,3.1,4.1,10.7,6.9,NA,NA,"green",8.6,11.8,2,2,2,2,NA,"bill black; mouth lining dark gray; legs: munsell 5Y 2.5/2 (black); light fat; no molt; stomach saved","","WV.Tucker","Central",39.06243,-79.53341,19.03
"608578","side","w","1",0.356069626358758,0.09497342179179,0.358792609029039,0.100401398706417,0.357639564573257,0.0964080302318422,0.323558049807969,0.0758456076999196,0.369388637532909,0.121831164732692,0.356069626358758,0.09497342179179,30875,23.1750797522987,3335,"Setophaga caerulescens","13-Jun-93",13,"Jun",93,"ca 9mi SW Davis on Red Run (10mi W Hwy 32 on Forest Service Road 13), Monongahela Nat'l Forest; 990m","Tucker","WV","GRG","JPD","T-1055","M","SY","6.5x5.5, 6.5x5",9.6,"partial",59.4,51.9,3.1,4.1,10.7,6.9,NA,NA,"green",8.6,11.8,2,2,2,2,NA,"bill black; mouth lining dark gray; legs: munsell 5Y 2.5/2 (black); light fat; no molt; stomach saved","","WV.Tucker","Central",39.06243,-79.53341,19.03
"608578","dorsal","m","2",0.0710858032568028,0.0194796117404939,0.0630968031885267,0.0181880071362697,0.072830385719979,0.0223216426232524,0.089689782010068,0.0193290054521334,0.106665776604294,0.0148685131595908,0.0710858032568028,0.0194796117404939,34969,26.2480765622068,3335,"Setophaga caerulescens","13-Jun-93",13,"Jun",93,"ca 9mi SW Davis on Red Run (10mi W Hwy 32 on Forest Service Road 13), Monongahela Nat'l Forest; 990m","Tucker","WV","GRG","JPD","T-1055","M","SY","6.5x5.5, 6.5x5",9.6,"partial",59.4,51.9,3.1,4.1,10.7,6.9,NA,NA,"green",8.6,11.8,2,2,2,2,NA,"bill black; mouth lining dark gray; legs: munsell 5Y 2.5/2 (black); light fat; no molt; stomach saved","","WV.Tucker","Central",39.06243,-79.53341,19.03
"608578","side","o","1",0.0912947942139422,0.0256041789817217,0.0925487048922361,0.0283996099117524,0.0929421340356887,0.0263545479765054,0.0934873546725704,0.0207459027156438,0.11625947544458,0.0283061533023955,0.0912947942139422,0.0256041789817217,3552,2.66616626008632,3335,"Setophaga caerulescens","13-Jun-93",13,"Jun",93,"ca 9mi SW Davis on Red Run (10mi W Hwy 32 on Forest Service Road 13), Monongahela Nat'l Forest; 990m","Tucker","WV","GRG","JPD","T-1055","M","SY","6.5x5.5, 6.5x5",9.6,"partial",59.4,51.9,3.1,4.1,10.7,6.9,NA,NA,"green",8.6,11.8,2,2,2,2,NA,"bill black; mouth lining dark gray; legs: munsell 5Y 2.5/2 (black); light fat; no molt; stomach saved","","WV.Tucker","Central",39.06243,-79.53341,19.03
"608578","ventral","t","1",0.0420512958522744,0.00779627341441081,0.0368830466874326,0.00896179584199102,0.0433643192020239,0.00894275608406381,0.0589407852677795,0.0110924771499063,0.0598495063872619,0.00878847689368137,0.0420512958522744,0.00779627341441081,157518,118.234565584537,3335,"Setophaga caerulescens","13-Jun-93",13,"Jun",93,"ca 9mi SW Davis on Red Run (10mi W Hwy 32 on Forest Service Road 13), Monongahela Nat'l Forest; 990m","Tucker","WV","GRG","JPD","T-1055","M","SY","6.5x5.5, 6.5x5",9.6,"partial",59.4,51.9,3.1,4.1,10.7,6.9,NA,NA,"green",8.6,11.8,2,2,2,2,NA,"bill black; mouth lining dark gray; legs: munsell 5Y 2.5/2 (black); light fat; no molt; stomach saved","","WV.Tucker","Central",39.06243,-79.53341,19.03
"608578","dorsal","m","1",0.0754867942710307,0.0181481403772487,0.0663436715986095,0.0172728800559463,0.077382086642436,0.0211236061387365,0.0953749077097484,0.0177116058595081,0.115286536145761,0.014524981927295,0.0754867942710307,0.0181481403772487,33122,24.8617001313567,3335,"Setophaga caerulescens","13-Jun-93",13,"Jun",93,"ca 9mi SW Davis on Red Run (10mi W Hwy 32 on Forest Service Road 13), Monongahela Nat'l Forest; 990m","Tucker","WV","GRG","JPD","T-1055","M","SY","6.5x5.5, 6.5x5",9.6,"partial",59.4,51.9,3.1,4.1,10.7,6.9,NA,NA,"green",8.6,11.8,2,2,2,2,NA,"bill black; mouth lining dark gray; legs: munsell 5Y 2.5/2 (black); light fat; no molt; stomach saved","","WV.Tucker","Central",39.06243,-79.53341,19.03
"608580","dorsal","m","2",0.0681184844206116,0.00881522266710936,0.0629362292616485,0.00868788440717928,0.0699043153460975,0.0103192531813748,0.0821474195585464,0.0130790360853798,0.10622003968765,0.0114339557423927,0.0681184844206116,0.00881522266710936,31862,23.9159316945018,3337,"Setophaga caerulescens","13-Jun-93",13,"Jun",93,"ca 9mi SW Davis on Red Run (10mi W Hwy 32 on Forest Service Road 13), Monongahela Nat'l Forest; 990m","Tucker","WV","GRG","JPD","T-1057","M","SY","NA, 6x5",9.8,"partial",64.1,53.4,3.1,4.3,10,6.8,NA,NA,"green",13,12.6,2,2,2,2,NA,"bill black; mouth lining ivory gray; legs Munsell 5Y 3/2 (dark olive gray); light fat; no molt; stomach saved; L testis shot away","","WV.Tucker","Central",39.06175,-79.51135,19.28
"608580","side","o","1",0.0736400889772877,0.0105364061997738,0.0747154749866507,0.0120897590534927,0.0751732389141286,0.0115732464733305,0.0777028123346211,0.010444555435094,0.092398649228902,0.00841161365729545,0.0736400889772877,0.0105364061997738,4332,3.25164195909176,3337,"Setophaga caerulescens","13-Jun-93",13,"Jun",93,"ca 9mi SW Davis on Red Run (10mi W Hwy 32 on Forest Service Road 13), Monongahela Nat'l Forest; 990m","Tucker","WV","GRG","JPD","T-1057","M","SY","NA, 6x5",9.8,"partial",64.1,53.4,3.1,4.3,10,6.8,NA,NA,"green",13,12.6,2,2,2,2,NA,"bill black; mouth lining ivory gray; legs Munsell 5Y 3/2 (dark olive gray); light fat; no molt; stomach saved; L testis shot away","","WV.Tucker","Central",39.06175,-79.51135,19.28
"608580","dorsal","m","3",0.0585378179901581,0.00923151345089678,0.0544556269658168,0.0092554324189747,0.0599812339375535,0.0103808808073642,0.0723510294054045,0.0128662375993629,0.0892416473536816,0.0130467899478324,0.0585378179901581,0.00923151345089678,33306,24.9998123475324,3337,"Setophaga caerulescens","13-Jun-93",13,"Jun",93,"ca 9mi SW Davis on Red Run (10mi W Hwy 32 on Forest Service Road 13), Monongahela Nat'l Forest; 990m","Tucker","WV","GRG","JPD","T-1057","M","SY","NA, 6x5",9.8,"partial",64.1,53.4,3.1,4.3,10,6.8,NA,NA,"green",13,12.6,2,2,2,2,NA,"bill black; mouth lining ivory gray; legs Munsell 5Y 3/2 (dark olive gray); light fat; no molt; stomach saved; L testis shot away","","WV.Tucker","Central",39.06175,-79.51135,19.28
"608580","crown","c","1",0.0720259236334714,0.0304371472545937,0.0593851701667812,0.0275418793873401,0.0761512911761942,0.0337923748369748,0.0878229628746792,0.0316565073167445,0.135021226192386,0.0398163045691593,0.0720259236334714,0.0304371472545937,62690,47.0557327828861,3337,"Setophaga caerulescens","13-Jun-93",13,"Jun",93,"ca 9mi SW Davis on Red Run (10mi W Hwy 32 on Forest Service Road 13), Monongahela Nat'l Forest; 990m","Tucker","WV","GRG","JPD","T-1057","M","SY","NA, 6x5",9.8,"partial",64.1,53.4,3.1,4.3,10,6.8,NA,NA,"green",13,12.6,2,2,2,2,NA,"bill black; mouth lining ivory gray; legs Munsell 5Y 3/2 (dark olive gray); light fat; no molt; stomach saved; L testis shot away","","WV.Tucker","Central",39.06175,-79.51135,19.28
"608580","dorsal","m","1",0.0624230135133348,0.0112365189031542,0.0574114610147134,0.0105990676472587,0.0641290447934756,0.0123765929253815,0.0769268430276048,0.0148451980545967,0.0964939063672563,0.0161780185560017,0.0624230135133348,0.0112365189031542,32942,24.7265903546632,3337,"Setophaga caerulescens","13-Jun-93",13,"Jun",93,"ca 9mi SW Davis on Red Run (10mi W Hwy 32 on Forest Service Road 13), Monongahela Nat'l Forest; 990m","Tucker","WV","GRG","JPD","T-1057","M","SY","NA, 6x5",9.8,"partial",64.1,53.4,3.1,4.3,10,6.8,NA,NA,"green",13,12.6,2,2,2,2,NA,"bill black; mouth lining ivory gray; legs Munsell 5Y 3/2 (dark olive gray); light fat; no molt; stomach saved; L testis shot away","","WV.Tucker","Central",39.06175,-79.51135,19.28
"608580","ventral","t","1",0.0416818245009575,0.00898230856701302,0.0372454203797907,0.0104871707657569,0.0435458128896742,0.00988244869740588,0.0549288417769693,0.00991275915458772,0.0549278628803132,0.00729010523930736,0.0416818245009575,0.00898230856701302,133694,100.352036029274,3337,"Setophaga caerulescens","13-Jun-93",13,"Jun",93,"ca 9mi SW Davis on Red Run (10mi W Hwy 32 on Forest Service Road 13), Monongahela Nat'l Forest; 990m","Tucker","WV","GRG","JPD","T-1057","M","SY","NA, 6x5",9.8,"partial",64.1,53.4,3.1,4.3,10,6.8,NA,NA,"green",13,12.6,2,2,2,2,NA,"bill black; mouth lining ivory gray; legs Munsell 5Y 3/2 (dark olive gray); light fat; no molt; stomach saved; L testis shot away","","WV.Tucker","Central",39.06175,-79.51135,19.28
"608580","side","w","1",0.350819778666237,0.118210372472954,0.35858594158521,0.120372380440386,0.352790589595484,0.11930759517682,0.310445844584448,0.10074110308669,0.374397086438146,0.100828268639486,0.350819778666237,0.118210372472954,33728,25.3165697128917,3337,"Setophaga caerulescens","13-Jun-93",13,"Jun",93,"ca 9mi SW Davis on Red Run (10mi W Hwy 32 on Forest Service Road 13), Monongahela Nat'l Forest; 990m","Tucker","WV","GRG","JPD","T-1057","M","SY","NA, 6x5",9.8,"partial",64.1,53.4,3.1,4.3,10,6.8,NA,NA,"green",13,12.6,2,2,2,2,NA,"bill black; mouth lining ivory gray; legs Munsell 5Y 3/2 (dark olive gray); light fat; no molt; stomach saved; L testis shot away","","WV.Tucker","Central",39.06175,-79.51135,19.28
"608583","side","w","1",0.363240155910051,0.128275149047836,0.370774371688109,0.131466607154984,0.365543678242022,0.129517317501495,0.318870804114191,0.105257591849516,0.396624757351318,0.108776720233829,0.363240155910051,0.128275149047836,66389,49.8322386939388,3340,"Setophaga caerulescens","13-Jun-93",13,"Jun",93,"ca 9mi SW Davis on Red Run (10mi W Hwy 32 on Forest Service Road 13), Monongahela Nat'l Forest; 990m","Tucker","WV","GRG","JPD","T-1060","M","SY","6x5.5, NA",9.6,"partial",64.2,53.2,3,3.8,10.8,6.3,NA,NA,"green",14,13.9,2,2,2,2,NA,"bill black; mouth lining ivory; legs: munsell 2.5Y 3/2 (very dark grayish brown); light fat; no molt; stomach saved; R testis destroyed","","WV.Tucker","Central",39.06243,-79.53341,19.27
"608583","side","o","1",0.113733400894038,0.069945224311737,0.119330816415977,0.0751005615310198,0.115012857190207,0.0707859967177817,0.107696584294719,0.0531239408102034,0.117968792715175,0.0445359462356928,0.113733400894038,0.069945224311737,6864,5.15218615124789,3340,"Setophaga caerulescens","13-Jun-93",13,"Jun",93,"ca 9mi SW Davis on Red Run (10mi W Hwy 32 on Forest Service Road 13), Monongahela Nat'l Forest; 990m","Tucker","WV","GRG","JPD","T-1060","M","SY","6x5.5, NA",9.6,"partial",64.2,53.2,3,3.8,10.8,6.3,NA,NA,"green",14,13.9,2,2,2,2,NA,"bill black; mouth lining ivory; legs: munsell 2.5Y 3/2 (very dark grayish brown); light fat; no molt; stomach saved; R testis destroyed","","WV.Tucker","Central",39.06243,-79.53341,19.27
"608583","crown","c","1",0.0673032516981667,0.027452601142682,0.0533057500585201,0.0228897036847045,0.0708756213826958,0.029534918594949,0.0878805844123115,0.034081120060328,0.151250716895627,0.0504225416717649,0.0673032516981667,0.027452601142682,102557,76.9802964908989,3340,"Setophaga caerulescens","13-Jun-93",13,"Jun",93,"ca 9mi SW Davis on Red Run (10mi W Hwy 32 on Forest Service Road 13), Monongahela Nat'l Forest; 990m","Tucker","WV","GRG","JPD","T-1060","M","SY","6x5.5, NA",9.6,"partial",64.2,53.2,3,3.8,10.8,6.3,NA,NA,"green",14,13.9,2,2,2,2,NA,"bill black; mouth lining ivory; legs: munsell 2.5Y 3/2 (very dark grayish brown); light fat; no molt; stomach saved; R testis destroyed","","WV.Tucker","Central",39.06243,-79.53341,19.27
"608583","ventral","t","1",0.0470246537278742,0.00783782135984949,0.0417371022875965,0.00888304418091523,0.0485998840908083,0.00902465273300635,0.0626516274398813,0.0101642139583453,0.0638176401662406,0.00777630534061522,0.0470246537278742,0.00783782135984949,185745,139.4220303997,3340,"Setophaga caerulescens","13-Jun-93",13,"Jun",93,"ca 9mi SW Davis on Red Run (10mi W Hwy 32 on Forest Service Road 13), Monongahela Nat'l Forest; 990m","Tucker","WV","GRG","JPD","T-1060","M","SY","6x5.5, NA",9.6,"partial",64.2,53.2,3,3.8,10.8,6.3,NA,NA,"green",14,13.9,2,2,2,2,NA,"bill black; mouth lining ivory; legs: munsell 2.5Y 3/2 (very dark grayish brown); light fat; no molt; stomach saved; R testis destroyed","","WV.Tucker","Central",39.06243,-79.53341,19.27
"608583","dorsal","m","1",0.0717353752330346,0.00951082983767733,0.0665752752832527,0.00979798726750477,0.0732602501402273,0.0109543926758857,0.0860718157697433,0.0143602762788978,0.113026640211756,0.011449378157413,0.0717353752330346,0.00951082983767733,31684,23.7823231375493,3340,"Setophaga caerulescens","13-Jun-93",13,"Jun",93,"ca 9mi SW Davis on Red Run (10mi W Hwy 32 on Forest Service Road 13), Monongahela Nat'l Forest; 990m","Tucker","WV","GRG","JPD","T-1060","M","SY","6x5.5, NA",9.6,"partial",64.2,53.2,3,3.8,10.8,6.3,NA,NA,"green",14,13.9,2,2,2,2,NA,"bill black; mouth lining ivory; legs: munsell 2.5Y 3/2 (very dark grayish brown); light fat; no molt; stomach saved; R testis destroyed","","WV.Tucker","Central",39.06243,-79.53341,19.27
"608583","dorsal","m","2",0.0695596782798192,0.0104335340292285,0.0644759474231473,0.0101084415917738,0.0711245328898462,0.0120177794223557,0.0841342696540633,0.0155691406426781,0.105294440882597,0.0128273618694406,0.0695596782798192,0.0104335340292285,31506,23.6487145805967,3340,"Setophaga caerulescens","13-Jun-93",13,"Jun",93,"ca 9mi SW Davis on Red Run (10mi W Hwy 32 on Forest Service Road 13), Monongahela Nat'l Forest; 990m","Tucker","WV","GRG","JPD","T-1060","M","SY","6x5.5, NA",9.6,"partial",64.2,53.2,3,3.8,10.8,6.3,NA,NA,"green",14,13.9,2,2,2,2,NA,"bill black; mouth lining ivory; legs: munsell 2.5Y 3/2 (very dark grayish brown); light fat; no molt; stomach saved; R testis destroyed","","WV.Tucker","Central",39.06243,-79.53341,19.27
"608583","dorsal","m","3",0.0751137113652509,0.012985787164312,0.0711459350843675,0.0138734048089481,0.0765515528785152,0.0142253507427093,0.0877295558415015,0.0157636478876212,0.113810909874491,0.0170517452554992,0.0751137113652509,0.012985787164312,33856,25.4126477763183,3340,"Setophaga caerulescens","13-Jun-93",13,"Jun",93,"ca 9mi SW Davis on Red Run (10mi W Hwy 32 on Forest Service Road 13), Monongahela Nat'l Forest; 990m","Tucker","WV","GRG","JPD","T-1060","M","SY","6x5.5, NA",9.6,"partial",64.2,53.2,3,3.8,10.8,6.3,NA,NA,"green",14,13.9,2,2,2,2,NA,"bill black; mouth lining ivory; legs: munsell 2.5Y 3/2 (very dark grayish brown); light fat; no molt; stomach saved; R testis destroyed","","WV.Tucker","Central",39.06243,-79.53341,19.27
"608585","ventral","t","1",0.0447388798802166,0.00735886466138,0.0390147358203856,0.00816766611361997,0.0462302489553891,0.00870256506824063,0.0617093261697715,0.0109923419059093,0.0633662948866733,0.00865742806605646,0.0447388798802166,0.00735886466138,142801,107.187840120098,3342,"Setophaga caerulescens","13-Jun-93",13,"Jun",93,"ca 9mi SW Davis on Red Run (10mi W Hwy 32 on Forest Service Road 13), Monongahela Nat'l Forest; 990m","Tucker","WV","GRG","JPD","T-1062","M","ASY",NA,9.7,"partial",63.7,52.9,3.1,3.8,10,6.9,NA,NA,"blue",11.6,12.1,2,2,2,2,NA,"bill black; mouth lining black; legs: munsell 5Y 3/2 (dark olive gray); no fat; no molt; stomach saved; testes seen but too damaged to measure","","WV.Tucker","Central",39.06243,-79.53341,18.76
"608585","side","w","1",0.489337182742603,0.109376833292213,0.495450566332266,0.115453439428465,0.4908490298983,0.10992291678148,0.425865196857569,0.0840882284930387,0.512737636994396,0.101286496566378,0.489337182742603,0.109376833292213,37096,27.8446237568024,3342,"Setophaga caerulescens","13-Jun-93",13,"Jun",93,"ca 9mi SW Davis on Red Run (10mi W Hwy 32 on Forest Service Road 13), Monongahela Nat'l Forest; 990m","Tucker","WV","GRG","JPD","T-1062","M","ASY",NA,9.7,"partial",63.7,52.9,3.1,3.8,10,6.9,NA,NA,"blue",11.6,12.1,2,2,2,2,NA,"bill black; mouth lining black; legs: munsell 5Y 3/2 (dark olive gray); no fat; no molt; stomach saved; testes seen but too damaged to measure","","WV.Tucker","Central",39.06243,-79.53341,18.76
"608585","crown","c","1",0.08127999450428,0.0269368915874806,0.0640353980194281,0.0243008422634636,0.0849229622866515,0.0292673553380215,0.105825494944336,0.0325500387566335,0.192175116694398,0.0490566514122355,0.08127999450428,0.0269368915874806,103195,77.4591855882905,3342,"Setophaga caerulescens","13-Jun-93",13,"Jun",93,"ca 9mi SW Davis on Red Run (10mi W Hwy 32 on Forest Service Road 13), Monongahela Nat'l Forest; 990m","Tucker","WV","GRG","JPD","T-1062","M","ASY",NA,9.7,"partial",63.7,52.9,3.1,3.8,10,6.9,NA,NA,"blue",11.6,12.1,2,2,2,2,NA,"bill black; mouth lining black; legs: munsell 5Y 3/2 (dark olive gray); no fat; no molt; stomach saved; testes seen but too damaged to measure","","WV.Tucker","Central",39.06243,-79.53341,18.76
"608585","side","o","1",0.0740181427017463,0.010400455281735,0.0702479321474435,0.0118502467889907,0.0754654694438294,0.0109277293364986,0.0863736323396674,0.0106149420891792,0.104340975665227,0.00980952313062226,0.0740181427017463,0.010400455281735,2834,2.12722837305311,3342,"Setophaga caerulescens","13-Jun-93",13,"Jun",93,"ca 9mi SW Davis on Red Run (10mi W Hwy 32 on Forest Service Road 13), Monongahela Nat'l Forest; 990m","Tucker","WV","GRG","JPD","T-1062","M","ASY",NA,9.7,"partial",63.7,52.9,3.1,3.8,10,6.9,NA,NA,"blue",11.6,12.1,2,2,2,2,NA,"bill black; mouth lining black; legs: munsell 5Y 3/2 (dark olive gray); no fat; no molt; stomach saved; testes seen but too damaged to measure","","WV.Tucker","Central",39.06243,-79.53341,18.76
"608585","dorsal","m","2",0.0731044615367641,0.0177598200057543,0.0628321987549149,0.0177066929783883,0.0752725455172487,0.0195759007253424,0.093825153292744,0.0180130069060584,0.1150260986885,0.024358332350913,0.0731044615367641,0.0177598200057543,34225,25.6896228185401,3342,"Setophaga caerulescens","13-Jun-93",13,"Jun",93,"ca 9mi SW Davis on Red Run (10mi W Hwy 32 on Forest Service Road 13), Monongahela Nat'l Forest; 990m","Tucker","WV","GRG","JPD","T-1062","M","ASY",NA,9.7,"partial",63.7,52.9,3.1,3.8,10,6.9,NA,NA,"blue",11.6,12.1,2,2,2,2,NA,"bill black; mouth lining black; legs: munsell 5Y 3/2 (dark olive gray); no fat; no molt; stomach saved; testes seen but too damaged to measure","","WV.Tucker","Central",39.06243,-79.53341,18.76
"608585","dorsal","m","3",0.0698580641841739,0.0174412689977458,0.0608434292084233,0.0175020744289732,0.0720181404592095,0.0192095531670756,0.0888187204711884,0.0168720167608768,0.109078424615044,0.021019143101786,0.0698580641841739,0.0174412689977458,33487,25.1356727340965,3342,"Setophaga caerulescens","13-Jun-93",13,"Jun",93,"ca 9mi SW Davis on Red Run (10mi W Hwy 32 on Forest Service Road 13), Monongahela Nat'l Forest; 990m","Tucker","WV","GRG","JPD","T-1062","M","ASY",NA,9.7,"partial",63.7,52.9,3.1,3.8,10,6.9,NA,NA,"blue",11.6,12.1,2,2,2,2,NA,"bill black; mouth lining black; legs: munsell 5Y 3/2 (dark olive gray); no fat; no molt; stomach saved; testes seen but too damaged to measure","","WV.Tucker","Central",39.06243,-79.53341,18.76
"608585","dorsal","m","1",0.0663825914700642,0.0172152840202616,0.0583128894346508,0.0169068780623275,0.0683978520104213,0.0188338121344531,0.0845176780573952,0.0168054057004691,0.100282521277783,0.0216617419427221,0.0663825914700642,0.0172152840202616,34969,26.2480765622068,3342,"Setophaga caerulescens","13-Jun-93",13,"Jun",93,"ca 9mi SW Davis on Red Run (10mi W Hwy 32 on Forest Service Road 13), Monongahela Nat'l Forest; 990m","Tucker","WV","GRG","JPD","T-1062","M","ASY",NA,9.7,"partial",63.7,52.9,3.1,3.8,10,6.9,NA,NA,"blue",11.6,12.1,2,2,2,2,NA,"bill black; mouth lining black; legs: munsell 5Y 3/2 (dark olive gray); no fat; no molt; stomach saved; testes seen but too damaged to measure","","WV.Tucker","Central",39.06243,-79.53341,18.76
"608587","side","w","1",0.30425230615699,0.0647607843167453,0.305888438267752,0.064791613627153,0.306946361266881,0.065855621928745,0.279383531761749,0.0598535770426962,0.329466919141981,0.0603608926283204,0.30425230615699,0.0647607843167453,37706,28.3024957778195,3344,"Setophaga caerulescens","13-Jun-93",13,"Jun",93,"ca 9mi SW Davis on Red Run (10mi W Hwy 32 on Forest Service Road 13), Monongahela Nat'l Forest; 990m","Tucker","WV","GRG","JPD","T-1064","M","SY","6x5, 5x4.5",10.2,"partial",63.4,52.9,2.9,4,11.3,6.7,NA,NA,"green",10.8,12.3,2,2,2,2,NA,"bill black; mouth lining ivory gray; legs: munsell 5Y 2.5/1 (black); light fat; no molt; stomach saved","","WV.Tucker","Central",39.06243,-79.53341,19.79
"608587","crown","c","1",0.066504431337503,0.0245268140878142,0.0556911952063145,0.020958182914697,0.0703942121235018,0.0269923619497239,0.0807819400252177,0.0281217124359792,0.127988776616052,0.0395439678707156,0.066504431337503,0.0245268140878142,105432,79.1382998686433,3344,"Setophaga caerulescens","13-Jun-93",13,"Jun",93,"ca 9mi SW Davis on Red Run (10mi W Hwy 32 on Forest Service Road 13), Monongahela Nat'l Forest; 990m","Tucker","WV","GRG","JPD","T-1064","M","SY","6x5, 5x4.5",10.2,"partial",63.4,52.9,2.9,4,11.3,6.7,NA,NA,"green",10.8,12.3,2,2,2,2,NA,"bill black; mouth lining ivory gray; legs: munsell 5Y 2.5/1 (black); light fat; no molt; stomach saved","","WV.Tucker","Central",39.06243,-79.53341,19.79
"608587","dorsal","m","3",0.0662782202748614,0.0101512464176786,0.0596089714588487,0.00935764762231695,0.0681232480360456,0.0118407291534818,0.0829478227917333,0.0162503310724858,0.103233792959869,0.0094971910028781,0.0662782202748614,0.0101512464176786,33856,25.4126477763183,3344,"Setophaga caerulescens","13-Jun-93",13,"Jun",93,"ca 9mi SW Davis on Red Run (10mi W Hwy 32 on Forest Service Road 13), Monongahela Nat'l Forest; 990m","Tucker","WV","GRG","JPD","T-1064","M","SY","6x5, 5x4.5",10.2,"partial",63.4,52.9,2.9,4,11.3,6.7,NA,NA,"green",10.8,12.3,2,2,2,2,NA,"bill black; mouth lining ivory gray; legs: munsell 5Y 2.5/1 (black); light fat; no molt; stomach saved","","WV.Tucker","Central",39.06243,-79.53341,19.79
"608587","dorsal","m","2",0.0678030903156328,0.00932466855818345,0.0598311244038184,0.00824053970395906,0.0697199940073906,0.0109379679484027,0.0864031739892399,0.0165110282189323,0.108218377196841,0.00928685636721549,0.0678030903156328,0.00932466855818345,33124,24.8632013510978,3344,"Setophaga caerulescens","13-Jun-93",13,"Jun",93,"ca 9mi SW Davis on Red Run (10mi W Hwy 32 on Forest Service Road 13), Monongahela Nat'l Forest; 990m","Tucker","WV","GRG","JPD","T-1064","M","SY","6x5, 5x4.5",10.2,"partial",63.4,52.9,2.9,4,11.3,6.7,NA,NA,"green",10.8,12.3,2,2,2,2,NA,"bill black; mouth lining ivory gray; legs: munsell 5Y 2.5/1 (black); light fat; no molt; stomach saved","","WV.Tucker","Central",39.06243,-79.53341,19.79
"608587","dorsal","m","1",0.06747822469632,0.0103773011492278,0.0610639892350526,0.010362209498007,0.0693682575435143,0.0118511247132844,0.0836306961475674,0.0155201248652881,0.106564361347943,0.0128369052236922,0.06747822469632,0.0103773011492278,33123,24.8624507412272,3344,"Setophaga caerulescens","13-Jun-93",13,"Jun",93,"ca 9mi SW Davis on Red Run (10mi W Hwy 32 on Forest Service Road 13), Monongahela Nat'l Forest; 990m","Tucker","WV","GRG","JPD","T-1064","M","SY","6x5, 5x4.5",10.2,"partial",63.4,52.9,2.9,4,11.3,6.7,NA,NA,"green",10.8,12.3,2,2,2,2,NA,"bill black; mouth lining ivory gray; legs: munsell 5Y 2.5/1 (black); light fat; no molt; stomach saved","","WV.Tucker","Central",39.06243,-79.53341,19.79
"608587","side","o","1",0.0793452798611349,0.00991283414633067,0.0804495411239071,0.0118323658783706,0.0810144467524082,0.0108162629652887,0.0826508433858266,0.00963516902322395,0.101742511755779,0.00757507711795416,0.0793452798611349,0.00991283414633067,4778,3.58641396134359,3344,"Setophaga caerulescens","13-Jun-93",13,"Jun",93,"ca 9mi SW Davis on Red Run (10mi W Hwy 32 on Forest Service Road 13), Monongahela Nat'l Forest; 990m","Tucker","WV","GRG","JPD","T-1064","M","SY","6x5, 5x4.5",10.2,"partial",63.4,52.9,2.9,4,11.3,6.7,NA,NA,"green",10.8,12.3,2,2,2,2,NA,"bill black; mouth lining ivory gray; legs: munsell 5Y 2.5/1 (black); light fat; no molt; stomach saved","","WV.Tucker","Central",39.06243,-79.53341,19.79
"608587","ventral","t","1",0.0504711977802114,0.0107679416902691,0.0466767009369908,0.0135400862057373,0.0520543670900491,0.0117452802224152,0.0636304525867272,0.0115246728897229,0.0679386854971048,0.00974425668964729,0.0504711977802114,0.0107679416902691,121333,91.0737474197786,3344,"Setophaga caerulescens","13-Jun-93",13,"Jun",93,"ca 9mi SW Davis on Red Run (10mi W Hwy 32 on Forest Service Road 13), Monongahela Nat'l Forest; 990m","Tucker","WV","GRG","JPD","T-1064","M","SY","6x5, 5x4.5",10.2,"partial",63.4,52.9,2.9,4,11.3,6.7,NA,NA,"green",10.8,12.3,2,2,2,2,NA,"bill black; mouth lining ivory gray; legs: munsell 5Y 2.5/1 (black); light fat; no molt; stomach saved","","WV.Tucker","Central",39.06243,-79.53341,19.79
"608590","side","o","1",0.0991523132647128,0.0612585578192873,0.10187646159501,0.0660677645190778,0.100440722373136,0.0633818960003526,0.0987274427960229,0.0447012031676467,0.106871547546985,0.0329007337815293,0.0991523132647128,0.0612585578192873,1904,1.42916119346969,3347,"Setophaga caerulescens","13-Jun-93",13,"Jun",93,"Red Run at junction of Forest Service Roads 13 and 412, 7mi W of Hwy 32, Monongahela Nat'l Forest; 895m","Tucker","WV","GRG","JPD","T-1067","M","ASY","8x6, 5x4",9.9,"partial",62.3,52.6,3.1,4.3,10.4,6.8,NA,NA,"blue",10.5,12.1,2,2,2,2,NA,"bill black; mouth lining black; legs: munsell 2.5Y 3/2 (very dark grayish brown); light fat; no molt; stomach saved","","WV.Tucker","Central",39.06243,-79.53341,18.92
"608590","side","w","1",0.422827137206194,0.11187575033198,0.422648823357362,0.113724936781217,0.424081679479606,0.113555769465916,0.379010876472675,0.0949562241071368,0.495003716095574,0.125181162309212,0.422827137206194,0.11187575033198,27074,20.322011634453,3347,"Setophaga caerulescens","13-Jun-93",13,"Jun",93,"Red Run at junction of Forest Service Roads 13 and 412, 7mi W of Hwy 32, Monongahela Nat'l Forest; 895m","Tucker","WV","GRG","JPD","T-1067","M","ASY","8x6, 5x4",9.9,"partial",62.3,52.6,3.1,4.3,10.4,6.8,NA,NA,"blue",10.5,12.1,2,2,2,2,NA,"bill black; mouth lining black; legs: munsell 2.5Y 3/2 (very dark grayish brown); light fat; no molt; stomach saved","","WV.Tucker","Central",39.06243,-79.53341,18.92
"608590","ventral","t","1",0.0431788095319167,0.00918860530271246,0.037773569142298,0.00960015863607075,0.0446488640691452,0.010397578206278,0.0598757878054888,0.0120080943017941,0.0621209729858237,0.0105628078698008,0.0431788095319167,0.00918860530271246,142971,107.315443798086,3347,"Setophaga caerulescens","13-Jun-93",13,"Jun",93,"Red Run at junction of Forest Service Roads 13 and 412, 7mi W of Hwy 32, Monongahela Nat'l Forest; 895m","Tucker","WV","GRG","JPD","T-1067","M","ASY","8x6, 5x4",9.9,"partial",62.3,52.6,3.1,4.3,10.4,6.8,NA,NA,"blue",10.5,12.1,2,2,2,2,NA,"bill black; mouth lining black; legs: munsell 2.5Y 3/2 (very dark grayish brown); light fat; no molt; stomach saved","","WV.Tucker","Central",39.06243,-79.53341,18.92
"608590","dorsal","m","2",0.0683050070672502,0.0121588501412395,0.059352143215205,0.0140407321747774,0.0700131623490132,0.0137152579243853,0.088897384028072,0.0137561826010484,0.110022349263954,0.0235630953082433,0.0683050070672502,0.0121588501412395,32761,24.5907299680991,3347,"Setophaga caerulescens","13-Jun-93",13,"Jun",93,"Red Run at junction of Forest Service Roads 13 and 412, 7mi W of Hwy 32, Monongahela Nat'l Forest; 895m","Tucker","WV","GRG","JPD","T-1067","M","ASY","8x6, 5x4",9.9,"partial",62.3,52.6,3.1,4.3,10.4,6.8,NA,NA,"blue",10.5,12.1,2,2,2,2,NA,"bill black; mouth lining black; legs: munsell 2.5Y 3/2 (very dark grayish brown); light fat; no molt; stomach saved","","WV.Tucker","Central",39.06243,-79.53341,18.92
"608590","dorsal","m","3",0.0685954013026237,0.011861088629945,0.0588900871832978,0.0133636153688147,0.0702184839113396,0.0133399784656611,0.0908608923886085,0.0144608033907945,0.11117560158381,0.0232511531389714,0.0685954013026237,0.011861088629945,33485,25.1341715143554,3347,"Setophaga caerulescens","13-Jun-93",13,"Jun",93,"Red Run at junction of Forest Service Roads 13 and 412, 7mi W of Hwy 32, Monongahela Nat'l Forest; 895m","Tucker","WV","GRG","JPD","T-1067","M","ASY","8x6, 5x4",9.9,"partial",62.3,52.6,3.1,4.3,10.4,6.8,NA,NA,"blue",10.5,12.1,2,2,2,2,NA,"bill black; mouth lining black; legs: munsell 2.5Y 3/2 (very dark grayish brown); light fat; no molt; stomach saved","","WV.Tucker","Central",39.06243,-79.53341,18.92
"608590","dorsal","m","1",0.0642379985867348,0.0139859273255078,0.0556686781870043,0.0155650169387363,0.0657480617277492,0.0154412316060472,0.0850646273448586,0.0151032873530595,0.103278840234829,0.0252527397062858,0.0642379985867348,0.0139859273255078,33124,24.8632013510978,3347,"Setophaga caerulescens","13-Jun-93",13,"Jun",93,"Red Run at junction of Forest Service Roads 13 and 412, 7mi W of Hwy 32, Monongahela Nat'l Forest; 895m","Tucker","WV","GRG","JPD","T-1067","M","ASY","8x6, 5x4",9.9,"partial",62.3,52.6,3.1,4.3,10.4,6.8,NA,NA,"blue",10.5,12.1,2,2,2,2,NA,"bill black; mouth lining black; legs: munsell 2.5Y 3/2 (very dark grayish brown); light fat; no molt; stomach saved","","WV.Tucker","Central",39.06243,-79.53341,18.92
"608590","crown","c","1",0.0740863058102287,0.0241765690548145,0.0594125820684756,0.021430080458335,0.077940943971728,0.0253427691516412,0.0941383502864198,0.0302987398484404,0.158278929002796,0.0404062150984078,0.0740863058102287,0.0241765690548145,110581,83.0031900919497,3347,"Setophaga caerulescens","13-Jun-93",13,"Jun",93,"Red Run at junction of Forest Service Roads 13 and 412, 7mi W of Hwy 32, Monongahela Nat'l Forest; 895m","Tucker","WV","GRG","JPD","T-1067","M","ASY","8x6, 5x4",9.9,"partial",62.3,52.6,3.1,4.3,10.4,6.8,NA,NA,"blue",10.5,12.1,2,2,2,2,NA,"bill black; mouth lining black; legs: munsell 2.5Y 3/2 (very dark grayish brown); light fat; no molt; stomach saved","","WV.Tucker","Central",39.06243,-79.53341,18.92
"608618","dorsal","m","1",0.0740516003783781,0.0214759344898777,0.0645310109343848,0.021236750778363,0.0773031717671806,0.0237152882139666,0.0893970079303506,0.0183633220048551,0.115456746728055,0.0197975593023888,0.0740516003783781,0.0214759344898777,33306,24.9998123475324,3375,"Setophaga caerulescens","16-Jun-93",16,"Jun",93,"Skyview Rd; 800m","Bedford","PA","GRG","JPD","T-1095","M","ASY","6x5, 6.5x5",9.5,"partial",67.2,54.3,2.8,NA,10.5,7.4,NA,NA,"blue",13.5,14.8,2,2,2,2,NA,"bill black; mouth lining center ivory, edge black; legs munsell 2.5Y 3/2 (very dark grayish brown); light fat; stomach saved; no molt; L testis mushy","","PA.Bedford","Central",40.23369,-78.66564,19.1
"608618","side","w","1",0.440762561821522,0.111043498828729,0.44700243282382,0.115802675207233,0.444372431110909,0.1132869006531,0.38233156830449,0.0878814570380264,0.455365322068568,0.0863635583828289,0.440762561821522,0.111043498828729,64177,48.171889660349,3375,"Setophaga caerulescens","16-Jun-93",16,"Jun",93,"Skyview Rd; 800m","Bedford","PA","GRG","JPD","T-1095","M","ASY","6x5, 6.5x5",9.5,"partial",67.2,54.3,2.8,NA,10.5,7.4,NA,NA,"blue",13.5,14.8,2,2,2,2,NA,"bill black; mouth lining center ivory, edge black; legs munsell 2.5Y 3/2 (very dark grayish brown); light fat; stomach saved; no molt; L testis mushy","","PA.Bedford","Central",40.23369,-78.66564,19.1
"608618","dorsal","m","2",0.0809626308151228,0.0236794193479372,0.0710312558643607,0.0235015570325075,0.0843631692890161,0.0260622335934779,0.0963987540125958,0.0195391953757063,0.126003241989422,0.0238071646841537,0.0809626308151228,0.0236794193479372,32580,24.454869581535,3375,"Setophaga caerulescens","16-Jun-93",16,"Jun",93,"Skyview Rd; 800m","Bedford","PA","GRG","JPD","T-1095","M","ASY","6x5, 6.5x5",9.5,"partial",67.2,54.3,2.8,NA,10.5,7.4,NA,NA,"blue",13.5,14.8,2,2,2,2,NA,"bill black; mouth lining center ivory, edge black; legs munsell 2.5Y 3/2 (very dark grayish brown); light fat; stomach saved; no molt; L testis mushy","","PA.Bedford","Central",40.23369,-78.66564,19.1
"608618","side","o","1",0.0887047931081045,0.0495510330207936,0.0870492383745465,0.052919340242201,0.0906062448309547,0.0503613419542987,0.0942312642094536,0.0392604574670243,0.119566428822064,0.0382014193595026,0.0887047931081045,0.0495510330207936,12870,9.66034903358979,3375,"Setophaga caerulescens","16-Jun-93",16,"Jun",93,"Skyview Rd; 800m","Bedford","PA","GRG","JPD","T-1095","M","ASY","6x5, 6.5x5",9.5,"partial",67.2,54.3,2.8,NA,10.5,7.4,NA,NA,"blue",13.5,14.8,2,2,2,2,NA,"bill black; mouth lining center ivory, edge black; legs munsell 2.5Y 3/2 (very dark grayish brown); light fat; stomach saved; no molt; L testis mushy","","PA.Bedford","Central",40.23369,-78.66564,19.1
"608618","ventral","t","1",0.0471137464383364,0.0123138315964725,0.0422997753734832,0.0141972944964431,0.0490528420323866,0.0132158904694431,0.060907088061266,0.0112456916023926,0.0652073188163215,0.0105672331189269,0.0471137464383364,0.0123138315964725,173493,130.225558266091,3375,"Setophaga caerulescens","16-Jun-93",16,"Jun",93,"Skyview Rd; 800m","Bedford","PA","GRG","JPD","T-1095","M","ASY","6x5, 6.5x5",9.5,"partial",67.2,54.3,2.8,NA,10.5,7.4,NA,NA,"blue",13.5,14.8,2,2,2,2,NA,"bill black; mouth lining center ivory, edge black; legs munsell 2.5Y 3/2 (very dark grayish brown); light fat; stomach saved; no molt; L testis mushy","","PA.Bedford","Central",40.23369,-78.66564,19.1
"608618","dorsal","m","3",0.0768608631821805,0.0231809281480876,0.0663961345734481,0.0228324052237065,0.0804253956128705,0.0258165443601887,0.0928144515469394,0.0193548935212402,0.119726039782887,0.0198135615037785,0.0768608631821805,0.0231809281480876,32942,24.7265903546632,3375,"Setophaga caerulescens","16-Jun-93",16,"Jun",93,"Skyview Rd; 800m","Bedford","PA","GRG","JPD","T-1095","M","ASY","6x5, 6.5x5",9.5,"partial",67.2,54.3,2.8,NA,10.5,7.4,NA,NA,"blue",13.5,14.8,2,2,2,2,NA,"bill black; mouth lining center ivory, edge black; legs munsell 2.5Y 3/2 (very dark grayish brown); light fat; stomach saved; no molt; L testis mushy","","PA.Bedford","Central",40.23369,-78.66564,19.1
"608618","crown","c","1",0.0669347311394012,0.0240104440761671,0.0577592249460029,0.0194873152103755,0.0677120424838749,0.0263725397600036,0.0890844884486657,0.0291892090677461,0.124726328278323,0.0419791580151078,0.0669347311394012,0.0240104440761671,68705,51.5706511540627,3375,"Setophaga caerulescens","16-Jun-93",16,"Jun",93,"Skyview Rd; 800m","Bedford","PA","GRG","JPD","T-1095","M","ASY","6x5, 6.5x5",9.5,"partial",67.2,54.3,2.8,NA,10.5,7.4,NA,NA,"blue",13.5,14.8,2,2,2,2,NA,"bill black; mouth lining center ivory, edge black; legs munsell 2.5Y 3/2 (very dark grayish brown); light fat; stomach saved; no molt; L testis mushy","","PA.Bedford","Central",40.23369,-78.66564,19.1
"608621","ventral","t","1",0.0397844349155553,0.00673761025680413,0.0341986602772829,0.0075146313422176,0.0419283455410472,0.00786651185277754,0.0546905548926629,0.00934575025957239,0.0584258113235404,0.0093686991021593,0.0397844349155553,0.00673761025680413,167112,125.435916682304,3378,"Setophaga caerulescens","16-Jun-93",16,"Jun",93,"Skyview Rd; 800m","Bedford","PA","GRG","JPD","T-1098","M","ASY","7.5x5.5, 7x5.5",9.7,"partial",62.9,53.3,3.3,3.8,11.2,6.9,NA,NA,"blue",11.1,12.2,2,2,2,2,NA,"bill black; mouth lining ivory gray; legs munsell 2.5Y 4/2 (dark grayish brown); light fat; stomach saved; no molt","","PA.Bedford","Central",40.23369,-78.66564,19.53
"608621","crown","c","1",0.0697278691454868,0.0242005750197358,0.0550791051905722,0.0227474214526377,0.0729928361703181,0.0255496715892455,0.0920045073579479,0.0259956428498017,0.147950882236952,0.0490502528563143,0.0697278691454868,0.0242005750197358,88741,66.6098705197973,3378,"Setophaga caerulescens","16-Jun-93",16,"Jun",93,"Skyview Rd; 800m","Bedford","PA","GRG","JPD","T-1098","M","ASY","7.5x5.5, 7x5.5",9.7,"partial",62.9,53.3,3.3,3.8,11.2,6.9,NA,NA,"blue",11.1,12.2,2,2,2,2,NA,"bill black; mouth lining ivory gray; legs munsell 2.5Y 4/2 (dark grayish brown); light fat; stomach saved; no molt","","PA.Bedford","Central",40.23369,-78.66564,19.53
"608621","dorsal","m","2",0.0548181960492617,0.0125305113679274,0.0483607238919207,0.0100497096944607,0.0569531431888421,0.0138216600691919,0.0705382324382279,0.0174867203001715,0.0858239781088072,0.0137932740117241,0.0548181960492617,0.0125305113679274,34040,25.5507599924939,3378,"Setophaga caerulescens","16-Jun-93",16,"Jun",93,"Skyview Rd; 800m","Bedford","PA","GRG","JPD","T-1098","M","ASY","7.5x5.5, 7x5.5",9.7,"partial",62.9,53.3,3.3,3.8,11.2,6.9,NA,NA,"blue",11.1,12.2,2,2,2,2,NA,"bill black; mouth lining ivory gray; legs munsell 2.5Y 4/2 (dark grayish brown); light fat; stomach saved; no molt","","PA.Bedford","Central",40.23369,-78.66564,19.53
"608621","dorsal","m","3",0.0525301423225593,0.011781698336308,0.0479514531794977,0.00997398822147535,0.0545887924360938,0.0129938680686952,0.06561700840278,0.0145480945149201,0.0833054036016499,0.0133825889749337,0.0525301423225593,0.011781698336308,36860,27.6674798273597,3378,"Setophaga caerulescens","16-Jun-93",16,"Jun",93,"Skyview Rd; 800m","Bedford","PA","GRG","JPD","T-1098","M","ASY","7.5x5.5, 7x5.5",9.7,"partial",62.9,53.3,3.3,3.8,11.2,6.9,NA,NA,"blue",11.1,12.2,2,2,2,2,NA,"bill black; mouth lining ivory gray; legs munsell 2.5Y 4/2 (dark grayish brown); light fat; stomach saved; no molt","","PA.Bedford","Central",40.23369,-78.66564,19.53
"608621","side","w","1",0.435614953195765,0.10740119511986,0.438293314173098,0.111175320442203,0.439028363912227,0.108960060303024,0.382266807458934,0.0847371657925654,0.459431823465462,0.123604493264948,0.435614953195765,0.10740119511986,36558,27.4407956464627,3378,"Setophaga caerulescens","16-Jun-93",16,"Jun",93,"Skyview Rd; 800m","Bedford","PA","GRG","JPD","T-1098","M","ASY","7.5x5.5, 7x5.5",9.7,"partial",62.9,53.3,3.3,3.8,11.2,6.9,NA,NA,"blue",11.1,12.2,2,2,2,2,NA,"bill black; mouth lining ivory gray; legs munsell 2.5Y 4/2 (dark grayish brown); light fat; stomach saved; no molt","","PA.Bedford","Central",40.23369,-78.66564,19.53
"608621","side","o","1",0.0636101071548437,0.0224846935165072,0.0598600052169659,0.0233434707211083,0.0656592630295665,0.0228472951372173,0.0746921093317157,0.020183116335126,0.0936836430259264,0.0201616790615921,0.0636101071548437,0.0224846935165072,21003,15.7650591105273,3378,"Setophaga caerulescens","16-Jun-93",16,"Jun",93,"Skyview Rd; 800m","Bedford","PA","GRG","JPD","T-1098","M","ASY","7.5x5.5, 7x5.5",9.7,"partial",62.9,53.3,3.3,3.8,11.2,6.9,NA,NA,"blue",11.1,12.2,2,2,2,2,NA,"bill black; mouth lining ivory gray; legs munsell 2.5Y 4/2 (dark grayish brown); light fat; stomach saved; no molt","","PA.Bedford","Central",40.23369,-78.66564,19.53
"608621","dorsal","m","1",0.0573742187088695,0.015217911631299,0.050939905650596,0.0119143065051793,0.059612717351335,0.0168581939217664,0.0727498303812636,0.0197501954021899,0.092419497517889,0.0165454077528863,0.0573742187088695,0.015217911631299,33856,25.4126477763183,3378,"Setophaga caerulescens","16-Jun-93",16,"Jun",93,"Skyview Rd; 800m","Bedford","PA","GRG","JPD","T-1098","M","ASY","7.5x5.5, 7x5.5",9.7,"partial",62.9,53.3,3.3,3.8,11.2,6.9,NA,NA,"blue",11.1,12.2,2,2,2,2,NA,"bill black; mouth lining ivory gray; legs munsell 2.5Y 4/2 (dark grayish brown); light fat; stomach saved; no molt","","PA.Bedford","Central",40.23369,-78.66564,19.53
"608624","ventral","t","1",0.0462925726203783,0.0124546484934634,0.0433502666324796,0.016833041709477,0.0481008964536334,0.0127873496247888,0.057295133163268,0.00992499156042341,0.0598300334022991,0.00789575767812371,0.0462925726203783,0.0124546484934634,117881,88.4826421467442,3381,"Setophaga caerulescens","16-Jun-93",16,"Jun",93,"Skyview Rd; 800m","Bedford","PA","GRG","JPD","T-1101","M","SY","7x5.5, 6.5x4.5",9.2,"partial",62.1,49.4,3,4,10.1,7,NA,NA,"green",11.1,10.9,2,2,2,2,NA,"bill black; mouth lining ivory; legs munsell 5Y 2.5/2 (black); light to moderate fat; stomach saved; no molt","","PA.Bedford","Central",40.23369,-78.66564,19.46
"608624","crown","c","1",0.0705919650020701,0.0296266032712076,0.0572788511114826,0.023336611177225,0.0742279804522463,0.0314853339314575,0.0895405894135899,0.036672586171313,0.141026032446691,0.054919215907821,0.0705919650020701,0.0296266032712076,87072,65.3571026458998,3381,"Setophaga caerulescens","16-Jun-93",16,"Jun",93,"Skyview Rd; 800m","Bedford","PA","GRG","JPD","T-1101","M","SY","7x5.5, 6.5x4.5",9.2,"partial",62.1,49.4,3,4,10.1,7,NA,NA,"green",11.1,10.9,2,2,2,2,NA,"bill black; mouth lining ivory; legs munsell 5Y 2.5/2 (black); light to moderate fat; stomach saved; no molt","","PA.Bedford","Central",40.23369,-78.66564,19.46
"608624","dorsal","m","3",0.0623342076944815,0.0123302745320525,0.0562997448135836,0.0103844782517988,0.0645970980470761,0.0136220810792005,0.0765681853322768,0.016589210946983,0.102046947348715,0.0142216774182387,0.0623342076944815,0.0123302745320525,33672,25.2745355601426,3381,"Setophaga caerulescens","16-Jun-93",16,"Jun",93,"Skyview Rd; 800m","Bedford","PA","GRG","JPD","T-1101","M","SY","7x5.5, 6.5x4.5",9.2,"partial",62.1,49.4,3,4,10.1,7,NA,NA,"green",11.1,10.9,2,2,2,2,NA,"bill black; mouth lining ivory; legs munsell 5Y 2.5/2 (black); light to moderate fat; stomach saved; no molt","","PA.Bedford","Central",40.23369,-78.66564,19.46
"608624","dorsal","m","2",0.0590115315562169,0.0131390990400572,0.0534775970387932,0.0105227247406774,0.0611290998002304,0.0143701128257796,0.0732093715789027,0.0180190314009256,0.0927640650384859,0.0159358111616642,0.0590115315562169,0.0131390990400572,32399,24.3190091949709,3381,"Setophaga caerulescens","16-Jun-93",16,"Jun",93,"Skyview Rd; 800m","Bedford","PA","GRG","JPD","T-1101","M","SY","7x5.5, 6.5x4.5",9.2,"partial",62.1,49.4,3,4,10.1,7,NA,NA,"green",11.1,10.9,2,2,2,2,NA,"bill black; mouth lining ivory; legs munsell 5Y 2.5/2 (black); light to moderate fat; stomach saved; no molt","","PA.Bedford","Central",40.23369,-78.66564,19.46
"608624","side","o","1",0.104573765822414,0.0667593206560383,0.108703478566052,0.073377671593183,0.106644759795024,0.0677443989766271,0.0988626065427924,0.0487039003230946,0.11020031837016,0.0167383221495738,0.104573765822414,0.0667593206560383,17244,12.9435166072434,3381,"Setophaga caerulescens","16-Jun-93",16,"Jun",93,"Skyview Rd; 800m","Bedford","PA","GRG","JPD","T-1101","M","SY","7x5.5, 6.5x4.5",9.2,"partial",62.1,49.4,3,4,10.1,7,NA,NA,"green",11.1,10.9,2,2,2,2,NA,"bill black; mouth lining ivory; legs munsell 5Y 2.5/2 (black); light to moderate fat; stomach saved; no molt","","PA.Bedford","Central",40.23369,-78.66564,19.46
"608624","dorsal","m","1",0.0554591239653032,0.0124053434601625,0.0499765833032466,0.0115100277718905,0.0575285818535663,0.013571668953487,0.0696905608764223,0.016071638163667,0.0853002541474016,0.0169856824432199,0.0554591239653032,0.0124053434601625,32942,24.7265903546632,3381,"Setophaga caerulescens","16-Jun-93",16,"Jun",93,"Skyview Rd; 800m","Bedford","PA","GRG","JPD","T-1101","M","SY","7x5.5, 6.5x4.5",9.2,"partial",62.1,49.4,3,4,10.1,7,NA,NA,"green",11.1,10.9,2,2,2,2,NA,"bill black; mouth lining ivory; legs munsell 5Y 2.5/2 (black); light to moderate fat; stomach saved; no molt","","PA.Bedford","Central",40.23369,-78.66564,19.46
"608624","side","w","1",0.371881263343871,0.131260772632027,0.386946925709507,0.135950880751365,0.37775464369332,0.134739244198232,0.31000619949721,0.100819488791214,0.327821868002075,0.0781812895965899,0.371881263343871,0.131260772632027,54604,40.986301369863,3381,"Setophaga caerulescens","16-Jun-93",16,"Jun",93,"Skyview Rd; 800m","Bedford","PA","GRG","JPD","T-1101","M","SY","7x5.5, 6.5x4.5",9.2,"partial",62.1,49.4,3,4,10.1,7,NA,NA,"green",11.1,10.9,2,2,2,2,NA,"bill black; mouth lining ivory; legs munsell 5Y 2.5/2 (black); light to moderate fat; stomach saved; no molt","","PA.Bedford","Central",40.23369,-78.66564,19.46
"608626","dorsal","m","3",0.0631240166712977,0.0168950218580833,0.0578600678664886,0.0176578081099481,0.0654539381541002,0.0185543162594286,0.0757808883545356,0.0157540298134775,0.10566433251467,0.0214289673703954,0.0631240166712977,0.0168950218580833,34410,25.8284856445862,3383,"Setophaga caerulescens","16-Jun-93",16,"Jun",93,"Skyview Rd; 800m","Bedford","PA","GRG","CJD","T-1103","M","ASY","8x6",9.2,"partial",64.6,52,NA,NA,11.1,6.8,NA,NA,"blue",15.9,13.9,2,2,2,2,NA,"bill black; mouth lining cream; legs munsell 5Y 2.5/1 (black); stomach saved; light fat; no molt; R testis not found; upper and lower bill askew","","PA.Bedford","Central",40.23369,-78.66564,NA
"608626","dorsal","m","1",0.0616252792379098,0.0196335964501435,0.0542973652146997,0.0190979773513744,0.0640048170067133,0.0216525294340867,0.0777729842298181,0.0195062674791086,0.105092352484339,0.026249582335733,0.0616252792379098,0.0196335964501435,35344,26.5295552636517,3383,"Setophaga caerulescens","16-Jun-93",16,"Jun",93,"Skyview Rd; 800m","Bedford","PA","GRG","CJD","T-1103","M","ASY","8x6",9.2,"partial",64.6,52,NA,NA,11.1,6.8,NA,NA,"blue",15.9,13.9,2,2,2,2,NA,"bill black; mouth lining cream; legs munsell 5Y 2.5/1 (black); stomach saved; light fat; no molt; R testis not found; upper and lower bill askew","","PA.Bedford","Central",40.23369,-78.66564,NA
"608626","side","o","1",0.0638893919365085,0.0349674951165021,0.0613144983713408,0.0379274373944919,0.0659058539250372,0.0354386195156278,0.0728831884478636,0.0266022610637062,0.0872095371612932,0.0205331377440504,0.0638893919365085,0.0349674951165021,36543,27.429536498405,3383,"Setophaga caerulescens","16-Jun-93",16,"Jun",93,"Skyview Rd; 800m","Bedford","PA","GRG","CJD","T-1103","M","ASY","8x6",9.2,"partial",64.6,52,NA,NA,11.1,6.8,NA,NA,"blue",15.9,13.9,2,2,2,2,NA,"bill black; mouth lining cream; legs munsell 5Y 2.5/1 (black); stomach saved; light fat; no molt; R testis not found; upper and lower bill askew","","PA.Bedford","Central",40.23369,-78.66564,NA
"608626","side","w","1",0.476970594236927,0.129998174683323,0.486697322812432,0.135565306458223,0.483298364929778,0.132426714994991,0.401723574811282,0.0983771065708272,0.478790059140529,0.107282081617517,0.476970594236927,0.129998174683323,75959,57.0155751548133,3383,"Setophaga caerulescens","16-Jun-93",16,"Jun",93,"Skyview Rd; 800m","Bedford","PA","GRG","CJD","T-1103","M","ASY","8x6",9.2,"partial",64.6,52,NA,NA,11.1,6.8,NA,NA,"blue",15.9,13.9,2,2,2,2,NA,"bill black; mouth lining cream; legs munsell 5Y 2.5/1 (black); stomach saved; light fat; no molt; R testis not found; upper and lower bill askew","","PA.Bedford","Central",40.23369,-78.66564,NA
"608626","crown","c","1",0.065973862352765,0.0195877512719784,0.0544376403907592,0.0161766451402428,0.0700632731243258,0.0202122398237242,0.0810496047529643,0.0254131839734643,0.125922294056056,0.039554341940383,0.065973862352765,0.0195877512719784,127210,95.4850816288234,3383,"Setophaga caerulescens","16-Jun-93",16,"Jun",93,"Skyview Rd; 800m","Bedford","PA","GRG","CJD","T-1103","M","ASY","8x6",9.2,"partial",64.6,52,NA,NA,11.1,6.8,NA,NA,"blue",15.9,13.9,2,2,2,2,NA,"bill black; mouth lining cream; legs munsell 5Y 2.5/1 (black); stomach saved; light fat; no molt; R testis not found; upper and lower bill askew","","PA.Bedford","Central",40.23369,-78.66564,NA
"608626","ventral","t","1",0.0422225601791828,0.0102070335343865,0.0369465954817173,0.0111291830279806,0.0442156873219502,0.0110084186422914,0.0566572169317115,0.0106797092850888,0.0590903185195835,0.0117778198983043,0.0422225601791828,0.0102070335343865,120003,90.0754362919872,3383,"Setophaga caerulescens","16-Jun-93",16,"Jun",93,"Skyview Rd; 800m","Bedford","PA","GRG","CJD","T-1103","M","ASY","8x6",9.2,"partial",64.6,52,NA,NA,11.1,6.8,NA,NA,"blue",15.9,13.9,2,2,2,2,NA,"bill black; mouth lining cream; legs munsell 5Y 2.5/1 (black); stomach saved; light fat; no molt; R testis not found; upper and lower bill askew","","PA.Bedford","Central",40.23369,-78.66564,NA
"608626","dorsal","m","2",0.0538832499189864,0.0171777920831475,0.0460378918883539,0.0156437034665187,0.0561257844096826,0.0189440225782891,0.071639533254456,0.0191161963358702,0.0933905404661585,0.0248130663677562,0.0538832499189864,0.0171777920831475,35344,26.5295552636517,3383,"Setophaga caerulescens","16-Jun-93",16,"Jun",93,"Skyview Rd; 800m","Bedford","PA","GRG","CJD","T-1103","M","ASY","8x6",9.2,"partial",64.6,52,NA,NA,11.1,6.8,NA,NA,"blue",15.9,13.9,2,2,2,2,NA,"bill black; mouth lining cream; legs munsell 5Y 2.5/1 (black); stomach saved; light fat; no molt; R testis not found; upper and lower bill askew","","PA.Bedford","Central",40.23369,-78.66564,NA
"608628","ventral","t","1",0.0374913106002915,0.00427090806995204,0.031414688997564,0.00532533637934787,0.0396744392826126,0.00596013011991349,0.0530254994994972,0.00879475791827176,0.0577040229500557,0.00478981206354321,0.0374913106002915,0.00427090806995204,102150,76.6747982735973,3386,"Setophaga caerulescens","17-Jun-93",17,"Jun",93,"Road T614 at Lincoln/West St. Clair Township line; 670m","Bedford","PA","GRG","JPD","T-1106","M","SY","7x5, 5x5",8.95,"partial",62.8,47.8,3,4.1,10.9,6.7,NA,NA,"green",9,10,2,2,2,2,NA,"bill black; mouth lining center cream, edge ivory; legs munsell 2.5Y 3/2 (very dark grayish brown); stomach saved; very light fat; no molt","","PA.Bedford","Central",40.22306,-78.66237,18.64
"608628","side","w","1",0.396491543781671,0.13460257639153,0.401913480534875,0.135939942271934,0.400660373011914,0.136128960471323,0.346055845350727,0.112919935864287,0.436647384743907,0.110507311408079,0.396491543781671,0.13460257639153,24085,18.0784387314693,3386,"Setophaga caerulescens","17-Jun-93",17,"Jun",93,"Road T614 at Lincoln/West St. Clair Township line; 670m","Bedford","PA","GRG","JPD","T-1106","M","SY","7x5, 5x5",8.95,"partial",62.8,47.8,3,4.1,10.9,6.7,NA,NA,"green",9,10,2,2,2,2,NA,"bill black; mouth lining center cream, edge ivory; legs munsell 2.5Y 3/2 (very dark grayish brown); stomach saved; very light fat; no molt","","PA.Bedford","Central",40.22306,-78.66237,18.64
"608628","dorsal","m","2",0.0683124767855871,0.0188321377798003,0.061079366706734,0.0183593408356057,0.0709729115421733,0.0208462026311059,0.0825403121178453,0.0182592529513772,0.106469803118572,0.0204138513898208,0.0683124767855871,0.0188321377798003,34596,25.9680990805029,3386,"Setophaga caerulescens","17-Jun-93",17,"Jun",93,"Road T614 at Lincoln/West St. Clair Township line; 670m","Bedford","PA","GRG","JPD","T-1106","M","SY","7x5, 5x5",8.95,"partial",62.8,47.8,3,4.1,10.9,6.7,NA,NA,"green",9,10,2,2,2,2,NA,"bill black; mouth lining center cream, edge ivory; legs munsell 2.5Y 3/2 (very dark grayish brown); stomach saved; very light fat; no molt","","PA.Bedford","Central",40.22306,-78.66237,18.64
"608628","dorsal","m","3",0.0745513532948038,0.0219611409409402,0.0669135582557691,0.021074591120618,0.0771804072744533,0.0243029778385426,0.0894638591250064,0.0210325725477531,0.116004557396701,0.0211312486771558,0.0745513532948038,0.0219611409409402,34040,25.5507599924939,3386,"Setophaga caerulescens","17-Jun-93",17,"Jun",93,"Road T614 at Lincoln/West St. Clair Township line; 670m","Bedford","PA","GRG","JPD","T-1106","M","SY","7x5, 5x5",8.95,"partial",62.8,47.8,3,4.1,10.9,6.7,NA,NA,"green",9,10,2,2,2,2,NA,"bill black; mouth lining center cream, edge ivory; legs munsell 2.5Y 3/2 (very dark grayish brown); stomach saved; very light fat; no molt","","PA.Bedford","Central",40.22306,-78.66237,18.64
"608628","dorsal","m","1",0.0764113585438209,0.0212185373407449,0.0679577118181663,0.0210572442481244,0.0792855582786833,0.0236284737357765,0.091741579919652,0.0195276017766615,0.121337799221327,0.0198732236359783,0.0764113585438209,0.0212185373407449,35156,26.388440607994,3386,"Setophaga caerulescens","17-Jun-93",17,"Jun",93,"Road T614 at Lincoln/West St. Clair Township line; 670m","Bedford","PA","GRG","JPD","T-1106","M","SY","7x5, 5x5",8.95,"partial",62.8,47.8,3,4.1,10.9,6.7,NA,NA,"green",9,10,2,2,2,2,NA,"bill black; mouth lining center cream, edge ivory; legs munsell 2.5Y 3/2 (very dark grayish brown); stomach saved; very light fat; no molt","","PA.Bedford","Central",40.22306,-78.66237,18.64
"608628","crown","c","1",0.0738614217544532,0.0226274704263122,0.059850040541209,0.0187793694274938,0.0776814298190614,0.0230023965988307,0.0932924753411837,0.0286156921796024,0.146344694546541,0.0441250420528803,0.0738614217544532,0.0226274704263122,97720,73.3495965471946,3386,"Setophaga caerulescens","17-Jun-93",17,"Jun",93,"Road T614 at Lincoln/West St. Clair Township line; 670m","Bedford","PA","GRG","JPD","T-1106","M","SY","7x5, 5x5",8.95,"partial",62.8,47.8,3,4.1,10.9,6.7,NA,NA,"green",9,10,2,2,2,2,NA,"bill black; mouth lining center cream, edge ivory; legs munsell 2.5Y 3/2 (very dark grayish brown); stomach saved; very light fat; no molt","","PA.Bedford","Central",40.22306,-78.66237,18.64
"608628","side","o","1",0.0953294199315415,0.0563880088321325,0.0991922545421898,0.0602725518266551,0.0980107744940565,0.0574040359399222,0.0888688555100771,0.0436755702243598,0.108341043786482,0.0216230442967084,0.0953294199315415,0.0563880088321325,21895,16.434603115031,3386,"Setophaga caerulescens","17-Jun-93",17,"Jun",93,"Road T614 at Lincoln/West St. Clair Township line; 670m","Bedford","PA","GRG","JPD","T-1106","M","SY","7x5, 5x5",8.95,"partial",62.8,47.8,3,4.1,10.9,6.7,NA,NA,"green",9,10,2,2,2,2,NA,"bill black; mouth lining center cream, edge ivory; legs munsell 2.5Y 3/2 (very dark grayish brown); stomach saved; very light fat; no molt","","PA.Bedford","Central",40.22306,-78.66237,18.64
"608629","side","o","1",0.0658169357715819,0.0164687750738011,0.0632292376703991,0.0196998906679957,0.0677957896994675,0.0169153729008388,0.0747721211025931,0.0124254350639728,0.0946289187312045,0.0158025360970034,0.0658169357715819,0.0164687750738011,23492,17.6333270782511,3387,"Setophaga caerulescens","17-Jun-93",17,"Jun",93,"1.5mi N Skyview Rd on Dirt Road to State Game Lands No.26; 800m","Bedford","PA","GRG","CJD","T-1107","M","ASY","7x5, 6x5",9.3,"partial",63.9,52.8,2.8,3.9,10.2,7,NA,NA,"blue",18.4,17.8,2,2,2,2,NA,"bill black; mouth lining cream; legs munsell 5Y 2.5/1 (black); stomach saved","","PA.Bedford","Central",40.24508,-78.68679,NA
"608629","dorsal","m","3",0.0577042143412129,0.0142368134906737,0.0502709681423706,0.0115259796284784,0.05965302554313,0.0157681747717174,0.0754651178091335,0.019249852778189,0.0963772842293871,0.0170655369226035,0.0577042143412129,0.0142368134906737,33672,25.2745355601426,3387,"Setophaga caerulescens","17-Jun-93",17,"Jun",93,"1.5mi N Skyview Rd on Dirt Road to State Game Lands No.26; 800m","Bedford","PA","GRG","CJD","T-1107","M","ASY","7x5, 6x5",9.3,"partial",63.9,52.8,2.8,3.9,10.2,7,NA,NA,"blue",18.4,17.8,2,2,2,2,NA,"bill black; mouth lining cream; legs munsell 5Y 2.5/1 (black); stomach saved","","PA.Bedford","Central",40.24508,-78.68679,NA
"608629","side","w","1",0.473907713098344,0.152529955277493,0.482144720679934,0.160261517614681,0.481077512203489,0.15623366391059,0.398673107074711,0.112331505298391,0.447885628984272,0.104182737881684,0.473907713098344,0.152529955277493,72662,54.5408144117095,3387,"Setophaga caerulescens","17-Jun-93",17,"Jun",93,"1.5mi N Skyview Rd on Dirt Road to State Game Lands No.26; 800m","Bedford","PA","GRG","CJD","T-1107","M","ASY","7x5, 6x5",9.3,"partial",63.9,52.8,2.8,3.9,10.2,7,NA,NA,"blue",18.4,17.8,2,2,2,2,NA,"bill black; mouth lining cream; legs munsell 5Y 2.5/1 (black); stomach saved","","PA.Bedford","Central",40.24508,-78.68679,NA
"608629","crown","c","1",0.0726116712334041,0.028564078048991,0.059600691846274,0.0259550274838934,0.0762005821378385,0.0308169783218334,0.0912364598802754,0.0295509351830212,0.139752603773,0.0483950122148424,0.0726116712334041,0.028564078048991,123335,92.5764683805592,3387,"Setophaga caerulescens","17-Jun-93",17,"Jun",93,"1.5mi N Skyview Rd on Dirt Road to State Game Lands No.26; 800m","Bedford","PA","GRG","CJD","T-1107","M","ASY","7x5, 6x5",9.3,"partial",63.9,52.8,2.8,3.9,10.2,7,NA,NA,"blue",18.4,17.8,2,2,2,2,NA,"bill black; mouth lining cream; legs munsell 5Y 2.5/1 (black); stomach saved","","PA.Bedford","Central",40.24508,-78.68679,NA
"608629","ventral","t","1",0.0426203124031304,0.00687615128827553,0.0374499515512234,0.00823276257836801,0.0447619992905298,0.00792207704153498,0.0564485102395038,0.00887360489645969,0.0619167692782504,0.00741743989789887,0.0426203124031304,0.00687615128827553,217070,162.934884593732,3387,"Setophaga caerulescens","17-Jun-93",17,"Jun",93,"1.5mi N Skyview Rd on Dirt Road to State Game Lands No.26; 800m","Bedford","PA","GRG","CJD","T-1107","M","ASY","7x5, 6x5",9.3,"partial",63.9,52.8,2.8,3.9,10.2,7,NA,NA,"blue",18.4,17.8,2,2,2,2,NA,"bill black; mouth lining cream; legs munsell 5Y 2.5/1 (black); stomach saved","","PA.Bedford","Central",40.24508,-78.68679,NA
"608629","dorsal","m","2",0.0629352030253406,0.0128673989922691,0.055441352715947,0.010973842699813,0.0650194549237591,0.0143202789623248,0.0797913817501819,0.0179234917425032,0.100822501604685,0.0141194837461682,0.0629352030253406,0.0128673989922691,35721,26.8125351848377,3387,"Setophaga caerulescens","17-Jun-93",17,"Jun",93,"1.5mi N Skyview Rd on Dirt Road to State Game Lands No.26; 800m","Bedford","PA","GRG","CJD","T-1107","M","ASY","7x5, 6x5",9.3,"partial",63.9,52.8,2.8,3.9,10.2,7,NA,NA,"blue",18.4,17.8,2,2,2,2,NA,"bill black; mouth lining cream; legs munsell 5Y 2.5/1 (black); stomach saved","","PA.Bedford","Central",40.24508,-78.68679,NA
"608629","dorsal","m","1",0.0478041889716115,0.00963545100622775,0.0418816035002841,0.00851577644309864,0.0494913369530694,0.010937751997208,0.0645988578637624,0.0138902499046408,0.0772683561911438,0.012117037101743,0.0478041889716115,0.00963545100622775,34596,25.9680990805029,3387,"Setophaga caerulescens","17-Jun-93",17,"Jun",93,"1.5mi N Skyview Rd on Dirt Road to State Game Lands No.26; 800m","Bedford","PA","GRG","CJD","T-1107","M","ASY","7x5, 6x5",9.3,"partial",63.9,52.8,2.8,3.9,10.2,7,NA,NA,"blue",18.4,17.8,2,2,2,2,NA,"bill black; mouth lining cream; legs munsell 5Y 2.5/1 (black); stomach saved","","PA.Bedford","Central",40.24508,-78.68679,NA
"608630","ventral","t","1",0.0462387958344799,0.00834976646612594,0.0409083869983927,0.00961531200387651,0.0479847825533845,0.00968067645055187,0.0615146993467109,0.0108436873977689,0.0696219082042637,0.00995303970622493,0.0462387958344799,0.00834976646612594,147173,110.46950647401,3388,"Setophaga caerulescens","17-Jun-93",17,"Jun",93,"2.5mi N Skyview Rd on Dirt Road to State Game Lands No.26; 700m","Bedford","PA","GRG","JPD","T-1108","M","ASY","6.5x5 6.5x5.5",9.2,"partial",63.1,49.9,3.2,4.1,10.3,6.9,NA,NA,"blue",20.3,16.6,2,2,2,2,NA,"bill black; mouth lining black; legs munsell 2.5Y 3/2 (very dark grayish brown); very light fat; stomach saved; no molt","","PA.Bedford","Central",40.24508,-78.68679,17.44
"608630","side","w","1",0.506280381349546,0.124646216059438,0.516754406590129,0.131099108402579,0.513115898058546,0.127324328677764,0.424971199957469,0.0933101824306623,0.476992717907799,0.0915411785084825,0.506280381349546,0.124646216059438,59596,44.7333458434978,3388,"Setophaga caerulescens","17-Jun-93",17,"Jun",93,"2.5mi N Skyview Rd on Dirt Road to State Game Lands No.26; 700m","Bedford","PA","GRG","JPD","T-1108","M","ASY","6.5x5 6.5x5.5",9.2,"partial",63.1,49.9,3.2,4.1,10.3,6.9,NA,NA,"blue",20.3,16.6,2,2,2,2,NA,"bill black; mouth lining black; legs munsell 2.5Y 3/2 (very dark grayish brown); very light fat; stomach saved; no molt","","PA.Bedford","Central",40.24508,-78.68679,17.44
"608630","crown","c","1",0.0788738892042942,0.0288503392672424,0.0637246105211757,0.0269347703473725,0.0827265130881663,0.031363166450653,0.099798305361788,0.0285440558936925,0.164092128140389,0.0529056214996748,0.0788738892042942,0.0288503392672424,75626,56.7656220679302,3388,"Setophaga caerulescens","17-Jun-93",17,"Jun",93,"2.5mi N Skyview Rd on Dirt Road to State Game Lands No.26; 700m","Bedford","PA","GRG","JPD","T-1108","M","ASY","6.5x5 6.5x5.5",9.2,"partial",63.1,49.9,3.2,4.1,10.3,6.9,NA,NA,"blue",20.3,16.6,2,2,2,2,NA,"bill black; mouth lining black; legs munsell 2.5Y 3/2 (very dark grayish brown); very light fat; stomach saved; no molt","","PA.Bedford","Central",40.24508,-78.68679,17.44
"608630","dorsal","m","2",0.0587389671614545,0.0185759131992123,0.0488786240097472,0.0178979311730355,0.0607479755542135,0.0210112799225961,0.0800290653758752,0.0214430892572607,0.103312072966928,0.0231184854369938,0.0587389671614545,0.0185759131992123,34969,26.2480765622068,3388,"Setophaga caerulescens","17-Jun-93",17,"Jun",93,"2.5mi N Skyview Rd on Dirt Road to State Game Lands No.26; 700m","Bedford","PA","GRG","JPD","T-1108","M","ASY","6.5x5 6.5x5.5",9.2,"partial",63.1,49.9,3.2,4.1,10.3,6.9,NA,NA,"blue",20.3,16.6,2,2,2,2,NA,"bill black; mouth lining black; legs munsell 2.5Y 3/2 (very dark grayish brown); very light fat; stomach saved; no molt","","PA.Bedford","Central",40.24508,-78.68679,17.44
"608630","dorsal","m","3",0.0532273209412034,0.0159039241364618,0.0441190690046144,0.0140575391011177,0.0550054885506384,0.0178325887832035,0.0745120657656138,0.0194952402767114,0.0982829669816276,0.0207852169387989,0.0532273209412034,0.0159039241364618,33856,25.4126477763183,3388,"Setophaga caerulescens","17-Jun-93",17,"Jun",93,"2.5mi N Skyview Rd on Dirt Road to State Game Lands No.26; 700m","Bedford","PA","GRG","JPD","T-1108","M","ASY","6.5x5 6.5x5.5",9.2,"partial",63.1,49.9,3.2,4.1,10.3,6.9,NA,NA,"blue",20.3,16.6,2,2,2,2,NA,"bill black; mouth lining black; legs munsell 2.5Y 3/2 (very dark grayish brown); very light fat; stomach saved; no molt","","PA.Bedford","Central",40.24508,-78.68679,17.44
"608630","side","o","1",0.0654259850685792,0.015086461723161,0.0583414102612549,0.0127485529059164,0.0674774726672356,0.0154729235898005,0.0816471220617163,0.0208443867701009,0.106224733456906,0.027122234991622,0.0654259850685792,0.015086461723161,66809,50.1474948395571,3388,"Setophaga caerulescens","17-Jun-93",17,"Jun",93,"2.5mi N Skyview Rd on Dirt Road to State Game Lands No.26; 700m","Bedford","PA","GRG","JPD","T-1108","M","ASY","6.5x5 6.5x5.5",9.2,"partial",63.1,49.9,3.2,4.1,10.3,6.9,NA,NA,"blue",20.3,16.6,2,2,2,2,NA,"bill black; mouth lining black; legs munsell 2.5Y 3/2 (very dark grayish brown); very light fat; stomach saved; no molt","","PA.Bedford","Central",40.24508,-78.68679,17.44
"608630","dorsal","m","1",0.0650523797975211,0.0201996613404036,0.0532926868583618,0.0177444734181556,0.0669487160299296,0.0228235196759333,0.089411380548716,0.0241212205032847,0.119103613170823,0.0253026862122684,0.0650523797975211,0.0201996613404036,35343,26.5288046537812,3388,"Setophaga caerulescens","17-Jun-93",17,"Jun",93,"2.5mi N Skyview Rd on Dirt Road to State Game Lands No.26; 700m","Bedford","PA","GRG","JPD","T-1108","M","ASY","6.5x5 6.5x5.5",9.2,"partial",63.1,49.9,3.2,4.1,10.3,6.9,NA,NA,"blue",20.3,16.6,2,2,2,2,NA,"bill black; mouth lining black; legs munsell 2.5Y 3/2 (very dark grayish brown); very light fat; stomach saved; no molt","","PA.Bedford","Central",40.24508,-78.68679,17.44
"608631","ventral","t","1",0.039315977576446,0.00606424031532677,0.0334381983957942,0.0065028798929359,0.0417584055317046,0.00736709886934782,0.0534160563943222,0.00882861534590377,0.0567254871354036,0.00733097761865056,0.039315977576446,0.00606424031532677,152086,114.157252767874,3389,"Setophaga caerulescens","17-Jun-93",17,"Jun",93,"Switch-back Trail on Slopes above Skyview Road and Township Rd T614; 750m (740m770m)","Bedford","PA","GRG","JPD","T-1109","M","ASY","8.5x6.5, 6.5x5.5",10.2,"partial",65.7,50.3,2.9,3.9,10.9,6.9,NA,NA,"blue",12.6,10.4,2,2,2,2,NA,"bill black; mouth lining black; legs munsell 5Y 3/1 (very dark gray); light fat; stomach saved; no molt; 1/2 tail missing; skin washed in ivory snow soap","","PA.Bedford","Central",40.22304,-78.66463,20.13
"608631","dorsal","m","2",0.0693211153361468,0.010625906448567,0.0600816667258016,0.0095748403884407,0.0721090317580845,0.0121916345457461,0.0868248990271047,0.0156801956934014,0.111022900434306,0.0140378609106957,0.0693211153361468,0.010625906448567,30800,23.1187840120098,3389,"Setophaga caerulescens","17-Jun-93",17,"Jun",93,"Switch-back Trail on Slopes above Skyview Road and Township Rd T614; 750m (740m770m)","Bedford","PA","GRG","JPD","T-1109","M","ASY","8.5x6.5, 6.5x5.5",10.2,"partial",65.7,50.3,2.9,3.9,10.9,6.9,NA,NA,"blue",12.6,10.4,2,2,2,2,NA,"bill black; mouth lining black; legs munsell 5Y 3/1 (very dark gray); light fat; stomach saved; no molt; 1/2 tail missing; skin washed in ivory snow soap","","PA.Bedford","Central",40.22304,-78.66463,20.13
"608631","dorsal","m","3",0.0703423795311492,0.0100215575041413,0.0611498919763279,0.00890029464647881,0.0729959505599661,0.0116264095852882,0.0879867130466245,0.015913751019789,0.113605870344548,0.0121575021636183,0.0703423795311492,0.0100215575041413,33488,25.136423343967,3389,"Setophaga caerulescens","17-Jun-93",17,"Jun",93,"Switch-back Trail on Slopes above Skyview Road and Township Rd T614; 750m (740m770m)","Bedford","PA","GRG","JPD","T-1109","M","ASY","8.5x6.5, 6.5x5.5",10.2,"partial",65.7,50.3,2.9,3.9,10.9,6.9,NA,NA,"blue",12.6,10.4,2,2,2,2,NA,"bill black; mouth lining black; legs munsell 5Y 3/1 (very dark gray); light fat; stomach saved; no molt; 1/2 tail missing; skin washed in ivory snow soap","","PA.Bedford","Central",40.22304,-78.66463,20.13
"608631","side","o","1",0.062835221689316,0.0186652333966085,0.0594336290133023,0.0205654725624786,0.0645590714888461,0.0201033497205227,0.0742372299892646,0.0183069550697715,0.0927923706373473,0.0197526238501711,0.062835221689316,0.0186652333966085,20081,15.072996809908,3389,"Setophaga caerulescens","17-Jun-93",17,"Jun",93,"Switch-back Trail on Slopes above Skyview Road and Township Rd T614; 750m (740m770m)","Bedford","PA","GRG","JPD","T-1109","M","ASY","8.5x6.5, 6.5x5.5",10.2,"partial",65.7,50.3,2.9,3.9,10.9,6.9,NA,NA,"blue",12.6,10.4,2,2,2,2,NA,"bill black; mouth lining black; legs munsell 5Y 3/1 (very dark gray); light fat; stomach saved; no molt; 1/2 tail missing; skin washed in ivory snow soap","","PA.Bedford","Central",40.22304,-78.66463,20.13
"608631","dorsal","m","1",0.0678228142786526,0.0109263429185864,0.0589495817068308,0.00937064374696917,0.0704567237330533,0.0123789496809702,0.0852771698864664,0.0167945331958122,0.109583538917669,0.0140274410481484,0.0678228142786526,0.0109263429185864,33856,25.4126477763183,3389,"Setophaga caerulescens","17-Jun-93",17,"Jun",93,"Switch-back Trail on Slopes above Skyview Road and Township Rd T614; 750m (740m770m)","Bedford","PA","GRG","JPD","T-1109","M","ASY","8.5x6.5, 6.5x5.5",10.2,"partial",65.7,50.3,2.9,3.9,10.9,6.9,NA,NA,"blue",12.6,10.4,2,2,2,2,NA,"bill black; mouth lining black; legs munsell 5Y 3/1 (very dark gray); light fat; stomach saved; no molt; 1/2 tail missing; skin washed in ivory snow soap","","PA.Bedford","Central",40.22304,-78.66463,20.13
"608631","side","w","1",0.389373239134222,0.117185056886312,0.392916187080587,0.119066045458124,0.3926798885078,0.119633097254034,0.344684302915028,0.10045591592981,0.395750416263499,0.104019900581821,0.389373239134222,0.117185056886312,34273,25.725652092325,3389,"Setophaga caerulescens","17-Jun-93",17,"Jun",93,"Switch-back Trail on Slopes above Skyview Road and Township Rd T614; 750m (740m770m)","Bedford","PA","GRG","JPD","T-1109","M","ASY","8.5x6.5, 6.5x5.5",10.2,"partial",65.7,50.3,2.9,3.9,10.9,6.9,NA,NA,"blue",12.6,10.4,2,2,2,2,NA,"bill black; mouth lining black; legs munsell 5Y 3/1 (very dark gray); light fat; stomach saved; no molt; 1/2 tail missing; skin washed in ivory snow soap","","PA.Bedford","Central",40.22304,-78.66463,20.13
"608631","crown","c","1",0.087909541553894,0.0330482493401963,0.0718195566933768,0.0260285373921782,0.091890802891051,0.0360924162793403,0.109007565268389,0.0392188561122165,0.179262171029348,0.0481784583824667,0.087909541553894,0.0330482493401963,98468,73.9110527303434,3389,"Setophaga caerulescens","17-Jun-93",17,"Jun",93,"Switch-back Trail on Slopes above Skyview Road and Township Rd T614; 750m (740m770m)","Bedford","PA","GRG","JPD","T-1109","M","ASY","8.5x6.5, 6.5x5.5",10.2,"partial",65.7,50.3,2.9,3.9,10.9,6.9,NA,NA,"blue",12.6,10.4,2,2,2,2,NA,"bill black; mouth lining black; legs munsell 5Y 3/1 (very dark gray); light fat; stomach saved; no molt; 1/2 tail missing; skin washed in ivory snow soap","","PA.Bedford","Central",40.22304,-78.66463,20.13
"608641","dorsal","m","2",0.0719090444385959,0.00653743577056441,0.0650789328588928,0.00607968397391024,0.0736427094786893,0.0074270567094013,0.0885489819481625,0.0104206006000294,0.106477144655533,0.0105772930731935,0.0719090444385959,0.00653743577056441,33672,25.2745355601426,3399,"Setophaga caerulescens","18-Jun-93",18,"Jun",93,"Old Tyrone Pike, 0.6mi N Mountain Road above Bright Run; 560m","Centre","PA","GRG","JPD","T-1119","M","ASY",NA,9.35,"partial",61.7,53.7,3.1,3.7,9.5,6.6,NA,NA,"blue",13.7,13.7,2,2,2,2,NA,"bill black; mouth lining black; legs Munsell 5Y 3/2 (very dark grayish brown); light fat; no molt; stomach saved; testes ruptured, not measured","","PA.Centre","Central",40.761,-78.204,18.57
"608641","side","o","1",0.0671510918271498,0.0113405030251573,0.0657287501382389,0.0139875400937719,0.0682699185728551,0.011679313510899,0.077172089388929,0.0107936328585446,0.0874040410611256,0.00891685260842763,0.0671510918271498,0.0113405030251573,8843,6.63764308500657,3399,"Setophaga caerulescens","18-Jun-93",18,"Jun",93,"Old Tyrone Pike, 0.6mi N Mountain Road above Bright Run; 560m","Centre","PA","GRG","JPD","T-1119","M","ASY",NA,9.35,"partial",61.7,53.7,3.1,3.7,9.5,6.6,NA,NA,"blue",13.7,13.7,2,2,2,2,NA,"bill black; mouth lining black; legs Munsell 5Y 3/2 (very dark grayish brown); light fat; no molt; stomach saved; testes ruptured, not measured","","PA.Centre","Central",40.761,-78.204,18.57
"608641","dorsal","m","1",0.0706455140694717,0.00606726085609627,0.063746406533097,0.00659960476273934,0.072480946642994,0.00691851032707465,0.0869250889403871,0.00933986267010879,0.105512514861265,0.00877921301784187,0.0706455140694717,0.00606726085609627,32942,24.7265903546632,3399,"Setophaga caerulescens","18-Jun-93",18,"Jun",93,"Old Tyrone Pike, 0.6mi N Mountain Road above Bright Run; 560m","Centre","PA","GRG","JPD","T-1119","M","ASY",NA,9.35,"partial",61.7,53.7,3.1,3.7,9.5,6.6,NA,NA,"blue",13.7,13.7,2,2,2,2,NA,"bill black; mouth lining black; legs Munsell 5Y 3/2 (very dark grayish brown); light fat; no molt; stomach saved; testes ruptured, not measured","","PA.Centre","Central",40.761,-78.204,18.57
"608641","crown","c","1",0.0778364128104733,0.02399741700157,0.0626530019965556,0.0234955208736056,0.0809991782467767,0.0244987007088559,0.101530214123918,0.0279939267907842,0.155442328977519,0.061431657178647,0.0778364128104733,0.02399741700157,81460,61.1446800525427,3399,"Setophaga caerulescens","18-Jun-93",18,"Jun",93,"Old Tyrone Pike, 0.6mi N Mountain Road above Bright Run; 560m","Centre","PA","GRG","JPD","T-1119","M","ASY",NA,9.35,"partial",61.7,53.7,3.1,3.7,9.5,6.6,NA,NA,"blue",13.7,13.7,2,2,2,2,NA,"bill black; mouth lining black; legs Munsell 5Y 3/2 (very dark grayish brown); light fat; no molt; stomach saved; testes ruptured, not measured","","PA.Centre","Central",40.761,-78.204,18.57
"608641","ventral","t","1",0.0458296732635493,0.00667706566265288,0.0410927982078974,0.00767054797188592,0.0473988518576858,0.00803940906073826,0.0605275989934367,0.0105370182835964,0.0597335707567359,0.00772250927216787,0.0458296732635493,0.00667706566265288,120950,90.7862638393695,3399,"Setophaga caerulescens","18-Jun-93",18,"Jun",93,"Old Tyrone Pike, 0.6mi N Mountain Road above Bright Run; 560m","Centre","PA","GRG","JPD","T-1119","M","ASY",NA,9.35,"partial",61.7,53.7,3.1,3.7,9.5,6.6,NA,NA,"blue",13.7,13.7,2,2,2,2,NA,"bill black; mouth lining black; legs Munsell 5Y 3/2 (very dark grayish brown); light fat; no molt; stomach saved; testes ruptured, not measured","","PA.Centre","Central",40.761,-78.204,18.57
"608641","dorsal","m","3",0.0755547589755161,0.00703652983749786,0.0687695249003207,0.00723303270224114,0.0774800195326916,0.00789612216529029,0.0911074729077608,0.00980290828099759,0.113320295912498,0.00944995717284886,0.0755547589755161,0.00703652983749786,32761,24.5907299680991,3399,"Setophaga caerulescens","18-Jun-93",18,"Jun",93,"Old Tyrone Pike, 0.6mi N Mountain Road above Bright Run; 560m","Centre","PA","GRG","JPD","T-1119","M","ASY",NA,9.35,"partial",61.7,53.7,3.1,3.7,9.5,6.6,NA,NA,"blue",13.7,13.7,2,2,2,2,NA,"bill black; mouth lining black; legs Munsell 5Y 3/2 (very dark grayish brown); light fat; no molt; stomach saved; testes ruptured, not measured","","PA.Centre","Central",40.761,-78.204,18.57
"608641","side","w","1",0.450446725770682,0.117997335660926,0.463259076624672,0.125088095357243,0.454106925363725,0.119828555478062,0.384431788514914,0.0928430822963362,0.407309222608711,0.0928322494172893,0.450446725770682,0.117997335660926,33176,24.9022330643648,3399,"Setophaga caerulescens","18-Jun-93",18,"Jun",93,"Old Tyrone Pike, 0.6mi N Mountain Road above Bright Run; 560m","Centre","PA","GRG","JPD","T-1119","M","ASY",NA,9.35,"partial",61.7,53.7,3.1,3.7,9.5,6.6,NA,NA,"blue",13.7,13.7,2,2,2,2,NA,"bill black; mouth lining black; legs Munsell 5Y 3/2 (very dark grayish brown); light fat; no molt; stomach saved; testes ruptured, not measured","","PA.Centre","Central",40.761,-78.204,18.57
"608642","dorsal","m","2",0.0610938626127275,0.0125729633657852,0.0550312756322155,0.0111707841041779,0.0622166124426101,0.0138715653178875,0.0793094386901073,0.0180141117740096,0.09477794890572,0.0197846605269041,0.0610938626127275,0.0125729633657852,33306,24.9998123475324,3400,"Setophaga caerulescens","18-Jun-93",18,"Jun",93,"Old Tyrone Pike, 0.6mi N Mountain Road above Bright Run; 560m","Centre","PA","GRG","JPD","T-1120","M","ASY","6.5x5, 5x5",9.8,"partial",63.6,51.8,3.2,4.1,11.5,6.8,NA,NA,"blue",12.8,15.5,2,2,3,2,NA,"bill black; mouth lining black; legs Munsell 5Y 2.5/2 (black); light fat; no molt; stomach saved; testes both mushy","","PA.Centre","Central",40.761,-78.204,19.09
"608642","ventral","t","1",0.0416466105095065,0.00521939046046321,0.0359295856969825,0.0060801508011139,0.0431655211596096,0.00656700120043723,0.0584633136820652,0.00940048149728273,0.0575769568603438,0.0062780336138337,0.0416466105095065,0.00521939046046321,98006,73.5642709701633,3400,"Setophaga caerulescens","18-Jun-93",18,"Jun",93,"Old Tyrone Pike, 0.6mi N Mountain Road above Bright Run; 560m","Centre","PA","GRG","JPD","T-1120","M","ASY","6.5x5, 5x5",9.8,"partial",63.6,51.8,3.2,4.1,11.5,6.8,NA,NA,"blue",12.8,15.5,2,2,3,2,NA,"bill black; mouth lining black; legs Munsell 5Y 2.5/2 (black); light fat; no molt; stomach saved; testes both mushy","","PA.Centre","Central",40.761,-78.204,19.09
"608642","side","w","1",0.430798796383209,0.141989276937784,0.43787401952267,0.146765894777526,0.431405815921757,0.14235451104498,0.379402023117881,0.11469470069785,0.455637525873743,0.115725130680631,0.430798796383209,0.141989276937784,62923,47.2306248827172,3400,"Setophaga caerulescens","18-Jun-93",18,"Jun",93,"Old Tyrone Pike, 0.6mi N Mountain Road above Bright Run; 560m","Centre","PA","GRG","JPD","T-1120","M","ASY","6.5x5, 5x5",9.8,"partial",63.6,51.8,3.2,4.1,11.5,6.8,NA,NA,"blue",12.8,15.5,2,2,3,2,NA,"bill black; mouth lining black; legs Munsell 5Y 2.5/2 (black); light fat; no molt; stomach saved; testes both mushy","","PA.Centre","Central",40.761,-78.204,19.09
"608642","dorsal","m","3",0.0604585878035929,0.0102919925251988,0.0531519643629551,0.00870798942141364,0.0615464563897642,0.0117484767378316,0.0809469574143055,0.0167533176943565,0.0985985171956184,0.0155604060993054,0.0604585878035929,0.0102919925251988,34040,25.5507599924939,3400,"Setophaga caerulescens","18-Jun-93",18,"Jun",93,"Old Tyrone Pike, 0.6mi N Mountain Road above Bright Run; 560m","Centre","PA","GRG","JPD","T-1120","M","ASY","6.5x5, 5x5",9.8,"partial",63.6,51.8,3.2,4.1,11.5,6.8,NA,NA,"blue",12.8,15.5,2,2,3,2,NA,"bill black; mouth lining black; legs Munsell 5Y 2.5/2 (black); light fat; no molt; stomach saved; testes both mushy","","PA.Centre","Central",40.761,-78.204,19.09
"608642","dorsal","m","1",0.0569889996709078,0.00835026157062525,0.05204151096164,0.00810702674794858,0.0578603884312465,0.00975967528647444,0.0743508624850892,0.0143332088986892,0.0855961008945632,0.013725163316404,0.0569889996709078,0.00835026157062525,33124,24.8632013510978,3400,"Setophaga caerulescens","18-Jun-93",18,"Jun",93,"Old Tyrone Pike, 0.6mi N Mountain Road above Bright Run; 560m","Centre","PA","GRG","JPD","T-1120","M","ASY","6.5x5, 5x5",9.8,"partial",63.6,51.8,3.2,4.1,11.5,6.8,NA,NA,"blue",12.8,15.5,2,2,3,2,NA,"bill black; mouth lining black; legs Munsell 5Y 2.5/2 (black); light fat; no molt; stomach saved; testes both mushy","","PA.Centre","Central",40.761,-78.204,19.09
"608642","side","o","1",0.106915216308369,0.0255639949658279,0.11184678414017,0.0291645433424201,0.10815673144773,0.0262904105750657,0.102858243201548,0.0196765812872956,0.125084953282412,0.0157103689713467,0.106915216308369,0.0255639949658279,4506,3.38224807656221,3400,"Setophaga caerulescens","18-Jun-93",18,"Jun",93,"Old Tyrone Pike, 0.6mi N Mountain Road above Bright Run; 560m","Centre","PA","GRG","JPD","T-1120","M","ASY","6.5x5, 5x5",9.8,"partial",63.6,51.8,3.2,4.1,11.5,6.8,NA,NA,"blue",12.8,15.5,2,2,3,2,NA,"bill black; mouth lining black; legs Munsell 5Y 2.5/2 (black); light fat; no molt; stomach saved; testes both mushy","","PA.Centre","Central",40.761,-78.204,19.09
"608642","crown","c","1",0.0710024259726426,0.0188676414333853,0.0552397408877562,0.0194507699714515,0.0740788390360268,0.0196511868895216,0.0959923961173872,0.0233408642743231,0.165173933329457,0.0564637532485867,0.0710024259726426,0.0188676414333853,81036,60.8264214674423,3400,"Setophaga caerulescens","18-Jun-93",18,"Jun",93,"Old Tyrone Pike, 0.6mi N Mountain Road above Bright Run; 560m","Centre","PA","GRG","JPD","T-1120","M","ASY","6.5x5, 5x5",9.8,"partial",63.6,51.8,3.2,4.1,11.5,6.8,NA,NA,"blue",12.8,15.5,2,2,3,2,NA,"bill black; mouth lining black; legs Munsell 5Y 2.5/2 (black); light fat; no molt; stomach saved; testes both mushy","","PA.Centre","Central",40.761,-78.204,19.09
"608648","ventral","t","1",0.0436814685763378,0.00527687857094551,0.0392194452482662,0.006283572926817,0.0453413903598804,0.00661937457027173,0.0579857337332231,0.00895718582137649,0.0587280857708254,0.00561612834395532,0.0436814685763378,0.00527687857094551,152538,114.496528429349,3406,"Setophaga caerulescens","18-Jun-93",18,"Jun",93,"Old Tyrone Pike, 0.95mi N Mountain Road above Bright Run; 610m","Centre","PA","GRG","CJD","T-1126","M","ASY","6x5, 5x5",9.8,"partial",64.2,55.4,3,4.1,10.1,6.9,NA,NA,"blue",13.6,16.5,2,2,3,2,NA,"bill black; mouth lining black; legs Munsell 5Y 2.5/1 (black); moderate fat; no molt; stomach saved; L testis flat","","PA.Centre","Central",40.764,-78.198,19.07
"608648","side","w","1",0.467571119661772,0.13684163454307,0.483666871688667,0.145012167190787,0.471413206664154,0.138869918827109,0.393482151251678,0.102095338081166,0.4160084483564,0.0897419513080693,0.467571119661772,0.13684163454307,53122,39.8738975417527,3406,"Setophaga caerulescens","18-Jun-93",18,"Jun",93,"Old Tyrone Pike, 0.95mi N Mountain Road above Bright Run; 610m","Centre","PA","GRG","CJD","T-1126","M","ASY","6x5, 5x5",9.8,"partial",64.2,55.4,3,4.1,10.1,6.9,NA,NA,"blue",13.6,16.5,2,2,3,2,NA,"bill black; mouth lining black; legs Munsell 5Y 2.5/1 (black); moderate fat; no molt; stomach saved; L testis flat","","PA.Centre","Central",40.764,-78.198,19.07
"608648","dorsal","m","3",0.0560968882142491,0.0148297705964117,0.0513048867650553,0.0137785942383215,0.0576051960764792,0.0165818293951551,0.0715498404186401,0.0188323105247508,0.0842759303845495,0.0167596508645314,0.0560968882142491,0.0148297705964117,34040,25.5507599924939,3406,"Setophaga caerulescens","18-Jun-93",18,"Jun",93,"Old Tyrone Pike, 0.95mi N Mountain Road above Bright Run; 610m","Centre","PA","GRG","CJD","T-1126","M","ASY","6x5, 5x5",9.8,"partial",64.2,55.4,3,4.1,10.1,6.9,NA,NA,"blue",13.6,16.5,2,2,3,2,NA,"bill black; mouth lining black; legs Munsell 5Y 2.5/1 (black); moderate fat; no molt; stomach saved; L testis flat","","PA.Centre","Central",40.764,-78.198,19.07
"608648","side","o","1",0.0954088393852787,0.0351646497026422,0.0987881176344588,0.0410469601601263,0.0965792422212203,0.0356207963542648,0.0950371336922824,0.0238944189099033,0.107011110629019,0.0267344824696785,0.0954088393852787,0.0351646497026422,4572,3.43178832801651,3406,"Setophaga caerulescens","18-Jun-93",18,"Jun",93,"Old Tyrone Pike, 0.95mi N Mountain Road above Bright Run; 610m","Centre","PA","GRG","CJD","T-1126","M","ASY","6x5, 5x5",9.8,"partial",64.2,55.4,3,4.1,10.1,6.9,NA,NA,"blue",13.6,16.5,2,2,3,2,NA,"bill black; mouth lining black; legs Munsell 5Y 2.5/1 (black); moderate fat; no molt; stomach saved; L testis flat","","PA.Centre","Central",40.764,-78.198,19.07
"608648","dorsal","m","1",0.0566140835784105,0.014653498834482,0.0503890691715673,0.0131424238615205,0.0580081535353202,0.0165677130141453,0.0747905446431198,0.0203159327389692,0.0873934889866465,0.018412103433335,0.0566140835784105,0.014653498834482,33671,25.2737849502721,3406,"Setophaga caerulescens","18-Jun-93",18,"Jun",93,"Old Tyrone Pike, 0.95mi N Mountain Road above Bright Run; 610m","Centre","PA","GRG","CJD","T-1126","M","ASY","6x5, 5x5",9.8,"partial",64.2,55.4,3,4.1,10.1,6.9,NA,NA,"blue",13.6,16.5,2,2,3,2,NA,"bill black; mouth lining black; legs Munsell 5Y 2.5/1 (black); moderate fat; no molt; stomach saved; L testis flat","","PA.Centre","Central",40.764,-78.198,19.07
"608648","dorsal","m","2",0.0537809997357273,0.0128040944228069,0.0478822369707812,0.0115464222399261,0.055249098543382,0.0146186662478622,0.0712072355126279,0.0179395851024033,0.0834921065683824,0.0161593276032176,0.0537809997357273,0.0128040944228069,33856,25.4126477763183,3406,"Setophaga caerulescens","18-Jun-93",18,"Jun",93,"Old Tyrone Pike, 0.95mi N Mountain Road above Bright Run; 610m","Centre","PA","GRG","CJD","T-1126","M","ASY","6x5, 5x5",9.8,"partial",64.2,55.4,3,4.1,10.1,6.9,NA,NA,"blue",13.6,16.5,2,2,3,2,NA,"bill black; mouth lining black; legs Munsell 5Y 2.5/1 (black); moderate fat; no molt; stomach saved; L testis flat","","PA.Centre","Central",40.764,-78.198,19.07
"608648","crown","c","1",0.0640190481991976,0.0307142453253287,0.0495686426245496,0.0306250557177742,0.0692227147595543,0.0326284518614013,0.0799075193943798,0.0285589887378546,0.1212311319839,0.0486485002565408,0.0640190481991976,0.0307142453253287,71629,53.7654344154626,3406,"Setophaga caerulescens","18-Jun-93",18,"Jun",93,"Old Tyrone Pike, 0.95mi N Mountain Road above Bright Run; 610m","Centre","PA","GRG","CJD","T-1126","M","ASY","6x5, 5x5",9.8,"partial",64.2,55.4,3,4.1,10.1,6.9,NA,NA,"blue",13.6,16.5,2,2,3,2,NA,"bill black; mouth lining black; legs Munsell 5Y 2.5/1 (black); moderate fat; no molt; stomach saved; L testis flat","","PA.Centre","Central",40.764,-78.198,19.07
"610037","side","w","1",0.380162702916636,0.129963033994016,0.377058381544176,0.124544860860699,0.380321004160056,0.129655323402113,0.352195022731462,0.120644223586228,0.448533952053306,0.143978793703904,0.380162702916636,0.129963033994016,48085,36.0930756239445,3545,"Setophaga caerulescens","13-Jun-96",13,"Jun",96,"Santeetlah Creek, 4.85mi below Stratton Gap on Forest Service Road 81, Nantahala Nat'l Forest; 875m","Graham","NC","GRG","JPA","T-1265","M","ASY","6.5x6, 5x4.5",9.6,"partial",63.4,55.6,NA,NA,11,5.9,NA,NA,"blue",13.8,13.7,2,2,2,NA,NA,"mouth lining: slaty gray; legs Munsell 5Y 2.5/2; little fat; weight post-freezing; skull SCO","","NC.Graham","South",35.34761,-84.02686,18.3
"610037","dorsal","m","3",0.0508678888516041,0.0142747848085198,0.045297174924157,0.0144198954908297,0.0524059993657089,0.0151289058495253,0.0676083452334586,0.0154688160080625,0.08088076238344,0.0239984500834694,0.0508678888516041,0.0142747848085198,33124,24.8632013510978,3545,"Setophaga caerulescens","13-Jun-96",13,"Jun",96,"Santeetlah Creek, 4.85mi below Stratton Gap on Forest Service Road 81, Nantahala Nat'l Forest; 875m","Graham","NC","GRG","JPA","T-1265","M","ASY","6.5x6, 5x4.5",9.6,"partial",63.4,55.6,NA,NA,11,5.9,NA,NA,"blue",13.8,13.7,2,2,2,NA,NA,"mouth lining: slaty gray; legs Munsell 5Y 2.5/2; little fat; weight post-freezing; skull SCO","","NC.Graham","South",35.34761,-84.02686,18.3
"610037","dorsal","m","2",0.0509090655197722,0.0121071689666645,0.0453288167675351,0.0122777882083887,0.0525179233618714,0.0130665372230537,0.0674683298231727,0.0136807416801036,0.0802060358585317,0.0207798315467845,0.0509090655197722,0.0121071689666645,32760,24.5899793582286,3545,"Setophaga caerulescens","13-Jun-96",13,"Jun",96,"Santeetlah Creek, 4.85mi below Stratton Gap on Forest Service Road 81, Nantahala Nat'l Forest; 875m","Graham","NC","GRG","JPA","T-1265","M","ASY","6.5x6, 5x4.5",9.6,"partial",63.4,55.6,NA,NA,11,5.9,NA,NA,"blue",13.8,13.7,2,2,2,NA,NA,"mouth lining: slaty gray; legs Munsell 5Y 2.5/2; little fat; weight post-freezing; skull SCO","","NC.Graham","South",35.34761,-84.02686,18.3
"610037","crown","c","1",0.0769301776270529,0.0267484059823696,0.0635842824495034,0.0220043453706767,0.0809426403146024,0.029140803569045,0.0943022958773086,0.0326535034007616,0.150258121081366,0.0440829632666733,0.0769301776270529,0.0267484059823696,61073,45.8419966222556,3545,"Setophaga caerulescens","13-Jun-96",13,"Jun",96,"Santeetlah Creek, 4.85mi below Stratton Gap on Forest Service Road 81, Nantahala Nat'l Forest; 875m","Graham","NC","GRG","JPA","T-1265","M","ASY","6.5x6, 5x4.5",9.6,"partial",63.4,55.6,NA,NA,11,5.9,NA,NA,"blue",13.8,13.7,2,2,2,NA,NA,"mouth lining: slaty gray; legs Munsell 5Y 2.5/2; little fat; weight post-freezing; skull SCO","","NC.Graham","South",35.34761,-84.02686,18.3
"610037","dorsal","m","1",0.0537024916997745,0.0147347779546052,0.0470725055043181,0.0144805290735749,0.0554353818728931,0.015876608199948,0.071332949997422,0.015947040498467,0.0842783378111978,0.023960371861221,0.0537024916997745,0.0147347779546052,33855,25.4118971664477,3545,"Setophaga caerulescens","13-Jun-96",13,"Jun",96,"Santeetlah Creek, 4.85mi below Stratton Gap on Forest Service Road 81, Nantahala Nat'l Forest; 875m","Graham","NC","GRG","JPA","T-1265","M","ASY","6.5x6, 5x4.5",9.6,"partial",63.4,55.6,NA,NA,11,5.9,NA,NA,"blue",13.8,13.7,2,2,2,NA,NA,"mouth lining: slaty gray; legs Munsell 5Y 2.5/2; little fat; weight post-freezing; skull SCO","","NC.Graham","South",35.34761,-84.02686,18.3
"610037","side","o","1",0.0578793543734054,0.0122885414023284,0.0536519453559978,0.0130335631304823,0.0594007221514854,0.0126180619390793,0.0717573476829347,0.0126608795182375,0.0859243763454356,0.0136868327911578,0.0578793543734054,0.0122885414023284,10477,7.86413961343592,3545,"Setophaga caerulescens","13-Jun-96",13,"Jun",96,"Santeetlah Creek, 4.85mi below Stratton Gap on Forest Service Road 81, Nantahala Nat'l Forest; 875m","Graham","NC","GRG","JPA","T-1265","M","ASY","6.5x6, 5x4.5",9.6,"partial",63.4,55.6,NA,NA,11,5.9,NA,NA,"blue",13.8,13.7,2,2,2,NA,NA,"mouth lining: slaty gray; legs Munsell 5Y 2.5/2; little fat; weight post-freezing; skull SCO","","NC.Graham","South",35.34761,-84.02686,18.3
"610045","dorsal","m","1",0.0539480614794124,0.00956204379468031,0.0478814627491209,0.00947402408240076,0.0554933810199572,0.0113220390244677,0.071283422055239,0.0145000504254019,0.0884008395196856,0.0144894265565506,0.0539480614794124,0.00956204379468031,32761,24.5907299680991,3553,"Setophaga caerulescens","14-Jun-96",14,"Jun",96,"Santeetlah Creek, 3.7mi below Stratton Gap on Forest Service Road 81, Nantahala Nat'l Forest; 1010m","Graham","NC","GRG","CMM","T-1273","M","ASY",NA,9.1,"partial",63,53.4,3,4,10.4,6.6,NA,NA,"blue",17.9,20.6,2,2,2,2,NA,"mouth lining: slaty; legs Munsell 5Y 3/2; little fat; no molt; weight post-freezing; seminal vesicles 4x4mm; testes not found","","NC.Graham","South",35.34761,-84.02686,18.91
"610045","dorsal","m","3",0.0607581475661031,0.00985234137137194,0.0540171561884717,0.00994461284549379,0.0622876735591281,0.0116405725962851,0.0789389364271449,0.0152418458502296,0.0992523926855497,0.0145765026431339,0.0607581475661031,0.00985234137137194,34040,25.5507599924939,3553,"Setophaga caerulescens","14-Jun-96",14,"Jun",96,"Santeetlah Creek, 3.7mi below Stratton Gap on Forest Service Road 81, Nantahala Nat'l Forest; 1010m","Graham","NC","GRG","CMM","T-1273","M","ASY",NA,9.1,"partial",63,53.4,3,4,10.4,6.6,NA,NA,"blue",17.9,20.6,2,2,2,2,NA,"mouth lining: slaty; legs Munsell 5Y 3/2; little fat; no molt; weight post-freezing; seminal vesicles 4x4mm; testes not found","","NC.Graham","South",35.34761,-84.02686,18.91
"610045","side","o","1",0.0653922707041737,0.0177705221974101,0.0629158394556458,0.0199584282866384,0.0664790898705791,0.0181991406357336,0.0771481923136131,0.0152216541185985,0.0894562836178753,0.0143044984856532,0.0653922707041737,0.0177705221974101,10215,7.66747982735973,3553,"Setophaga caerulescens","14-Jun-96",14,"Jun",96,"Santeetlah Creek, 3.7mi below Stratton Gap on Forest Service Road 81, Nantahala Nat'l Forest; 1010m","Graham","NC","GRG","CMM","T-1273","M","ASY",NA,9.1,"partial",63,53.4,3,4,10.4,6.6,NA,NA,"blue",17.9,20.6,2,2,2,2,NA,"mouth lining: slaty; legs Munsell 5Y 3/2; little fat; no molt; weight post-freezing; seminal vesicles 4x4mm; testes not found","","NC.Graham","South",35.34761,-84.02686,18.91
"610045","dorsal","m","2",0.052711438360554,0.0105032462503213,0.0472074655299251,0.0100639328206443,0.0541181206611631,0.0120716555861476,0.0697280167016565,0.0155043961464561,0.0848801594080213,0.0156776098358044,0.052711438360554,0.0105032462503213,33855,25.4118971664477,3553,"Setophaga caerulescens","14-Jun-96",14,"Jun",96,"Santeetlah Creek, 3.7mi below Stratton Gap on Forest Service Road 81, Nantahala Nat'l Forest; 1010m","Graham","NC","GRG","CMM","T-1273","M","ASY",NA,9.1,"partial",63,53.4,3,4,10.4,6.6,NA,NA,"blue",17.9,20.6,2,2,2,2,NA,"mouth lining: slaty; legs Munsell 5Y 3/2; little fat; no molt; weight post-freezing; seminal vesicles 4x4mm; testes not found","","NC.Graham","South",35.34761,-84.02686,18.91
"610045","side","w","1",0.527020566353839,0.127499227514769,0.53827352678618,0.133401833251154,0.531349782592746,0.129816209296349,0.444626795888408,0.0990802665109486,0.513146615421044,0.100515947188607,0.527020566353839,0.127499227514769,81865,61.4486770501032,3553,"Setophaga caerulescens","14-Jun-96",14,"Jun",96,"Santeetlah Creek, 3.7mi below Stratton Gap on Forest Service Road 81, Nantahala Nat'l Forest; 1010m","Graham","NC","GRG","CMM","T-1273","M","ASY",NA,9.1,"partial",63,53.4,3,4,10.4,6.6,NA,NA,"blue",17.9,20.6,2,2,2,2,NA,"mouth lining: slaty; legs Munsell 5Y 3/2; little fat; no molt; weight post-freezing; seminal vesicles 4x4mm; testes not found","","NC.Graham","South",35.34761,-84.02686,18.91
"610045","ventral","t","1",0.0398320921382946,0.010195339283151,0.0357502511000307,0.011233052190858,0.0417346728493908,0.0109150097028307,0.0526175239399506,0.0102823703585231,0.0550996387776054,0.00992712896514459,0.0398320921382946,0.010195339283151,175196,131.503846875586,3553,"Setophaga caerulescens","14-Jun-96",14,"Jun",96,"Santeetlah Creek, 3.7mi below Stratton Gap on Forest Service Road 81, Nantahala Nat'l Forest; 1010m","Graham","NC","GRG","CMM","T-1273","M","ASY",NA,9.1,"partial",63,53.4,3,4,10.4,6.6,NA,NA,"blue",17.9,20.6,2,2,2,2,NA,"mouth lining: slaty; legs Munsell 5Y 3/2; little fat; no molt; weight post-freezing; seminal vesicles 4x4mm; testes not found","","NC.Graham","South",35.34761,-84.02686,18.91
"610045","crown","c","1",0.0734109834283525,0.0253759234411787,0.0599668728804756,0.0232715083085209,0.0769863291106657,0.0277031780579229,0.0926323321758403,0.0266668852133099,0.14809578701373,0.0457813916156042,0.0734109834283525,0.0253759234411787,83394,62.596359542128,3553,"Setophaga caerulescens","14-Jun-96",14,"Jun",96,"Santeetlah Creek, 3.7mi below Stratton Gap on Forest Service Road 81, Nantahala Nat'l Forest; 1010m","Graham","NC","GRG","CMM","T-1273","M","ASY",NA,9.1,"partial",63,53.4,3,4,10.4,6.6,NA,NA,"blue",17.9,20.6,2,2,2,2,NA,"mouth lining: slaty; legs Munsell 5Y 3/2; little fat; no molt; weight post-freezing; seminal vesicles 4x4mm; testes not found","","NC.Graham","South",35.34761,-84.02686,18.91
"610049","dorsal","m","3",0.0472644011606366,0.0085155612848303,0.041925729295715,0.008147260094986,0.0485094347462818,0.00990053418769085,0.0647586671991677,0.0126692768403161,0.0782025092171453,0.0126739959703944,0.0472644011606366,0.0085155612848303,33124,24.8632013510978,3557,"Setophaga caerulescens","14-Jun-96",14,"Jun",96,"Santeetlah Creek, 2.7mi below Stratton Gap on Forest Service Road 81, Nantahala Nat'l Forest; 1125m","Graham","NC","GRG","BKS","T-1277","M","ASY","7x6, 5x4",10,"partial",66.1,55.1,2.8,4.5,NA,NA,NA,NA,"blue",20,20.3,2,2,2,2,NA,"mouth lining: black; legs Munsell 5Y 2.5/2; trace fat; no molt; weight post-freezing; skull 100% pneumatized; seminal vesicles 4x4mm, tubules enlarged; tip of bill broken","","NC.Graham","South",35.34761,-84.02686,19.04
"610049","ventral","t","1",0.0390157079495649,0.00900067944164108,0.0344262322660249,0.00989611960946562,0.0401845257176112,0.0102217603426491,0.0553095750682242,0.0117333979296268,0.0560427893076424,0.00767810423045972,0.0390157079495649,0.00900067944164108,179555,134.775755301182,3557,"Setophaga caerulescens","14-Jun-96",14,"Jun",96,"Santeetlah Creek, 2.7mi below Stratton Gap on Forest Service Road 81, Nantahala Nat'l Forest; 1125m","Graham","NC","GRG","BKS","T-1277","M","ASY","7x6, 5x4",10,"partial",66.1,55.1,2.8,4.5,NA,NA,NA,NA,"blue",20,20.3,2,2,2,2,NA,"mouth lining: black; legs Munsell 5Y 2.5/2; trace fat; no molt; weight post-freezing; skull 100% pneumatized; seminal vesicles 4x4mm, tubules enlarged; tip of bill broken","","NC.Graham","South",35.34761,-84.02686,19.04
"610049","side","w","1",0.44846959815675,0.112075311810927,0.45579888459812,0.114419864000177,0.450636846461284,0.113144678975653,0.391038904119066,0.0948629167221832,0.447313486452111,0.111410042629049,0.44846959815675,0.112075311810927,71353,53.5582660911991,3557,"Setophaga caerulescens","14-Jun-96",14,"Jun",96,"Santeetlah Creek, 2.7mi below Stratton Gap on Forest Service Road 81, Nantahala Nat'l Forest; 1125m","Graham","NC","GRG","BKS","T-1277","M","ASY","7x6, 5x4",10,"partial",66.1,55.1,2.8,4.5,NA,NA,NA,NA,"blue",20,20.3,2,2,2,2,NA,"mouth lining: black; legs Munsell 5Y 2.5/2; trace fat; no molt; weight post-freezing; skull 100% pneumatized; seminal vesicles 4x4mm, tubules enlarged; tip of bill broken","","NC.Graham","South",35.34761,-84.02686,19.04
"610049","crown","c","1",0.0633018733684776,0.0259651987007066,0.0511674806668091,0.0216951665224202,0.0670725444725874,0.0285937990765781,0.0801905522180819,0.0299704135842492,0.129616841620435,0.0439320690817975,0.0633018733684776,0.0259651987007066,129088,96.8947269656596,3557,"Setophaga caerulescens","14-Jun-96",14,"Jun",96,"Santeetlah Creek, 2.7mi below Stratton Gap on Forest Service Road 81, Nantahala Nat'l Forest; 1125m","Graham","NC","GRG","BKS","T-1277","M","ASY","7x6, 5x4",10,"partial",66.1,55.1,2.8,4.5,NA,NA,NA,NA,"blue",20,20.3,2,2,2,2,NA,"mouth lining: black; legs Munsell 5Y 2.5/2; trace fat; no molt; weight post-freezing; skull 100% pneumatized; seminal vesicles 4x4mm, tubules enlarged; tip of bill broken","","NC.Graham","South",35.34761,-84.02686,19.04
"610049","side","o","1",0.0701116537191984,0.0217044518575461,0.0687713795078762,0.0245902553801792,0.0711132741472389,0.0223421850459783,0.0802335535491366,0.0181516115943421,0.0937904576777834,0.0148166955793946,0.0701116537191984,0.0217044518575461,6482,4.86545318070933,3557,"Setophaga caerulescens","14-Jun-96",14,"Jun",96,"Santeetlah Creek, 2.7mi below Stratton Gap on Forest Service Road 81, Nantahala Nat'l Forest; 1125m","Graham","NC","GRG","BKS","T-1277","M","ASY","7x6, 5x4",10,"partial",66.1,55.1,2.8,4.5,NA,NA,NA,NA,"blue",20,20.3,2,2,2,2,NA,"mouth lining: black; legs Munsell 5Y 2.5/2; trace fat; no molt; weight post-freezing; skull 100% pneumatized; seminal vesicles 4x4mm, tubules enlarged; tip of bill broken","","NC.Graham","South",35.34761,-84.02686,19.04
"610049","dorsal","m","2",0.042055029210791,0.00828402368932671,0.0375091588642895,0.00782223858712797,0.0431797629688695,0.00963506284689339,0.0589018481678733,0.0124369090253003,0.0679660805121169,0.0124322882528437,0.042055029210791,0.00828402368932671,33489,25.1371739538375,3557,"Setophaga caerulescens","14-Jun-96",14,"Jun",96,"Santeetlah Creek, 2.7mi below Stratton Gap on Forest Service Road 81, Nantahala Nat'l Forest; 1125m","Graham","NC","GRG","BKS","T-1277","M","ASY","7x6, 5x4",10,"partial",66.1,55.1,2.8,4.5,NA,NA,NA,NA,"blue",20,20.3,2,2,2,2,NA,"mouth lining: black; legs Munsell 5Y 2.5/2; trace fat; no molt; weight post-freezing; skull 100% pneumatized; seminal vesicles 4x4mm, tubules enlarged; tip of bill broken","","NC.Graham","South",35.34761,-84.02686,19.04
"610049","dorsal","m","1",0.0403938643625626,0.00599540937078696,0.0356280521715518,0.00631849668517654,0.0414610774112186,0.00747976255662018,0.0577678890570455,0.0103533842984474,0.0667455559299787,0.00882423640733518,0.0403938643625626,0.00599540937078696,33124,24.8632013510978,3557,"Setophaga caerulescens","14-Jun-96",14,"Jun",96,"Santeetlah Creek, 2.7mi below Stratton Gap on Forest Service Road 81, Nantahala Nat'l Forest; 1125m","Graham","NC","GRG","BKS","T-1277","M","ASY","7x6, 5x4",10,"partial",66.1,55.1,2.8,4.5,NA,NA,NA,NA,"blue",20,20.3,2,2,2,2,NA,"mouth lining: black; legs Munsell 5Y 2.5/2; trace fat; no molt; weight post-freezing; skull 100% pneumatized; seminal vesicles 4x4mm, tubules enlarged; tip of bill broken","","NC.Graham","South",35.34761,-84.02686,19.04
"610052","dorsal","m","1",0.0646088519850424,0.0147461023256336,0.0582860848177339,0.0108347966035384,0.0660698098302859,0.0168433660697244,0.081995216553601,0.0217004126895637,0.102909370637422,0.0106403134503471,0.0646088519850424,0.0147461023256336,33122,24.8617001313567,3560,"Setophaga caerulescens","15-Jun-96",15,"Jun",96,"Santeetlah Creek, 2.3mi below Stratton Gap on Forest Service Road 81, Nantahala Nat'l Forest; 1175m","Graham","NC","GRG","JPA","T-1280","M","SY","7x6, 4.5x6",9.4,"partial",63.2,54.6,NA,NA,NA,NA,NA,NA,"green",8.7,7.2,2,2,2,2,NA,"mouth lining: cream; legs Munsell 2.5Y 3/2; no fat; skull SCO; weight post-freezing; bill cracked at nares and lower bill misaligned with upper bill","","NC.Graham","South",35.34761,-84.02686,17.83
"610052","dorsal","m","3",0.0655207259528855,0.0159551592248863,0.059805811662506,0.0125191619765655,0.0670423522800722,0.0181855463860009,0.0815207065636541,0.0217901195923565,0.104541758751753,0.0106762948213453,0.0655207259528855,0.0159551592248863,32580,24.454869581535,3560,"Setophaga caerulescens","15-Jun-96",15,"Jun",96,"Santeetlah Creek, 2.3mi below Stratton Gap on Forest Service Road 81, Nantahala Nat'l Forest; 1175m","Graham","NC","GRG","JPA","T-1280","M","SY","7x6, 4.5x6",9.4,"partial",63.2,54.6,NA,NA,NA,NA,NA,NA,"green",8.7,7.2,2,2,2,2,NA,"mouth lining: cream; legs Munsell 2.5Y 3/2; no fat; skull SCO; weight post-freezing; bill cracked at nares and lower bill misaligned with upper bill","","NC.Graham","South",35.34761,-84.02686,17.83
"610052","side","o","1",0.0746744377766418,0.0140465526741663,0.0777272611506371,0.0166903658599275,0.075711331757546,0.0152310741743081,0.0767424679956535,0.0105927893624151,0.0961006717505,0.0119615378611498,0.0746744377766418,0.0140465526741663,6575,4.93525989866767,3560,"Setophaga caerulescens","15-Jun-96",15,"Jun",96,"Santeetlah Creek, 2.3mi below Stratton Gap on Forest Service Road 81, Nantahala Nat'l Forest; 1175m","Graham","NC","GRG","JPA","T-1280","M","SY","7x6, 4.5x6",9.4,"partial",63.2,54.6,NA,NA,NA,NA,NA,NA,"green",8.7,7.2,2,2,2,2,NA,"mouth lining: cream; legs Munsell 2.5Y 3/2; no fat; skull SCO; weight post-freezing; bill cracked at nares and lower bill misaligned with upper bill","","NC.Graham","South",35.34761,-84.02686,17.83
"610052","crown","c","1",0.0735923580561546,0.027794685417114,0.0616704565504268,0.0219576168945896,0.0776853941985879,0.0305959619338347,0.0889434459396342,0.0354147225012117,0.154789193946776,0.0473596458402269,0.0735923580561546,0.027794685417114,84398,63.3499718521299,3560,"Setophaga caerulescens","15-Jun-96",15,"Jun",96,"Santeetlah Creek, 2.3mi below Stratton Gap on Forest Service Road 81, Nantahala Nat'l Forest; 1175m","Graham","NC","GRG","JPA","T-1280","M","SY","7x6, 4.5x6",9.4,"partial",63.2,54.6,NA,NA,NA,NA,NA,NA,"green",8.7,7.2,2,2,2,2,NA,"mouth lining: cream; legs Munsell 2.5Y 3/2; no fat; skull SCO; weight post-freezing; bill cracked at nares and lower bill misaligned with upper bill","","NC.Graham","South",35.34761,-84.02686,17.83
"610052","ventral","t","1",0.0496325205197047,0.0157641291602721,0.0459642068355132,0.0170897199934836,0.0514726823735098,0.0168589716331798,0.0617806910474374,0.014869036170405,0.0682245354650036,0.0131922979107836,0.0496325205197047,0.0157641291602721,107220,80.4803903171327,3560,"Setophaga caerulescens","15-Jun-96",15,"Jun",96,"Santeetlah Creek, 2.3mi below Stratton Gap on Forest Service Road 81, Nantahala Nat'l Forest; 1175m","Graham","NC","GRG","JPA","T-1280","M","SY","7x6, 4.5x6",9.4,"partial",63.2,54.6,NA,NA,NA,NA,NA,NA,"green",8.7,7.2,2,2,2,2,NA,"mouth lining: cream; legs Munsell 2.5Y 3/2; no fat; skull SCO; weight post-freezing; bill cracked at nares and lower bill misaligned with upper bill","","NC.Graham","South",35.34761,-84.02686,17.83
"610052","side","w","1",0.30053042461093,0.0925213335458,0.300569092141816,0.0914299072092615,0.302319442114706,0.0936329766697249,0.279170993276167,0.0825268048481677,0.360045630252355,0.102264021211784,0.30053042461093,0.0925213335458,15451,11.5976731094014,3560,"Setophaga caerulescens","15-Jun-96",15,"Jun",96,"Santeetlah Creek, 2.3mi below Stratton Gap on Forest Service Road 81, Nantahala Nat'l Forest; 1175m","Graham","NC","GRG","JPA","T-1280","M","SY","7x6, 4.5x6",9.4,"partial",63.2,54.6,NA,NA,NA,NA,NA,NA,"green",8.7,7.2,2,2,2,2,NA,"mouth lining: cream; legs Munsell 2.5Y 3/2; no fat; skull SCO; weight post-freezing; bill cracked at nares and lower bill misaligned with upper bill","","NC.Graham","South",35.34761,-84.02686,17.83
"610052","dorsal","m","2",0.0644218281907439,0.015407383327511,0.0584726988244924,0.0122114054653887,0.0659546072949177,0.0176924541865152,0.0809772063276835,0.022130858897827,0.102468478917817,0.0125841398752477,0.0644218281907439,0.015407383327511,32760,24.5899793582286,3560,"Setophaga caerulescens","15-Jun-96",15,"Jun",96,"Santeetlah Creek, 2.3mi below Stratton Gap on Forest Service Road 81, Nantahala Nat'l Forest; 1175m","Graham","NC","GRG","JPA","T-1280","M","SY","7x6, 4.5x6",9.4,"partial",63.2,54.6,NA,NA,NA,NA,NA,NA,"green",8.7,7.2,2,2,2,2,NA,"mouth lining: cream; legs Munsell 2.5Y 3/2; no fat; skull SCO; weight post-freezing; bill cracked at nares and lower bill misaligned with upper bill","","NC.Graham","South",35.34761,-84.02686,17.83
"610062","crown","c","1",0.0683893551471449,0.0204873577508028,0.0542312588181395,0.020339533080305,0.0721996174275551,0.0221133809692649,0.0885659403158641,0.0213984150117157,0.149384948885719,0.0434983905002883,0.0683893551471449,0.0204873577508028,121772,91.4032651529368,3570,"Setophaga caerulescens","17-Jun-96",17,"Jun",96,"Stratton Gap, 0.`mi below, on Forest Service Road 81, Nantahala Nat'l Forest; 1310m ","Graham","NC","GRG","CJD","T-1290-a,b","M","ASY","6x5, 5x5",9.9,"partial",65.3,59.2,3.1,4.4,11.4,7.8,NA,NA,"blue",18.1,22.4,2,2,2,2,NA,"mouth lining: dark gray; legs Munsell 5Y 25./1; no fat; no molt; weight post-freezing","no overwing covert visible","NC.Graham","South",35.33751,-84.03101,18.69
"610062","dorsal","m","2",0.0654180859876881,0.0181566504211925,0.0575849559825738,0.0141767186305601,0.0667700230273764,0.0200906003487835,0.0856210209878809,0.0269426375079969,0.105935157925825,0.0210613857585949,0.0654180859876881,0.0181566504211925,35344,26.5295552636517,3570,"Setophaga caerulescens","17-Jun-96",17,"Jun",96,"Stratton Gap, 0.`mi below, on Forest Service Road 81, Nantahala Nat'l Forest; 1310m ","Graham","NC","GRG","CJD","T-1290-a,b","M","ASY","6x5, 5x5",9.9,"partial",65.3,59.2,3.1,4.4,11.4,7.8,NA,NA,"blue",18.1,22.4,2,2,2,2,NA,"mouth lining: dark gray; legs Munsell 5Y 25./1; no fat; no molt; weight post-freezing","no overwing covert visible","NC.Graham","South",35.33751,-84.03101,18.69
"610062","side","w","1",0.457360454643032,0.147888772231603,0.461801571888918,0.153518517286407,0.460499140318472,0.149530591474154,0.398520990257652,0.115619532408534,0.46736419593415,0.119967860694277,0.457360454643032,0.147888772231603,87621,65.7691874648152,3570,"Setophaga caerulescens","17-Jun-96",17,"Jun",96,"Stratton Gap, 0.`mi below, on Forest Service Road 81, Nantahala Nat'l Forest; 1310m ","Graham","NC","GRG","CJD","T-1290-a,b","M","ASY","6x5, 5x5",9.9,"partial",65.3,59.2,3.1,4.4,11.4,7.8,NA,NA,"blue",18.1,22.4,2,2,2,2,NA,"mouth lining: dark gray; legs Munsell 5Y 25./1; no fat; no molt; weight post-freezing","no overwing covert visible","NC.Graham","South",35.33751,-84.03101,18.69
"610062","dorsal","m","1",0.0591059035661888,0.0139550308722917,0.0532271810443166,0.0120485506796405,0.0604255535970684,0.0157482192422557,0.0763880509334287,0.020713768837296,0.0951642676361171,0.0143972844815484,0.0591059035661888,0.0139550308722917,32761,24.5907299680991,3570,"Setophaga caerulescens","17-Jun-96",17,"Jun",96,"Stratton Gap, 0.`mi below, on Forest Service Road 81, Nantahala Nat'l Forest; 1310m ","Graham","NC","GRG","CJD","T-1290-a,b","M","ASY","6x5, 5x5",9.9,"partial",65.3,59.2,3.1,4.4,11.4,7.8,NA,NA,"blue",18.1,22.4,2,2,2,2,NA,"mouth lining: dark gray; legs Munsell 5Y 25./1; no fat; no molt; weight post-freezing","no overwing covert visible","NC.Graham","South",35.33751,-84.03101,18.69
"610062","dorsal","m","3",0.0606802220703749,0.0167984312722134,0.0533252866691495,0.0131525061768526,0.0619141035265183,0.0187241439224134,0.0807664248955223,0.0250623497864971,0.0988922232234545,0.0178408863372425,0.0606802220703749,0.0167984312722134,34595,25.9673484706324,3570,"Setophaga caerulescens","17-Jun-96",17,"Jun",96,"Stratton Gap, 0.`mi below, on Forest Service Road 81, Nantahala Nat'l Forest; 1310m ","Graham","NC","GRG","CJD","T-1290-a,b","M","ASY","6x5, 5x5",9.9,"partial",65.3,59.2,3.1,4.4,11.4,7.8,NA,NA,"blue",18.1,22.4,2,2,2,2,NA,"mouth lining: dark gray; legs Munsell 5Y 25./1; no fat; no molt; weight post-freezing","no overwing covert visible","NC.Graham","South",35.33751,-84.03101,18.69
"610062","ventral","t","1",0.0355101317294489,0.00611922232628783,0.0308416828276583,0.00706056595707614,0.0369931977670322,0.00748508323866954,0.0510510023074779,0.00965034334296577,0.0543130784012667,0.00668333452522446,0.0355101317294489,0.00611922232628783,166340,124.856445862263,3570,"Setophaga caerulescens","17-Jun-96",17,"Jun",96,"Stratton Gap, 0.`mi below, on Forest Service Road 81, Nantahala Nat'l Forest; 1310m ","Graham","NC","GRG","CJD","T-1290-a,b","M","ASY","6x5, 5x5",9.9,"partial",65.3,59.2,3.1,4.4,11.4,7.8,NA,NA,"blue",18.1,22.4,2,2,2,2,NA,"mouth lining: dark gray; legs Munsell 5Y 25./1; no fat; no molt; weight post-freezing","no overwing covert visible","NC.Graham","South",35.33751,-84.03101,18.69
"610065","crown","c","2",0.158855268551072,0.0144641400431529,0.153886894114435,0.0143485661838051,0.161759434215412,0.0164170178208395,0.162350128202094,0.0141559857164822,0.17334835181938,0.0382515997656722,0.158855268551072,0.0144641400431529,366,0.274723212610246,3573,"Setophaga caerulescens","17-Jun-96",17,"Jun",96,"Stratton Gap, 0.4mi below, on Forest Service Road 81, Nantahala Nat'l Forest; 1315m ","Graham","NC","GRG","CMM","T-1293","M","SY",NA,8.8,"partial",68.7,54.7,3.1,3.9,11,7.6,NA,NA,"green",17.9,18,2,2,2,2,NA,"mouth lining: brownish black; legs Munsell 5Y 25./2; light fat; no molt; ossified skull; testes shot; weight post-freezing","","NC.Graham","South",35.33751,-84.03101,18.38
"610065","dorsal","m","1",0.0616748617916607,0.00869938378723142,0.0566825046694041,0.00970911370952705,0.0632880056305174,0.00994249566304526,0.0763447949158461,0.0117345597270229,0.0958652233377895,0.0114393786251367,0.0616748617916607,0.00869938378723142,34040,25.5507599924939,3573,"Setophaga caerulescens","17-Jun-96",17,"Jun",96,"Stratton Gap, 0.4mi below, on Forest Service Road 81, Nantahala Nat'l Forest; 1315m ","Graham","NC","GRG","CMM","T-1293","M","SY",NA,8.8,"partial",68.7,54.7,3.1,3.9,11,7.6,NA,NA,"green",17.9,18,2,2,2,2,NA,"mouth lining: brownish black; legs Munsell 5Y 25./2; light fat; no molt; ossified skull; testes shot; weight post-freezing","","NC.Graham","South",35.33751,-84.03101,18.38
"610065","side","w","1",0.412939914119501,0.15010411186408,0.427484397393703,0.158999664962545,0.417879971822935,0.153042500938223,0.346974032368953,0.112536837489004,0.371624147607939,0.0846046439899282,0.412939914119501,0.15010411186408,79689,59.8153499718521,3573,"Setophaga caerulescens","17-Jun-96",17,"Jun",96,"Stratton Gap, 0.4mi below, on Forest Service Road 81, Nantahala Nat'l Forest; 1315m ","Graham","NC","GRG","CMM","T-1293","M","SY",NA,8.8,"partial",68.7,54.7,3.1,3.9,11,7.6,NA,NA,"green",17.9,18,2,2,2,2,NA,"mouth lining: brownish black; legs Munsell 5Y 25./2; light fat; no molt; ossified skull; testes shot; weight post-freezing","","NC.Graham","South",35.33751,-84.03101,18.38
"610065","crown","c","1",0.0719391118009409,0.0288784594473092,0.0617522159884439,0.0234086673662668,0.075961573213706,0.0311100675897964,0.0847747118964966,0.0357758863388782,0.132370988271323,0.0428659798608106,0.0719391118009409,0.0288784594473092,46334,34.7787577406643,3573,"Setophaga caerulescens","17-Jun-96",17,"Jun",96,"Stratton Gap, 0.4mi below, on Forest Service Road 81, Nantahala Nat'l Forest; 1315m ","Graham","NC","GRG","CMM","T-1293","M","SY",NA,8.8,"partial",68.7,54.7,3.1,3.9,11,7.6,NA,NA,"green",17.9,18,2,2,2,2,NA,"mouth lining: brownish black; legs Munsell 5Y 25./2; light fat; no molt; ossified skull; testes shot; weight post-freezing","","NC.Graham","South",35.33751,-84.03101,18.38
"610065","side","o","1",0.106786172624557,0.0258041537433358,0.113464579106027,0.0296693913505223,0.107694709255667,0.0269705169936413,0.101062333799175,0.019033714401255,0.116217701915756,0.0139052828042321,0.106786172624557,0.0258041537433358,14609,10.9656595984237,3573,"Setophaga caerulescens","17-Jun-96",17,"Jun",96,"Stratton Gap, 0.4mi below, on Forest Service Road 81, Nantahala Nat'l Forest; 1315m ","Graham","NC","GRG","CMM","T-1293","M","SY",NA,8.8,"partial",68.7,54.7,3.1,3.9,11,7.6,NA,NA,"green",17.9,18,2,2,2,2,NA,"mouth lining: brownish black; legs Munsell 5Y 25./2; light fat; no molt; ossified skull; testes shot; weight post-freezing","","NC.Graham","South",35.33751,-84.03101,18.38
"610065","ventral","t","1",0.0396409668252261,0.00718204471703805,0.0351101979761806,0.00817908302893174,0.040915424988986,0.00854801641096487,0.0554533650574734,0.0104679360151611,0.0570196535300295,0.00651248553351266,0.0396409668252261,0.00718204471703805,126802,95.1788328016513,3573,"Setophaga caerulescens","17-Jun-96",17,"Jun",96,"Stratton Gap, 0.4mi below, on Forest Service Road 81, Nantahala Nat'l Forest; 1315m ","Graham","NC","GRG","CMM","T-1293","M","SY",NA,8.8,"partial",68.7,54.7,3.1,3.9,11,7.6,NA,NA,"green",17.9,18,2,2,2,2,NA,"mouth lining: brownish black; legs Munsell 5Y 25./2; light fat; no molt; ossified skull; testes shot; weight post-freezing","","NC.Graham","South",35.33751,-84.03101,18.38
"610065","dorsal","m","2",0.0579166694401733,0.0106208045749809,0.0519728446481827,0.0103475537502955,0.059468733807443,0.0117959564250972,0.074811996298858,0.0139317787763569,0.0935181673069927,0.0156631324925838,0.0579166694401733,0.0106208045749809,33306,24.9998123475324,3573,"Setophaga caerulescens","17-Jun-96",17,"Jun",96,"Stratton Gap, 0.4mi below, on Forest Service Road 81, Nantahala Nat'l Forest; 1315m ","Graham","NC","GRG","CMM","T-1293","M","SY",NA,8.8,"partial",68.7,54.7,3.1,3.9,11,7.6,NA,NA,"green",17.9,18,2,2,2,2,NA,"mouth lining: brownish black; legs Munsell 5Y 25./2; light fat; no molt; ossified skull; testes shot; weight post-freezing","","NC.Graham","South",35.33751,-84.03101,18.38
"610065","dorsal","m","3",0.0598682739724316,0.0116104993206345,0.0559567412098067,0.0126330374817678,0.0612643514601377,0.0126496560367233,0.0736608935903179,0.0130614793466376,0.094373137350022,0.0160808147240177,0.0598682739724316,0.0116104993206345,33124,24.8632013510978,3573,"Setophaga caerulescens","17-Jun-96",17,"Jun",96,"Stratton Gap, 0.4mi below, on Forest Service Road 81, Nantahala Nat'l Forest; 1315m ","Graham","NC","GRG","CMM","T-1293","M","SY",NA,8.8,"partial",68.7,54.7,3.1,3.9,11,7.6,NA,NA,"green",17.9,18,2,2,2,2,NA,"mouth lining: brownish black; legs Munsell 5Y 25./2; light fat; no molt; ossified skull; testes shot; weight post-freezing","","NC.Graham","South",35.33751,-84.03101,18.38
"610076","side","w","1",0.399383366977503,0.128668905714193,0.406702455815024,0.134181812188147,0.402026169453453,0.129446997674533,0.350561457348546,0.103089639904009,0.40518053540688,0.124017525327425,0.399383366977503,0.128668905714193,58857,44.1786451491837,3584,"Setophaga caerulescens","20-Jun-96",20,"Jun",96,"Wolf Laurel Road (FSs Road 81-F), 1.7mi above Jct. 81 and 81-F, Nantahala Nat'l Forest, 1265m","Graham","NC","GRG","JPA","T-1304","M","ASY","6.5x4, 5x4",9.3,"partial",64,54,3,4.2,10.7,6.8,NA,NA,"blue",14.9,12.1,2,2,2,2,NA,"mouth lining: slaty black; legs Munsell 5Y 25./1; weight post-freezing","","NC.Graham","South",35.35231,-83.99466,19.3
"610076","dorsal","m","1",0.0439475931360595,0.00811477735185953,0.0387229895495986,0.00800135132260142,0.0452764377784185,0.00937528893950488,0.0609788903356676,0.0124121265598892,0.0727432276803239,0.0108392392172393,0.0439475931360595,0.00811477735185953,34225,25.6896228185401,3584,"Setophaga caerulescens","20-Jun-96",20,"Jun",96,"Wolf Laurel Road (FSs Road 81-F), 1.7mi above Jct. 81 and 81-F, Nantahala Nat'l Forest, 1265m","Graham","NC","GRG","JPA","T-1304","M","ASY","6.5x4, 5x4",9.3,"partial",64,54,3,4.2,10.7,6.8,NA,NA,"blue",14.9,12.1,2,2,2,2,NA,"mouth lining: slaty black; legs Munsell 5Y 25./1; weight post-freezing","","NC.Graham","South",35.35231,-83.99466,19.3
"610076","dorsal","m","3",0.0426504772184727,0.0077220237400422,0.0376078443859424,0.00769174385888993,0.043936924967371,0.00901289656292747,0.0596732108311996,0.0117184092215326,0.071585418753026,0.011025519395136,0.0426504772184727,0.0077220237400422,32759,24.589228748358,3584,"Setophaga caerulescens","20-Jun-96",20,"Jun",96,"Wolf Laurel Road (FSs Road 81-F), 1.7mi above Jct. 81 and 81-F, Nantahala Nat'l Forest, 1265m","Graham","NC","GRG","JPA","T-1304","M","ASY","6.5x4, 5x4",9.3,"partial",64,54,3,4.2,10.7,6.8,NA,NA,"blue",14.9,12.1,2,2,2,2,NA,"mouth lining: slaty black; legs Munsell 5Y 25./1; weight post-freezing","","NC.Graham","South",35.35231,-83.99466,19.3
"610076","crown","c","1",0.0789550746717219,0.0314515104548432,0.0675653332086348,0.0278307308751683,0.0830876631966951,0.0328710888500408,0.092800765267473,0.0363937396797381,0.150646629628912,0.0504915920321845,0.0789550746717219,0.0314515104548432,79467,59.6487145805967,3584,"Setophaga caerulescens","20-Jun-96",20,"Jun",96,"Wolf Laurel Road (FSs Road 81-F), 1.7mi above Jct. 81 and 81-F, Nantahala Nat'l Forest, 1265m","Graham","NC","GRG","JPA","T-1304","M","ASY","6.5x4, 5x4",9.3,"partial",64,54,3,4.2,10.7,6.8,NA,NA,"blue",14.9,12.1,2,2,2,2,NA,"mouth lining: slaty black; legs Munsell 5Y 25./1; weight post-freezing","","NC.Graham","South",35.35231,-83.99466,19.3
"610076","side","o","1",0.0605251440266591,0.0143380675494287,0.0574526518724745,0.0165999996307578,0.0618741572159533,0.0145213288504211,0.0729457296125298,0.0122338423329231,0.0840693398185407,0.0112579871972149,0.0605251440266591,0.0143380675494287,12810,9.6153124413586,3584,"Setophaga caerulescens","20-Jun-96",20,"Jun",96,"Wolf Laurel Road (FSs Road 81-F), 1.7mi above Jct. 81 and 81-F, Nantahala Nat'l Forest, 1265m","Graham","NC","GRG","JPA","T-1304","M","ASY","6.5x4, 5x4",9.3,"partial",64,54,3,4.2,10.7,6.8,NA,NA,"blue",14.9,12.1,2,2,2,2,NA,"mouth lining: slaty black; legs Munsell 5Y 25./1; weight post-freezing","","NC.Graham","South",35.35231,-83.99466,19.3
"610076","ventral","t","1",0.0445069938786896,0.0172019196585825,0.0413868902827919,0.0215222086021247,0.0458630902468919,0.0178934126586956,0.0574361811086637,0.0137854718596249,0.058799538254892,0.0098384965853956,0.0445069938786896,0.0172019196585825,137096,102.905610808782,3584,"Setophaga caerulescens","20-Jun-96",20,"Jun",96,"Wolf Laurel Road (FSs Road 81-F), 1.7mi above Jct. 81 and 81-F, Nantahala Nat'l Forest, 1265m","Graham","NC","GRG","JPA","T-1304","M","ASY","6.5x4, 5x4",9.3,"partial",64,54,3,4.2,10.7,6.8,NA,NA,"blue",14.9,12.1,2,2,2,2,NA,"mouth lining: slaty black; legs Munsell 5Y 25./1; weight post-freezing","","NC.Graham","South",35.35231,-83.99466,19.3
"610076","dorsal","m","2",0.0518035909604674,0.0112882421958679,0.0454829976707016,0.0105744267164998,0.0532222648500134,0.0125669373633303,0.070001793811461,0.0153798977468903,0.0875317369913604,0.0163915604342462,0.0518035909604674,0.0112882421958679,32761,24.5907299680991,3584,"Setophaga caerulescens","20-Jun-96",20,"Jun",96,"Wolf Laurel Road (FSs Road 81-F), 1.7mi above Jct. 81 and 81-F, Nantahala Nat'l Forest, 1265m","Graham","NC","GRG","JPA","T-1304","M","ASY","6.5x4, 5x4",9.3,"partial",64,54,3,4.2,10.7,6.8,NA,NA,"blue",14.9,12.1,2,2,2,2,NA,"mouth lining: slaty black; legs Munsell 5Y 25./1; weight post-freezing","","NC.Graham","South",35.35231,-83.99466,19.3
"612854","crown","c","1",0.0652944266025403,0.0268664027977842,0.0513432652299679,0.0233304725298326,0.06954250582861,0.0289107364326365,0.0840916857800731,0.029755282399077,0.137705183176517,0.0458907766881608,0.0652944266025403,0.0268664027977842,108885,81.7301557515481,2613,"Setophaga caerulescens","7-Jun-89",7,"Jun",89,"E. Fork Chattooga River at Hwy 107; Sumter Nat'l Forest; 885m","Oconee","SC","GRG","JPD","581-a,b","M","ASY","6x5, NA",9.6,"partial",65.4,53.9,2.9,4,10.2,7.2,NA,NA,"blue",11,11.2,2,2,2,2,NA,"testes mushy","","SC.Oconee","South",35.00456,-83.05503,18.3
"612854","dorsal","m","2",0.0687781035228052,0.0165772353272533,0.0642017426025964,0.0171692148767923,0.0711137104441214,0.0177876394410995,0.0803233293896187,0.0164717790957419,0.0917395372161794,0.0280903666789577,0.0687781035228052,0.0165772353272533,32220,24.1846500281479,2613,"Setophaga caerulescens","7-Jun-89",7,"Jun",89,"E. Fork Chattooga River at Hwy 107; Sumter Nat'l Forest; 885m","Oconee","SC","GRG","JPD","581-a,b","M","ASY","6x5, NA",9.6,"partial",65.4,53.9,2.9,4,10.2,7.2,NA,NA,"blue",11,11.2,2,2,2,2,NA,"testes mushy","","SC.Oconee","South",35.00456,-83.05503,18.3
"612854","ventral","t","1",0.0444055589270086,0.00490259685683358,0.0415140580344677,0.00546059223776344,0.0465387077146071,0.00553123268853223,0.0545750966854052,0.00626343623002516,0.0415768730156634,0.00853961048518324,0.0444055589270086,0.00490259685683358,232861,174.787765059111,2613,"Setophaga caerulescens","7-Jun-89",7,"Jun",89,"E. Fork Chattooga River at Hwy 107; Sumter Nat'l Forest; 885m","Oconee","SC","GRG","JPD","581-a,b","M","ASY","6x5, NA",9.6,"partial",65.4,53.9,2.9,4,10.2,7.2,NA,NA,"blue",11,11.2,2,2,2,2,NA,"testes mushy","","SC.Oconee","South",35.00456,-83.05503,18.3
"612854","side","o","1",0.0618952180770115,0.00489515951817791,0.0602528422137343,0.00582970162301485,0.0638742161884648,0.00579357383711378,0.070211998007163,0.00671051228408401,0.0746801846322114,0.00692474039841811,0.0618952180770115,0.00489515951817791,11351,8.52017264027022,2613,"Setophaga caerulescens","7-Jun-89",7,"Jun",89,"E. Fork Chattooga River at Hwy 107; Sumter Nat'l Forest; 885m","Oconee","SC","GRG","JPD","581-a,b","M","ASY","6x5, NA",9.6,"partial",65.4,53.9,2.9,4,10.2,7.2,NA,NA,"blue",11,11.2,2,2,2,2,NA,"testes mushy","","SC.Oconee","South",35.00456,-83.05503,18.3
"612854","side","w","1",0.458349103379476,0.113763951942927,0.472259373484121,0.121149386641652,0.46272437617341,0.115539831287825,0.381620213374587,0.0849584644164913,0.461447464068805,0.098626358137159,0.458349103379476,0.113763951942927,64886,48.7040720585476,2613,"Setophaga caerulescens","7-Jun-89",7,"Jun",89,"E. Fork Chattooga River at Hwy 107; Sumter Nat'l Forest; 885m","Oconee","SC","GRG","JPD","581-a,b","M","ASY","6x5, NA",9.6,"partial",65.4,53.9,2.9,4,10.2,7.2,NA,NA,"blue",11,11.2,2,2,2,2,NA,"testes mushy","","SC.Oconee","South",35.00456,-83.05503,18.3
"612854","dorsal","m","1",0.0569907028740681,0.013789784912255,0.0527655505469339,0.0142036814842009,0.0589578250051687,0.0147947355920008,0.0697559246199655,0.0143241693480746,0.0719058445941915,0.0244271608387897,0.0569907028740681,0.013789784912255,34782,26.1077125164196,2613,"Setophaga caerulescens","7-Jun-89",7,"Jun",89,"E. Fork Chattooga River at Hwy 107; Sumter Nat'l Forest; 885m","Oconee","SC","GRG","JPD","581-a,b","M","ASY","6x5, NA",9.6,"partial",65.4,53.9,2.9,4,10.2,7.2,NA,NA,"blue",11,11.2,2,2,2,2,NA,"testes mushy","","SC.Oconee","South",35.00456,-83.05503,18.3
"612854","dorsal","m","3",0.0645016607856192,0.0131074588260742,0.0612018179009104,0.0143534735453822,0.0667349379481274,0.0142333178837344,0.0745732568067542,0.0132229181002571,0.0825070099839054,0.0235273081363521,0.0645016607856192,0.0131074588260742,32580,24.454869581535,2613,"Setophaga caerulescens","7-Jun-89",7,"Jun",89,"E. Fork Chattooga River at Hwy 107; Sumter Nat'l Forest; 885m","Oconee","SC","GRG","JPD","581-a,b","M","ASY","6x5, NA",9.6,"partial",65.4,53.9,2.9,4,10.2,7.2,NA,NA,"blue",11,11.2,2,2,2,2,NA,"testes mushy","","SC.Oconee","South",35.00456,-83.05503,18.3
"612855","side","w","1",0.280363408632996,0.0662032387972556,0.282947108025614,0.0652164845103791,0.281562468532927,0.0666231261226322,0.261055418015308,0.0619864403266207,0.30328917770259,0.0712402845885662,0.280363408632996,0.0662032387972556,49776,37.3623569149934,2614,"Setophaga caerulescens","7-Jun-89",7,"Jun",89,"E. Fork Chattooga River at Hwy 107; Sumter Nat'l Forest; 885m","Oconee","SC","GRG","JPD","T-582-a,b","M","SY","7x5",9.3,"partial",63.4,50.9,3.3,3.5,10.6,7.5,NA,NA,"green",13,13.7,2,2,NA,2,NA,"","","SC.Oconee","South",35.00284,-83.05467,19.3
"612855","crown","c","1",0.0660723690837666,0.0236249826826042,0.0533272337153604,0.0189702437277753,0.069681830710025,0.0256108328645581,0.08418710292132,0.0304321127070994,0.12982144770077,0.0431131289001447,0.0660723690837666,0.0236249826826042,106489,79.9316945017827,2614,"Setophaga caerulescens","7-Jun-89",7,"Jun",89,"E. Fork Chattooga River at Hwy 107; Sumter Nat'l Forest; 885m","Oconee","SC","GRG","JPD","T-582-a,b","M","SY","7x5",9.3,"partial",63.4,50.9,3.3,3.5,10.6,7.5,NA,NA,"green",13,13.7,2,2,NA,2,NA,"","","SC.Oconee","South",35.00284,-83.05467,19.3
"612855","dorsal","m","3",0.0677828902145189,0.00629899875942404,0.0626229294983303,0.00679562580253501,0.0691672575914492,0.00800125152545872,0.0831445111076762,0.0116709241528208,0.101915392662972,0.00905911113475996,0.0677828902145189,0.00629899875942404,33488,25.136423343967,2614,"Setophaga caerulescens","7-Jun-89",7,"Jun",89,"E. Fork Chattooga River at Hwy 107; Sumter Nat'l Forest; 885m","Oconee","SC","GRG","JPD","T-582-a,b","M","SY","7x5",9.3,"partial",63.4,50.9,3.3,3.5,10.6,7.5,NA,NA,"green",13,13.7,2,2,NA,2,NA,"","","SC.Oconee","South",35.00284,-83.05467,19.3
"612855","ventral","t","1",0.0595127741280401,0.016182459503666,0.0566194088574647,0.0173408577275854,0.0610736819665437,0.0169396000434236,0.0703874612738632,0.0157259338645676,0.0758782753290188,0.014044174898719,0.0595127741280401,0.016182459503666,128829,96.700319009195,2614,"Setophaga caerulescens","7-Jun-89",7,"Jun",89,"E. Fork Chattooga River at Hwy 107; Sumter Nat'l Forest; 885m","Oconee","SC","GRG","JPD","T-582-a,b","M","SY","7x5",9.3,"partial",63.4,50.9,3.3,3.5,10.6,7.5,NA,NA,"green",13,13.7,2,2,NA,2,NA,"","","SC.Oconee","South",35.00284,-83.05467,19.3
"612855","side","o","1",0.0717789443835924,0.00519265691174013,0.071997345350333,0.00635389361920155,0.0731553572940253,0.00636452771968178,0.0778091198510919,0.00731084022338653,0.0906165838206525,0.00583661300633403,0.0717789443835924,0.00519265691174013,4923,3.69525239256896,2614,"Setophaga caerulescens","7-Jun-89",7,"Jun",89,"E. Fork Chattooga River at Hwy 107; Sumter Nat'l Forest; 885m","Oconee","SC","GRG","JPD","T-582-a,b","M","SY","7x5",9.3,"partial",63.4,50.9,3.3,3.5,10.6,7.5,NA,NA,"green",13,13.7,2,2,NA,2,NA,"","","SC.Oconee","South",35.00284,-83.05467,19.3
"612855","dorsal","m","2",0.0675713538391687,0.00707393830619193,0.061372168542599,0.00719487840522468,0.069182412299693,0.00870353621924365,0.0841761701558383,0.0123431585267679,0.100181761715271,0.010930863813561,0.0675713538391687,0.00707393830619193,33855,25.4118971664477,2614,"Setophaga caerulescens","7-Jun-89",7,"Jun",89,"E. Fork Chattooga River at Hwy 107; Sumter Nat'l Forest; 885m","Oconee","SC","GRG","JPD","T-582-a,b","M","SY","7x5",9.3,"partial",63.4,50.9,3.3,3.5,10.6,7.5,NA,NA,"green",13,13.7,2,2,NA,2,NA,"","","SC.Oconee","South",35.00284,-83.05467,19.3
"612855","dorsal","m","1",0.0639086927076909,0.00809064238150302,0.0592118564698369,0.0083739991807569,0.0652283932578165,0.0095471741328658,0.0789313596119554,0.0122282302059706,0.0959168474680732,0.0124276557930383,0.0639086927076909,0.00809064238150302,33856,25.4126477763183,2614,"Setophaga caerulescens","7-Jun-89",7,"Jun",89,"E. Fork Chattooga River at Hwy 107; Sumter Nat'l Forest; 885m","Oconee","SC","GRG","JPD","T-582-a,b","M","SY","7x5",9.3,"partial",63.4,50.9,3.3,3.5,10.6,7.5,NA,NA,"green",13,13.7,2,2,NA,2,NA,"","","SC.Oconee","South",35.00284,-83.05467,19.3
"612856","crown","c","1",0.0788991634369068,0.0294571182740415,0.0654037592883729,0.0236260887632299,0.0831444609665685,0.0307371242562451,0.096215950070993,0.038977267666827,0.155778448359525,0.0507092559513973,0.0788991634369068,0.0294571182740415,65350,49.0523550384688,2615,"Setophaga caerulescens","7-Jun-89",7,"Jun",89,"E. Fork Chattooga River at Hwy 107; Sumter Nat'l Forest; 885m","Oconee","SC","GRG","JPD","583-a,b","M","ASY","8x6",8.7,"partial",63.9,54.9,2.9,3.6,10.8,6.9,NA,NA,"blue",13.7,13,2,2,2,2,NA,"","","SC.Oconee","South",35.00456,-83.05503,18.17
"612856","dorsal","m","2",0.0629989309975862,0.0141815100449034,0.0556501968791392,0.0103785551950753,0.0650991783143278,0.0151651569419281,0.0798636967646969,0.020205045025773,0.0881883303294678,0.0235552775554666,0.0629989309975862,0.0141815100449034,32942,24.7265903546632,2615,"Setophaga caerulescens","7-Jun-89",7,"Jun",89,"E. Fork Chattooga River at Hwy 107; Sumter Nat'l Forest; 885m","Oconee","SC","GRG","JPD","583-a,b","M","ASY","8x6",8.7,"partial",63.9,54.9,2.9,3.6,10.8,6.9,NA,NA,"blue",13.7,13,2,2,2,2,NA,"","","SC.Oconee","South",35.00456,-83.05503,18.17
"612856","side","o","1",0.0653600023799945,0.0138951338088921,0.064703728156712,0.0153303732973474,0.0668782079198564,0.0150023436909392,0.0733817748140492,0.0141584494801188,0.0793069178950922,0.0126582590684254,0.0653600023799945,0.0138951338088921,6581,4.93976355789079,2615,"Setophaga caerulescens","7-Jun-89",7,"Jun",89,"E. Fork Chattooga River at Hwy 107; Sumter Nat'l Forest; 885m","Oconee","SC","GRG","JPD","583-a,b","M","ASY","8x6",8.7,"partial",63.9,54.9,2.9,3.6,10.8,6.9,NA,NA,"blue",13.7,13,2,2,2,2,NA,"","","SC.Oconee","South",35.00456,-83.05503,18.17
"612856","dorsal","m","1",0.0693609274317425,0.0131328734296512,0.0603850009775892,0.00938128596129187,0.0716372965252003,0.0141647724989646,0.0878538334159852,0.0201034925843916,0.103662215495966,0.0152512123715226,0.0693609274317425,0.0131328734296512,34410,25.8284856445862,2615,"Setophaga caerulescens","7-Jun-89",7,"Jun",89,"E. Fork Chattooga River at Hwy 107; Sumter Nat'l Forest; 885m","Oconee","SC","GRG","JPD","583-a,b","M","ASY","8x6",8.7,"partial",63.9,54.9,2.9,3.6,10.8,6.9,NA,NA,"blue",13.7,13,2,2,2,2,NA,"","","SC.Oconee","South",35.00456,-83.05503,18.17
"612856","dorsal","m","3",0.0609986508649723,0.0109786494086613,0.055050313307656,0.008691464605985,0.0630739147162766,0.011923614690207,0.0759653651775549,0.0158346923436853,0.0850193121772407,0.0149690924823462,0.0609986508649723,0.0109786494086613,33122,24.8617001313567,2615,"Setophaga caerulescens","7-Jun-89",7,"Jun",89,"E. Fork Chattooga River at Hwy 107; Sumter Nat'l Forest; 885m","Oconee","SC","GRG","JPD","583-a,b","M","ASY","8x6",8.7,"partial",63.9,54.9,2.9,3.6,10.8,6.9,NA,NA,"blue",13.7,13,2,2,2,2,NA,"","","SC.Oconee","South",35.00456,-83.05503,18.17
"612856","side","w","1",0.441930991564902,0.133050938628116,0.451480906914827,0.140659312221581,0.444034525629783,0.133908022650883,0.377772246253825,0.102773027550579,0.470980417926674,0.107748488404373,0.441930991564902,0.133050938628116,72400,54.3441546256333,2615,"Setophaga caerulescens","7-Jun-89",7,"Jun",89,"E. Fork Chattooga River at Hwy 107; Sumter Nat'l Forest; 885m","Oconee","SC","GRG","JPD","583-a,b","M","ASY","8x6",8.7,"partial",63.9,54.9,2.9,3.6,10.8,6.9,NA,NA,"blue",13.7,13,2,2,2,2,NA,"","","SC.Oconee","South",35.00456,-83.05503,18.17
"612856","ventral","t","1",0.0425891421362672,0.00576967866226002,0.040180827539516,0.00678176986518254,0.0444166628773289,0.00662328536515523,0.053261636569956,0.0073603939809803,0.0403835009656516,0.00877236479427904,0.0425891421362672,0.00576967866226002,178808,134.215049727904,2615,"Setophaga caerulescens","7-Jun-89",7,"Jun",89,"E. Fork Chattooga River at Hwy 107; Sumter Nat'l Forest; 885m","Oconee","SC","GRG","JPD","583-a,b","M","ASY","8x6",8.7,"partial",63.9,54.9,2.9,3.6,10.8,6.9,NA,NA,"blue",13.7,13,2,2,2,2,NA,"","","SC.Oconee","South",35.00456,-83.05503,18.17
"612857","dorsal","m","3",0.0657482497428229,0.0144162578820141,0.0596428440267673,0.0118256092583504,0.0679624400494159,0.0159736606314247,0.0803917286424572,0.0192618727258897,0.0869585746982659,0.0201597523873763,0.0657482497428229,0.0144162578820141,33488,25.136423343967,2620,"Setophaga caerulescens","5-Jun-89",5,"Jun",89,"Kings Creek; 0.5mi W Hwy 107; Sumter Nat'l Forest; 800m","Oconee","SC","GRG","JPD","588-a,b","M","ASY","8x6, 6x5.5",9.2,"partial",64,52.2,3,3.7,10.8,7.5,NA,NA,"blue",10.4,10.9,2,2,2,2,NA,"","","SC.Oconee","South",34.96542,-83.09102,18.7
"612857","dorsal","m","1",0.0570546671171042,0.014008801160187,0.0513604739549536,0.0115039244074082,0.058995728823991,0.0153374374215774,0.0722622176048996,0.0183305756829476,0.0757462353020736,0.02307073155679,0.0570546671171042,0.014008801160187,34224,25.6888722086695,2620,"Setophaga caerulescens","5-Jun-89",5,"Jun",89,"Kings Creek; 0.5mi W Hwy 107; Sumter Nat'l Forest; 800m","Oconee","SC","GRG","JPD","588-a,b","M","ASY","8x6, 6x5.5",9.2,"partial",64,52.2,3,3.7,10.8,7.5,NA,NA,"blue",10.4,10.9,2,2,2,2,NA,"","","SC.Oconee","South",34.96542,-83.09102,18.7
"612857","crown","c","1",0.0637580176788905,0.019365597952365,0.050207968393837,0.0192394869689408,0.0681475499541154,0.020586989504582,0.0815715627204229,0.0204930898311371,0.136123186547241,0.0417669830918135,0.0637580176788905,0.019365597952365,115601,86.7712516419591,2620,"Setophaga caerulescens","5-Jun-89",5,"Jun",89,"Kings Creek; 0.5mi W Hwy 107; Sumter Nat'l Forest; 800m","Oconee","SC","GRG","JPD","588-a,b","M","ASY","8x6, 6x5.5",9.2,"partial",64,52.2,3,3.7,10.8,7.5,NA,NA,"blue",10.4,10.9,2,2,2,2,NA,"","","SC.Oconee","South",34.96542,-83.09102,18.7
"612857","dorsal","m","2",0.0602233465956144,0.0121515208651723,0.0547962678097968,0.0099914615845366,0.0622307312112261,0.0135117872055813,0.0747034555427057,0.0169608038215508,0.0782799928799055,0.0162546914079491,0.0602233465956144,0.0121515208651723,32762,24.5914805779696,2620,"Setophaga caerulescens","5-Jun-89",5,"Jun",89,"Kings Creek; 0.5mi W Hwy 107; Sumter Nat'l Forest; 800m","Oconee","SC","GRG","JPD","588-a,b","M","ASY","8x6, 6x5.5",9.2,"partial",64,52.2,3,3.7,10.8,7.5,NA,NA,"blue",10.4,10.9,2,2,2,2,NA,"","","SC.Oconee","South",34.96542,-83.09102,18.7
"612857","ventral","t","1",0.0440177954280624,0.00697362915549512,0.041780638226988,0.00807006116216633,0.0456383059492717,0.00781678623534186,0.0548729977261178,0.00795435178372121,0.042251028031885,0.00847818640050529,0.0440177954280624,0.00697362915549512,184984,138.850816288234,2620,"Setophaga caerulescens","5-Jun-89",5,"Jun",89,"Kings Creek; 0.5mi W Hwy 107; Sumter Nat'l Forest; 800m","Oconee","SC","GRG","JPD","588-a,b","M","ASY","8x6, 6x5.5",9.2,"partial",64,52.2,3,3.7,10.8,7.5,NA,NA,"blue",10.4,10.9,2,2,2,2,NA,"","","SC.Oconee","South",34.96542,-83.09102,18.7
"612857","side","w","1",0.419879202012745,0.12660587943571,0.425168570110044,0.133264025560482,0.422298140413394,0.126951197535395,0.363956517431574,0.098190399642997,0.457402256579273,0.118909305844647,0.419879202012745,0.12660587943571,51582,38.7179583411522,2620,"Setophaga caerulescens","5-Jun-89",5,"Jun",89,"Kings Creek; 0.5mi W Hwy 107; Sumter Nat'l Forest; 800m","Oconee","SC","GRG","JPD","588-a,b","M","ASY","8x6, 6x5.5",9.2,"partial",64,52.2,3,3.7,10.8,7.5,NA,NA,"blue",10.4,10.9,2,2,2,2,NA,"","","SC.Oconee","South",34.96542,-83.09102,18.7
"612857","side","o","1",0.0773500068367117,0.0279538208396654,0.0804280482959971,0.0330904632517354,0.0792745356292023,0.0284572145470456,0.0773587792224481,0.0180027469463427,0.0786427836063645,0.0148805663064243,0.0773500068367117,0.0279538208396654,6577,4.93676111840871,2620,"Setophaga caerulescens","5-Jun-89",5,"Jun",89,"Kings Creek; 0.5mi W Hwy 107; Sumter Nat'l Forest; 800m","Oconee","SC","GRG","JPD","588-a,b","M","ASY","8x6, 6x5.5",9.2,"partial",64,52.2,3,3.7,10.8,7.5,NA,NA,"blue",10.4,10.9,2,2,2,2,NA,"","","SC.Oconee","South",34.96542,-83.09102,18.7
"612859","dorsal","m","2",0.0673597126085936,0.0147094401053353,0.0608922624285263,0.0112293952529031,0.0694314448838391,0.0166451761351916,0.0829655629185269,0.0216948821712148,0.0952758076671063,0.0137465597747897,0.0673597126085936,0.0147094401053353,33124,24.8632013510978,2630,"Setophaga caerulescens","7-Jun-89",7,"Jun",89,"E. Fork Chattooga River at Hwy 107; Sumter Nat'l Forest; 885m","Oconee","SC","GRG","JPD","598-a,b","M","SY","5.5x4.5",10.4,"partial",65.5,49.2,3.3,4,10.3,7.4,NA,NA,"green",3.7,7.7,2,2,2,2,NA,"","I don't really trust this, because the wingspot is virtually non existant - maybe damaged?","SC.Oconee","South",35.00456,-83.05503,19.88
"612859","dorsal","m","1",0.0647790948611981,0.015758735734623,0.0606405375764877,0.0136861763650283,0.0666781222416895,0.0174623959562301,0.0772727016115054,0.0200412154039088,0.084591133691519,0.0175785680378552,0.0647790948611981,0.015758735734623,33124,24.8632013510978,2630,"Setophaga caerulescens","7-Jun-89",7,"Jun",89,"E. Fork Chattooga River at Hwy 107; Sumter Nat'l Forest; 885m","Oconee","SC","GRG","JPD","598-a,b","M","SY","5.5x4.5",10.4,"partial",65.5,49.2,3.3,4,10.3,7.4,NA,NA,"green",3.7,7.7,2,2,2,2,NA,"","I don't really trust this, because the wingspot is virtually non existant - maybe damaged?","SC.Oconee","South",35.00456,-83.05503,19.88
"612859","crown","c","1",0.0641964359968586,0.0291045157000894,0.0515630608780007,0.022186716152003,0.0679300377151009,0.0315383049720462,0.0826551249849823,0.037023110448574,0.143856678241885,0.0438788615101986,0.0641964359968586,0.0291045157000894,90371,67.8333646087446,2630,"Setophaga caerulescens","7-Jun-89",7,"Jun",89,"E. Fork Chattooga River at Hwy 107; Sumter Nat'l Forest; 885m","Oconee","SC","GRG","JPD","598-a,b","M","SY","5.5x4.5",10.4,"partial",65.5,49.2,3.3,4,10.3,7.4,NA,NA,"green",3.7,7.7,2,2,2,2,NA,"","I don't really trust this, because the wingspot is virtually non existant - maybe damaged?","SC.Oconee","South",35.00456,-83.05503,19.88
"612859","ventral","t","1",0.0428509418042995,0.00666068987902987,0.0406849550351434,0.00801811628544674,0.0446586535538917,0.00720533874077775,0.0529640980761242,0.00702204161099981,0.0397608713679753,0.00862773744574219,0.0428509418042995,0.00666068987902987,167764,125.925314317883,2630,"Setophaga caerulescens","7-Jun-89",7,"Jun",89,"E. Fork Chattooga River at Hwy 107; Sumter Nat'l Forest; 885m","Oconee","SC","GRG","JPD","598-a,b","M","SY","5.5x4.5",10.4,"partial",65.5,49.2,3.3,4,10.3,7.4,NA,NA,"green",3.7,7.7,2,2,2,2,NA,"","I don't really trust this, because the wingspot is virtually non existant - maybe damaged?","SC.Oconee","South",35.00456,-83.05503,19.88
"612859","side","w","1",0.0932562313249944,0.0455382960566359,0.0930278046383726,0.0388524613299022,0.0952615722393864,0.0466727601597724,0.0973395200443409,0.048489093724353,0.145134518679178,0.0385222820691569,0.0932562313249944,0.0455382960566359,2520,1.89153687370989,2630,"Setophaga caerulescens","7-Jun-89",7,"Jun",89,"E. Fork Chattooga River at Hwy 107; Sumter Nat'l Forest; 885m","Oconee","SC","GRG","JPD","598-a,b","M","SY","5.5x4.5",10.4,"partial",65.5,49.2,3.3,4,10.3,7.4,NA,NA,"green",3.7,7.7,2,2,2,2,NA,"","I don't really trust this, because the wingspot is virtually non existant - maybe damaged?","SC.Oconee","South",35.00456,-83.05503,19.88
"612859","side","o","1",0.071168346267857,0.00722626486383446,0.0695184859084756,0.00799770872117381,0.073458700826742,0.00799968646821747,0.0780117295397525,0.00809236389161526,0.0944768721324572,0.0108590869356984,0.071168346267857,0.00722626486383446,24650,18.502533308313,2630,"Setophaga caerulescens","7-Jun-89",7,"Jun",89,"E. Fork Chattooga River at Hwy 107; Sumter Nat'l Forest; 885m","Oconee","SC","GRG","JPD","598-a,b","M","SY","5.5x4.5",10.4,"partial",65.5,49.2,3.3,4,10.3,7.4,NA,NA,"green",3.7,7.7,2,2,2,2,NA,"","I don't really trust this, because the wingspot is virtually non existant - maybe damaged?","SC.Oconee","South",35.00456,-83.05503,19.88
"612859","dorsal","m","3",0.0680491965782917,0.014483482560697,0.0616247186936843,0.010744216755425,0.0701709282866167,0.016393703907449,0.0833636358060993,0.0217060715976437,0.0929188180742638,0.0112354773570945,0.0680491965782917,0.014483482560697,33124,24.8632013510978,2630,"Setophaga caerulescens","7-Jun-89",7,"Jun",89,"E. Fork Chattooga River at Hwy 107; Sumter Nat'l Forest; 885m","Oconee","SC","GRG","JPD","598-a,b","M","SY","5.5x4.5",10.4,"partial",65.5,49.2,3.3,4,10.3,7.4,NA,NA,"green",3.7,7.7,2,2,2,2,NA,"","I don't really trust this, because the wingspot is virtually non existant - maybe damaged?","SC.Oconee","South",35.00456,-83.05503,19.88
"612863","dorsal","m","3",0.0477094393070337,0.00698582797422993,0.0435187939438194,0.00757577536114958,0.0492059601483348,0.00806541311068518,0.0623349437665447,0.0102195083343169,0.0574127884618262,0.0151609877904242,0.0477094393070337,0.00698582797422993,34224,25.6888722086695,2634,"Setophaga caerulescens","7-Jun-89",7,"Jun",89,"E. Fork Chattooga River at Hwy 107; Sumter Nat'l Forest; 885m","Oconee","SC","GRG","JPD","602-a,b","M","ASY","7x5, 5x4",9.4,"partial",61.4,51.7,3.3,3.9,10.3,6.4,NA,NA,"blue",13.3,13.5,2,2,2,2,NA,"","","SC.Oconee","South",35.00456,-83.05503,19.24
"612863","dorsal","m","1",0.0538498100134143,0.0108595595408395,0.0488985479246113,0.0113835202048482,0.0554507190601985,0.0117405217986207,0.0691074773272949,0.0131107422129141,0.0678256706652336,0.0217884662525942,0.0538498100134143,0.0108595595408395,34968,26.2473259523363,2634,"Setophaga caerulescens","7-Jun-89",7,"Jun",89,"E. Fork Chattooga River at Hwy 107; Sumter Nat'l Forest; 885m","Oconee","SC","GRG","JPD","602-a,b","M","ASY","7x5, 5x4",9.4,"partial",61.4,51.7,3.3,3.9,10.3,6.4,NA,NA,"blue",13.3,13.5,2,2,2,2,NA,"","","SC.Oconee","South",35.00456,-83.05503,19.24
"612863","dorsal","m","2",0.0507677173896393,0.00992767681917812,0.0455448837959423,0.0097471137975599,0.0522590930523117,0.0108386631230934,0.0669767843535718,0.0133639637711716,0.0647534218810187,0.0216904891693352,0.0507677173896393,0.00992767681917812,35343,26.5288046537812,2634,"Setophaga caerulescens","7-Jun-89",7,"Jun",89,"E. Fork Chattooga River at Hwy 107; Sumter Nat'l Forest; 885m","Oconee","SC","GRG","JPD","602-a,b","M","ASY","7x5, 5x4",9.4,"partial",61.4,51.7,3.3,3.9,10.3,6.4,NA,NA,"blue",13.3,13.5,2,2,2,2,NA,"","","SC.Oconee","South",35.00456,-83.05503,19.24
"612863","ventral","t","1",0.0439423267041636,0.0105156023116231,0.0416563491264139,0.0125809307718904,0.0457443727504177,0.0109296072005072,0.0542583382617579,0.00914450340788025,0.0420864613471547,0.0144470661503197,0.0439423267041636,0.0105156023116231,209664,157.375867892663,2634,"Setophaga caerulescens","7-Jun-89",7,"Jun",89,"E. Fork Chattooga River at Hwy 107; Sumter Nat'l Forest; 885m","Oconee","SC","GRG","JPD","602-a,b","M","ASY","7x5, 5x4",9.4,"partial",61.4,51.7,3.3,3.9,10.3,6.4,NA,NA,"blue",13.3,13.5,2,2,2,2,NA,"","","SC.Oconee","South",35.00456,-83.05503,19.24
"612863","side","w","1",0.447352331570979,0.125011034978391,0.452836566657899,0.12713345666058,0.448676506771407,0.125863269771778,0.386577831749878,0.108597371444882,0.493159328499404,0.150256393088052,0.447352331570979,0.125011034978391,50767,38.1062112966786,2634,"Setophaga caerulescens","7-Jun-89",7,"Jun",89,"E. Fork Chattooga River at Hwy 107; Sumter Nat'l Forest; 885m","Oconee","SC","GRG","JPD","602-a,b","M","ASY","7x5, 5x4",9.4,"partial",61.4,51.7,3.3,3.9,10.3,6.4,NA,NA,"blue",13.3,13.5,2,2,2,2,NA,"","","SC.Oconee","South",35.00456,-83.05503,19.24
"612863","side","o","1",0.0587965635311646,0.0069805053847639,0.0575678592642731,0.00828775004722948,0.0605847555291732,0.0081788044350817,0.0669339827768082,0.00854127065525291,0.0678642525787713,0.00702729786800344,0.0587965635311646,0.0069805053847639,12331,9.25577031337962,2634,"Setophaga caerulescens","7-Jun-89",7,"Jun",89,"E. Fork Chattooga River at Hwy 107; Sumter Nat'l Forest; 885m","Oconee","SC","GRG","JPD","602-a,b","M","ASY","7x5, 5x4",9.4,"partial",61.4,51.7,3.3,3.9,10.3,6.4,NA,NA,"blue",13.3,13.5,2,2,2,2,NA,"","","SC.Oconee","South",35.00456,-83.05503,19.24
"612863","crown","c","1",0.0620732563582829,0.0217724985507889,0.0526242217033327,0.0176165790646018,0.0663893290512765,0.0231306691751058,0.0734788465282317,0.0283689088031707,0.11467917729967,0.0331575221591803,0.0620732563582829,0.0217724985507889,96899,72.7333458434978,2634,"Setophaga caerulescens","7-Jun-89",7,"Jun",89,"E. Fork Chattooga River at Hwy 107; Sumter Nat'l Forest; 885m","Oconee","SC","GRG","JPD","602-a,b","M","ASY","7x5, 5x4",9.4,"partial",61.4,51.7,3.3,3.9,10.3,6.4,NA,NA,"blue",13.3,13.5,2,2,2,2,NA,"","","SC.Oconee","South",35.00456,-83.05503,19.24
"612865","dorsal","m","1",0.064162839063482,0.00791272428912766,0.0586874925834187,0.00842172992670229,0.0652679375899137,0.00946635542581676,0.0813913692863606,0.0129193336335492,0.0947076480606051,0.010788099927002,0.064162839063482,0.00791272428912766,32761,24.5907299680991,2636,"Setophaga caerulescens","8-Jun-89",8,"Jun",89,"E. Fork Chattooga River at Hwy 107; Sumter Nat'l Forest; 880m","Oconee","SC","GRG","JPD","T-604-a,b","M","SY","7.5x6, 6x4.5",9.3,"partial",63,47.2,2.9,3.9,10.6,7.2,NA,NA,"green",12.7,13.8,2,2,NA,2,NA,"only one rectrix","","SC.Oconee","South",35.00284,-83.05467,NA
"612865","ventral","t","1",0.0469690891271106,0.00901305609443855,0.0435697681404864,0.0104643607291552,0.0481611417444235,0.0100625874411632,0.0609952298711226,0.0107756091833294,0.0610880195703215,0.00810231141670362,0.0469690891271106,0.00901305609443855,146915,110.275849127416,2636,"Setophaga caerulescens","8-Jun-89",8,"Jun",89,"E. Fork Chattooga River at Hwy 107; Sumter Nat'l Forest; 880m","Oconee","SC","GRG","JPD","T-604-a,b","M","SY","7.5x6, 6x4.5",9.3,"partial",63,47.2,2.9,3.9,10.6,7.2,NA,NA,"green",12.7,13.8,2,2,NA,2,NA,"only one rectrix","","SC.Oconee","South",35.00284,-83.05467,NA
"612865","dorsal","m","2",0.0641565810967886,0.00651353775099734,0.0586552534817517,0.00708868238623021,0.0652679794572591,0.00819131577524265,0.0813065723359053,0.0121146740934643,0.093346854451547,0.0093757190695122,0.0641565810967886,0.00651353775099734,33855,25.4118971664477,2636,"Setophaga caerulescens","8-Jun-89",8,"Jun",89,"E. Fork Chattooga River at Hwy 107; Sumter Nat'l Forest; 880m","Oconee","SC","GRG","JPD","T-604-a,b","M","SY","7.5x6, 6x4.5",9.3,"partial",63,47.2,2.9,3.9,10.6,7.2,NA,NA,"green",12.7,13.8,2,2,NA,2,NA,"only one rectrix","","SC.Oconee","South",35.00284,-83.05467,NA
"612865","crown","c","1",0.05725903045472,0.0202932338808349,0.0470415161994438,0.0188517230406069,0.0609547507482139,0.0223580937071149,0.0714620421862149,0.0220395822781999,0.100518089950765,0.0338508421110506,0.05725903045472,0.0202932338808349,80838,60.6778007130794,2636,"Setophaga caerulescens","8-Jun-89",8,"Jun",89,"E. Fork Chattooga River at Hwy 107; Sumter Nat'l Forest; 880m","Oconee","SC","GRG","JPD","T-604-a,b","M","SY","7.5x6, 6x4.5",9.3,"partial",63,47.2,2.9,3.9,10.6,7.2,NA,NA,"green",12.7,13.8,2,2,NA,2,NA,"only one rectrix","","SC.Oconee","South",35.00284,-83.05467,NA
"612865","side","o","1",0.105152721552482,0.0323795780089945,0.111034551120947,0.0364912755424411,0.105878942470487,0.0329256768984299,0.10149064429222,0.0275956868804829,0.116177405525465,0.0188193443081649,0.105152721552482,0.0323795780089945,5270,3.95571401763933,2636,"Setophaga caerulescens","8-Jun-89",8,"Jun",89,"E. Fork Chattooga River at Hwy 107; Sumter Nat'l Forest; 880m","Oconee","SC","GRG","JPD","T-604-a,b","M","SY","7.5x6, 6x4.5",9.3,"partial",63,47.2,2.9,3.9,10.6,7.2,NA,NA,"green",12.7,13.8,2,2,NA,2,NA,"only one rectrix","","SC.Oconee","South",35.00284,-83.05467,NA
"612865","side","w","1",0.389788363959716,0.104797714023827,0.400983602623419,0.110280811435634,0.39192616701568,0.105890186402331,0.338591782123687,0.0867547420638583,0.370236927485808,0.0776390286014527,0.389788363959716,0.104797714023827,29275,21.9741039594671,2636,"Setophaga caerulescens","8-Jun-89",8,"Jun",89,"E. Fork Chattooga River at Hwy 107; Sumter Nat'l Forest; 880m","Oconee","SC","GRG","JPD","T-604-a,b","M","SY","7.5x6, 6x4.5",9.3,"partial",63,47.2,2.9,3.9,10.6,7.2,NA,NA,"green",12.7,13.8,2,2,NA,2,NA,"only one rectrix","","SC.Oconee","South",35.00284,-83.05467,NA
"612865","dorsal","m","3",0.0749811447022633,0.0089460635993591,0.0711874714540072,0.00940300622760924,0.0761847086961167,0.010427083307526,0.0881747986618999,0.0136738591579292,0.109683661054263,0.010452282154504,0.0749811447022633,0.0089460635993591,32761,24.5907299680991,2636,"Setophaga caerulescens","8-Jun-89",8,"Jun",89,"E. Fork Chattooga River at Hwy 107; Sumter Nat'l Forest; 880m","Oconee","SC","GRG","JPD","T-604-a,b","M","SY","7.5x6, 6x4.5",9.3,"partial",63,47.2,2.9,3.9,10.6,7.2,NA,NA,"green",12.7,13.8,2,2,NA,2,NA,"only one rectrix","","SC.Oconee","South",35.00284,-83.05467,NA
"612867","side","w","1",0.389060916060054,0.0765481824466963,0.388393820792594,0.077699687377664,0.388321418855215,0.076233620430255,0.354109508818242,0.0673903174887955,0.471448989298267,0.0854904250574859,0.389060916060054,0.0765481824466963,59513,44.6710452242447,2638,"Setophaga caerulescens","8-Jun-89",8,"Jun",89,"E. Fork Chattooga River at Hwy 107; Sumter Nat'l Forest; 885m","Oconee","SC","GRG","JPD","606-a,b","M","ASY","7x5",10,"partial",66.9,53.9,3.1,3.8,10.9,7.1,NA,NA,"blue",16.3,14.3,2,2,2,NA,NA,"","","SC.Oconee","South",35.00456,-83.05503,18.42
"612867","dorsal","m","2",0.0674711358934617,0.00879352713257895,0.0617626964543907,0.00961660528697921,0.069796186609389,0.00934352232442225,0.0807473528702158,0.00978423424962219,0.0936657543954049,0.0240073977305852,0.0674711358934617,0.00879352713257895,32400,24.3197598048414,2638,"Setophaga caerulescens","8-Jun-89",8,"Jun",89,"E. Fork Chattooga River at Hwy 107; Sumter Nat'l Forest; 885m","Oconee","SC","GRG","JPD","606-a,b","M","ASY","7x5",10,"partial",66.9,53.9,3.1,3.8,10.9,7.1,NA,NA,"blue",16.3,14.3,2,2,2,NA,NA,"","","SC.Oconee","South",35.00456,-83.05503,18.42
"612867","ventral","t","1",0.0427242172335909,0.00539768628556175,0.0396422409443406,0.00579829751135344,0.0448049779395263,0.00585617459787031,0.0533409624438776,0.00626781585688243,0.0380712522497839,0.00757635511524153,0.0427242172335909,0.00539768628556175,180630,135.582660911991,2638,"Setophaga caerulescens","8-Jun-89",8,"Jun",89,"E. Fork Chattooga River at Hwy 107; Sumter Nat'l Forest; 885m","Oconee","SC","GRG","JPD","606-a,b","M","ASY","7x5",10,"partial",66.9,53.9,3.1,3.8,10.9,7.1,NA,NA,"blue",16.3,14.3,2,2,2,NA,NA,"","","SC.Oconee","South",35.00456,-83.05503,18.42
"612867","side","o","1",0.0692438751694085,0.0137586975985363,0.0687487360067979,0.0151956904693924,0.071283103272705,0.0142842695809255,0.0754499043878198,0.0114872488909636,0.0795335520648898,0.0113111482388428,0.0692438751694085,0.0137586975985363,8270,6.20754362919872,2638,"Setophaga caerulescens","8-Jun-89",8,"Jun",89,"E. Fork Chattooga River at Hwy 107; Sumter Nat'l Forest; 885m","Oconee","SC","GRG","JPD","606-a,b","M","ASY","7x5",10,"partial",66.9,53.9,3.1,3.8,10.9,7.1,NA,NA,"blue",16.3,14.3,2,2,2,NA,NA,"","","SC.Oconee","South",35.00456,-83.05503,18.42
"612867","dorsal","m","1",0.0731794249967089,0.00806037775895197,0.0654369613368092,0.00892957494538259,0.0756609260689083,0.0087405358256903,0.0890559299359071,0.00972849219969441,0.102674577033626,0.028904931958994,0.0731794249967089,0.00806037775895197,33487,25.1356727340965,2638,"Setophaga caerulescens","8-Jun-89",8,"Jun",89,"E. Fork Chattooga River at Hwy 107; Sumter Nat'l Forest; 885m","Oconee","SC","GRG","JPD","606-a,b","M","ASY","7x5",10,"partial",66.9,53.9,3.1,3.8,10.9,7.1,NA,NA,"blue",16.3,14.3,2,2,2,NA,NA,"","","SC.Oconee","South",35.00456,-83.05503,18.42
"612867","dorsal","m","3",0.0733579334736497,0.0104618457361678,0.0676864835618532,0.0122221661815116,0.0757393082111193,0.0109745018881958,0.0862412048052304,0.0104411391924318,0.0987647903689154,0.0282418838798507,0.0733579334736497,0.0104618457361678,33856,25.4126477763183,2638,"Setophaga caerulescens","8-Jun-89",8,"Jun",89,"E. Fork Chattooga River at Hwy 107; Sumter Nat'l Forest; 885m","Oconee","SC","GRG","JPD","606-a,b","M","ASY","7x5",10,"partial",66.9,53.9,3.1,3.8,10.9,7.1,NA,NA,"blue",16.3,14.3,2,2,2,NA,NA,"","","SC.Oconee","South",35.00456,-83.05503,18.42
"612867","crown","c","1",0.06763433443887,0.0272081723734461,0.0557947725184816,0.0252037262024744,0.0716828228538173,0.0286848682771604,0.0835267963819092,0.0303150656219287,0.137675854922645,0.0526231275764089,0.06763433443887,0.0272081723734461,93092,69.875774066429,2638,"Setophaga caerulescens","8-Jun-89",8,"Jun",89,"E. Fork Chattooga River at Hwy 107; Sumter Nat'l Forest; 885m","Oconee","SC","GRG","JPD","606-a,b","M","ASY","7x5",10,"partial",66.9,53.9,3.1,3.8,10.9,7.1,NA,NA,"blue",16.3,14.3,2,2,2,NA,NA,"","","SC.Oconee","South",35.00456,-83.05503,18.42
"612879","dorsal","m","3",0.0610632196624639,0.0167795859387132,0.0555874503467452,0.014585156350262,0.0631618103138986,0.0190648951508542,0.0749174124680881,0.0196122112120084,0.0837675180366095,0.0181443958421008,0.0610632196624639,0.0167795859387132,34782,26.1077125164196,2616,"Setophaga caerulescens","12-Jun-89",12,"Jun",89,"Chestnut Creek , 2mi W. Little Bald Mtn; Chattahoocee Nat'l Forest; 790m","Union","GA","GRG","JPD","584-a,b","M","SY","7x6",10,"partial",62.7,53.7,3.3,3.9,10.3,6.5,NA,NA,"green",7.9,11.8,2,2,2,2,NA,"","","GA.Union","South",34.77231,-84.01383,19.03
"612879","ventral","t","1",0.0478235472417878,0.0244040986644488,0.0441971500028659,0.0232932624946824,0.049971204534226,0.0242548786228248,0.0584911658042587,0.0237062771089155,0.0473213775466088,0.0376933572720816,0.0478235472417878,0.0244040986644488,196102,147.196096828673,2616,"Setophaga caerulescens","12-Jun-89",12,"Jun",89,"Chestnut Creek , 2mi W. Little Bald Mtn; Chattahoocee Nat'l Forest; 790m","Union","GA","GRG","JPD","584-a,b","M","SY","7x6",10,"partial",62.7,53.7,3.3,3.9,10.3,6.5,NA,NA,"green",7.9,11.8,2,2,2,2,NA,"","","GA.Union","South",34.77231,-84.01383,19.03
"612879","side","w","1",0.346280167145567,0.0916459612759196,0.351399860230789,0.0949343923147298,0.350878918199302,0.0926030573253651,0.302641254220956,0.0762299315141795,0.384947453572601,0.0976586063104914,0.346280167145567,0.0916459612759196,37274,27.9782323137549,2616,"Setophaga caerulescens","12-Jun-89",12,"Jun",89,"Chestnut Creek , 2mi W. Little Bald Mtn; Chattahoocee Nat'l Forest; 790m","Union","GA","GRG","JPD","584-a,b","M","SY","7x6",10,"partial",62.7,53.7,3.3,3.9,10.3,6.5,NA,NA,"green",7.9,11.8,2,2,2,2,NA,"","","GA.Union","South",34.77231,-84.01383,19.03
"612879","crown","c","1",0.0720055941499232,0.0298620186059613,0.0583344193152174,0.0256807809190983,0.076401343903033,0.0324415987800216,0.0890118765483513,0.033062485173763,0.153350694917681,0.0516910469029308,0.0720055941499232,0.0298620186059613,76732,57.5957965847251,2616,"Setophaga caerulescens","12-Jun-89",12,"Jun",89,"Chestnut Creek , 2mi W. Little Bald Mtn; Chattahoocee Nat'l Forest; 790m","Union","GA","GRG","JPD","584-a,b","M","SY","7x6",10,"partial",62.7,53.7,3.3,3.9,10.3,6.5,NA,NA,"green",7.9,11.8,2,2,2,2,NA,"","","GA.Union","South",34.77231,-84.01383,19.03
"612879","dorsal","m","2",0.0623199108751956,0.0169892887038846,0.0553439264059968,0.0143776652722414,0.0645837021884268,0.0195851466023939,0.0779954160934538,0.0199428537514818,0.0870427474669287,0.0193945647150571,0.0623199108751956,0.0169892887038846,33124,24.8632013510978,2616,"Setophaga caerulescens","12-Jun-89",12,"Jun",89,"Chestnut Creek , 2mi W. Little Bald Mtn; Chattahoocee Nat'l Forest; 790m","Union","GA","GRG","JPD","584-a,b","M","SY","7x6",10,"partial",62.7,53.7,3.3,3.9,10.3,6.5,NA,NA,"green",7.9,11.8,2,2,2,2,NA,"","","GA.Union","South",34.77231,-84.01383,19.03
"612879","side","o","1",0.0745984580959966,0.0210171049345356,0.074859703991356,0.0252855816132148,0.0767655054226496,0.0219485149320641,0.0784970529344544,0.0149381433722331,0.0892968413302297,0.0229343569870071,0.0745984580959966,0.0210171049345356,14933,11.2088571964721,2616,"Setophaga caerulescens","12-Jun-89",12,"Jun",89,"Chestnut Creek , 2mi W. Little Bald Mtn; Chattahoocee Nat'l Forest; 790m","Union","GA","GRG","JPD","584-a,b","M","SY","7x6",10,"partial",62.7,53.7,3.3,3.9,10.3,6.5,NA,NA,"green",7.9,11.8,2,2,2,2,NA,"","","GA.Union","South",34.77231,-84.01383,19.03
"612879","dorsal","m","1",0.0577653263769572,0.0155555873668361,0.0524936298844643,0.0151844392221911,0.0598198926447226,0.0174811310094947,0.0714983359891398,0.0192756362445961,0.0762662273925128,0.0172457389200745,0.0577653263769572,0.0155555873668361,34225,25.6896228185401,2616,"Setophaga caerulescens","12-Jun-89",12,"Jun",89,"Chestnut Creek , 2mi W. Little Bald Mtn; Chattahoocee Nat'l Forest; 790m","Union","GA","GRG","JPD","584-a,b","M","SY","7x6",10,"partial",62.7,53.7,3.3,3.9,10.3,6.5,NA,NA,"green",7.9,11.8,2,2,2,2,NA,"","","GA.Union","South",34.77231,-84.01383,19.03
"612880","dorsal","m","2",0.0432976533399365,0.00391678036998443,0.039755732021114,0.00401133269655526,0.0449247645966243,0.00456623503805694,0.0562446345785031,0.00612149251550076,0.0479712276203373,0.00736835664858058,0.0432976533399365,0.00391678036998443,33124,24.8632013510978,2617,"Setophaga caerulescens","12-Jun-89",12,"Jun",89,"Chestnut Creek , 2mi W. Little Bald Mtn; Chattahoocee Nat'l Forest; 790m","Union","GA","GRG","JPD","585-a,b","M","ASY","7x5",8.95,"partial",63.9,52.1,3.2,4.2,NA,NA,NA,NA,"blue",11.7,13.3,2,2,2,2,NA,"upper bill tip chipped out","","GA.Union","South",34.77231,-84.01383,19.65
"612880","crown","c","1",0.0647683877460987,0.0160738802229971,0.0518987046833995,0.0126952469621991,0.0698086842192162,0.0166588282114608,0.0797146483424377,0.0222384808741203,0.132454888657159,0.0312355092151975,0.0647683877460987,0.0160738802229971,100488,75.4272846687934,2617,"Setophaga caerulescens","12-Jun-89",12,"Jun",89,"Chestnut Creek , 2mi W. Little Bald Mtn; Chattahoocee Nat'l Forest; 790m","Union","GA","GRG","JPD","585-a,b","M","ASY","7x5",8.95,"partial",63.9,52.1,3.2,4.2,NA,NA,NA,NA,"blue",11.7,13.3,2,2,2,2,NA,"upper bill tip chipped out","","GA.Union","South",34.77231,-84.01383,19.65
"612880","dorsal","m","1",0.0453535067968877,0.00557813224947848,0.0421071818653347,0.00585059247606428,0.047005231231531,0.00612958556984547,0.0575158668444204,0.00682882685604869,0.0497919283621397,0.00885818192498357,0.0453535067968877,0.00557813224947848,33306,24.9998123475324,2617,"Setophaga caerulescens","12-Jun-89",12,"Jun",89,"Chestnut Creek , 2mi W. Little Bald Mtn; Chattahoocee Nat'l Forest; 790m","Union","GA","GRG","JPD","585-a,b","M","ASY","7x5",8.95,"partial",63.9,52.1,3.2,4.2,NA,NA,NA,NA,"blue",11.7,13.3,2,2,2,2,NA,"upper bill tip chipped out","","GA.Union","South",34.77231,-84.01383,19.65
"612880","dorsal","m","3",0.0451310365015772,0.00432381510218087,0.0418715338608748,0.00477944255560695,0.0467970259487606,0.00498828217193647,0.0573984235808915,0.00572103305141052,0.050283505763059,0.00749970510444646,0.0451310365015772,0.00432381510218087,32041,24.0502908613248,2617,"Setophaga caerulescens","12-Jun-89",12,"Jun",89,"Chestnut Creek , 2mi W. Little Bald Mtn; Chattahoocee Nat'l Forest; 790m","Union","GA","GRG","JPD","585-a,b","M","ASY","7x5",8.95,"partial",63.9,52.1,3.2,4.2,NA,NA,NA,NA,"blue",11.7,13.3,2,2,2,2,NA,"upper bill tip chipped out","","GA.Union","South",34.77231,-84.01383,19.65
"612880","side","o","1",0.0635660948652412,0.0152438984604242,0.0597337789252183,0.0145741447325606,0.0654474857539371,0.016570235778844,0.0754137118667614,0.0200476630440144,0.0871708595590012,0.0274059665298055,0.0635660948652412,0.0152438984604242,11776,8.83918183524113,2617,"Setophaga caerulescens","12-Jun-89",12,"Jun",89,"Chestnut Creek , 2mi W. Little Bald Mtn; Chattahoocee Nat'l Forest; 790m","Union","GA","GRG","JPD","585-a,b","M","ASY","7x5",8.95,"partial",63.9,52.1,3.2,4.2,NA,NA,NA,NA,"blue",11.7,13.3,2,2,2,2,NA,"upper bill tip chipped out","","GA.Union","South",34.77231,-84.01383,19.65
"612880","ventral","t","1",0.0399731686579826,0.00598679692544557,0.0373109792421959,0.00662881813575031,0.0414996705218627,0.00685604442747283,0.0518341845426494,0.00779189262552688,0.0375656404086237,0.00980764457713668,0.0399731686579826,0.00598679692544557,174648,131.092512666542,2617,"Setophaga caerulescens","12-Jun-89",12,"Jun",89,"Chestnut Creek , 2mi W. Little Bald Mtn; Chattahoocee Nat'l Forest; 790m","Union","GA","GRG","JPD","585-a,b","M","ASY","7x5",8.95,"partial",63.9,52.1,3.2,4.2,NA,NA,NA,NA,"blue",11.7,13.3,2,2,2,2,NA,"upper bill tip chipped out","","GA.Union","South",34.77231,-84.01383,19.65
"612880","side","w","1",0.460012048303245,0.129359087131892,0.453731047319877,0.132894617804953,0.456881491396709,0.129722023098375,0.414339709602497,0.106650135730632,0.594888997168035,0.142090679428931,0.460012048303245,0.129359087131892,35685,26.785513229499,2617,"Setophaga caerulescens","12-Jun-89",12,"Jun",89,"Chestnut Creek , 2mi W. Little Bald Mtn; Chattahoocee Nat'l Forest; 790m","Union","GA","GRG","JPD","585-a,b","M","ASY","7x5",8.95,"partial",63.9,52.1,3.2,4.2,NA,NA,NA,NA,"blue",11.7,13.3,2,2,2,2,NA,"upper bill tip chipped out","","GA.Union","South",34.77231,-84.01383,19.65
"612881","side","w","1",0.463199322594064,0.119297212001493,0.480473270932895,0.125478838901792,0.46784450444345,0.121503054004982,0.396137114757745,0.0964220729540051,0.509820137650472,0.124792274060215,0.463199322594064,0.119297212001493,81164,60.9224995308688,2618,"Setophaga caerulescens","11-Jun-89",11,"Jun",89,"Chestnut Creek , 2mi W. Little Bald Mtn; Chattahoocee Nat'l Forest; 790m","Union","GA","GRG","JPD","586-a,b","M","ASY",NA,10,"partial",64.8,56.1,3,3.7,11,7.1,NA,NA,"blue",16.8,16.5,2,2,2,2,NA,"testes mush","","GA.Union","South",34.77231,-84.01383,19.48
"612881","dorsal","m","1",0.0581500815832326,0.0152597352587668,0.0530452204676574,0.0140811111842524,0.060503531893794,0.0167376915076188,0.0706151300216942,0.0165278070141734,0.0776013766272624,0.0157556615521007,0.0581500815832326,0.0152597352587668,33124,24.8632013510978,2618,"Setophaga caerulescens","11-Jun-89",11,"Jun",89,"Chestnut Creek , 2mi W. Little Bald Mtn; Chattahoocee Nat'l Forest; 790m","Union","GA","GRG","JPD","586-a,b","M","ASY",NA,10,"partial",64.8,56.1,3,3.7,11,7.1,NA,NA,"blue",16.8,16.5,2,2,2,2,NA,"testes mush","","GA.Union","South",34.77231,-84.01383,19.48
"612881","side","o","1",0.0594982580144213,0.0132012684291795,0.0537758186241398,0.0144217775062761,0.0639481446563889,0.0141910158358871,0.0675416623269674,0.013259793295406,0.0581676677061675,0.0151703046462557,0.0594982580144213,0.0132012684291795,31049,23.3056858697692,2618,"Setophaga caerulescens","11-Jun-89",11,"Jun",89,"Chestnut Creek , 2mi W. Little Bald Mtn; Chattahoocee Nat'l Forest; 790m","Union","GA","GRG","JPD","586-a,b","M","ASY",NA,10,"partial",64.8,56.1,3,3.7,11,7.1,NA,NA,"blue",16.8,16.5,2,2,2,2,NA,"testes mush","","GA.Union","South",34.77231,-84.01383,19.48
"612881","dorsal","m","3",0.0540087231055749,0.0129756984109686,0.0502301069685692,0.011666289900898,0.0560659118296979,0.0141955962811312,0.065648452219705,0.0136932436468183,0.0686001446596551,0.0167450881505377,0.0540087231055749,0.0129756984109686,34968,26.2473259523363,2618,"Setophaga caerulescens","11-Jun-89",11,"Jun",89,"Chestnut Creek , 2mi W. Little Bald Mtn; Chattahoocee Nat'l Forest; 790m","Union","GA","GRG","JPD","586-a,b","M","ASY",NA,10,"partial",64.8,56.1,3,3.7,11,7.1,NA,NA,"blue",16.8,16.5,2,2,2,2,NA,"testes mush","","GA.Union","South",34.77231,-84.01383,19.48
"612881","crown","c","1",0.0532695682016634,0.023275392203303,0.0438173905415823,0.0192112407179961,0.0579581879769728,0.0256415208855893,0.0641303399739439,0.0261482687278247,0.10512175291635,0.0349826396018646,0.0532695682016634,0.023275392203303,112567,84.493901294802,2618,"Setophaga caerulescens","11-Jun-89",11,"Jun",89,"Chestnut Creek , 2mi W. Little Bald Mtn; Chattahoocee Nat'l Forest; 790m","Union","GA","GRG","JPD","586-a,b","M","ASY",NA,10,"partial",64.8,56.1,3,3.7,11,7.1,NA,NA,"blue",16.8,16.5,2,2,2,2,NA,"testes mush","","GA.Union","South",34.77231,-84.01383,19.48
"612881","ventral","t","1",0.0399209238594324,0.00725209452037461,0.0370677359443038,0.00790060207422907,0.0419425320353393,0.00818451083587432,0.0503089119983231,0.00846337033535623,0.0359993769836798,0.00866460253543623,0.0399209238594324,0.00725209452037461,175208,131.512854194033,2618,"Setophaga caerulescens","11-Jun-89",11,"Jun",89,"Chestnut Creek , 2mi W. Little Bald Mtn; Chattahoocee Nat'l Forest; 790m","Union","GA","GRG","JPD","586-a,b","M","ASY",NA,10,"partial",64.8,56.1,3,3.7,11,7.1,NA,NA,"blue",16.8,16.5,2,2,2,2,NA,"testes mush","","GA.Union","South",34.77231,-84.01383,19.48
"612881","dorsal","m","2",0.0500512872117868,0.0108677181140391,0.0463985766539353,0.0100079131854027,0.0520218726878181,0.0118917425918084,0.0618527811737448,0.011730925080371,0.0603495494247909,0.0145721379792816,0.0500512872117868,0.0108677181140391,33672,25.2745355601426,2618,"Setophaga caerulescens","11-Jun-89",11,"Jun",89,"Chestnut Creek , 2mi W. Little Bald Mtn; Chattahoocee Nat'l Forest; 790m","Union","GA","GRG","JPD","586-a,b","M","ASY",NA,10,"partial",64.8,56.1,3,3.7,11,7.1,NA,NA,"blue",16.8,16.5,2,2,2,2,NA,"testes mush","","GA.Union","South",34.77231,-84.01383,19.48
"612882","crown","c","1",0.0657093723008025,0.0295353039343016,0.0543156117296515,0.025308589393642,0.0708079587278468,0.0321525644606343,0.0777122975746613,0.0312499927522965,0.13197897941202,0.0422712171631739,0.0657093723008025,0.0295353039343016,97954,73.5252392568962,2619,"Setophaga caerulescens","11-Jun-89",11,"Jun",89,"Chestnut Creek , 2mi W. Little Bald Mtn; Chattahoocee Nat'l Forest; 790m","Union","GA","GRG","JPD","587-a,b","M","ASY",NA,10,"partial",61.5,50.7,3.1,4.3,10.6,7.2,NA,NA,"blue",12.1,11.4,2,2,2,2,NA,"testes mush","no overwing covert visible","GA.Union","South",34.77231,-84.01383,19.06
"612882","dorsal","m","2",0.0717055568938304,0.0178508612557984,0.0605652916936631,0.0168194033675538,0.0750017570515123,0.0201404169361488,0.0894955857983134,0.0183899549213335,NA,NA,0.0717055568938304,0.0178508612557984,33125,24.8639519609683,2619,"Setophaga caerulescens","11-Jun-89",11,"Jun",89,"Chestnut Creek , 2mi W. Little Bald Mtn; Chattahoocee Nat'l Forest; 790m","Union","GA","GRG","JPD","587-a,b","M","ASY",NA,10,"partial",61.5,50.7,3.1,4.3,10.6,7.2,NA,NA,"blue",12.1,11.4,2,2,2,2,NA,"testes mush","no overwing covert visible","GA.Union","South",34.77231,-84.01383,19.06
"612882","side","w","1",0.474029078917459,0.118211070142766,0.482470690557651,0.127114126442649,0.480191387200999,0.121165935329796,0.395768844424299,0.0850142151332038,0.514111314789792,0.112516331225764,0.474029078917459,0.118211070142766,63031,47.3116907487333,2619,"Setophaga caerulescens","11-Jun-89",11,"Jun",89,"Chestnut Creek , 2mi W. Little Bald Mtn; Chattahoocee Nat'l Forest; 790m","Union","GA","GRG","JPD","587-a,b","M","ASY",NA,10,"partial",61.5,50.7,3.1,4.3,10.6,7.2,NA,NA,"blue",12.1,11.4,2,2,2,2,NA,"testes mush","no overwing covert visible","GA.Union","South",34.77231,-84.01383,19.06
"612882","ventral","t","1",0.0441143033665583,0.00824541296128072,0.0415784198160964,0.00975813737944914,0.0459910255641114,0.00929415251095247,0.0545638739319244,0.00934831068552994,0.0414949431797497,0.0101153233818178,0.0441143033665583,0.00824541296128072,179870,135.012197410396,2619,"Setophaga caerulescens","11-Jun-89",11,"Jun",89,"Chestnut Creek , 2mi W. Little Bald Mtn; Chattahoocee Nat'l Forest; 790m","Union","GA","GRG","JPD","587-a,b","M","ASY",NA,10,"partial",61.5,50.7,3.1,4.3,10.6,7.2,NA,NA,"blue",12.1,11.4,2,2,2,2,NA,"testes mush","no overwing covert visible","GA.Union","South",34.77231,-84.01383,19.06
"612882","dorsal","m","1",0.0683628188818848,0.0190330633588697,0.0579833778276445,0.0175969369932804,0.071783524961356,0.0211432138412833,0.0847385739969549,0.0202542976966722,NA,NA,0.0683628188818848,0.0190330633588697,34782,26.1077125164196,2619,"Setophaga caerulescens","11-Jun-89",11,"Jun",89,"Chestnut Creek , 2mi W. Little Bald Mtn; Chattahoocee Nat'l Forest; 790m","Union","GA","GRG","JPD","587-a,b","M","ASY",NA,10,"partial",61.5,50.7,3.1,4.3,10.6,7.2,NA,NA,"blue",12.1,11.4,2,2,2,2,NA,"testes mush","no overwing covert visible","GA.Union","South",34.77231,-84.01383,19.06
"612882","dorsal","m","3",0.0696467196231104,0.0196784151338066,0.0589606434072621,0.0181382625265411,0.0730679449990231,0.0219501168675074,0.0864268895118469,0.0202118032715746,NA,NA,0.0696467196231104,0.0196784151338066,33488,25.136423343967,2619,"Setophaga caerulescens","11-Jun-89",11,"Jun",89,"Chestnut Creek , 2mi W. Little Bald Mtn; Chattahoocee Nat'l Forest; 790m","Union","GA","GRG","JPD","587-a,b","M","ASY",NA,10,"partial",61.5,50.7,3.1,4.3,10.6,7.2,NA,NA,"blue",12.1,11.4,2,2,2,2,NA,"testes mush","no overwing covert visible","GA.Union","South",34.77231,-84.01383,19.06
"612883","dorsal","m","1",0.0599149999914822,0.00955647995013053,0.0543878034403719,0.00880981747219787,0.0622993526071068,0.0110669951618454,0.0731210857723397,0.0142079648855258,0.0829758107854893,0.0161412756942985,0.0599149999914822,0.00955647995013053,33489,25.1371739538375,2621,"Setophaga caerulescens","10-Jun-89",10,"Jun",89,"West Cooper Creek; 2mi S. Little Bald Mtn; Chattahoochee Nat'l Forest; 860m","Union","GA","GRG","JPD","588-a,b","M","ASY","7.5x5",9.4,"partial",60.6,51,3.1,3.5,10.5,6.7,NA,NA,"blue",11.8,14.9,2,2,2,2,NA,"","","GA.Union","South",34.76412,-84.00542,18.85
"612883","side","w","1",0.498407307367716,0.107500814545249,0.503877418366889,0.109921079769681,0.50436947678173,0.110128866440731,0.41931559090975,0.0861933401050516,0.552327830857244,0.105901989790378,0.498407307367716,0.107500814545249,40880,30.6849315068493,2621,"Setophaga caerulescens","10-Jun-89",10,"Jun",89,"West Cooper Creek; 2mi S. Little Bald Mtn; Chattahoochee Nat'l Forest; 860m","Union","GA","GRG","JPD","588-a,b","M","ASY","7.5x5",9.4,"partial",60.6,51,3.1,3.5,10.5,6.7,NA,NA,"blue",11.8,14.9,2,2,2,2,NA,"","","GA.Union","South",34.76412,-84.00542,18.85
"612883","crown","c","1",0.0546224551875643,0.0265148861176698,0.0428100759511645,0.0217119441256543,0.0591911708968623,0.0287951247128589,0.0695608631193905,0.0333205305257532,0.122462197928443,0.0501349754094097,0.0546224551875643,0.0265148861176698,96557,72.4766372677801,2621,"Setophaga caerulescens","10-Jun-89",10,"Jun",89,"West Cooper Creek; 2mi S. Little Bald Mtn; Chattahoochee Nat'l Forest; 860m","Union","GA","GRG","JPD","588-a,b","M","ASY","7.5x5",9.4,"partial",60.6,51,3.1,3.5,10.5,6.7,NA,NA,"blue",11.8,14.9,2,2,2,2,NA,"","","GA.Union","South",34.76412,-84.00542,18.85
"612883","dorsal","m","2",0.0564940257870401,0.010405152435149,0.0506046502100025,0.00931476876903291,0.058801120612809,0.0119689704531038,0.0707785272962426,0.0146510896822792,0.078061055092853,0.018502175358789,0.0564940257870401,0.010405152435149,31152,23.3829986864327,2621,"Setophaga caerulescens","10-Jun-89",10,"Jun",89,"West Cooper Creek; 2mi S. Little Bald Mtn; Chattahoochee Nat'l Forest; 860m","Union","GA","GRG","JPD","588-a,b","M","ASY","7.5x5",9.4,"partial",60.6,51,3.1,3.5,10.5,6.7,NA,NA,"blue",11.8,14.9,2,2,2,2,NA,"","","GA.Union","South",34.76412,-84.00542,18.85
"612883","dorsal","m","3",0.0630205089157023,0.00866772944269765,0.0562275504109911,0.00845561085824323,0.0654005196006161,0.010292938166876,0.0781840142101565,0.0134655250111252,0.0927295140418322,0.0138621764314842,0.0630205089157023,0.00866772944269765,32400,24.3197598048414,2621,"Setophaga caerulescens","10-Jun-89",10,"Jun",89,"West Cooper Creek; 2mi S. Little Bald Mtn; Chattahoochee Nat'l Forest; 860m","Union","GA","GRG","JPD","588-a,b","M","ASY","7.5x5",9.4,"partial",60.6,51,3.1,3.5,10.5,6.7,NA,NA,"blue",11.8,14.9,2,2,2,2,NA,"","","GA.Union","South",34.76412,-84.00542,18.85
"612883","ventral","t","1",0.0401257571232588,0.00629525957557799,0.0374849123597876,0.00733899215734253,0.041828995038559,0.00714526415785511,0.0513145091831178,0.00768866190519328,0.0369396268270948,0.00830408327160492,0.0401257571232588,0.00629525957557799,134239,100.761118408707,2621,"Setophaga caerulescens","10-Jun-89",10,"Jun",89,"West Cooper Creek; 2mi S. Little Bald Mtn; Chattahoochee Nat'l Forest; 860m","Union","GA","GRG","JPD","588-a,b","M","ASY","7.5x5",9.4,"partial",60.6,51,3.1,3.5,10.5,6.7,NA,NA,"blue",11.8,14.9,2,2,2,2,NA,"","","GA.Union","South",34.76412,-84.00542,18.85
"612883","side","o","1",0.0740546290629923,0.0368671210581747,0.0768827930054355,0.0416395770913176,0.0756191220114142,0.0373204940900132,0.0754573541981971,0.0279594508555987,0.0754480881906069,0.021280885468949,0.0740546290629923,0.0368671210581747,3201,2.40270219553387,2621,"Setophaga caerulescens","10-Jun-89",10,"Jun",89,"West Cooper Creek; 2mi S. Little Bald Mtn; Chattahoochee Nat'l Forest; 860m","Union","GA","GRG","JPD","588-a,b","M","ASY","7.5x5",9.4,"partial",60.6,51,3.1,3.5,10.5,6.7,NA,NA,"blue",11.8,14.9,2,2,2,2,NA,"","","GA.Union","South",34.76412,-84.00542,18.85
"612884","dorsal","m","3",0.057163893494709,0.0140271924987391,0.0501829584190276,0.0120873348419627,0.0596964891826895,0.0153933998629525,0.0721974859823856,0.0162419802700952,0.0757066087596741,0.0222718267130541,0.057163893494709,0.0140271924987391,32400,24.3197598048414,2622,"Setophaga caerulescens","10-Jun-89",10,"Jun",89,"West Cooper Creek; 2mi S. Little Bald Mtn; Chattahoochee Nat'l Forest; 860m","Union","GA","GRG","JPD","590-a,b","M","ASY","6.5x4.5",9.8,"partial",65.8,56.1,3.3,4,10.2,6.9,NA,NA,"blue",11.5,12,2,2,2,2,NA,"","","GA.Union","South",34.76412,-84.00542,19
"612884","dorsal","m","2",0.0591563583378285,0.0134908509356759,0.051805930263238,0.0116235511879867,0.0617551836280418,0.0147517407566574,0.074502101521389,0.016199487830434,0.0809738528957731,0.0225419582125946,0.0591563583378285,0.0134908509356759,33672,25.2745355601426,2622,"Setophaga caerulescens","10-Jun-89",10,"Jun",89,"West Cooper Creek; 2mi S. Little Bald Mtn; Chattahoochee Nat'l Forest; 860m","Union","GA","GRG","JPD","590-a,b","M","ASY","6.5x4.5",9.8,"partial",65.8,56.1,3.3,4,10.2,6.9,NA,NA,"blue",11.5,12,2,2,2,2,NA,"","","GA.Union","South",34.76412,-84.00542,19
"612884","crown","c","1",0.0677817845728966,0.024681988693818,0.0545277699897911,0.0236315074321932,0.0728270313683019,0.0270478725976182,0.0826283038548677,0.0229170005613114,0.137387451928168,0.0404416346117459,0.0677817845728966,0.024681988693818,75064,56.3437793206981,2622,"Setophaga caerulescens","10-Jun-89",10,"Jun",89,"West Cooper Creek; 2mi S. Little Bald Mtn; Chattahoochee Nat'l Forest; 860m","Union","GA","GRG","JPD","590-a,b","M","ASY","6.5x4.5",9.8,"partial",65.8,56.1,3.3,4,10.2,6.9,NA,NA,"blue",11.5,12,2,2,2,2,NA,"","","GA.Union","South",34.76412,-84.00542,19
"612884","dorsal","m","1",0.0511896070065031,0.0118283646155412,0.0460568669432154,0.0100968230070204,0.0535435724330223,0.0130379353210321,0.0639507436989869,0.0131314212366846,0.0610492069286214,0.0200900826124061,0.0511896070065031,0.0118283646155412,32942,24.7265903546632,2622,"Setophaga caerulescens","10-Jun-89",10,"Jun",89,"West Cooper Creek; 2mi S. Little Bald Mtn; Chattahoochee Nat'l Forest; 860m","Union","GA","GRG","JPD","590-a,b","M","ASY","6.5x4.5",9.8,"partial",65.8,56.1,3.3,4,10.2,6.9,NA,NA,"blue",11.5,12,2,2,2,2,NA,"","","GA.Union","South",34.76412,-84.00542,19
"612884","ventral","t","1",0.0405676185453635,0.00501179265820967,0.0378702420702858,0.00564636262064611,0.0424379322504565,0.00573318267016349,0.0510915902842339,0.00642677780190747,0.0365214590715076,0.00666138922064407,0.0405676185453635,0.00501179265820967,128122,96.1696378307375,2622,"Setophaga caerulescens","10-Jun-89",10,"Jun",89,"West Cooper Creek; 2mi S. Little Bald Mtn; Chattahoochee Nat'l Forest; 860m","Union","GA","GRG","JPD","590-a,b","M","ASY","6.5x4.5",9.8,"partial",65.8,56.1,3.3,4,10.2,6.9,NA,NA,"blue",11.5,12,2,2,2,2,NA,"","","GA.Union","South",34.76412,-84.00542,19
"612884","side","o","1",0.0623435812000397,0.0127831248142773,0.0574193584396308,0.016276196212999,0.0669786795940786,0.0131331257823955,0.0682934361502794,0.00944571985637592,NA,NA,0.0623435812000397,0.0127831248142773,5025,3.77181459936198,2622,"Setophaga caerulescens","10-Jun-89",10,"Jun",89,"West Cooper Creek; 2mi S. Little Bald Mtn; Chattahoochee Nat'l Forest; 860m","Union","GA","GRG","JPD","590-a,b","M","ASY","6.5x4.5",9.8,"partial",65.8,56.1,3.3,4,10.2,6.9,NA,NA,"blue",11.5,12,2,2,2,2,NA,"","","GA.Union","South",34.76412,-84.00542,19
"612884","side","w","1",0.392410703463316,0.117689342564358,0.404912550568671,0.126521193266971,0.39666544501109,0.119342888198714,0.34182675790793,0.088287519700417,NA,NA,0.392410703463316,0.117689342564358,51361,38.5520735597673,2622,"Setophaga caerulescens","10-Jun-89",10,"Jun",89,"West Cooper Creek; 2mi S. Little Bald Mtn; Chattahoochee Nat'l Forest; 860m","Union","GA","GRG","JPD","590-a,b","M","ASY","6.5x4.5",9.8,"partial",65.8,56.1,3.3,4,10.2,6.9,NA,NA,"blue",11.5,12,2,2,2,2,NA,"","","GA.Union","South",34.76412,-84.00542,19
"612886","crown","c","1",0.0459712818655706,0.0227053425990927,0.0382235559962568,0.020799993993408,0.0504561915294429,0.0243132961194366,0.0548563916726391,0.0231903080768592,0.0840996701247495,0.0391555178299586,0.0459712818655706,0.0227053425990927,99442,74.6421467442297,2624,"Setophaga caerulescens","10-Jun-89",10,"Jun",89,"West Cooper Creek; 2mi S. Little Bald Mtn; Chattahoochee Nat'l Forest; 860m","Union","GA","GRG","JPD","592-a,b","M","ASY","7.5x6",9,"partial",61.1,50.1,3.1,3.9,10.8,7,NA,NA,"blue",10,13.1,2,2,2,2,NA,"","","GA.Union","South",34.76412,-84.00542,18.95
"612886","dorsal","m","2",0.0566224589423495,0.01507593828551,0.0512061205913444,0.0145827618538088,0.0587715260408549,0.0160079140847305,0.0703202687035473,0.0151894808850415,0.0785278135685155,0.0252931417627952,0.0566224589423495,0.01507593828551,33306,24.9998123475324,2624,"Setophaga caerulescens","10-Jun-89",10,"Jun",89,"West Cooper Creek; 2mi S. Little Bald Mtn; Chattahoochee Nat'l Forest; 860m","Union","GA","GRG","JPD","592-a,b","M","ASY","7.5x6",9,"partial",61.1,50.1,3.1,3.9,10.8,7,NA,NA,"blue",10,13.1,2,2,2,2,NA,"","","GA.Union","South",34.76412,-84.00542,18.95
"612886","dorsal","m","1",0.0502230291483232,0.0125267157633513,0.0448830835160351,0.0114138243193465,0.0522923305989033,0.0136614979334189,0.0642844647399995,0.0135110353638942,0.067150823841048,0.0192891524875038,0.0502230291483232,0.0125267157633513,32580,24.454869581535,2624,"Setophaga caerulescens","10-Jun-89",10,"Jun",89,"West Cooper Creek; 2mi S. Little Bald Mtn; Chattahoochee Nat'l Forest; 860m","Union","GA","GRG","JPD","592-a,b","M","ASY","7.5x6",9,"partial",61.1,50.1,3.1,3.9,10.8,7,NA,NA,"blue",10,13.1,2,2,2,2,NA,"","","GA.Union","South",34.76412,-84.00542,18.95
"612886","ventral","t","1",0.0404334234170205,0.00706356380626549,0.0376515123125198,0.00767291893598742,0.0424181080308003,0.00768525128505363,0.0506974928002651,0.00799111958208403,0.0368987263066299,0.00980220631158151,0.0404334234170205,0.00706356380626549,156170,117.222743479077,2624,"Setophaga caerulescens","10-Jun-89",10,"Jun",89,"West Cooper Creek; 2mi S. Little Bald Mtn; Chattahoochee Nat'l Forest; 860m","Union","GA","GRG","JPD","592-a,b","M","ASY","7.5x6",9,"partial",61.1,50.1,3.1,3.9,10.8,7,NA,NA,"blue",10,13.1,2,2,2,2,NA,"","","GA.Union","South",34.76412,-84.00542,18.95
"612886","dorsal","m","3",0.0522730776146764,0.0131340139963197,0.046994549490693,0.0122718997943145,0.0543493272691309,0.0142426223496154,0.0661942810183094,0.0137397039077992,0.0673329936638186,0.0188656327095532,0.0522730776146764,0.0131340139963197,33122,24.8617001313567,2624,"Setophaga caerulescens","10-Jun-89",10,"Jun",89,"West Cooper Creek; 2mi S. Little Bald Mtn; Chattahoochee Nat'l Forest; 860m","Union","GA","GRG","JPD","592-a,b","M","ASY","7.5x6",9,"partial",61.1,50.1,3.1,3.9,10.8,7,NA,NA,"blue",10,13.1,2,2,2,2,NA,"","","GA.Union","South",34.76412,-84.00542,18.95
"612886","side","o","1",0.0616769625528207,0.0149080984301277,0.0599667325707369,0.0171874318467289,0.0638539896921917,0.0153713020157573,0.0689475897891672,0.0114491051932938,0.0747201651196718,0.0149167403826893,0.0616769625528207,0.0149080984301277,24119,18.103959467067,2624,"Setophaga caerulescens","10-Jun-89",10,"Jun",89,"West Cooper Creek; 2mi S. Little Bald Mtn; Chattahoochee Nat'l Forest; 860m","Union","GA","GRG","JPD","592-a,b","M","ASY","7.5x6",9,"partial",61.1,50.1,3.1,3.9,10.8,7,NA,NA,"blue",10,13.1,2,2,2,2,NA,"","","GA.Union","South",34.76412,-84.00542,18.95
"612886","side","w","1",0.409326147144438,0.107425043978175,0.418626176260972,0.114800167124894,0.415224357467946,0.109863459747876,0.346473848707066,0.0781802811410023,0.406692936985746,0.0892608697541666,0.409326147144438,0.107425043978175,31660,23.7643085006568,2624,"Setophaga caerulescens","10-Jun-89",10,"Jun",89,"West Cooper Creek; 2mi S. Little Bald Mtn; Chattahoochee Nat'l Forest; 860m","Union","GA","GRG","JPD","592-a,b","M","ASY","7.5x6",9,"partial",61.1,50.1,3.1,3.9,10.8,7,NA,NA,"blue",10,13.1,2,2,2,2,NA,"","","GA.Union","South",34.76412,-84.00542,18.95
"612889","side","w","1",0.505201387426074,0.132083017713949,0.516725806082144,0.138268780746639,0.512148610394873,0.134350054229581,0.419208007868844,0.0982999625859545,0.505714462389731,0.107912056044204,0.505201387426074,0.132083017713949,73253,54.9844248451867,2627,"Setophaga caerulescens","10-Jun-89",10,"Jun",89,"Cooper Creek; 2mi SW Little Bald Mtn; Chattahoochee Nat'l Forest; 720m","Union","GA","GRG","CJD","595-a,b","M","ASY","7x5, 5x4",9.6,"partial",60.7,52.3,3.1,4.3,10.9,7,NA,NA,"blue",15.9,14.2,2,2,2,2,NA,"","","GA.Union","South",34.76163,-84.00799,18.27
"612889","dorsal","m","3",0.0592797397654499,0.00824382507666851,0.0534524928089659,0.00682833155321296,0.0616942704127637,0.00892511118735269,0.0725819808769973,0.0114916696006579,0.0822577482856227,0.0161236755406539,0.0592797397654499,0.00824382507666851,33489,25.1371739538375,2627,"Setophaga caerulescens","10-Jun-89",10,"Jun",89,"Cooper Creek; 2mi SW Little Bald Mtn; Chattahoochee Nat'l Forest; 720m","Union","GA","GRG","CJD","595-a,b","M","ASY","7x5, 5x4",9.6,"partial",60.7,52.3,3.1,4.3,10.9,7,NA,NA,"blue",15.9,14.2,2,2,2,2,NA,"","","GA.Union","South",34.76163,-84.00799,18.27
"612889","side","o","1",0.0600049629452314,0.00989479837205558,0.0587071010430266,0.0117495193649532,0.062001686670957,0.0103552912582173,0.0671053848282742,0.00782795580400975,0.073284499206623,0.0118306083997165,0.0600049629452314,0.00989479837205558,12950,9.72039782323137,2627,"Setophaga caerulescens","10-Jun-89",10,"Jun",89,"Cooper Creek; 2mi SW Little Bald Mtn; Chattahoochee Nat'l Forest; 720m","Union","GA","GRG","CJD","595-a,b","M","ASY","7x5, 5x4",9.6,"partial",60.7,52.3,3.1,4.3,10.9,7,NA,NA,"blue",15.9,14.2,2,2,2,2,NA,"","","GA.Union","South",34.76163,-84.00799,18.27
"612889","dorsal","m","2",0.0505288316460997,0.0092739943492735,0.0463446802487839,0.00888483871602809,0.0525663583514241,0.00983224616656047,0.0627475214623335,0.0105173399262703,0.0621406225772151,0.0156981686576917,0.0505288316460997,0.0092739943492735,33856,25.4126477763183,2627,"Setophaga caerulescens","10-Jun-89",10,"Jun",89,"Cooper Creek; 2mi SW Little Bald Mtn; Chattahoochee Nat'l Forest; 720m","Union","GA","GRG","CJD","595-a,b","M","ASY","7x5, 5x4",9.6,"partial",60.7,52.3,3.1,4.3,10.9,7,NA,NA,"blue",15.9,14.2,2,2,2,2,NA,"","","GA.Union","South",34.76163,-84.00799,18.27
"612889","ventral","t","1",0.0441434290170577,0.00838091215709853,0.0411881732416899,0.00901713446122262,0.0460910024998619,0.00922435510375731,0.0547171530431985,0.00897807281715477,0.0470857644978835,0.0117780935490941,0.0441434290170577,0.00838091215709853,203598,152.82266841809,2627,"Setophaga caerulescens","10-Jun-89",10,"Jun",89,"Cooper Creek; 2mi SW Little Bald Mtn; Chattahoochee Nat'l Forest; 720m","Union","GA","GRG","CJD","595-a,b","M","ASY","7x5, 5x4",9.6,"partial",60.7,52.3,3.1,4.3,10.9,7,NA,NA,"blue",15.9,14.2,2,2,2,2,NA,"","","GA.Union","South",34.76163,-84.00799,18.27
"612889","dorsal","m","1",0.0516552821913735,0.00817600651599307,0.0461701156691829,0.00675209648361083,0.0538177431161224,0.00879182734984979,0.0655507585324545,0.0109320058842485,0.0669550742322085,0.0153725873798332,0.0516552821913735,0.00817600651599307,33489,25.1371739538375,2627,"Setophaga caerulescens","10-Jun-89",10,"Jun",89,"Cooper Creek; 2mi SW Little Bald Mtn; Chattahoochee Nat'l Forest; 720m","Union","GA","GRG","CJD","595-a,b","M","ASY","7x5, 5x4",9.6,"partial",60.7,52.3,3.1,4.3,10.9,7,NA,NA,"blue",15.9,14.2,2,2,2,2,NA,"","","GA.Union","South",34.76163,-84.00799,18.27
"612889","crown","c","1",0.0659838346078399,0.0222203725608741,0.0544527613348309,0.0187617615588835,0.0710487222506918,0.0230658688173698,0.0786204706549105,0.026701298117313,0.127092282164238,0.038545085819415,0.0659838346078399,0.0222203725608741,97370,73.0868830925127,2627,"Setophaga caerulescens","10-Jun-89",10,"Jun",89,"Cooper Creek; 2mi SW Little Bald Mtn; Chattahoochee Nat'l Forest; 720m","Union","GA","GRG","CJD","595-a,b","M","ASY","7x5, 5x4",9.6,"partial",60.7,52.3,3.1,4.3,10.9,7,NA,NA,"blue",15.9,14.2,2,2,2,2,NA,"","","GA.Union","South",34.76163,-84.00799,18.27
"612890","dorsal","m","3",0.068814030096277,0.0106726755443966,0.0640361099203287,0.0134268589232604,0.0712677534656974,0.0154287778303489,0.0805482414675639,0.0229499939463877,0.0969137368913937,0.0120810514182985,0.068814030096277,0.0106726755443966,33488,25.136423343967,2628,"Setophaga caerulescens","10-Jun-89",10,"Jun",89,"Cooper Creek; 2mi SW Little Bald Mtn; Chattahoochee Nat'l Forest; 720m","Union","GA","GRG","JPD","596-a,b","M","SY","6.5x5",9.1,"partial",60.8,49.2,3.1,4.1,11.3,7.8,NA,NA,"green",14.3,13.2,NA,2,2,2,NA,"","","GA.Union","South",34.76412,-84.00542,19.11
"612890","dorsal","m","1",0.0670704436179891,0.00983369309125207,0.0606818345540864,0.0122382096462221,0.0696190631528255,0.0148441587134611,0.0810312659400787,0.0224538306531856,0.0941423938442148,0.0124431501431388,0.0670704436179891,0.00983369309125207,33123,24.8624507412272,2628,"Setophaga caerulescens","10-Jun-89",10,"Jun",89,"Cooper Creek; 2mi SW Little Bald Mtn; Chattahoochee Nat'l Forest; 720m","Union","GA","GRG","JPD","596-a,b","M","SY","6.5x5",9.1,"partial",60.8,49.2,3.1,4.1,11.3,7.8,NA,NA,"green",14.3,13.2,NA,2,2,2,NA,"","","GA.Union","South",34.76412,-84.00542,19.11
"612890","side","w","1",0.342682588709567,0.0917904788108838,0.345912849999901,0.0910946617771723,0.349846618312293,0.0942808956318721,0.293948591769414,0.0817731059582545,0.379999180252646,0.10092252120948,0.342682588709567,0.0917904788108838,56529,42.4312253706136,2628,"Setophaga caerulescens","10-Jun-89",10,"Jun",89,"Cooper Creek; 2mi SW Little Bald Mtn; Chattahoochee Nat'l Forest; 720m","Union","GA","GRG","JPD","596-a,b","M","SY","6.5x5",9.1,"partial",60.8,49.2,3.1,4.1,11.3,7.8,NA,NA,"green",14.3,13.2,NA,2,2,2,NA,"","","GA.Union","South",34.76412,-84.00542,19.11
"612890","ventral","t","1",0.0417392064102083,0.0089616145387515,0.0387248117295176,0.0101429606203704,0.0436277537303497,0.00960468257039103,0.0521094491762321,0.00891758341649692,0.0390623757942677,0.011490755492011,0.0417392064102083,0.0089616145387515,127388,95.618690185776,2628,"Setophaga caerulescens","10-Jun-89",10,"Jun",89,"Cooper Creek; 2mi SW Little Bald Mtn; Chattahoochee Nat'l Forest; 720m","Union","GA","GRG","JPD","596-a,b","M","SY","6.5x5",9.1,"partial",60.8,49.2,3.1,4.1,11.3,7.8,NA,NA,"green",14.3,13.2,NA,2,2,2,NA,"","","GA.Union","South",34.76412,-84.00542,19.11
"612890","dorsal","m","2",0.0659823204139153,0.0105118271777575,0.0612261190014979,0.0132356492684383,0.068314663847268,0.0153568204278192,0.0780818335152605,0.022523395751239,0.0923457158404863,0.0129357776053939,0.0659823204139153,0.0105118271777575,33306,24.9998123475324,2628,"Setophaga caerulescens","10-Jun-89",10,"Jun",89,"Cooper Creek; 2mi SW Little Bald Mtn; Chattahoochee Nat'l Forest; 720m","Union","GA","GRG","JPD","596-a,b","M","SY","6.5x5",9.1,"partial",60.8,49.2,3.1,4.1,11.3,7.8,NA,NA,"green",14.3,13.2,NA,2,2,2,NA,"","","GA.Union","South",34.76412,-84.00542,19.11
"612890","crown","c","1",0.0402413361343933,0.0165861277700717,0.0340995961709308,0.0143621311289775,0.0441306554252863,0.0181325759666289,0.0490399005526465,0.0189847216658044,0.0702580194406764,0.0250079627138166,0.0402413361343933,0.0165861277700717,83531,62.6991930943892,2628,"Setophaga caerulescens","10-Jun-89",10,"Jun",89,"Cooper Creek; 2mi SW Little Bald Mtn; Chattahoochee Nat'l Forest; 720m","Union","GA","GRG","JPD","596-a,b","M","SY","6.5x5",9.1,"partial",60.8,49.2,3.1,4.1,11.3,7.8,NA,NA,"green",14.3,13.2,NA,2,2,2,NA,"","","GA.Union","South",34.76412,-84.00542,19.11
"612890","side","o","1",0.0573243948122716,0.0114845729598683,0.0561913691441867,0.0130899972164551,0.0588997403932638,0.0129876534237674,0.0661498417784622,0.0132622070612305,0.0644943932728196,0.0127873432056537,0.0573243948122716,0.0114845729598683,32030,24.0420341527491,2628,"Setophaga caerulescens","10-Jun-89",10,"Jun",89,"Cooper Creek; 2mi SW Little Bald Mtn; Chattahoochee Nat'l Forest; 720m","Union","GA","GRG","JPD","596-a,b","M","SY","6.5x5",9.1,"partial",60.8,49.2,3.1,4.1,11.3,7.8,NA,NA,"green",14.3,13.2,NA,2,2,2,NA,"","","GA.Union","South",34.76412,-84.00542,19.11
"612897","dorsal","m","1",0.0501638840922739,0.00999068946338186,0.0456806701761252,0.00942639252834089,0.0510061729984261,0.0115819259535057,0.0673984002176337,0.0153747032579595,0.0754397014163558,0.0126573910315421,0.0501638840922739,0.00999068946338186,33306,24.9998123475324,2601,"Setophaga caerulescens","23-Jun-89",23,"Jun",89,"George Creek, 1mi S Ripshin Lake, Cherokee Nat'l Forest; 1100m","Carter","TN","GRG","JPD","T-569-a,b","M","ASY","8x5",9,"partial",63.6,53.3,3.1,3.8,10.4,6.5,NA,NA,"blue",12.2,13,2,2,2,2,NA,"","wingspot missing primary- not measured","TN.Carter","South",36.16526,-82.13095,19.14
"612897","side","o","1",0.0653905476129761,0.0114028091668783,0.0642502627298788,0.0131538991152116,0.0657358389821284,0.0124333042952897,0.0774898001467371,0.0124965141990074,0.0837354620070355,0.00636525858168841,0.0653905476129761,0.0114028091668783,1199,0.899981234753237,2601,"Setophaga caerulescens","23-Jun-89",23,"Jun",89,"George Creek, 1mi S Ripshin Lake, Cherokee Nat'l Forest; 1100m","Carter","TN","GRG","JPD","T-569-a,b","M","ASY","8x5",9,"partial",63.6,53.3,3.1,3.8,10.4,6.5,NA,NA,"blue",12.2,13,2,2,2,2,NA,"","wingspot missing primary- not measured","TN.Carter","South",36.16526,-82.13095,19.14
"612897","dorsal","m","2",0.0496213328574378,0.0115000850426807,0.0444152162816895,0.0103377621988627,0.050455975042532,0.0131607328906623,0.0680224701632225,0.0166786133905964,0.0760469986018266,0.0145515170087416,0.0496213328574378,0.0115000850426807,34040,25.5507599924939,2601,"Setophaga caerulescens","23-Jun-89",23,"Jun",89,"George Creek, 1mi S Ripshin Lake, Cherokee Nat'l Forest; 1100m","Carter","TN","GRG","JPD","T-569-a,b","M","ASY","8x5",9,"partial",63.6,53.3,3.1,3.8,10.4,6.5,NA,NA,"blue",12.2,13,2,2,2,2,NA,"","wingspot missing primary- not measured","TN.Carter","South",36.16526,-82.13095,19.14
"612897","dorsal","m","3",0.0583004613820118,0.0156653746941006,0.0530507679593239,0.0148365007860895,0.0592155963966877,0.0173187836923722,0.0758500662820807,0.0201564032882003,0.0934590659451489,0.0218669830129432,0.0583004613820118,0.0156653746941006,34040,25.5507599924939,2601,"Setophaga caerulescens","23-Jun-89",23,"Jun",89,"George Creek, 1mi S Ripshin Lake, Cherokee Nat'l Forest; 1100m","Carter","TN","GRG","JPD","T-569-a,b","M","ASY","8x5",9,"partial",63.6,53.3,3.1,3.8,10.4,6.5,NA,NA,"blue",12.2,13,2,2,2,2,NA,"","wingspot missing primary- not measured","TN.Carter","South",36.16526,-82.13095,19.14
"612897","side","w","1",0.356011603087548,0.0749459658780766,0.351665844723319,0.0718975363361695,0.355995882608632,0.075631469691813,0.337245322430537,0.0742458411028422,0.387023726120858,0.0779725123927351,0.356011603087548,0.0749459658780766,17093,12.8301745167949,2601,"Setophaga caerulescens","23-Jun-89",23,"Jun",89,"George Creek, 1mi S Ripshin Lake, Cherokee Nat'l Forest; 1100m","Carter","TN","GRG","JPD","T-569-a,b","M","ASY","8x5",9,"partial",63.6,53.3,3.1,3.8,10.4,6.5,NA,NA,"blue",12.2,13,2,2,2,2,NA,"","wingspot missing primary- not measured","TN.Carter","South",36.16526,-82.13095,19.14
"612897","crown","c","1",0.0745948400567564,0.0274685030842052,0.0605655016963269,0.0228620399783508,0.0780085859842711,0.0282194013656683,0.0951534861651631,0.0355384884108132,0.154761923060737,0.0526647385125495,0.0745948400567564,0.0274685030842052,100661,75.5571401763933,2601,"Setophaga caerulescens","23-Jun-89",23,"Jun",89,"George Creek, 1mi S Ripshin Lake, Cherokee Nat'l Forest; 1100m","Carter","TN","GRG","JPD","T-569-a,b","M","ASY","8x5",9,"partial",63.6,53.3,3.1,3.8,10.4,6.5,NA,NA,"blue",12.2,13,2,2,2,2,NA,"","wingspot missing primary- not measured","TN.Carter","South",36.16526,-82.13095,19.14
"612897","ventral","t","1",0.0466620377286812,0.0076616973195618,0.0425971911611987,0.00891848446835932,0.0482366486968321,0.00903016011039246,0.060471498112407,0.0115342820477992,0.063572957574012,0.00863419028920943,0.0466620377286812,0.0076616973195618,191404,143.669731656971,2601,"Setophaga caerulescens","23-Jun-89",23,"Jun",89,"George Creek, 1mi S Ripshin Lake, Cherokee Nat'l Forest; 1100m","Carter","TN","GRG","JPD","T-569-a,b","M","ASY","8x5",9,"partial",63.6,53.3,3.1,3.8,10.4,6.5,NA,NA,"blue",12.2,13,2,2,2,2,NA,"","wingspot missing primary- not measured","TN.Carter","South",36.16526,-82.13095,19.14
"612898","side","o","1",0.0675156709642985,0.0101124123474084,0.0648009319499699,0.0101297488019794,0.0688791025587893,0.0115395454984194,0.0790034493411151,0.0131243497829699,0.0934933701978838,0.0116290920361843,0.0675156709642985,0.0101124123474084,3906,2.93188215425033,2602,"Setophaga caerulescens","23-Jun-89",23,"Jun",89,"George Creek, 1mi S Ripshin Lake, Cherokee Nat'l Forest; 1100m","Carter","TN","GRG","JPD","T-570-a,b","M","ASY","8x6",8.95,"partial",65.3,53.7,3.2,3.7,10.6,7.9,17.9,NA,"blue",14.8,13.7,2,2,2,2,NA,"tail molt","","TN.Carter","South",36.16526,-82.13095,19.7
"612898","dorsal","m","1",0.0582051653269808,0.0122218526936256,0.0524884431743713,0.0102690878379141,0.0592922713316772,0.013284133286432,0.0761877088168735,0.0172944350488284,0.0861774592743441,0.0181040873912159,0.0582051653269808,0.0122218526936256,32942,24.7265903546632,2602,"Setophaga caerulescens","23-Jun-89",23,"Jun",89,"George Creek, 1mi S Ripshin Lake, Cherokee Nat'l Forest; 1100m","Carter","TN","GRG","JPD","T-570-a,b","M","ASY","8x6",8.95,"partial",65.3,53.7,3.2,3.7,10.6,7.9,17.9,NA,"blue",14.8,13.7,2,2,2,2,NA,"tail molt","","TN.Carter","South",36.16526,-82.13095,19.7
"612898","dorsal","m","3",0.0616764784418211,0.0113794003429069,0.0567757564716851,0.010157645108703,0.0630354603462375,0.0126114148057822,0.0771360978069833,0.015657372073202,0.0891298347674506,0.0137166921343643,0.0616764784418211,0.0113794003429069,36100,27.0970163257647,2602,"Setophaga caerulescens","23-Jun-89",23,"Jun",89,"George Creek, 1mi S Ripshin Lake, Cherokee Nat'l Forest; 1100m","Carter","TN","GRG","JPD","T-570-a,b","M","ASY","8x6",8.95,"partial",65.3,53.7,3.2,3.7,10.6,7.9,17.9,NA,"blue",14.8,13.7,2,2,2,2,NA,"tail molt","","TN.Carter","South",36.16526,-82.13095,19.7
"612898","dorsal","m","2",0.0560634295263338,0.00835916740580891,0.0507658594913081,0.00745324624080002,0.0572225856580615,0.0096089801508781,0.0731584557539353,0.0132481634193775,0.0812402104677037,0.0109417067958595,0.0560634295263338,0.00835916740580891,33855,25.4118971664477,2602,"Setophaga caerulescens","23-Jun-89",23,"Jun",89,"George Creek, 1mi S Ripshin Lake, Cherokee Nat'l Forest; 1100m","Carter","TN","GRG","JPD","T-570-a,b","M","ASY","8x6",8.95,"partial",65.3,53.7,3.2,3.7,10.6,7.9,17.9,NA,"blue",14.8,13.7,2,2,2,2,NA,"tail molt","","TN.Carter","South",36.16526,-82.13095,19.7
"612898","side","w","1",0.443112563276907,0.127072561668928,0.448042506173449,0.129813101884011,0.444057767784343,0.128870726678437,0.39066994015645,0.106237601745365,0.470592521531459,0.119532474649275,0.443112563276907,0.127072561668928,56393,42.3291424282229,2602,"Setophaga caerulescens","23-Jun-89",23,"Jun",89,"George Creek, 1mi S Ripshin Lake, Cherokee Nat'l Forest; 1100m","Carter","TN","GRG","JPD","T-570-a,b","M","ASY","8x6",8.95,"partial",65.3,53.7,3.2,3.7,10.6,7.9,17.9,NA,"blue",14.8,13.7,2,2,2,2,NA,"tail molt","","TN.Carter","South",36.16526,-82.13095,19.7
"612898","crown","c","1",0.0578547525110797,0.0235634892657466,0.0468552321888873,0.0210632956732489,0.0613727934708492,0.0250091477092772,0.0739873115119187,0.0261083128919859,0.108860862080203,0.0461494528077472,0.0578547525110797,0.0235634892657466,71560,53.7136423343967,2602,"Setophaga caerulescens","23-Jun-89",23,"Jun",89,"George Creek, 1mi S Ripshin Lake, Cherokee Nat'l Forest; 1100m","Carter","TN","GRG","JPD","T-570-a,b","M","ASY","8x6",8.95,"partial",65.3,53.7,3.2,3.7,10.6,7.9,17.9,NA,"blue",14.8,13.7,2,2,2,2,NA,"tail molt","","TN.Carter","South",36.16526,-82.13095,19.7
"612898","ventral","t","1",0.0501807120945222,0.0119647247569621,0.0460270348708174,0.0139636781302317,0.0517902999207059,0.0125753702493153,0.0637150127062075,0.0120831502199903,0.0664054552787047,0.0111686175143678,0.0501807120945222,0.0119647247569621,135390,101.625070369675,2602,"Setophaga caerulescens","23-Jun-89",23,"Jun",89,"George Creek, 1mi S Ripshin Lake, Cherokee Nat'l Forest; 1100m","Carter","TN","GRG","JPD","T-570-a,b","M","ASY","8x6",8.95,"partial",65.3,53.7,3.2,3.7,10.6,7.9,17.9,NA,"blue",14.8,13.7,2,2,2,2,NA,"tail molt","","TN.Carter","South",36.16526,-82.13095,19.7
"612907","side","w","1",0.49247335820364,0.109749001303873,0.506892168798716,0.116088395286407,0.49955079520782,0.113498365621453,0.407715276745079,0.0805551173883378,0.453399806594413,0.0754511017598673,0.49247335820364,0.109749001303873,66149,49.6520923250141,2657,"Setophaga caerulescens","19-Jun-89",19,"Jun",89,"Right prong Rock Creek; 4mi SE Erwin, Cherokee Nat'l Forest; 960m","Unicoi","TN","GRG","CJD","625-a,b","M","ASY","7x6, 5x5",9.9,"partial",60.9,55.3,3,NA,11.5,7.2,NA,NA,"blue",16.1,17.3,3,4,2,3,NA,"broken nares","wing spot misaligned, auto-align","TN.Unicoi","South",36.13795,-82.33957,19.34
"612907","crown","c","1",0.0790338856229465,0.0305966890274485,0.0641353167329925,0.0260438260517127,0.0833138034104556,0.0334071052033534,0.0980287495505996,0.0385362993163814,0.167697310192585,0.0495739341328776,0.0790338856229465,0.0305966890274485,112608,84.5246762994933,2657,"Setophaga caerulescens","19-Jun-89",19,"Jun",89,"Right prong Rock Creek; 4mi SE Erwin, Cherokee Nat'l Forest; 960m","Unicoi","TN","GRG","CJD","625-a,b","M","ASY","7x6, 5x5",9.9,"partial",60.9,55.3,3,NA,11.5,7.2,NA,NA,"blue",16.1,17.3,3,4,2,3,NA,"broken nares","wing spot misaligned, auto-align","TN.Unicoi","South",36.13795,-82.33957,19.34
"612907","dorsal","m","3",0.0741908034862731,0.018111781749725,0.0664883578636304,0.0134247918302444,0.0765555797482966,0.0202265069039638,0.0904385344260792,0.0238376710030919,0.118573394053971,0.0146301919097396,0.0741908034862731,0.018111781749725,33489,25.1371739538375,2657,"Setophaga caerulescens","19-Jun-89",19,"Jun",89,"Right prong Rock Creek; 4mi SE Erwin, Cherokee Nat'l Forest; 960m","Unicoi","TN","GRG","CJD","625-a,b","M","ASY","7x6, 5x5",9.9,"partial",60.9,55.3,3,NA,11.5,7.2,NA,NA,"blue",16.1,17.3,3,4,2,3,NA,"broken nares","wing spot misaligned, auto-align","TN.Unicoi","South",36.13795,-82.33957,19.34
"612907","side","o","1",0.101919387505884,0.0297807226773693,0.106704618016475,0.0356311337915881,0.102664104280368,0.0303426618435894,0.0998608625626351,0.0208813395131201,0.110387758073025,0.0174480410090026,0.101919387505884,0.0297807226773693,2375,1.78269844248452,2657,"Setophaga caerulescens","19-Jun-89",19,"Jun",89,"Right prong Rock Creek; 4mi SE Erwin, Cherokee Nat'l Forest; 960m","Unicoi","TN","GRG","CJD","625-a,b","M","ASY","7x6, 5x5",9.9,"partial",60.9,55.3,3,NA,11.5,7.2,NA,NA,"blue",16.1,17.3,3,4,2,3,NA,"broken nares","wing spot misaligned, auto-align","TN.Unicoi","South",36.13795,-82.33957,19.34
"612907","dorsal","m","2",0.0764290917701866,0.0182603152753019,0.0694065383335526,0.0141559588046979,0.0788107483503896,0.0200474635174097,0.09121151846112,0.0238404153301178,0.121695767218448,0.014423223559661,0.0764290917701866,0.0182603152753019,33672,25.2745355601426,2657,"Setophaga caerulescens","19-Jun-89",19,"Jun",89,"Right prong Rock Creek; 4mi SE Erwin, Cherokee Nat'l Forest; 960m","Unicoi","TN","GRG","CJD","625-a,b","M","ASY","7x6, 5x5",9.9,"partial",60.9,55.3,3,NA,11.5,7.2,NA,NA,"blue",16.1,17.3,3,4,2,3,NA,"broken nares","wing spot misaligned, auto-align","TN.Unicoi","South",36.13795,-82.33957,19.34
"612907","dorsal","m","1",0.0757139154823129,0.0194612619249458,0.0673478935532406,0.0144471995263381,0.0782413332518499,0.0216979159973477,0.0923014680358511,0.0251388512385792,0.121763718226394,0.018630289645312,0.0757139154823129,0.0194612619249458,33306,24.9998123475324,2657,"Setophaga caerulescens","19-Jun-89",19,"Jun",89,"Right prong Rock Creek; 4mi SE Erwin, Cherokee Nat'l Forest; 960m","Unicoi","TN","GRG","CJD","625-a,b","M","ASY","7x6, 5x5",9.9,"partial",60.9,55.3,3,NA,11.5,7.2,NA,NA,"blue",16.1,17.3,3,4,2,3,NA,"broken nares","wing spot misaligned, auto-align","TN.Unicoi","South",36.13795,-82.33957,19.34
"612907","ventral","t","1",0.0406127449112377,0.00533390207833564,0.0356208105964078,0.00599022945899227,0.0422668451558741,0.00669206834019854,0.0560952376261388,0.00919165546434505,0.0597327339901183,0.00684795000165097,0.0406127449112377,0.00533390207833564,116277,87.2786639144305,2657,"Setophaga caerulescens","19-Jun-89",19,"Jun",89,"Right prong Rock Creek; 4mi SE Erwin, Cherokee Nat'l Forest; 960m","Unicoi","TN","GRG","CJD","625-a,b","M","ASY","7x6, 5x5",9.9,"partial",60.9,55.3,3,NA,11.5,7.2,NA,NA,"blue",16.1,17.3,3,4,2,3,NA,"broken nares","wing spot misaligned, auto-align","TN.Unicoi","South",36.13795,-82.33957,19.34
"612911","dorsal","m","3",0.0539021735220799,0.00898711062247673,0.04636006137971,0.00769920427805409,0.0562031423627054,0.00941348612420658,0.0710408292580937,0.0133515509985828,0.0860903246527926,0.013646342055304,0.0539021735220799,0.00898711062247673,33489,25.1371739538375,2664,"Setophaga caerulescens","22-Jun-89",22,"Jun",89,"George Creek, 1mi SE Ripshin Lake, Cherokee Nat'l Forest; 1090m","Carter","TN","GRG","JPD","T-632-a,b","M","ASY","6.5x5.5",10.1,"partial",65.6,56,3,4.2,10.5,7,NA,NA,"blue",13.5,13.8,3,2,2,2,NA,"","","TN.Carter","South",36.16526,-82.13095,19.84
"612911","side","w","1",0.43084950073671,0.135608753595705,0.44671341434368,0.145013679389068,0.434070605837076,0.138243737802155,0.365690411327465,0.102360525373796,0.381617815837162,0.0786782180983279,0.43084950073671,0.135608753595705,46807,35.1337962094202,2664,"Setophaga caerulescens","22-Jun-89",22,"Jun",89,"George Creek, 1mi SE Ripshin Lake, Cherokee Nat'l Forest; 1090m","Carter","TN","GRG","JPD","T-632-a,b","M","ASY","6.5x5.5",10.1,"partial",65.6,56,3,4.2,10.5,7,NA,NA,"blue",13.5,13.8,3,2,2,2,NA,"","","TN.Carter","South",36.16526,-82.13095,19.84
"612911","ventral","t","1",0.0444408172169044,0.00862344755295292,0.0405065236254366,0.0102397232073727,0.045703474838112,0.00945657351841129,0.059092906397641,0.010403580318995,0.0620844629134694,0.00761816981852956,0.0444408172169044,0.00862344755295292,188394,141.410395946707,2664,"Setophaga caerulescens","22-Jun-89",22,"Jun",89,"George Creek, 1mi SE Ripshin Lake, Cherokee Nat'l Forest; 1090m","Carter","TN","GRG","JPD","T-632-a,b","M","ASY","6.5x5.5",10.1,"partial",65.6,56,3,4.2,10.5,7,NA,NA,"blue",13.5,13.8,3,2,2,2,NA,"","","TN.Carter","South",36.16526,-82.13095,19.84
"612911","dorsal","m","2",0.0530119613890044,0.0101852832326777,0.0453463101851627,0.00868103394883723,0.0551808035988432,0.0105762423774443,0.0708765029283285,0.0144548037652921,0.0869463889141975,0.0172833339589088,0.0530119613890044,0.0101852832326777,32942,24.7265903546632,2664,"Setophaga caerulescens","22-Jun-89",22,"Jun",89,"George Creek, 1mi SE Ripshin Lake, Cherokee Nat'l Forest; 1090m","Carter","TN","GRG","JPD","T-632-a,b","M","ASY","6.5x5.5",10.1,"partial",65.6,56,3,4.2,10.5,7,NA,NA,"blue",13.5,13.8,3,2,2,2,NA,"","","TN.Carter","South",36.16526,-82.13095,19.84
"612911","side","o","1",0.085080354950421,0.0672447444536869,0.0857753269285685,0.0721308404118133,0.0858320477546021,0.0678096273564905,0.0907772825469019,0.0537947748943087,0.0967379532929371,0.0359758147452429,0.085080354950421,0.0672447444536869,9900,7.43103771814599,2664,"Setophaga caerulescens","22-Jun-89",22,"Jun",89,"George Creek, 1mi SE Ripshin Lake, Cherokee Nat'l Forest; 1090m","Carter","TN","GRG","JPD","T-632-a,b","M","ASY","6.5x5.5",10.1,"partial",65.6,56,3,4.2,10.5,7,NA,NA,"blue",13.5,13.8,3,2,2,2,NA,"","","TN.Carter","South",36.16526,-82.13095,19.84
"612911","dorsal","m","1",0.0514590700623643,0.00863309107718632,0.0443881557668736,0.00733458420232883,0.0536722596827237,0.00906361235786513,0.0682034971869679,0.0127665165385131,0.0813854709054837,0.0140414873892839,0.0514590700623643,0.00863309107718632,33489,25.1371739538375,2664,"Setophaga caerulescens","22-Jun-89",22,"Jun",89,"George Creek, 1mi SE Ripshin Lake, Cherokee Nat'l Forest; 1090m","Carter","TN","GRG","JPD","T-632-a,b","M","ASY","6.5x5.5",10.1,"partial",65.6,56,3,4.2,10.5,7,NA,NA,"blue",13.5,13.8,3,2,2,2,NA,"","","TN.Carter","South",36.16526,-82.13095,19.84
"612911","crown","c","1",0.0690757015633959,0.0220452293253997,0.0580322441705106,0.021772198872032,0.072191140905315,0.0228002580049664,0.0863692961741642,0.0228277069381843,0.12856236258958,0.0446911341510781,0.0690757015633959,0.0220452293253997,79041,59.3289547757553,2664,"Setophaga caerulescens","22-Jun-89",22,"Jun",89,"George Creek, 1mi SE Ripshin Lake, Cherokee Nat'l Forest; 1090m","Carter","TN","GRG","JPD","T-632-a,b","M","ASY","6.5x5.5",10.1,"partial",65.6,56,3,4.2,10.5,7,NA,NA,"blue",13.5,13.8,3,2,2,2,NA,"","","TN.Carter","South",36.16526,-82.13095,19.84
"612912","crown","c","1",0.0702541783187642,0.0241709062237351,0.057162993688342,0.0195285091192577,0.0742510960229561,0.027165411464249,0.0874303067369575,0.0295880880203099,0.139807482447651,0.0345938661656267,0.0702541783187642,0.0241709062237351,82532,61.9493338337399,2665,"Setophaga caerulescens","22-Jun-89",22,"Jun",89,"George Creek, 1mi S Ripshin Lake, Cherokee Nat'l Forest; 1100m","Carter","TN","GRG","JPD","633-a,b","M","ASY","8x6, 7x6",9.25,"partial",64.9,49.5,2.9,4.5,10.4,6.6,NA,NA,"blue",13.4,14.9,2,2,2,2,NA,"","auto-align; dorsal manually aligned","TN.Carter","South",36.17533,-82.12236,18.48
"612912","dorsal","m","3",0.0527240741413611,0.00922354950173592,0.0449161379172742,0.00839302593960886,0.0552526508459911,0.0103428566763828,0.0697123484075879,0.0148063732369514,0.0766576110370913,0.0165598243214668,0.0527240741413611,0.00922354950173592,37636,28.2499530868831,2665,"Setophaga caerulescens","22-Jun-89",22,"Jun",89,"George Creek, 1mi S Ripshin Lake, Cherokee Nat'l Forest; 1100m","Carter","TN","GRG","JPD","633-a,b","M","ASY","8x6, 7x6",9.25,"partial",64.9,49.5,2.9,4.5,10.4,6.6,NA,NA,"blue",13.4,14.9,2,2,2,2,NA,"","auto-align; dorsal manually aligned","TN.Carter","South",36.17533,-82.12236,18.48
"612912","side","w","1",0.47154134770861,0.113188023021684,0.480023768719508,0.116959366676727,0.478349450543534,0.117172821582378,0.403176818632249,0.0867716765077776,0.430603606333027,0.178633096566217,0.47154134770861,0.113188023021684,55153,41.3983861887784,2665,"Setophaga caerulescens","22-Jun-89",22,"Jun",89,"George Creek, 1mi S Ripshin Lake, Cherokee Nat'l Forest; 1100m","Carter","TN","GRG","JPD","633-a,b","M","ASY","8x6, 7x6",9.25,"partial",64.9,49.5,2.9,4.5,10.4,6.6,NA,NA,"blue",13.4,14.9,2,2,2,2,NA,"","auto-align; dorsal manually aligned","TN.Carter","South",36.17533,-82.12236,18.48
"612912","ventral","t","1",0.0485850630834244,0.0110261974755297,0.0448742086271418,0.0140172344026112,0.0502659219483321,0.0118131494900689,0.0615047796914703,0.0101216632343224,0.0662250021437292,0.00890739290977024,0.0485850630834244,0.0110261974755297,208701,156.653030587352,2665,"Setophaga caerulescens","22-Jun-89",22,"Jun",89,"George Creek, 1mi S Ripshin Lake, Cherokee Nat'l Forest; 1100m","Carter","TN","GRG","JPD","633-a,b","M","ASY","8x6, 7x6",9.25,"partial",64.9,49.5,2.9,4.5,10.4,6.6,NA,NA,"blue",13.4,14.9,2,2,2,2,NA,"","auto-align; dorsal manually aligned","TN.Carter","South",36.17533,-82.12236,18.48
"612912","side","o","1",0.0721987581977138,0.0165636236359134,0.0625135774238591,0.0138514437752528,0.0748793287965235,0.0174213256961819,0.0907293114098445,0.0224380495211959,0.113920570429366,0.0321510259028811,0.0721987581977138,0.0165636236359134,84991,63.7950835053481,2665,"Setophaga caerulescens","22-Jun-89",22,"Jun",89,"George Creek, 1mi S Ripshin Lake, Cherokee Nat'l Forest; 1100m","Carter","TN","GRG","JPD","633-a,b","M","ASY","8x6, 7x6",9.25,"partial",64.9,49.5,2.9,4.5,10.4,6.6,NA,NA,"blue",13.4,14.9,2,2,2,2,NA,"","auto-align; dorsal manually aligned","TN.Carter","South",36.17533,-82.12236,18.48
"612912","dorsal","m","1",0.0541298225951699,0.00897726879916743,0.0467814539918521,0.00880657214572614,0.0564578011804836,0.0100924813303794,0.0706449028735329,0.0134632603019146,0.0756212948191918,0.014189124026368,0.0541298225951699,0.00897726879916743,34596,25.9680990805029,2665,"Setophaga caerulescens","22-Jun-89",22,"Jun",89,"George Creek, 1mi S Ripshin Lake, Cherokee Nat'l Forest; 1100m","Carter","TN","GRG","JPD","633-a,b","M","ASY","8x6, 7x6",9.25,"partial",64.9,49.5,2.9,4.5,10.4,6.6,NA,NA,"blue",13.4,14.9,2,2,2,2,NA,"","auto-align; dorsal manually aligned","TN.Carter","South",36.17533,-82.12236,18.48
"612912","dorsal","m","2",0.0462174018963173,0.00713890007293008,0.0390665541906764,0.00717652916779069,0.0486118445541122,0.00833334873027806,0.0626938440845628,0.0115366936685027,0.0635114182753172,0.0115522170708679,0.0462174018963173,0.00713890007293008,35344,26.5295552636517,2665,"Setophaga caerulescens","22-Jun-89",22,"Jun",89,"George Creek, 1mi S Ripshin Lake, Cherokee Nat'l Forest; 1100m","Carter","TN","GRG","JPD","633-a,b","M","ASY","8x6, 7x6",9.25,"partial",64.9,49.5,2.9,4.5,10.4,6.6,NA,NA,"blue",13.4,14.9,2,2,2,2,NA,"","auto-align; dorsal manually aligned","TN.Carter","South",36.17533,-82.12236,18.48
"612914","dorsal","m","2",0.0445801910330434,0.00780252868046355,0.0321101171944986,0.00720516735172793,0.0492964473810456,0.00840133079634788,0.0608770249107966,0.0109987259061092,0.0685838347552433,0.0101419520873412,0.0445801910330434,0.00780252868046355,33489,25.1371739538375,2667,"Setophaga caerulescens","23-Jun-89",23,"Jun",89,"George Creek, 1mi S Ripshin Lake, Cherokee Nat'l Forest; 1100m","Carter","TN","GRG","CJD","T-635-a,b","M","ASY","10x7, 5x6",9.2,"partial",62.9,54,2.7,4.1,10.2,7,NA,NA,"blue",16.1,17.1,2,2,2,2,NA,"","","TN.Carter","South",36.16526,-82.13095,NA
"612914","dorsal","m","1",0.0442747119326932,0.00695676601356512,0.0317852916519821,0.00659877872101582,0.0490159861950645,0.00759278387250442,0.0606155471867317,0.00984617886105729,0.0682122949008194,0.00863693825173397,0.0442747119326932,0.00695676601356512,34225,25.6896228185401,2667,"Setophaga caerulescens","23-Jun-89",23,"Jun",89,"George Creek, 1mi S Ripshin Lake, Cherokee Nat'l Forest; 1100m","Carter","TN","GRG","CJD","T-635-a,b","M","ASY","10x7, 5x6",9.2,"partial",62.9,54,2.7,4.1,10.2,7,NA,NA,"blue",16.1,17.1,2,2,2,2,NA,"","","TN.Carter","South",36.16526,-82.13095,NA
"612914","crown","c","1",0.082452569714501,0.0345055995391963,0.066054597690625,0.0296058686228412,0.0872329917569727,0.0374229069225407,0.101689843081557,0.0375283003169443,0.171139640555153,0.0524116745192723,0.082452569714501,0.0345055995391963,76583,57.4839557140176,2667,"Setophaga caerulescens","23-Jun-89",23,"Jun",89,"George Creek, 1mi S Ripshin Lake, Cherokee Nat'l Forest; 1100m","Carter","TN","GRG","CJD","T-635-a,b","M","ASY","10x7, 5x6",9.2,"partial",62.9,54,2.7,4.1,10.2,7,NA,NA,"blue",16.1,17.1,2,2,2,2,NA,"","","TN.Carter","South",36.16526,-82.13095,NA
"612914","side","w","1",0.353135111509479,0.100410676220268,0.364372470563854,0.107536517213705,0.355296468815665,0.102527948548763,0.309937172931702,0.0757297279193087,0.330318239193055,0.0696266800078241,0.353135111509479,0.100410676220268,74767,56.1208481891537,2667,"Setophaga caerulescens","23-Jun-89",23,"Jun",89,"George Creek, 1mi S Ripshin Lake, Cherokee Nat'l Forest; 1100m","Carter","TN","GRG","CJD","T-635-a,b","M","ASY","10x7, 5x6",9.2,"partial",62.9,54,2.7,4.1,10.2,7,NA,NA,"blue",16.1,17.1,2,2,2,2,NA,"","","TN.Carter","South",36.16526,-82.13095,NA
"612914","ventral","t","1",0.0420205577367948,0.00587427228449519,0.0374926055157869,0.0068293729882106,0.043626330759244,0.00689062015439338,0.0569026751418032,0.00888377178830032,0.0618748497487519,0.00868131182783338,0.0420205577367948,0.00587427228449519,228156,171.256145618315,2667,"Setophaga caerulescens","23-Jun-89",23,"Jun",89,"George Creek, 1mi S Ripshin Lake, Cherokee Nat'l Forest; 1100m","Carter","TN","GRG","CJD","T-635-a,b","M","ASY","10x7, 5x6",9.2,"partial",62.9,54,2.7,4.1,10.2,7,NA,NA,"blue",16.1,17.1,2,2,2,2,NA,"","","TN.Carter","South",36.16526,-82.13095,NA
"612914","side","o","1",0.0592701494786788,0.0189991694277698,0.0567798574857571,0.0212353566662443,0.0604020506824599,0.0194921101239225,0.0712994216680444,0.0161480624705371,0.0830067092452712,0.0125427127006536,0.0592701494786788,0.0189991694277698,55342,41.5402514543066,2667,"Setophaga caerulescens","23-Jun-89",23,"Jun",89,"George Creek, 1mi S Ripshin Lake, Cherokee Nat'l Forest; 1100m","Carter","TN","GRG","CJD","T-635-a,b","M","ASY","10x7, 5x6",9.2,"partial",62.9,54,2.7,4.1,10.2,7,NA,NA,"blue",16.1,17.1,2,2,2,2,NA,"","","TN.Carter","South",36.16526,-82.13095,NA
"612914","dorsal","m","3",0.0488801274005099,0.00848853128874265,0.0360784061063917,0.00761502006752109,0.0536791597785249,0.00921594279728741,0.0653285684534032,0.011789543710908,0.0763009599865914,0.00906224532585458,0.0488801274005099,0.00848853128874265,33489,25.1371739538375,2667,"Setophaga caerulescens","23-Jun-89",23,"Jun",89,"George Creek, 1mi S Ripshin Lake, Cherokee Nat'l Forest; 1100m","Carter","TN","GRG","CJD","T-635-a,b","M","ASY","10x7, 5x6",9.2,"partial",62.9,54,2.7,4.1,10.2,7,NA,NA,"blue",16.1,17.1,2,2,2,2,NA,"","","TN.Carter","South",36.16526,-82.13095,NA
"612915","dorsal","m","3",0.0504025074697426,0.0110345972448331,0.0354499090896831,0.00971143095306293,0.0555971546982873,0.0116482171182417,0.0682524788628019,0.0143557383435285,0.0791802724321515,0.011539035364652,0.0504025074697426,0.0110345972448331,33489,25.1371739538375,2668,"Setophaga caerulescens","23-Jun-89",23,"Jun",89,"George Creek, 1mi S Ripshin Lake, Cherokee Nat'l Forest; 1100m","Carter","TN","GRG","CJD","T-636-a,b","M","ASY","7x5, 5x5",10.2,"partial",65.4,53,2.8,4.1,10.6,6.5,NA,NA,"blue",14.9,17.9,2,2,2,2,NA,"","auto-align","TN.Carter","South",36.16526,-82.13095,19.79
"612915","side","o","1",0.0886975330541213,0.0670295792344485,0.0894326020858293,0.0728221547650012,0.090007383348168,0.0676275642749177,0.0926510814886804,0.0505882736326984,0.102357388814177,0.0311603519171784,0.0886975330541213,0.0670295792344485,37518,28.1613811221618,2668,"Setophaga caerulescens","23-Jun-89",23,"Jun",89,"George Creek, 1mi S Ripshin Lake, Cherokee Nat'l Forest; 1100m","Carter","TN","GRG","CJD","T-636-a,b","M","ASY","7x5, 5x5",10.2,"partial",65.4,53,2.8,4.1,10.6,6.5,NA,NA,"blue",14.9,17.9,2,2,2,2,NA,"","auto-align","TN.Carter","South",36.16526,-82.13095,19.79
"612915","dorsal","m","2",0.0511779061879558,0.0116586001559327,0.0359179429489927,0.0102798615868696,0.0564163169887815,0.012118441145605,0.0693457472502873,0.0152569069423438,0.080609953300854,0.0132730074936466,0.0511779061879558,0.0116586001559327,34040,25.5507599924939,2668,"Setophaga caerulescens","23-Jun-89",23,"Jun",89,"George Creek, 1mi S Ripshin Lake, Cherokee Nat'l Forest; 1100m","Carter","TN","GRG","CJD","T-636-a,b","M","ASY","7x5, 5x5",10.2,"partial",65.4,53,2.8,4.1,10.6,6.5,NA,NA,"blue",14.9,17.9,2,2,2,2,NA,"","auto-align","TN.Carter","South",36.16526,-82.13095,19.79
"612915","side","w","1",0.460809898108014,0.134614830996505,0.476045547493728,0.142012071418874,0.463570215929974,0.136566272228764,0.391032089956047,0.103132550773824,0.426927292681154,0.0899007121822127,0.460809898108014,0.134614830996505,60469,45.3886282604616,2668,"Setophaga caerulescens","23-Jun-89",23,"Jun",89,"George Creek, 1mi S Ripshin Lake, Cherokee Nat'l Forest; 1100m","Carter","TN","GRG","CJD","T-636-a,b","M","ASY","7x5, 5x5",10.2,"partial",65.4,53,2.8,4.1,10.6,6.5,NA,NA,"blue",14.9,17.9,2,2,2,2,NA,"","auto-align","TN.Carter","South",36.16526,-82.13095,19.79
"612915","crown","c","1",0.0647333258420631,0.0191674779491485,0.0553572622559314,0.0198808222580225,0.0684498392931245,0.019704177170776,0.0775367395112218,0.0182986196660859,0.108824500085993,0.0355877328591818,0.0647333258420631,0.0191674779491485,112513,84.453368361794,2668,"Setophaga caerulescens","23-Jun-89",23,"Jun",89,"George Creek, 1mi S Ripshin Lake, Cherokee Nat'l Forest; 1100m","Carter","TN","GRG","CJD","T-636-a,b","M","ASY","7x5, 5x5",10.2,"partial",65.4,53,2.8,4.1,10.6,6.5,NA,NA,"blue",14.9,17.9,2,2,2,2,NA,"","auto-align","TN.Carter","South",36.16526,-82.13095,19.79
"612915","dorsal","m","1",0.0528862834489728,0.014090641966515,0.037338078578786,0.0122960708309496,0.0580729951143765,0.0146306872146611,0.0715001184440218,0.0178664423710833,0.0860209798098089,0.0167682662486662,0.0528862834489728,0.014090641966515,34225,25.6896228185401,2668,"Setophaga caerulescens","23-Jun-89",23,"Jun",89,"George Creek, 1mi S Ripshin Lake, Cherokee Nat'l Forest; 1100m","Carter","TN","GRG","CJD","T-636-a,b","M","ASY","7x5, 5x5",10.2,"partial",65.4,53,2.8,4.1,10.6,6.5,NA,NA,"blue",14.9,17.9,2,2,2,2,NA,"","auto-align","TN.Carter","South",36.16526,-82.13095,19.79
"612915","ventral","t","1",0.0428154149816172,0.00675178705992322,0.0388087278265365,0.00768674960305966,0.0442847596174797,0.00802297745120296,0.0578602611823791,0.0103521526681999,0.0597282438999454,0.00638113129767831,0.0428154149816172,0.00675178705992322,171877,129.012572715331,2668,"Setophaga caerulescens","23-Jun-89",23,"Jun",89,"George Creek, 1mi S Ripshin Lake, Cherokee Nat'l Forest; 1100m","Carter","TN","GRG","CJD","T-636-a,b","M","ASY","7x5, 5x5",10.2,"partial",65.4,53,2.8,4.1,10.6,6.5,NA,NA,"blue",14.9,17.9,2,2,2,2,NA,"","auto-align","TN.Carter","South",36.16526,-82.13095,19.79
"612916","dorsal","m","1",0.0567913447394486,0.0143003021778691,0.0496039980755342,0.0126174494967067,0.058713257731329,0.015546224917123,0.0749933627067793,0.0191459634279421,0.0983134307025475,0.0204162658725688,0.0567913447394486,0.0143003021778691,32761,24.5907299680991,2669,"Setophaga caerulescens","23-Jun-89",23,"Jun",89,"George Creek, 1mi S Ripshin Lake, Cherokee Nat'l Forest; 1100m","Carter","TN","GRG","JPD","637-a,b","M","ASY","8.5x6, 6.5x5",9.6,"partial",63.3,52,2.8,4.2,10.6,6.6,NA,NA,"blue",14.6,15.8,2,2,2,2,NA,"","auto-align","TN.Carter","South",36.17533,-82.12236,NA
"612916","crown","c","1",0.0813090637478849,0.0255900407845419,0.0675814381248815,0.0261783256133915,0.084711337702553,0.0264407031813877,0.101256678634944,0.028334383734363,0.16131053758049,0.0576206194694449,0.0813090637478849,0.0255900407845419,73398,55.0932632764121,2669,"Setophaga caerulescens","23-Jun-89",23,"Jun",89,"George Creek, 1mi S Ripshin Lake, Cherokee Nat'l Forest; 1100m","Carter","TN","GRG","JPD","637-a,b","M","ASY","8.5x6, 6.5x5",9.6,"partial",63.3,52,2.8,4.2,10.6,6.6,NA,NA,"blue",14.6,15.8,2,2,2,2,NA,"","auto-align","TN.Carter","South",36.17533,-82.12236,NA
"612916","side","w","1",0.503808545350687,0.145256529850664,0.515303471654298,0.15281016435114,0.510143088918358,0.149545598567243,0.423314921823534,0.10602444581589,0.463972179276877,0.09647507383667,0.503808545350687,0.145256529850664,62493,46.9078626383937,2669,"Setophaga caerulescens","23-Jun-89",23,"Jun",89,"George Creek, 1mi S Ripshin Lake, Cherokee Nat'l Forest; 1100m","Carter","TN","GRG","JPD","637-a,b","M","ASY","8.5x6, 6.5x5",9.6,"partial",63.3,52,2.8,4.2,10.6,6.6,NA,NA,"blue",14.6,15.8,2,2,2,2,NA,"","auto-align","TN.Carter","South",36.17533,-82.12236,NA
"612916","dorsal","m","2",0.0558275836658766,0.0118624943546318,0.047646507777029,0.00970574734328821,0.0576856120790842,0.0133364577663133,0.0757980890002827,0.0183067756113948,0.0944232096799055,0.0166468010951059,0.0558275836658766,0.0118624943546318,33306,24.9998123475324,2669,"Setophaga caerulescens","23-Jun-89",23,"Jun",89,"George Creek, 1mi S Ripshin Lake, Cherokee Nat'l Forest; 1100m","Carter","TN","GRG","JPD","637-a,b","M","ASY","8.5x6, 6.5x5",9.6,"partial",63.3,52,2.8,4.2,10.6,6.6,NA,NA,"blue",14.6,15.8,2,2,2,2,NA,"","auto-align","TN.Carter","South",36.17533,-82.12236,NA
"612916","ventral","t","1",0.0427393076984299,0.0101670435322498,0.0377059865765643,0.0106731626400465,0.0443267006157668,0.0110895401121171,0.0582344019267971,0.0123492688880914,0.061492453797306,0.014118558219908,0.0427393076984299,0.0101670435322498,225515,169.273784950272,2669,"Setophaga caerulescens","23-Jun-89",23,"Jun",89,"George Creek, 1mi S Ripshin Lake, Cherokee Nat'l Forest; 1100m","Carter","TN","GRG","JPD","637-a,b","M","ASY","8.5x6, 6.5x5",9.6,"partial",63.3,52,2.8,4.2,10.6,6.6,NA,NA,"blue",14.6,15.8,2,2,2,2,NA,"","auto-align","TN.Carter","South",36.17533,-82.12236,NA
"612916","dorsal","m","3",0.0571812711810228,0.0119126220674876,0.0492488236341744,0.00977880176199317,0.0590440900982789,0.0133961600385577,0.0768922774954715,0.0180273077771291,0.101183927203425,0.0166424291849083,0.0571812711810228,0.0119126220674876,32400,24.3197598048414,2669,"Setophaga caerulescens","23-Jun-89",23,"Jun",89,"George Creek, 1mi S Ripshin Lake, Cherokee Nat'l Forest; 1100m","Carter","TN","GRG","JPD","637-a,b","M","ASY","8.5x6, 6.5x5",9.6,"partial",63.3,52,2.8,4.2,10.6,6.6,NA,NA,"blue",14.6,15.8,2,2,2,2,NA,"","auto-align","TN.Carter","South",36.17533,-82.12236,NA
"612916","side","o","1",0.0672931018231926,0.0204839833463566,0.0589858581708425,0.0160058775090671,0.0694274441861015,0.022774717662872,0.0855596605339893,0.02656087539107,0.112349170230335,0.0328072486042163,0.0672931018231926,0.0204839833463566,56817,42.6474010133233,2669,"Setophaga caerulescens","23-Jun-89",23,"Jun",89,"George Creek, 1mi S Ripshin Lake, Cherokee Nat'l Forest; 1100m","Carter","TN","GRG","JPD","637-a,b","M","ASY","8.5x6, 6.5x5",9.6,"partial",63.3,52,2.8,4.2,10.6,6.6,NA,NA,"blue",14.6,15.8,2,2,2,2,NA,"","auto-align","TN.Carter","South",36.17533,-82.12236,NA
"612917","ventral","t","1",0.0470725362405748,0.0191291208246251,0.0426336134287191,0.0201291463881838,0.0485480224365152,0.0196152391899705,0.0619353777117818,0.018215971036304,0.0621770539407915,0.0129119334247107,0.0470725362405748,0.0191291208246251,197816,148.482642146744,2670,"Setophaga caerulescens","23-Jun-89",23,"Jun",89,"George Creek, 1mi S Ripshin Lake, Cherokee Nat'l Forest; 1100m","Carter","TN","GRG","JPD","638-a,b","M","SY","6.5x5",9.3,"partial",64.9,54.6,2.8,4.3,10.8,7,NA,NA,"green",7.3,7.9,2,2,2,2,NA,"","auto-align","TN.Carter","South",36.17533,-82.12236,19.59
"612917","side","o","1",0.116241461932885,0.0711857109506206,0.119028584598488,0.0753182565855983,0.117762628369384,0.0715468331644066,0.113418643077977,0.0578423030381231,0.116428835912637,0.0179420686744314,0.116241461932885,0.0711857109506206,24019,18.028898480015,2670,"Setophaga caerulescens","23-Jun-89",23,"Jun",89,"George Creek, 1mi S Ripshin Lake, Cherokee Nat'l Forest; 1100m","Carter","TN","GRG","JPD","638-a,b","M","SY","6.5x5",9.3,"partial",64.9,54.6,2.8,4.3,10.8,7,NA,NA,"green",7.3,7.9,2,2,2,2,NA,"","auto-align","TN.Carter","South",36.17533,-82.12236,19.59
"612917","crown","c","1",0.0736728747508615,0.0295277003865119,0.0606473960050378,0.0249602030044972,0.0776795673970411,0.0324102255482922,0.0912008823043338,0.0361142707249998,0.14670595465017,0.0441129882190392,0.0736728747508615,0.0295277003865119,90094,67.6254456746106,2670,"Setophaga caerulescens","23-Jun-89",23,"Jun",89,"George Creek, 1mi S Ripshin Lake, Cherokee Nat'l Forest; 1100m","Carter","TN","GRG","JPD","638-a,b","M","SY","6.5x5",9.3,"partial",64.9,54.6,2.8,4.3,10.8,7,NA,NA,"green",7.3,7.9,2,2,2,2,NA,"","auto-align","TN.Carter","South",36.17533,-82.12236,19.59
"612917","dorsal","m","1",0.0651423228216985,0.0139980263919539,0.0595324235471802,0.0127625422635095,0.0668211855436223,0.0155540023881637,0.0804611102185374,0.018501927006395,0.0912463322517897,0.0171180464020742,0.0651423228216985,0.0139980263919539,34222,25.6873709889285,2670,"Setophaga caerulescens","23-Jun-89",23,"Jun",89,"George Creek, 1mi S Ripshin Lake, Cherokee Nat'l Forest; 1100m","Carter","TN","GRG","JPD","638-a,b","M","SY","6.5x5",9.3,"partial",64.9,54.6,2.8,4.3,10.8,7,NA,NA,"green",7.3,7.9,2,2,2,2,NA,"","auto-align","TN.Carter","South",36.17533,-82.12236,19.59
"612917","dorsal","m","3",0.0604216800513881,0.0112035924354487,0.0551061175127185,0.0101906612814632,0.0620744601332434,0.0127274691411317,0.0758069179239115,0.0159221858423884,0.092177425834433,0.0130793909332966,0.0604216800513881,0.0112035924354487,34969,26.2480765622068,2670,"Setophaga caerulescens","23-Jun-89",23,"Jun",89,"George Creek, 1mi S Ripshin Lake, Cherokee Nat'l Forest; 1100m","Carter","TN","GRG","JPD","638-a,b","M","SY","6.5x5",9.3,"partial",64.9,54.6,2.8,4.3,10.8,7,NA,NA,"green",7.3,7.9,2,2,2,2,NA,"","auto-align","TN.Carter","South",36.17533,-82.12236,19.59
"612917","dorsal","m","2",0.0604135599233184,0.0112169279473051,0.0546745422880116,0.00996444799176031,0.0620206528036759,0.0127919604858757,0.0764286990182669,0.0160363567111445,0.0894173994593526,0.0119142728984,0.0604135599233184,0.0112169279473051,36290,27.2396322011634,2670,"Setophaga caerulescens","23-Jun-89",23,"Jun",89,"George Creek, 1mi S Ripshin Lake, Cherokee Nat'l Forest; 1100m","Carter","TN","GRG","JPD","638-a,b","M","SY","6.5x5",9.3,"partial",64.9,54.6,2.8,4.3,10.8,7,NA,NA,"green",7.3,7.9,2,2,2,2,NA,"","auto-align","TN.Carter","South",36.17533,-82.12236,19.59
"612917","side","w","1",0.312158069835953,0.144704699062432,0.314878254212507,0.149356274959777,0.315982907829769,0.144163877325704,0.281414779060524,0.119153021893288,0.39187059005312,0.0839919144798231,0.312158069835953,0.144704699062432,19902,14.938637643085,2670,"Setophaga caerulescens","23-Jun-89",23,"Jun",89,"George Creek, 1mi S Ripshin Lake, Cherokee Nat'l Forest; 1100m","Carter","TN","GRG","JPD","638-a,b","M","SY","6.5x5",9.3,"partial",64.9,54.6,2.8,4.3,10.8,7,NA,NA,"green",7.3,7.9,2,2,2,2,NA,"","auto-align","TN.Carter","South",36.17533,-82.12236,19.59
"612918","ventral","t","1",0.0375594060957942,0.00623041708241017,0.0344129029055796,0.0073354185448687,0.0380733553461247,0.00761783729701056,0.0549202659369506,0.00999362039095901,0.0608158775120845,0.00599678900193087,0.0375594060957942,0.00623041708241017,105374,79.0947644961531,2679,"Setophaga caerulescens","20-Jun-89",20,"Jun",89,"Red Fork Indian Creek, 7.5mi E Erwin, Cherokee Nat'l Forest; 1320m","Unicoi","TN","GRG","JPD","647-a,b","M","SY",NA,9.3,"partial",61,NA,2.9,4.1,10.3,6.5,NA,NA,"green",14.1,12,3,4,2,3,NA,"gonads destroyed; tail gone; lower bill projected forward beyond upper bill (preparation)","wing spot misaligned, VR photo blown out on some channels, maybe need to remake, auto-align","TN.Unicoi","South",36.14038,-82.27038,19.04
"612918","side","o","1",0.0899754323170206,0.0262539018979344,0.0971902612979095,0.0312706088369148,0.0902464648941377,0.0274241840160723,0.0873980294875242,0.0187585037663418,0.105128932135281,0.010584448816278,0.0899754323170206,0.0262539018979344,6176,4.63576656033027,2679,"Setophaga caerulescens","20-Jun-89",20,"Jun",89,"Red Fork Indian Creek, 7.5mi E Erwin, Cherokee Nat'l Forest; 1320m","Unicoi","TN","GRG","JPD","647-a,b","M","SY",NA,9.3,"partial",61,NA,2.9,4.1,10.3,6.5,NA,NA,"green",14.1,12,3,4,2,3,NA,"gonads destroyed; tail gone; lower bill projected forward beyond upper bill (preparation)","wing spot misaligned, VR photo blown out on some channels, maybe need to remake, auto-align","TN.Unicoi","South",36.14038,-82.27038,19.04
"612918","dorsal","m","3",0.0437364144187496,0.0192045863109849,0.045767518531261,0.0220997091866432,0.0441485884665773,0.0201400085831668,0.0535806530102542,0.0187496527284277,0.0858804029846454,0.0141072900366676,0.0437364144187496,0.0192045863109849,34224,25.6888722086695,2679,"Setophaga caerulescens","20-Jun-89",20,"Jun",89,"Red Fork Indian Creek, 7.5mi E Erwin, Cherokee Nat'l Forest; 1320m","Unicoi","TN","GRG","JPD","647-a,b","M","SY",NA,9.3,"partial",61,NA,2.9,4.1,10.3,6.5,NA,NA,"green",14.1,12,3,4,2,3,NA,"gonads destroyed; tail gone; lower bill projected forward beyond upper bill (preparation)","wing spot misaligned, VR photo blown out on some channels, maybe need to remake, auto-align","TN.Unicoi","South",36.14038,-82.27038,19.04
"612918","crown","c","1",0.0629167005381857,0.0245709572308148,0.052592913938083,0.0220869111743411,0.0669573801611942,0.0274785894893175,0.0761740573651464,0.0284265670636761,0.115208784099427,0.0286682201063519,0.0629167005381857,0.0245709572308148,67264,50.4890223306436,2679,"Setophaga caerulescens","20-Jun-89",20,"Jun",89,"Red Fork Indian Creek, 7.5mi E Erwin, Cherokee Nat'l Forest; 1320m","Unicoi","TN","GRG","JPD","647-a,b","M","SY",NA,9.3,"partial",61,NA,2.9,4.1,10.3,6.5,NA,NA,"green",14.1,12,3,4,2,3,NA,"gonads destroyed; tail gone; lower bill projected forward beyond upper bill (preparation)","wing spot misaligned, VR photo blown out on some channels, maybe need to remake, auto-align","TN.Unicoi","South",36.14038,-82.27038,19.04
"612918","side","w","1",0.393720547527702,0.133086570036413,0.40626759638496,0.139933441380154,0.397850158463727,0.136107509344976,0.333555953856859,0.101794365381745,0.348684298527546,0.0881983569166239,0.393720547527702,0.133086570036413,47580,35.714017639332,2679,"Setophaga caerulescens","20-Jun-89",20,"Jun",89,"Red Fork Indian Creek, 7.5mi E Erwin, Cherokee Nat'l Forest; 1320m","Unicoi","TN","GRG","JPD","647-a,b","M","SY",NA,9.3,"partial",61,NA,2.9,4.1,10.3,6.5,NA,NA,"green",14.1,12,3,4,2,3,NA,"gonads destroyed; tail gone; lower bill projected forward beyond upper bill (preparation)","wing spot misaligned, VR photo blown out on some channels, maybe need to remake, auto-align","TN.Unicoi","South",36.14038,-82.27038,19.04
"612918","dorsal","m","2",0.0492720333313929,0.01526835404155,0.0466857991649126,0.0133229153968789,0.0503097064013869,0.0170950985862161,0.0645162154983279,0.0198922409648624,0.103296591443243,0.0128186307229242,0.0492720333313929,0.01526835404155,33856,25.4126477763183,2679,"Setophaga caerulescens","20-Jun-89",20,"Jun",89,"Red Fork Indian Creek, 7.5mi E Erwin, Cherokee Nat'l Forest; 1320m","Unicoi","TN","GRG","JPD","647-a,b","M","SY",NA,9.3,"partial",61,NA,2.9,4.1,10.3,6.5,NA,NA,"green",14.1,12,3,4,2,3,NA,"gonads destroyed; tail gone; lower bill projected forward beyond upper bill (preparation)","wing spot misaligned, VR photo blown out on some channels, maybe need to remake, auto-align","TN.Unicoi","South",36.14038,-82.27038,19.04
"612918","dorsal","m","1",0.04955918857592,0.0150093837906723,0.0463775214936642,0.0130168483735754,0.0507977656623935,0.0168984278861722,0.0649821368522706,0.019974490463225,0.106725078735934,0.0126615088508573,0.04955918857592,0.0150093837906723,33856,25.4126477763183,2679,"Setophaga caerulescens","20-Jun-89",20,"Jun",89,"Red Fork Indian Creek, 7.5mi E Erwin, Cherokee Nat'l Forest; 1320m","Unicoi","TN","GRG","JPD","647-a,b","M","SY",NA,9.3,"partial",61,NA,2.9,4.1,10.3,6.5,NA,NA,"green",14.1,12,3,4,2,3,NA,"gonads destroyed; tail gone; lower bill projected forward beyond upper bill (preparation)","wing spot misaligned, VR photo blown out on some channels, maybe need to remake, auto-align","TN.Unicoi","South",36.14038,-82.27038,19.04
"612928","side","w","1",0.407464313389413,0.117356430483573,0.412120282470424,0.120940753595955,0.412049523663575,0.119037468070699,0.355862765395538,0.0934125401435695,0.392190603964506,0.0794775192527793,0.407464313389413,0.117356430483573,46392,34.8222931131544,2695,"Setophaga caerulescens","19-Jun-89",19,"Jun",89,"Right prong Rock Creek; 5mi SE Erwin, Cherokee Nat'l Forest; 1050m","Unicoi","TN","GRG","CJD","663-a,b","M","ASY","6x5",10.1,"partial",62.8,54.3,3,4.1,11.1,7.4,NA,NA,"blue",11.5,13.9,3,2,2,3,NA,"","auto-align","TN.Unicoi","South",36.13795,-82.33957,19.76
"612928","crown","c","1",0.0731671249618548,0.0301288626570953,0.059800955327746,0.0254781648295799,0.0770948775079707,0.0326917506595333,0.0908291632251003,0.0356071246095348,0.146421267646885,0.0530005865097424,0.0731671249618548,0.0301288626570953,78305,58.7765059110527,2695,"Setophaga caerulescens","19-Jun-89",19,"Jun",89,"Right prong Rock Creek; 5mi SE Erwin, Cherokee Nat'l Forest; 1050m","Unicoi","TN","GRG","CJD","663-a,b","M","ASY","6x5",10.1,"partial",62.8,54.3,3,4.1,11.1,7.4,NA,NA,"blue",11.5,13.9,3,2,2,3,NA,"","auto-align","TN.Unicoi","South",36.13795,-82.33957,19.76
"612928","ventral","t","1",0.0368153222510979,0.00644645961633043,0.0339209840172755,0.00707008630328847,0.0376386957097796,0.00762937609013585,0.0525220698075326,0.00975844654361845,0.0626053497287545,0.00688899377791639,0.0368153222510979,0.00644645961633043,220030,165.156689810471,2695,"Setophaga caerulescens","19-Jun-89",19,"Jun",89,"Right prong Rock Creek; 5mi SE Erwin, Cherokee Nat'l Forest; 1050m","Unicoi","TN","GRG","CJD","663-a,b","M","ASY","6x5",10.1,"partial",62.8,54.3,3,4.1,11.1,7.4,NA,NA,"blue",11.5,13.9,3,2,2,3,NA,"","auto-align","TN.Unicoi","South",36.13795,-82.33957,19.76
"612928","dorsal","m","2",0.0544809513715334,0.0126174662334245,0.0503790512901182,0.0112607125137635,0.0555954967652737,0.0137136947514469,0.0706097494710887,0.0165059608918601,0.093482310148753,0.0185065658332961,0.0544809513715334,0.0126174662334245,32760,24.5899793582286,2695,"Setophaga caerulescens","19-Jun-89",19,"Jun",89,"Right prong Rock Creek; 5mi SE Erwin, Cherokee Nat'l Forest; 1050m","Unicoi","TN","GRG","CJD","663-a,b","M","ASY","6x5",10.1,"partial",62.8,54.3,3,4.1,11.1,7.4,NA,NA,"blue",11.5,13.9,3,2,2,3,NA,"","auto-align","TN.Unicoi","South",36.13795,-82.33957,19.76
"612928","side","o","1",0.0564051495754573,0.0151192600582932,0.055345723690217,0.0169022480343744,0.0573198271281024,0.0153703894089375,0.0678113207426089,0.0134399653256374,0.0869488133833899,0.00885883749539518,0.0564051495754573,0.0151192600582932,4361,3.27340964533684,2695,"Setophaga caerulescens","19-Jun-89",19,"Jun",89,"Right prong Rock Creek; 5mi SE Erwin, Cherokee Nat'l Forest; 1050m","Unicoi","TN","GRG","CJD","663-a,b","M","ASY","6x5",10.1,"partial",62.8,54.3,3,4.1,11.1,7.4,NA,NA,"blue",11.5,13.9,3,2,2,3,NA,"","auto-align","TN.Unicoi","South",36.13795,-82.33957,19.76
"612928","dorsal","m","3",0.0459859695380666,0.0103487738695148,0.0421883598810515,0.00902229634926783,0.0468503997282982,0.0114247118765867,0.0630325739002314,0.0142603845394659,0.0793494533693471,0.0155055074563153,0.0459859695380666,0.0103487738695148,34410,25.8284856445862,2695,"Setophaga caerulescens","19-Jun-89",19,"Jun",89,"Right prong Rock Creek; 5mi SE Erwin, Cherokee Nat'l Forest; 1050m","Unicoi","TN","GRG","CJD","663-a,b","M","ASY","6x5",10.1,"partial",62.8,54.3,3,4.1,11.1,7.4,NA,NA,"blue",11.5,13.9,3,2,2,3,NA,"","auto-align","TN.Unicoi","South",36.13795,-82.33957,19.76
"612928","dorsal","m","1",0.0529121398911318,0.0096309711036695,0.0490872631448614,0.00868859985052702,0.0540626626958818,0.0107713740552742,0.0685873884234111,0.0138881877489723,0.0889856621652893,0.013182542614626,0.0529121398911318,0.0096309711036695,33856,25.4126477763183,2695,"Setophaga caerulescens","19-Jun-89",19,"Jun",89,"Right prong Rock Creek; 5mi SE Erwin, Cherokee Nat'l Forest; 1050m","Unicoi","TN","GRG","CJD","663-a,b","M","ASY","6x5",10.1,"partial",62.8,54.3,3,4.1,11.1,7.4,NA,NA,"blue",11.5,13.9,3,2,2,3,NA,"","auto-align","TN.Unicoi","South",36.13795,-82.33957,19.76
"612930","ventral","t","1",0.0418077176569473,0.00510715018114408,0.0364478487042564,0.00574308405923834,0.0434192277651544,0.00647163114230527,0.0578184357600641,0.00916903963373935,0.0566857399816336,0.00556604355927814,0.0418077176569473,0.00510715018114408,111471,83.6712328767123,2702,"Setophaga caerulescens","19-Jun-88",19,"Jun",88,"Right prong Rock Creek; 4mi SE Erwin, Cherokee Nat'l Forest; 960m","Unicoi","TN","GRG","JPD","T-670-a,b","M","ASY","8x6",9.45,"partial",59.5,53.5,2.8,4.2,10.7,7.4,NA,NA,"blue",10.3,12,4,4,2,3,NA,"","wingspot misaligned, auto-align","TN.Unicoi","South",36.1379,-82.35464,18.8
"612930","side","w","1",0.378445509798934,0.135614227144206,0.387467941230743,0.142016457308353,0.379143682668508,0.136187160782501,0.337192964563485,0.108905096291461,0.376873661058478,0.105030497343901,0.378445509798934,0.135614227144206,34993,26.2660911990993,2702,"Setophaga caerulescens","19-Jun-88",19,"Jun",88,"Right prong Rock Creek; 4mi SE Erwin, Cherokee Nat'l Forest; 960m","Unicoi","TN","GRG","JPD","T-670-a,b","M","ASY","8x6",9.45,"partial",59.5,53.5,2.8,4.2,10.7,7.4,NA,NA,"blue",10.3,12,4,4,2,3,NA,"","wingspot misaligned, auto-align","TN.Unicoi","South",36.1379,-82.35464,18.8
"612930","side","o","1",0.070436002972941,0.00799372854459508,0.0692506494308034,0.00943546354443992,0.0714836773403578,0.00862955303462057,0.0799335332563042,0.00920502884119263,0.0945479958850327,0.00791669016923806,0.070436002972941,0.00799372854459508,10277,7.71401763933196,2702,"Setophaga caerulescens","19-Jun-88",19,"Jun",88,"Right prong Rock Creek; 4mi SE Erwin, Cherokee Nat'l Forest; 960m","Unicoi","TN","GRG","JPD","T-670-a,b","M","ASY","8x6",9.45,"partial",59.5,53.5,2.8,4.2,10.7,7.4,NA,NA,"blue",10.3,12,4,4,2,3,NA,"","wingspot misaligned, auto-align","TN.Unicoi","South",36.1379,-82.35464,18.8
"612930","dorsal","m","2",0.054233663864912,0.0131541691748235,0.0494534603800554,0.0123234387371208,0.0554446339543956,0.0151299540917916,0.0704796917217361,0.0169032010803296,0.0833736644620304,0.0154662245703025,0.054233663864912,0.0131541691748235,32761,24.5907299680991,2702,"Setophaga caerulescens","19-Jun-88",19,"Jun",88,"Right prong Rock Creek; 4mi SE Erwin, Cherokee Nat'l Forest; 960m","Unicoi","TN","GRG","JPD","T-670-a,b","M","ASY","8x6",9.45,"partial",59.5,53.5,2.8,4.2,10.7,7.4,NA,NA,"blue",10.3,12,4,4,2,3,NA,"","wingspot misaligned, auto-align","TN.Unicoi","South",36.1379,-82.35464,18.8
"612930","dorsal","m","3",0.0569064659286622,0.0135854846378676,0.0519139497632085,0.0128060064175335,0.0580544426670213,0.0156331563824973,0.0735447922050551,0.0178353033356523,0.0877555239166223,0.0162057598399636,0.0569064659286622,0.0135854846378676,32760,24.5899793582286,2702,"Setophaga caerulescens","19-Jun-88",19,"Jun",88,"Right prong Rock Creek; 4mi SE Erwin, Cherokee Nat'l Forest; 960m","Unicoi","TN","GRG","JPD","T-670-a,b","M","ASY","8x6",9.45,"partial",59.5,53.5,2.8,4.2,10.7,7.4,NA,NA,"blue",10.3,12,4,4,2,3,NA,"","wingspot misaligned, auto-align","TN.Unicoi","South",36.1379,-82.35464,18.8
"612930","crown","c","1",0.0692892158003054,0.0236369532885631,0.0570481587783512,0.0227142345209633,0.0730783561758595,0.0259293215668096,0.0860338195153304,0.0251145097808348,0.138297900870718,0.0391673075787135,0.0692892158003054,0.0236369532885631,72472,54.3981985363108,2702,"Setophaga caerulescens","19-Jun-88",19,"Jun",88,"Right prong Rock Creek; 4mi SE Erwin, Cherokee Nat'l Forest; 960m","Unicoi","TN","GRG","JPD","T-670-a,b","M","ASY","8x6",9.45,"partial",59.5,53.5,2.8,4.2,10.7,7.4,NA,NA,"blue",10.3,12,4,4,2,3,NA,"","wingspot misaligned, auto-align","TN.Unicoi","South",36.1379,-82.35464,18.8
"612930","dorsal","m","1",0.0552125797523309,0.0120736200128457,0.0513549750267714,0.0124446301314404,0.0563061696849931,0.0137934286739954,0.070376741863226,0.0152735785431292,0.0834326425776553,0.0150835817742476,0.0552125797523309,0.0120736200128457,32760,24.5899793582286,2702,"Setophaga caerulescens","19-Jun-88",19,"Jun",88,"Right prong Rock Creek; 4mi SE Erwin, Cherokee Nat'l Forest; 960m","Unicoi","TN","GRG","JPD","T-670-a,b","M","ASY","8x6",9.45,"partial",59.5,53.5,2.8,4.2,10.7,7.4,NA,NA,"blue",10.3,12,4,4,2,3,NA,"","wingspot misaligned, auto-align","TN.Unicoi","South",36.1379,-82.35464,18.8
"612931","dorsal","m","3",0.0655622175520718,0.0123311613332193,0.0601502253678216,0.0109879463648457,0.067300274955278,0.0139374834452304,0.0806049461497897,0.0180772589331928,0.105057394481471,0.0119018388353669,0.0655622175520718,0.0123311613332193,33856,25.4126477763183,2703,"Setophaga caerulescens","19-Jun-89",19,"Jun",89,"Right prong Rock Creek; 4mi SE Erwin, Cherokee Nat'l Forest; 960m","Unicoi","TN","GRG","CJD","671-a,b","M","SY","6x5, NA",9.6,"partial",65.3,52.9,3,4.1,10.5,7.2,NA,NA,"green",10.2,14.4,3,3,2,3,NA,"","auto-align","TN.Unicoi","South",36.13795,-82.33957,19.56
"612931","ventral","t","1",0.0487596970983478,0.008475237482075,0.0458997332534079,0.00993000738361989,0.0502704582089416,0.00958425654586152,0.060917901166288,0.0105013636341463,0.0682330443924396,0.00899230092299773,0.0487596970983478,0.008475237482075,180879,135.76956276975,2703,"Setophaga caerulescens","19-Jun-89",19,"Jun",89,"Right prong Rock Creek; 4mi SE Erwin, Cherokee Nat'l Forest; 960m","Unicoi","TN","GRG","CJD","671-a,b","M","SY","6x5, NA",9.6,"partial",65.3,52.9,3,4.1,10.5,7.2,NA,NA,"green",10.2,14.4,3,3,2,3,NA,"","auto-align","TN.Unicoi","South",36.13795,-82.33957,19.56
"612931","dorsal","m","2",0.0662785682361088,0.013002198970969,0.0616201698396108,0.0108150541235019,0.0680339947153963,0.014779536444421,0.0800259046682327,0.0188126040024863,0.102598486561243,0.0111079805001251,0.0662785682361088,0.013002198970969,33672,25.2745355601426,2703,"Setophaga caerulescens","19-Jun-89",19,"Jun",89,"Right prong Rock Creek; 4mi SE Erwin, Cherokee Nat'l Forest; 960m","Unicoi","TN","GRG","CJD","671-a,b","M","SY","6x5, NA",9.6,"partial",65.3,52.9,3,4.1,10.5,7.2,NA,NA,"green",10.2,14.4,3,3,2,3,NA,"","auto-align","TN.Unicoi","South",36.13795,-82.33957,19.56
"612931","dorsal","m","1",0.0695933797599276,0.0121781073095217,0.0639407230664779,0.0104533047398485,0.0716332329906526,0.0139556108486152,0.0838255268533097,0.0183001469734171,0.110915109515829,0.0135043432890434,0.0695933797599276,0.0121781073095217,33489,25.1371739538375,2703,"Setophaga caerulescens","19-Jun-89",19,"Jun",89,"Right prong Rock Creek; 4mi SE Erwin, Cherokee Nat'l Forest; 960m","Unicoi","TN","GRG","CJD","671-a,b","M","SY","6x5, NA",9.6,"partial",65.3,52.9,3,4.1,10.5,7.2,NA,NA,"green",10.2,14.4,3,3,2,3,NA,"","auto-align","TN.Unicoi","South",36.13795,-82.33957,19.56
"612931","side","w","1",0.322418872110959,0.0810083100628897,0.320671796795669,0.0797131422971824,0.324591547714854,0.081622147421983,0.298619317763939,0.0751770813239768,0.40190436169829,0.0914310671786597,0.322418872110959,0.0810083100628897,31807,23.8746481516232,2703,"Setophaga caerulescens","19-Jun-89",19,"Jun",89,"Right prong Rock Creek; 4mi SE Erwin, Cherokee Nat'l Forest; 960m","Unicoi","TN","GRG","CJD","671-a,b","M","SY","6x5, NA",9.6,"partial",65.3,52.9,3,4.1,10.5,7.2,NA,NA,"green",10.2,14.4,3,3,2,3,NA,"","auto-align","TN.Unicoi","South",36.13795,-82.33957,19.56
"612931","crown","c","1",0.0702896138747483,0.0269485819412381,0.0568946063671262,0.0208488841156947,0.0742160364411037,0.0291699322459844,0.0883492650869421,0.0354423992357979,0.144211916368157,0.0448770049361467,0.0702896138747483,0.0269485819412381,74236,55.7222743479077,2703,"Setophaga caerulescens","19-Jun-89",19,"Jun",89,"Right prong Rock Creek; 4mi SE Erwin, Cherokee Nat'l Forest; 960m","Unicoi","TN","GRG","CJD","671-a,b","M","SY","6x5, NA",9.6,"partial",65.3,52.9,3,4.1,10.5,7.2,NA,NA,"green",10.2,14.4,3,3,2,3,NA,"","auto-align","TN.Unicoi","South",36.13795,-82.33957,19.56
"612931","side","o","1",0.0726484646836781,0.00877695419698555,0.0757317553704021,0.0103331861270643,0.0739826675064628,0.00993824515067824,0.0742582033713263,0.00919846833966505,0.0949013125120328,0.00782738840421728,0.0726484646836781,0.00877695419698555,7520,5.64458622630888,2703,"Setophaga caerulescens","19-Jun-89",19,"Jun",89,"Right prong Rock Creek; 4mi SE Erwin, Cherokee Nat'l Forest; 960m","Unicoi","TN","GRG","CJD","671-a,b","M","SY","6x5, NA",9.6,"partial",65.3,52.9,3,4.1,10.5,7.2,NA,NA,"green",10.2,14.4,3,3,2,3,NA,"","auto-align","TN.Unicoi","South",36.13795,-82.33957,19.56
"612932","side","o","1",0.0691689168258048,0.0167348614706716,0.0659608781314192,0.0195405835911694,0.0703511210651541,0.0174976548300062,0.081388822286884,0.0131084441699119,0.0897804322454185,0.0102181903122832,0.0691689168258048,0.0167348614706716,8607,6.4604991555639,2704,"Setophaga caerulescens","19-Jun-89",19,"Jun",89,"Right prong Rock Creek; 4mi SE Erwin, Cherokee Nat'l Forest; 960m","Unicoi","TN","GRG","JPD","672-a,b","M","ASY","8x6, NA",9.8,"partial",64.3,56.3,3.1,4,9.9,6.7,NA,NA,"blue",15.1,14.2,3,3,2,3,NA,"","auto-align","TN.Unicoi","South",36.13795,-82.33957,19.02
"612932","side","w","1",0.499482759293142,0.135361076862741,0.517243636532437,0.142857295254047,0.505829219356898,0.138752445475799,0.411786584671017,0.100042125131618,0.447196174341036,0.0879432391280737,0.499482759293142,0.135361076862741,48585,36.4683805592044,2704,"Setophaga caerulescens","19-Jun-89",19,"Jun",89,"Right prong Rock Creek; 4mi SE Erwin, Cherokee Nat'l Forest; 960m","Unicoi","TN","GRG","JPD","672-a,b","M","ASY","8x6, NA",9.8,"partial",64.3,56.3,3.1,4,9.9,6.7,NA,NA,"blue",15.1,14.2,3,3,2,3,NA,"","auto-align","TN.Unicoi","South",36.13795,-82.33957,19.02
"612932","dorsal","m","3",0.0645977870598166,0.0112088601667322,0.0575871543931018,0.012607829128998,0.0662252377490033,0.0117867473537068,0.0824641647912245,0.0117766435962014,0.100630667066436,0.023370234043903,0.0645977870598166,0.0112088601667322,33672,25.2745355601426,2704,"Setophaga caerulescens","19-Jun-89",19,"Jun",89,"Right prong Rock Creek; 4mi SE Erwin, Cherokee Nat'l Forest; 960m","Unicoi","TN","GRG","JPD","672-a,b","M","ASY","8x6, NA",9.8,"partial",64.3,56.3,3.1,4,9.9,6.7,NA,NA,"blue",15.1,14.2,3,3,2,3,NA,"","auto-align","TN.Unicoi","South",36.13795,-82.33957,19.02
"612932","dorsal","m","1",0.0620055154967294,0.0111133621253001,0.0552786307959069,0.0118876058955581,0.0636031828362203,0.0116908566771758,0.07989844672897,0.0122294059051736,0.0950260344300649,0.0221095636687807,0.0620055154967294,0.0111133621253001,34410,25.8284856445862,2704,"Setophaga caerulescens","19-Jun-89",19,"Jun",89,"Right prong Rock Creek; 4mi SE Erwin, Cherokee Nat'l Forest; 960m","Unicoi","TN","GRG","JPD","672-a,b","M","ASY","8x6, NA",9.8,"partial",64.3,56.3,3.1,4,9.9,6.7,NA,NA,"blue",15.1,14.2,3,3,2,3,NA,"","auto-align","TN.Unicoi","South",36.13795,-82.33957,19.02
"612932","ventral","t","1",0.0424354414805711,0.00664223703419459,0.037103402476688,0.0078682382069033,0.0440787553522019,0.00802159081467095,0.0584636220036352,0.0105251224618157,0.059746924158848,0.00880079426178615,0.0424354414805711,0.00664223703419459,150798,113.190467254644,2704,"Setophaga caerulescens","19-Jun-89",19,"Jun",89,"Right prong Rock Creek; 4mi SE Erwin, Cherokee Nat'l Forest; 960m","Unicoi","TN","GRG","JPD","672-a,b","M","ASY","8x6, NA",9.8,"partial",64.3,56.3,3.1,4,9.9,6.7,NA,NA,"blue",15.1,14.2,3,3,2,3,NA,"","auto-align","TN.Unicoi","South",36.13795,-82.33957,19.02
"612932","dorsal","m","2",0.0702887035512125,0.0138576323170169,0.0633421999681398,0.0143336254142642,0.0721023507908542,0.0145084533000418,0.0870518922506785,0.0145531798567901,0.110750189359264,0.0265637170328519,0.0702887035512125,0.0138576323170169,34410,25.8284856445862,2704,"Setophaga caerulescens","19-Jun-89",19,"Jun",89,"Right prong Rock Creek; 4mi SE Erwin, Cherokee Nat'l Forest; 960m","Unicoi","TN","GRG","JPD","672-a,b","M","ASY","8x6, NA",9.8,"partial",64.3,56.3,3.1,4,9.9,6.7,NA,NA,"blue",15.1,14.2,3,3,2,3,NA,"","auto-align","TN.Unicoi","South",36.13795,-82.33957,19.02
"612932","crown","c","1",0.081577800762891,0.0267547407852609,0.0692658676889165,0.028976255311035,0.0859095746150166,0.0279373678863105,0.0968181634616186,0.0285007044482675,0.14193537674308,0.0579943585211894,0.081577800762891,0.0267547407852609,70239,52.72208669544,2704,"Setophaga caerulescens","19-Jun-89",19,"Jun",89,"Right prong Rock Creek; 4mi SE Erwin, Cherokee Nat'l Forest; 960m","Unicoi","TN","GRG","JPD","672-a,b","M","ASY","8x6, NA",9.8,"partial",64.3,56.3,3.1,4,9.9,6.7,NA,NA,"blue",15.1,14.2,3,3,2,3,NA,"","auto-align","TN.Unicoi","South",36.13795,-82.33957,19.02
"612933","dorsal","m","3",0.0441409430798336,0.00751875867818147,0.0398133481324951,0.00747891886204186,0.0453702471285346,0.00890012750109816,0.0600992500153795,0.010849994031427,0.0688592060328501,0.00806969696494674,0.0441409430798336,0.00751875867818147,32580,24.454869581535,2705,"Setophaga caerulescens","19-Jun-89",19,"Jun",89,"Right prong Rock Creek; 4mi SE Erwin, Cherokee Nat'l Forest; 960m","Unicoi","TN","GRG","CJD","673-a,b","M","ASY","7x5, 5x5",9.1,"partial",63,51,2.8,4.2,10,6.6,NA,NA,"U",15.4,21.5,3,3,2,3,NA,"","auto-align","TN.Unicoi","South",36.13795,-82.33957,17.75
"612933","side","w","1",0.477353207021614,0.133996180221033,0.486802965797907,0.143049804536032,0.480402757018687,0.136515271411447,0.410121511848539,0.100217978135355,0.461994137543361,0.117700436733046,0.477353207021614,0.133996180221033,74629,56.017264027022,2705,"Setophaga caerulescens","19-Jun-89",19,"Jun",89,"Right prong Rock Creek; 4mi SE Erwin, Cherokee Nat'l Forest; 960m","Unicoi","TN","GRG","CJD","673-a,b","M","ASY","7x5, 5x5",9.1,"partial",63,51,2.8,4.2,10,6.6,NA,NA,"U",15.4,21.5,3,3,2,3,NA,"","auto-align","TN.Unicoi","South",36.13795,-82.33957,17.75
"612933","dorsal","m","2",0.0459282012878126,0.00730872472091353,0.0416685255018695,0.00747753805647632,0.0471623415966262,0.00877805946035394,0.0616138424933266,0.0103589460832984,0.0714903121385823,0.00832790053079317,0.0459282012878126,0.00730872472091353,33306,24.9998123475324,2705,"Setophaga caerulescens","19-Jun-89",19,"Jun",89,"Right prong Rock Creek; 4mi SE Erwin, Cherokee Nat'l Forest; 960m","Unicoi","TN","GRG","CJD","673-a,b","M","ASY","7x5, 5x5",9.1,"partial",63,51,2.8,4.2,10,6.6,NA,NA,"U",15.4,21.5,3,3,2,3,NA,"","auto-align","TN.Unicoi","South",36.13795,-82.33957,17.75
"612933","ventral","t","1",0.0462655037222472,0.00870540142346891,0.0412176913091036,0.0104941565594939,0.0477326512024432,0.00995127929912947,0.061933124941056,0.0112228803617757,0.0659564221201046,0.00953043540064025,0.0462655037222472,0.00870540142346891,167042,125.383373991368,2705,"Setophaga caerulescens","19-Jun-89",19,"Jun",89,"Right prong Rock Creek; 4mi SE Erwin, Cherokee Nat'l Forest; 960m","Unicoi","TN","GRG","CJD","673-a,b","M","ASY","7x5, 5x5",9.1,"partial",63,51,2.8,4.2,10,6.6,NA,NA,"U",15.4,21.5,3,3,2,3,NA,"","auto-align","TN.Unicoi","South",36.13795,-82.33957,17.75
"612933","crown","c","1",0.0753562543543603,0.0256264730553474,0.061634877925943,0.0206778235509152,0.079360820802687,0.0280178173050445,0.0936740619403394,0.0351059360455928,0.146289479404766,0.0389970024267597,0.0753562543543603,0.0256264730553474,91518,68.6943141302308,2705,"Setophaga caerulescens","19-Jun-89",19,"Jun",89,"Right prong Rock Creek; 4mi SE Erwin, Cherokee Nat'l Forest; 960m","Unicoi","TN","GRG","CJD","673-a,b","M","ASY","7x5, 5x5",9.1,"partial",63,51,2.8,4.2,10,6.6,NA,NA,"U",15.4,21.5,3,3,2,3,NA,"","auto-align","TN.Unicoi","South",36.13795,-82.33957,17.75
"612933","dorsal","m","1",0.0458274334766782,0.00858554538059492,0.0408448322986995,0.00797880355634445,0.0471552302338904,0.00999646187554633,0.0623685816881368,0.0121824104024229,0.0722078455395798,0.00968019038996942,0.0458274334766782,0.00858554538059492,32398,24.3182585851004,2705,"Setophaga caerulescens","19-Jun-89",19,"Jun",89,"Right prong Rock Creek; 4mi SE Erwin, Cherokee Nat'l Forest; 960m","Unicoi","TN","GRG","CJD","673-a,b","M","ASY","7x5, 5x5",9.1,"partial",63,51,2.8,4.2,10,6.6,NA,NA,"U",15.4,21.5,3,3,2,3,NA,"","auto-align","TN.Unicoi","South",36.13795,-82.33957,17.75
"612933","side","o","1",0.0690819102333474,0.0150741083407263,0.0674118789202163,0.0182563910391685,0.0703060310104218,0.0156021381804686,0.0789887446337534,0.0124387195109818,0.0927662490213772,0.0179250561388109,0.0690819102333474,0.0150741083407263,6276,4.71082754738225,2705,"Setophaga caerulescens","19-Jun-89",19,"Jun",89,"Right prong Rock Creek; 4mi SE Erwin, Cherokee Nat'l Forest; 960m","Unicoi","TN","GRG","CJD","673-a,b","M","ASY","7x5, 5x5",9.1,"partial",63,51,2.8,4.2,10,6.6,NA,NA,"U",15.4,21.5,3,3,2,3,NA,"","auto-align","TN.Unicoi","South",36.13795,-82.33957,17.75
"612939","dorsal","m","1",0.0509537266695452,0.00869847427144903,0.0442418182266204,0.00744623204969345,0.0524759538973526,0.00962395121770095,0.0694277538743107,0.0134762374641807,0.0820120424348137,0.0159299425791652,0.0509537266695452,0.00869847427144903,32761,24.5907299680991,2716,"Setophaga caerulescens","23-Jun-89",23,"Jun",89,"George Creek, 1mi S Ripshin Lake, Cherokee Nat'l Forest; 1100m","Carter","TN","GRG","JPD","684-a,b","M","ASY","7x5.5",9.6,"partial",64.7,50.5,3,4.2,10.7,6.4,NA,NA,"blue",14.9,13.7,2,2,2,2,NA,"","crown auto-align","TN.Carter","South",36.17533,-82.12236,19.64
"612939","crown","c","1",0.0668995041515526,0.0241036051882935,0.0525137812375603,0.0222833343825158,0.0702867000667293,0.02604473203685,0.088582828736686,0.0281292680181605,0.149341802130939,0.0429788269178565,0.0668995041515526,0.0241036051882935,99701,74.8365547006943,2716,"Setophaga caerulescens","23-Jun-89",23,"Jun",89,"George Creek, 1mi S Ripshin Lake, Cherokee Nat'l Forest; 1100m","Carter","TN","GRG","JPD","684-a,b","M","ASY","7x5.5",9.6,"partial",64.7,50.5,3,4.2,10.7,6.4,NA,NA,"blue",14.9,13.7,2,2,2,2,NA,"","crown auto-align","TN.Carter","South",36.17533,-82.12236,19.64
"612939","side","o","1",0.0676220615305975,0.0248406580650701,0.0662739084138639,0.0282557866398627,0.0689182314465941,0.025511419600535,0.0767693485625724,0.0188259306705468,0.0930603475525176,0.0190789557628966,0.0676220615305975,0.0248406580650701,22178,16.6470257083881,2716,"Setophaga caerulescens","23-Jun-89",23,"Jun",89,"George Creek, 1mi S Ripshin Lake, Cherokee Nat'l Forest; 1100m","Carter","TN","GRG","JPD","684-a,b","M","ASY","7x5.5",9.6,"partial",64.7,50.5,3,4.2,10.7,6.4,NA,NA,"blue",14.9,13.7,2,2,2,2,NA,"","crown auto-align","TN.Carter","South",36.17533,-82.12236,19.64
"612939","dorsal","m","3",0.0553158473598196,0.0102579942816054,0.0481587182074506,0.00867505135276305,0.0569063229442068,0.0111492294029054,0.0742735965532773,0.015133050462968,0.091993396508684,0.0175913433228666,0.0553158473598196,0.0102579942816054,35910,26.9544004503659,2716,"Setophaga caerulescens","23-Jun-89",23,"Jun",89,"George Creek, 1mi S Ripshin Lake, Cherokee Nat'l Forest; 1100m","Carter","TN","GRG","JPD","684-a,b","M","ASY","7x5.5",9.6,"partial",64.7,50.5,3,4.2,10.7,6.4,NA,NA,"blue",14.9,13.7,2,2,2,2,NA,"","crown auto-align","TN.Carter","South",36.17533,-82.12236,19.64
"612939","dorsal","m","2",0.0514106244203375,0.0105949525739791,0.0446858473817819,0.00892344355467198,0.0530261339960758,0.0114122788957534,0.0697578484527631,0.0153644745235849,0.0848977758153229,0.0203583983779574,0.0514106244203375,0.0105949525739791,34225,25.6896228185401,2716,"Setophaga caerulescens","23-Jun-89",23,"Jun",89,"George Creek, 1mi S Ripshin Lake, Cherokee Nat'l Forest; 1100m","Carter","TN","GRG","JPD","684-a,b","M","ASY","7x5.5",9.6,"partial",64.7,50.5,3,4.2,10.7,6.4,NA,NA,"blue",14.9,13.7,2,2,2,2,NA,"","crown auto-align","TN.Carter","South",36.17533,-82.12236,19.64
"612939","ventral","t","1",0.0435475924144996,0.0109912652678036,0.0386908535721913,0.0114890549043429,0.045013515449916,0.0120080261890916,0.0594630421265997,0.0139734048314174,0.0625700143730608,0.00835026469715585,0.0435475924144996,0.0109912652678036,260462,195.505348095327,2716,"Setophaga caerulescens","23-Jun-89",23,"Jun",89,"George Creek, 1mi S Ripshin Lake, Cherokee Nat'l Forest; 1100m","Carter","TN","GRG","JPD","684-a,b","M","ASY","7x5.5",9.6,"partial",64.7,50.5,3,4.2,10.7,6.4,NA,NA,"blue",14.9,13.7,2,2,2,2,NA,"","crown auto-align","TN.Carter","South",36.17533,-82.12236,19.64
"612939","side","w","1",0.493728842517112,0.124844127685359,0.498648566435839,0.131107092607388,0.497661196497331,0.126513237286249,0.42384342908021,0.0960688326892028,0.532639565549605,0.109223763544356,0.493728842517112,0.124844127685359,45473,34.1324826421467,2716,"Setophaga caerulescens","23-Jun-89",23,"Jun",89,"George Creek, 1mi S Ripshin Lake, Cherokee Nat'l Forest; 1100m","Carter","TN","GRG","JPD","684-a,b","M","ASY","7x5.5",9.6,"partial",64.7,50.5,3,4.2,10.7,6.4,NA,NA,"blue",14.9,13.7,2,2,2,2,NA,"","crown auto-align","TN.Carter","South",36.17533,-82.12236,19.64
"612941","ventral","t","1",0.0428972328154889,0.00669554202456897,0.038458531780266,0.00776491528200833,0.0443295147063421,0.00795904287277915,0.0582368848791642,0.00990690660501478,0.0613581718584136,0.00810386405222279,0.0428972328154889,0.00669554202456897,153294,115.063989491462,2720,"Setophaga caerulescens","20-Jun-89",20,"Jun",89,"Right prong Rock Creek; 4mi SE Erwin, Cherokee Nat'l Forest; 960m","Unicoi","TN","GRG","JPD","688-a,b","M","ASY","10x6.5, 7.5x5",9.6,"partial",62.1,54.8,3.1,4.5,12.1,7.7,NA,NA,"blue",19.7,21.3,3,3,2,3,NA,"","auto-align","TN.Unicoi","South",36.13795,-82.33957,19.28
"612941","side","o","1",0.0620643564857003,0.011778303470954,0.0578411527377351,0.0132063936348153,0.0630740336578905,0.0122369657939736,0.0770582634032987,0.0122127795000904,0.0917393421762731,0.0103342354591834,0.0620643564857003,0.011778303470954,8013,6.01463689247514,2720,"Setophaga caerulescens","20-Jun-89",20,"Jun",89,"Right prong Rock Creek; 4mi SE Erwin, Cherokee Nat'l Forest; 960m","Unicoi","TN","GRG","JPD","688-a,b","M","ASY","10x6.5, 7.5x5",9.6,"partial",62.1,54.8,3.1,4.5,12.1,7.7,NA,NA,"blue",19.7,21.3,3,3,2,3,NA,"","auto-align","TN.Unicoi","South",36.13795,-82.33957,19.28
"612941","dorsal","m","3",0.059002147906847,0.014713747803233,0.0531421862072038,0.015582143890516,0.0603879255988309,0.0160960989604623,0.0762695288419343,0.0161324966187697,0.093970559045205,0.0210019746671486,0.059002147906847,0.014713747803233,33306,24.9998123475324,2720,"Setophaga caerulescens","20-Jun-89",20,"Jun",89,"Right prong Rock Creek; 4mi SE Erwin, Cherokee Nat'l Forest; 960m","Unicoi","TN","GRG","JPD","688-a,b","M","ASY","10x6.5, 7.5x5",9.6,"partial",62.1,54.8,3.1,4.5,12.1,7.7,NA,NA,"blue",19.7,21.3,3,3,2,3,NA,"","auto-align","TN.Unicoi","South",36.13795,-82.33957,19.28
"612941","dorsal","m","1",0.0538656253013333,0.0142893257673317,0.0477235649205795,0.0144063655129171,0.0551770702546138,0.0157370099843137,0.0721532378287757,0.0165023288761991,0.0877450954893334,0.0210867424746645,0.0538656253013333,0.0142893257673317,33672,25.2745355601426,2720,"Setophaga caerulescens","20-Jun-89",20,"Jun",89,"Right prong Rock Creek; 4mi SE Erwin, Cherokee Nat'l Forest; 960m","Unicoi","TN","GRG","JPD","688-a,b","M","ASY","10x6.5, 7.5x5",9.6,"partial",62.1,54.8,3.1,4.5,12.1,7.7,NA,NA,"blue",19.7,21.3,3,3,2,3,NA,"","auto-align","TN.Unicoi","South",36.13795,-82.33957,19.28
"612941","crown","c","1",0.0807812181034925,0.0280048873636918,0.067588214849616,0.0278929909869028,0.0838692147574046,0.0286714603637348,0.101651054667476,0.0326229880501811,0.160193355504255,0.0662648116117523,0.0807812181034925,0.0280048873636918,86785,65.1416776130606,2720,"Setophaga caerulescens","20-Jun-89",20,"Jun",89,"Right prong Rock Creek; 4mi SE Erwin, Cherokee Nat'l Forest; 960m","Unicoi","TN","GRG","JPD","688-a,b","M","ASY","10x6.5, 7.5x5",9.6,"partial",62.1,54.8,3.1,4.5,12.1,7.7,NA,NA,"blue",19.7,21.3,3,3,2,3,NA,"","auto-align","TN.Unicoi","South",36.13795,-82.33957,19.28
"612941","dorsal","m","2",0.0540177341845247,0.0145358727287349,0.0480508565322141,0.0145372070376557,0.0552972243621678,0.015763193225867,0.0721203354505741,0.0171980675572499,0.0882876354446172,0.0243328698307192,0.0540177341845247,0.0145358727287349,32041,24.0502908613248,2720,"Setophaga caerulescens","20-Jun-89",20,"Jun",89,"Right prong Rock Creek; 4mi SE Erwin, Cherokee Nat'l Forest; 960m","Unicoi","TN","GRG","JPD","688-a,b","M","ASY","10x6.5, 7.5x5",9.6,"partial",62.1,54.8,3.1,4.5,12.1,7.7,NA,NA,"blue",19.7,21.3,3,3,2,3,NA,"","auto-align","TN.Unicoi","South",36.13795,-82.33957,19.28
"612941","side","w","1",0.502740562057149,0.134503856339766,0.505436672492722,0.139939676223486,0.503492512423157,0.135503272333405,0.440434352639911,0.105086191560236,0.578069195626518,0.10125743480784,0.502740562057149,0.134503856339766,63219,47.4528054043911,2720,"Setophaga caerulescens","20-Jun-89",20,"Jun",89,"Right prong Rock Creek; 4mi SE Erwin, Cherokee Nat'l Forest; 960m","Unicoi","TN","GRG","JPD","688-a,b","M","ASY","10x6.5, 7.5x5",9.6,"partial",62.1,54.8,3.1,4.5,12.1,7.7,NA,NA,"blue",19.7,21.3,3,3,2,3,NA,"","auto-align","TN.Unicoi","South",36.13795,-82.33957,19.28
"613585","dorsal","m","3",0.0619179122411524,0.0107114416977521,0.056107470342517,0.00883467400185441,0.0639409197442671,0.011716192968373,0.0776005833485675,0.0161512933091127,0.0878806459816141,0.0209711093409843,0.0619179122411524,0.0107114416977521,33489,25.1371739538375,2918,"Setophaga caerulescens","12-Jun-90",12,"Jun",90,"Ottawa Nat'l Forest; 0.5mi E Bela Lake on FS rd 3614","Iron","MI","GRG","JPD","754-a,b","M","ASY","10x6, 7x5",10.5,"partial",63.8,45.8,3.1,3.4,10,7,NA,NA,"blue",12.7,13.6,2,2,NA,2,NA,"skull ossified; bill black; feet/legs olive brown; no molt; stomach contents: insect mush","","MI.Iron","North West",46.37789,-88.92817,19.33
"613585","side","w","1",0.464698687823746,0.102149734493529,0.453374589685249,0.101315441798765,0.446764614617636,0.0958423611044813,0.416660237056008,0.0898506076889413,0.559548088571611,0.120202644746361,0.464698687823746,0.102149734493529,48037,36.0570463501595,2918,"Setophaga caerulescens","12-Jun-90",12,"Jun",90,"Ottawa Nat'l Forest; 0.5mi E Bela Lake on FS rd 3614","Iron","MI","GRG","JPD","754-a,b","M","ASY","10x6, 7x5",10.5,"partial",63.8,45.8,3.1,3.4,10,7,NA,NA,"blue",12.7,13.6,2,2,NA,2,NA,"skull ossified; bill black; feet/legs olive brown; no molt; stomach contents: insect mush","","MI.Iron","North West",46.37789,-88.92817,19.33
"613585","ventral","t","1",0.0469796285608431,0.0068756702716205,0.0452912490957734,0.00739711841546745,0.0486698279020251,0.00780911485748825,0.056988888051082,0.00965534421723657,0.0469689847545755,0.00976180406979447,0.0469796285608431,0.0068756702716205,200964,150.845562019141,2918,"Setophaga caerulescens","12-Jun-90",12,"Jun",90,"Ottawa Nat'l Forest; 0.5mi E Bela Lake on FS rd 3614","Iron","MI","GRG","JPD","754-a,b","M","ASY","10x6, 7x5",10.5,"partial",63.8,45.8,3.1,3.4,10,7,NA,NA,"blue",12.7,13.6,2,2,NA,2,NA,"skull ossified; bill black; feet/legs olive brown; no molt; stomach contents: insect mush","","MI.Iron","North West",46.37789,-88.92817,19.33
"613585","side","o","1",0.070312945953713,0.0200201349409176,0.0732187367053254,0.0192748794032466,0.0718960549159253,0.0212525340813174,0.0783901783340279,0.0212633725995962,0.0857255604813156,0.0280275755940424,0.070312945953713,0.0200201349409176,6282,4.71533120660537,2918,"Setophaga caerulescens","12-Jun-90",12,"Jun",90,"Ottawa Nat'l Forest; 0.5mi E Bela Lake on FS rd 3614","Iron","MI","GRG","JPD","754-a,b","M","ASY","10x6, 7x5",10.5,"partial",63.8,45.8,3.1,3.4,10,7,NA,NA,"blue",12.7,13.6,2,2,NA,2,NA,"skull ossified; bill black; feet/legs olive brown; no molt; stomach contents: insect mush","","MI.Iron","North West",46.37789,-88.92817,19.33
"613585","dorsal","m","2",0.0631991872311782,0.0109596825283735,0.0576865055190407,0.00913349981286127,0.065362211401947,0.012217666376574,0.0778531704600317,0.0158095419460307,0.08821980690013,0.019548621521312,0.0631991872311782,0.0109596825283735,31506,23.6487145805967,2918,"Setophaga caerulescens","12-Jun-90",12,"Jun",90,"Ottawa Nat'l Forest; 0.5mi E Bela Lake on FS rd 3614","Iron","MI","GRG","JPD","754-a,b","M","ASY","10x6, 7x5",10.5,"partial",63.8,45.8,3.1,3.4,10,7,NA,NA,"blue",12.7,13.6,2,2,NA,2,NA,"skull ossified; bill black; feet/legs olive brown; no molt; stomach contents: insect mush","","MI.Iron","North West",46.37789,-88.92817,19.33
"613585","crown","c","1",0.0619355844974076,0.0245458724181227,0.0526485696416491,0.0231148968143857,0.0653636302730943,0.0272127562825764,0.0774716052382284,0.0240809277583579,0.113045584234564,0.0424620564055957,0.0619355844974076,0.0245458724181227,81312,61.0335897917058,2918,"Setophaga caerulescens","12-Jun-90",12,"Jun",90,"Ottawa Nat'l Forest; 0.5mi E Bela Lake on FS rd 3614","Iron","MI","GRG","JPD","754-a,b","M","ASY","10x6, 7x5",10.5,"partial",63.8,45.8,3.1,3.4,10,7,NA,NA,"blue",12.7,13.6,2,2,NA,2,NA,"skull ossified; bill black; feet/legs olive brown; no molt; stomach contents: insect mush","","MI.Iron","North West",46.37789,-88.92817,19.33
"613585","dorsal","m","1",0.0625702615976362,0.0117357128209102,0.0572851058872217,0.00986979847236469,0.0646396443958284,0.0127946199603062,0.0771599506637805,0.0165740695295711,0.0875183391979911,0.0215892697441503,0.0625702615976362,0.0117357128209102,33306,24.9998123475324,2918,"Setophaga caerulescens","12-Jun-90",12,"Jun",90,"Ottawa Nat'l Forest; 0.5mi E Bela Lake on FS rd 3614","Iron","MI","GRG","JPD","754-a,b","M","ASY","10x6, 7x5",10.5,"partial",63.8,45.8,3.1,3.4,10,7,NA,NA,"blue",12.7,13.6,2,2,NA,2,NA,"skull ossified; bill black; feet/legs olive brown; no molt; stomach contents: insect mush","","MI.Iron","North West",46.37789,-88.92817,19.33
"613586","side","o","1",0.0904440991784544,0.0508947783238084,0.0947396804780314,0.0564148478816273,0.0918373948599502,0.0513900413573447,0.0891631233127542,0.0381902594265342,0.091709353124187,0.0228430334434422,0.0904440991784544,0.0508947783238084,7774,5.8352411334209,2919,"Setophaga caerulescens","12-Jun-90",12,"Jun",90,"Ottawa Nat'l Forest; 0.5mi E Bela Lake on FS rd 3614","Iron","MI","GRG","JPD","755-a,b","M","ASY","6x4, 5x4",9.6,"partial",62.3,55.6,3.1,3.8,9.4,6.6,NA,NA,"blue",13.7,12.2,2,2,NA,2,NA,"skull ossified; bill black; feet/legs dark brown; stomach contents: insect mush; parasite found in lung cavity","","MI.Iron","North West",46.37789,-88.92817,18.61
"613586","side","w","1",0.524058901218757,0.136803845543004,0.535121130182454,0.14277279493709,0.521987753713646,0.136510992065908,0.447396972290008,0.108619907533449,0.53306319856309,0.128169184869866,0.524058901218757,0.136803845543004,60434,45.3623569149934,2919,"Setophaga caerulescens","12-Jun-90",12,"Jun",90,"Ottawa Nat'l Forest; 0.5mi E Bela Lake on FS rd 3614","Iron","MI","GRG","JPD","755-a,b","M","ASY","6x4, 5x4",9.6,"partial",62.3,55.6,3.1,3.8,9.4,6.6,NA,NA,"blue",13.7,12.2,2,2,NA,2,NA,"skull ossified; bill black; feet/legs dark brown; stomach contents: insect mush; parasite found in lung cavity","","MI.Iron","North West",46.37789,-88.92817,18.61
"613586","dorsal","m","3",0.0740214873066829,0.00923908230080855,0.0684795613146116,0.00803046542275279,0.0763159030689722,0.0101419405893824,0.087139772346619,0.0124276186890891,0.101285524119707,0.0192523508817786,0.0740214873066829,0.00923908230080855,32580,24.454869581535,2919,"Setophaga caerulescens","12-Jun-90",12,"Jun",90,"Ottawa Nat'l Forest; 0.5mi E Bela Lake on FS rd 3614","Iron","MI","GRG","JPD","755-a,b","M","ASY","6x4, 5x4",9.6,"partial",62.3,55.6,3.1,3.8,9.4,6.6,NA,NA,"blue",13.7,12.2,2,2,NA,2,NA,"skull ossified; bill black; feet/legs dark brown; stomach contents: insect mush; parasite found in lung cavity","","MI.Iron","North West",46.37789,-88.92817,18.61
"613586","dorsal","m","2",0.0708840143625036,0.00834286562482383,0.0666059879754898,0.00736681089626242,0.0729629509292479,0.00935792599485366,0.0828108744219764,0.0110307334929486,0.0948746524278741,0.0167732580960478,0.0708840143625036,0.00834286562482383,32580,24.454869581535,2919,"Setophaga caerulescens","12-Jun-90",12,"Jun",90,"Ottawa Nat'l Forest; 0.5mi E Bela Lake on FS rd 3614","Iron","MI","GRG","JPD","755-a,b","M","ASY","6x4, 5x4",9.6,"partial",62.3,55.6,3.1,3.8,9.4,6.6,NA,NA,"blue",13.7,12.2,2,2,NA,2,NA,"skull ossified; bill black; feet/legs dark brown; stomach contents: insect mush; parasite found in lung cavity","","MI.Iron","North West",46.37789,-88.92817,18.61
"613586","ventral","t","1",0.0496883286475296,0.0101166071495346,0.04854536612348,0.0114156781976445,0.0515007370432648,0.0111144917450227,0.0581188537459511,0.0108912013826047,0.049100783855958,0.0109633715711909,0.0496883286475296,0.0101166071495346,186306,139.843122537061,2919,"Setophaga caerulescens","12-Jun-90",12,"Jun",90,"Ottawa Nat'l Forest; 0.5mi E Bela Lake on FS rd 3614","Iron","MI","GRG","JPD","755-a,b","M","ASY","6x4, 5x4",9.6,"partial",62.3,55.6,3.1,3.8,9.4,6.6,NA,NA,"blue",13.7,12.2,2,2,NA,2,NA,"skull ossified; bill black; feet/legs dark brown; stomach contents: insect mush; parasite found in lung cavity","","MI.Iron","North West",46.37789,-88.92817,18.61
"613586","dorsal","m","1",0.0746972231755716,0.0113620603371786,0.0689246646389891,0.00937473703044081,0.076978248047556,0.0123402003035867,0.0881839200655667,0.0146408593345655,0.102059524748302,0.0232057656762066,0.0746972231755716,0.0113620603371786,32942,24.7265903546632,2919,"Setophaga caerulescens","12-Jun-90",12,"Jun",90,"Ottawa Nat'l Forest; 0.5mi E Bela Lake on FS rd 3614","Iron","MI","GRG","JPD","755-a,b","M","ASY","6x4, 5x4",9.6,"partial",62.3,55.6,3.1,3.8,9.4,6.6,NA,NA,"blue",13.7,12.2,2,2,NA,2,NA,"skull ossified; bill black; feet/legs dark brown; stomach contents: insect mush; parasite found in lung cavity","","MI.Iron","North West",46.37789,-88.92817,18.61
"613586","crown","c","1",0.0819514772784621,0.0266747586587035,0.06941195809038,0.0220938719620646,0.0873051609981105,0.0283635800556864,0.0961845317997448,0.0306956237293839,0.154005621933243,0.0485514885628026,0.0819514772784621,0.0266747586587035,84547,63.4618127228373,2919,"Setophaga caerulescens","12-Jun-90",12,"Jun",90,"Ottawa Nat'l Forest; 0.5mi E Bela Lake on FS rd 3614","Iron","MI","GRG","JPD","755-a,b","M","ASY","6x4, 5x4",9.6,"partial",62.3,55.6,3.1,3.8,9.4,6.6,NA,NA,"blue",13.7,12.2,2,2,NA,2,NA,"skull ossified; bill black; feet/legs dark brown; stomach contents: insect mush; parasite found in lung cavity","","MI.Iron","North West",46.37789,-88.92817,18.61
"613591","dorsal","m","1",0.0772957681068216,0.0059303215621344,0.0706932637649119,0.00662928791489708,0.0795302909318422,0.00773215798808877,0.0923045088122742,0.0105451082315471,0.110915706268113,0.00906047022604585,0.0772957681068216,0.0059303215621344,32580,24.454869581535,2903,"Setophaga caerulescens","13-Jun-90",13,"Jun",90,"Ottawa Nat'l Forest; North Branch Paint River at FS Rd 3612","Iron","MI","GRG","JPD","739-a,b","M","ASY","9x6, 7.5x5",9.8,"partial",64.1,49.6,3,3.9,11.1,7.3,NA,NA,"blue",13.1,15.8,2,2,NA,2,NA,"light fat; skull ossified; bill black; feet/legs olive brown; no wing molt; right side tail shot away; stomach contents: insect mush","","MI.Iron","North West",46.29309,-88.91342,18.1
"613591","dorsal","m","2",0.0770641884871533,0.00696678053300109,0.0688354795576492,0.00667490257976465,0.0793190557491178,0.00852086954854352,0.0947507947068261,0.0123252487563627,0.112289208593124,0.0129668504880792,0.0770641884871533,0.00696678053300109,33306,24.9998123475324,2903,"Setophaga caerulescens","13-Jun-90",13,"Jun",90,"Ottawa Nat'l Forest; North Branch Paint River at FS Rd 3612","Iron","MI","GRG","JPD","739-a,b","M","ASY","9x6, 7.5x5",9.8,"partial",64.1,49.6,3,3.9,11.1,7.3,NA,NA,"blue",13.1,15.8,2,2,NA,2,NA,"light fat; skull ossified; bill black; feet/legs olive brown; no wing molt; right side tail shot away; stomach contents: insect mush","","MI.Iron","North West",46.29309,-88.91342,18.1
"613591","ventral","t","1",0.0482469125798035,0.00766463535898007,0.0463444251914054,0.00793919425916529,0.0501652368693205,0.00836030505758486,0.05762103944551,0.00969810531704828,0.0510943961148239,0.0122188316586504,0.0482469125798035,0.00766463535898007,153713,115.37849502721,2903,"Setophaga caerulescens","13-Jun-90",13,"Jun",90,"Ottawa Nat'l Forest; North Branch Paint River at FS Rd 3612","Iron","MI","GRG","JPD","739-a,b","M","ASY","9x6, 7.5x5",9.8,"partial",64.1,49.6,3,3.9,11.1,7.3,NA,NA,"blue",13.1,15.8,2,2,NA,2,NA,"light fat; skull ossified; bill black; feet/legs olive brown; no wing molt; right side tail shot away; stomach contents: insect mush","","MI.Iron","North West",46.29309,-88.91342,18.1
"613591","dorsal","m","3",0.0756851902437299,0.0056905349160193,0.0699713569151046,0.00623947190454574,0.0777174056794159,0.00738470889099763,0.0900649791055511,0.0105274304356796,0.107665354068464,0.0090746462156575,0.0756851902437299,0.0056905349160193,32942,24.7265903546632,2903,"Setophaga caerulescens","13-Jun-90",13,"Jun",90,"Ottawa Nat'l Forest; North Branch Paint River at FS Rd 3612","Iron","MI","GRG","JPD","739-a,b","M","ASY","9x6, 7.5x5",9.8,"partial",64.1,49.6,3,3.9,11.1,7.3,NA,NA,"blue",13.1,15.8,2,2,NA,2,NA,"light fat; skull ossified; bill black; feet/legs olive brown; no wing molt; right side tail shot away; stomach contents: insect mush","","MI.Iron","North West",46.29309,-88.91342,18.1
"613591","side","o","1",0.0796009775008062,0.0178970187436828,0.0803446546080691,0.0202101433929207,0.0814581099204541,0.0181482355577095,0.0833587607522756,0.0145514710388421,0.0979682833038014,0.0212210595490969,0.0796009775008062,0.0178970187436828,8725,6.54907112028523,2903,"Setophaga caerulescens","13-Jun-90",13,"Jun",90,"Ottawa Nat'l Forest; North Branch Paint River at FS Rd 3612","Iron","MI","GRG","JPD","739-a,b","M","ASY","9x6, 7.5x5",9.8,"partial",64.1,49.6,3,3.9,11.1,7.3,NA,NA,"blue",13.1,15.8,2,2,NA,2,NA,"light fat; skull ossified; bill black; feet/legs olive brown; no wing molt; right side tail shot away; stomach contents: insect mush","","MI.Iron","North West",46.29309,-88.91342,18.1
"613591","side","w","1",0.501484106371727,0.115457139458346,0.501819922241012,0.119216403599016,0.496088736768651,0.113676662575899,0.445357312863707,0.0911440325419851,0.590455456621193,0.116147972516994,0.501484106371727,0.115457139458346,64267,48.2394445486958,2903,"Setophaga caerulescens","13-Jun-90",13,"Jun",90,"Ottawa Nat'l Forest; North Branch Paint River at FS Rd 3612","Iron","MI","GRG","JPD","739-a,b","M","ASY","9x6, 7.5x5",9.8,"partial",64.1,49.6,3,3.9,11.1,7.3,NA,NA,"blue",13.1,15.8,2,2,NA,2,NA,"light fat; skull ossified; bill black; feet/legs olive brown; no wing molt; right side tail shot away; stomach contents: insect mush","","MI.Iron","North West",46.29309,-88.91342,18.1
"613591","crown","c","1",0.0713491910406865,0.0276315838038438,0.0575160775611194,0.0273559383797671,0.0761742061707048,0.0298387632029966,0.0898011469779002,0.025732570823674,0.139570849393642,0.0499580757279103,0.0713491910406865,0.0276315838038438,89320,67.0444736348283,2903,"Setophaga caerulescens","13-Jun-90",13,"Jun",90,"Ottawa Nat'l Forest; North Branch Paint River at FS Rd 3612","Iron","MI","GRG","JPD","739-a,b","M","ASY","9x6, 7.5x5",9.8,"partial",64.1,49.6,3,3.9,11.1,7.3,NA,NA,"blue",13.1,15.8,2,2,NA,2,NA,"light fat; skull ossified; bill black; feet/legs olive brown; no wing molt; right side tail shot away; stomach contents: insect mush","","MI.Iron","North West",46.29309,-88.91342,18.1
"613592","dorsal","m","1",0.0808226066083847,0.0109860587022141,0.0757150129384229,0.0127918291128503,0.0832327368806774,0.0112455577412252,0.0924433662917005,0.0113017480417051,0.110630760665787,0.0297346940838104,0.0808226066083847,0.0109860587022141,34223,25.688121598799,2943,"Setophaga caerulescens","13-Jun-90",13,"Jun",90,"Ottawa Nat'l Forest; 0.5mi NE Killdeer Ave on FS Rd 3346","Iron","MI","GRG","JPD","779-a,b","M","SY","6.5x5, 5.5x4.5",9.8,"partial",65,47.9,3.4,3.6,11.6,7.2,NA,NA,"green",10.4,9,2,2,2,2,NA,"skill ossified; bill black; feet/legs olive brown; no molt; lt fat; stomach: insect parts","","MI.Iron","North West",46.35417,-88.95323,18.48
"613592","ventral","t","1",0.0501274092011651,0.0103394313570089,0.0484918109120886,0.0111462242468708,0.0517946804298052,0.0111339939734188,0.0597862360230367,0.0103703829926237,0.0498881686533849,0.0116315717846114,0.0501274092011651,0.0103394313570089,132238,99.259148057797,2943,"Setophaga caerulescens","13-Jun-90",13,"Jun",90,"Ottawa Nat'l Forest; 0.5mi NE Killdeer Ave on FS Rd 3346","Iron","MI","GRG","JPD","779-a,b","M","SY","6.5x5, 5.5x4.5",9.8,"partial",65,47.9,3.4,3.6,11.6,7.2,NA,NA,"green",10.4,9,2,2,2,2,NA,"skill ossified; bill black; feet/legs olive brown; no molt; lt fat; stomach: insect parts","","MI.Iron","North West",46.35417,-88.95323,18.48
"613592","side","o","1",0.096249388639066,0.0113513470525733,0.101463997646218,0.0139891230227955,0.098194381161535,0.012505979132042,0.0918101263720487,0.00998350379602005,0.110829527723521,0.0140280902984587,0.096249388639066,0.0113513470525733,6133,4.60349033589792,2943,"Setophaga caerulescens","13-Jun-90",13,"Jun",90,"Ottawa Nat'l Forest; 0.5mi NE Killdeer Ave on FS Rd 3346","Iron","MI","GRG","JPD","779-a,b","M","SY","6.5x5, 5.5x4.5",9.8,"partial",65,47.9,3.4,3.6,11.6,7.2,NA,NA,"green",10.4,9,2,2,2,2,NA,"skill ossified; bill black; feet/legs olive brown; no molt; lt fat; stomach: insect parts","","MI.Iron","North West",46.35417,-88.95323,18.48
"613592","crown","c","1",0.0799399108034864,0.0259309027909453,0.0678412763616743,0.0243681115757303,0.084195615010809,0.0265182797720237,0.0952147300778506,0.0296263067957615,0.159792058011964,0.0711152889500088,0.0799399108034864,0.0259309027909453,79621,59.7643085006568,2943,"Setophaga caerulescens","13-Jun-90",13,"Jun",90,"Ottawa Nat'l Forest; 0.5mi NE Killdeer Ave on FS Rd 3346","Iron","MI","GRG","JPD","779-a,b","M","SY","6.5x5, 5.5x4.5",9.8,"partial",65,47.9,3.4,3.6,11.6,7.2,NA,NA,"green",10.4,9,2,2,2,2,NA,"skill ossified; bill black; feet/legs olive brown; no molt; lt fat; stomach: insect parts","","MI.Iron","North West",46.35417,-88.95323,18.48
"613592","dorsal","m","3",0.0822500669172825,0.0109771141223223,0.0775018187485892,0.0129319714759196,0.0848287264094691,0.0112742636929345,0.0926211607455558,0.0106630917578894,0.112256025313596,0.027495830216158,0.0822500669172825,0.0109771141223223,32942,24.7265903546632,2943,"Setophaga caerulescens","13-Jun-90",13,"Jun",90,"Ottawa Nat'l Forest; 0.5mi NE Killdeer Ave on FS Rd 3346","Iron","MI","GRG","JPD","779-a,b","M","SY","6.5x5, 5.5x4.5",9.8,"partial",65,47.9,3.4,3.6,11.6,7.2,NA,NA,"green",10.4,9,2,2,2,2,NA,"skill ossified; bill black; feet/legs olive brown; no molt; lt fat; stomach: insect parts","","MI.Iron","North West",46.35417,-88.95323,18.48
"613592","side","w","1",0.421179203617212,0.0966470512760206,0.421877197771566,0.10125630917738,0.420104145598123,0.0964856375824825,0.372718329196364,0.076628865044448,0.500345791889802,0.111625954123705,0.421179203617212,0.0966470512760206,38253,28.7130793769938,2943,"Setophaga caerulescens","13-Jun-90",13,"Jun",90,"Ottawa Nat'l Forest; 0.5mi NE Killdeer Ave on FS Rd 3346","Iron","MI","GRG","JPD","779-a,b","M","SY","6.5x5, 5.5x4.5",9.8,"partial",65,47.9,3.4,3.6,11.6,7.2,NA,NA,"green",10.4,9,2,2,2,2,NA,"skill ossified; bill black; feet/legs olive brown; no molt; lt fat; stomach: insect parts","","MI.Iron","North West",46.35417,-88.95323,18.48
"613592","dorsal","m","2",0.0827784076634218,0.0105137988018461,0.0768847688971942,0.0128165495383287,0.0852176509300548,0.0108164252298114,0.0958073761967643,0.0105358774870354,0.112448120848558,0.0338607337027985,0.0827784076634218,0.0105137988018461,33487,25.1356727340965,2943,"Setophaga caerulescens","13-Jun-90",13,"Jun",90,"Ottawa Nat'l Forest; 0.5mi NE Killdeer Ave on FS Rd 3346","Iron","MI","GRG","JPD","779-a,b","M","SY","6.5x5, 5.5x4.5",9.8,"partial",65,47.9,3.4,3.6,11.6,7.2,NA,NA,"green",10.4,9,2,2,2,2,NA,"skill ossified; bill black; feet/legs olive brown; no molt; lt fat; stomach: insect parts","","MI.Iron","North West",46.35417,-88.95323,18.48
"613593","ventral","t","1",0.0492808901108234,0.00576721560023414,0.0473075356392007,0.00650061443135173,0.0511605736453018,0.00648994971408011,0.0587567278869146,0.00739858076902057,0.0532853208016945,0.0108270767337421,0.0492808901108234,0.00576721560023414,206776,155.208106586602,2944,"Setophaga caerulescens","13-Jun-90",13,"Jun",90,"Ottawa Nat'l Forest; 0.5mi NE Killdeer Ave on FS Rd 3346","Iron","MI","GRG","JPD","780-a,b","M","SY","7x4, 5x3",9.6,"partial",59.2,49.5,3.2,4.1,10.6,7.1,NA,NA,"green",8.8,6.3,2,2,2,2,NA,"skill ossified; bill black; feet/legs olive brown; lt fat; stomach: insect mush","","MI.Iron","North West",46.35417,-88.95323,18.48
"613593","dorsal","m","3",0.0874523198777139,0.00897668815839661,0.0803736524932365,0.00744209155039084,0.0904626688544286,0.00989484328704551,0.10002885504555,0.0140624019202775,0.122815871835715,0.0119235535220038,0.0874523198777139,0.00897668815839661,32220,24.1846500281479,2944,"Setophaga caerulescens","13-Jun-90",13,"Jun",90,"Ottawa Nat'l Forest; 0.5mi NE Killdeer Ave on FS Rd 3346","Iron","MI","GRG","JPD","780-a,b","M","SY","7x4, 5x3",9.6,"partial",59.2,49.5,3.2,4.1,10.6,7.1,NA,NA,"green",8.8,6.3,2,2,2,2,NA,"skill ossified; bill black; feet/legs olive brown; lt fat; stomach: insect mush","","MI.Iron","North West",46.35417,-88.95323,18.48
"613593","crown","c","1",0.079180665766145,0.0218746842837818,0.0650413788070806,0.0172779722838598,0.0839834775732866,0.0224542732792121,0.095993197462317,0.0306168736739091,0.176024319561696,0.0481581926047448,0.079180665766145,0.0218746842837818,91294,68.5261775192344,2944,"Setophaga caerulescens","13-Jun-90",13,"Jun",90,"Ottawa Nat'l Forest; 0.5mi NE Killdeer Ave on FS Rd 3346","Iron","MI","GRG","JPD","780-a,b","M","SY","7x4, 5x3",9.6,"partial",59.2,49.5,3.2,4.1,10.6,7.1,NA,NA,"green",8.8,6.3,2,2,2,2,NA,"skill ossified; bill black; feet/legs olive brown; lt fat; stomach: insect mush","","MI.Iron","North West",46.35417,-88.95323,18.48
"613593","dorsal","m","1",0.0859530238166668,0.00968595788887394,0.079281045970663,0.00781898195872361,0.0888350991221761,0.0106118978155736,0.0982723984461115,0.0146556552872054,0.119923601797963,0.0127354800633802,0.0859530238166668,0.00968595788887394,32399,24.3190091949709,2944,"Setophaga caerulescens","13-Jun-90",13,"Jun",90,"Ottawa Nat'l Forest; 0.5mi NE Killdeer Ave on FS Rd 3346","Iron","MI","GRG","JPD","780-a,b","M","SY","7x4, 5x3",9.6,"partial",59.2,49.5,3.2,4.1,10.6,7.1,NA,NA,"green",8.8,6.3,2,2,2,2,NA,"skill ossified; bill black; feet/legs olive brown; lt fat; stomach: insect mush","","MI.Iron","North West",46.35417,-88.95323,18.48
"613593","dorsal","m","2",0.089354050865576,0.00987699813189544,0.0825362252110113,0.00816035208180074,0.0924013522135941,0.01084398194384,0.101193706000379,0.0147957913542668,0.126468555903432,0.0141019142991084,0.089354050865576,0.00987699813189544,32942,24.7265903546632,2944,"Setophaga caerulescens","13-Jun-90",13,"Jun",90,"Ottawa Nat'l Forest; 0.5mi NE Killdeer Ave on FS Rd 3346","Iron","MI","GRG","JPD","780-a,b","M","SY","7x4, 5x3",9.6,"partial",59.2,49.5,3.2,4.1,10.6,7.1,NA,NA,"green",8.8,6.3,2,2,2,2,NA,"skill ossified; bill black; feet/legs olive brown; lt fat; stomach: insect mush","","MI.Iron","North West",46.35417,-88.95323,18.48
"613593","side","w","1",0.303917941386199,0.063640761413501,0.303846729505441,0.0652285120019592,0.308190479120616,0.0663776388327825,0.271981689543274,0.0522540267315387,0.35098409304721,0.0559472338685769,0.303917941386199,0.063640761413501,21712,16.2972415087258,2944,"Setophaga caerulescens","13-Jun-90",13,"Jun",90,"Ottawa Nat'l Forest; 0.5mi NE Killdeer Ave on FS Rd 3346","Iron","MI","GRG","JPD","780-a,b","M","SY","7x4, 5x3",9.6,"partial",59.2,49.5,3.2,4.1,10.6,7.1,NA,NA,"green",8.8,6.3,2,2,2,2,NA,"skill ossified; bill black; feet/legs olive brown; lt fat; stomach: insect mush","","MI.Iron","North West",46.35417,-88.95323,18.48
"613593","side","o","1",0.0882021889461836,0.0136280632249521,0.0928532965094926,0.0159338532491817,0.0905073127835097,0.0157677078326894,0.0840195730006713,0.0112014979716791,0.0972802373897877,0.0125529971028216,0.0882021889461836,0.0136280632249521,21727,16.3085006567836,2944,"Setophaga caerulescens","13-Jun-90",13,"Jun",90,"Ottawa Nat'l Forest; 0.5mi NE Killdeer Ave on FS Rd 3346","Iron","MI","GRG","JPD","780-a,b","M","SY","7x4, 5x3",9.6,"partial",59.2,49.5,3.2,4.1,10.6,7.1,NA,NA,"green",8.8,6.3,2,2,2,2,NA,"skill ossified; bill black; feet/legs olive brown; lt fat; stomach: insect mush","","MI.Iron","North West",46.35417,-88.95323,18.48
"613594","ventral","t","1",0.0436159049845654,0.00429561651333595,0.041582356654981,0.00489384874065519,0.0450788835624145,0.00510876238294037,0.0547717212459151,0.00669923621917632,0.0421376705020901,0.00725254675344458,0.0436159049845654,0.00429561651333595,179136,134.461249765434,2904,"Setophaga caerulescens","14-Jun-90",14,"Jun",90,"Ottawa Nat'l Forest; 0.5mi E Clear Lake on FS rd 3346","Iron","MI","GRG","JPD","740-a,b","M","ASY","8x6.5, 7x5",9.5,"partial",59.6,50.3,3.4,3.8,9.4,6.8,NA,NA,"blue",13.9,13.4,2,2,2,2,NA,"skull ossified; bill black; feet olive brown; no molt; no fat","","MI.Iron","North West",46.36552,-88.94563,19.42
"613594","dorsal","m","2",0.0741198913153419,0.00940618221179496,0.0682109530179247,0.00868515406838289,0.0766341001331228,0.0102261038529064,0.0871160514194257,0.0113939559640706,0.100928604095056,0.0272525022010867,0.0741198913153419,0.00940618221179496,35156,26.388440607994,2904,"Setophaga caerulescens","14-Jun-90",14,"Jun",90,"Ottawa Nat'l Forest; 0.5mi E Clear Lake on FS rd 3346","Iron","MI","GRG","JPD","740-a,b","M","ASY","8x6.5, 7x5",9.5,"partial",59.6,50.3,3.4,3.8,9.4,6.8,NA,NA,"blue",13.9,13.4,2,2,2,2,NA,"skull ossified; bill black; feet olive brown; no molt; no fat","","MI.Iron","North West",46.36552,-88.94563,19.42
"613594","dorsal","m","1",0.0774469918548389,0.0102599371817298,0.0714217289490453,0.00928439372825466,0.0799675915094305,0.0110462871637438,0.090462876796716,0.0123505924637552,0.108037365426064,0.0247954144502686,0.0774469918548389,0.0102599371817298,34410,25.8284856445862,2904,"Setophaga caerulescens","14-Jun-90",14,"Jun",90,"Ottawa Nat'l Forest; 0.5mi E Clear Lake on FS rd 3346","Iron","MI","GRG","JPD","740-a,b","M","ASY","8x6.5, 7x5",9.5,"partial",59.6,50.3,3.4,3.8,9.4,6.8,NA,NA,"blue",13.9,13.4,2,2,2,2,NA,"skull ossified; bill black; feet olive brown; no molt; no fat","","MI.Iron","North West",46.36552,-88.94563,19.42
"613594","side","w","1",0.415822564837296,0.0968856100120865,0.412971467328229,0.101066466542356,0.41553176474112,0.0963979871575331,0.371688271868098,0.077264186650761,0.513097422488037,0.113378235262066,0.415822564837296,0.0968856100120865,50950,38.2435729029837,2904,"Setophaga caerulescens","14-Jun-90",14,"Jun",90,"Ottawa Nat'l Forest; 0.5mi E Clear Lake on FS rd 3346","Iron","MI","GRG","JPD","740-a,b","M","ASY","8x6.5, 7x5",9.5,"partial",59.6,50.3,3.4,3.8,9.4,6.8,NA,NA,"blue",13.9,13.4,2,2,2,2,NA,"skull ossified; bill black; feet olive brown; no molt; no fat","","MI.Iron","North West",46.36552,-88.94563,19.42
"613594","dorsal","m","3",0.0706196659440745,0.00847267880650257,0.0655094670913672,0.00811008417536759,0.0730941555009577,0.00926236148638933,0.0827224723529862,0.0101754108553916,0.0912208973148179,0.0232815206641667,0.0706196659440745,0.00847267880650257,33306,24.9998123475324,2904,"Setophaga caerulescens","14-Jun-90",14,"Jun",90,"Ottawa Nat'l Forest; 0.5mi E Clear Lake on FS rd 3346","Iron","MI","GRG","JPD","740-a,b","M","ASY","8x6.5, 7x5",9.5,"partial",59.6,50.3,3.4,3.8,9.4,6.8,NA,NA,"blue",13.9,13.4,2,2,2,2,NA,"skull ossified; bill black; feet olive brown; no molt; no fat","","MI.Iron","North West",46.36552,-88.94563,19.42
"613594","crown","c","1",0.0740961637202967,0.0298076620934774,0.0605561472071233,0.0262870861983733,0.079240266336659,0.0326672977766027,0.0889496308964066,0.0301601964951512,0.154435983442111,0.044690443680358,0.0740961637202967,0.0298076620934774,112277,84.2762244323513,2904,"Setophaga caerulescens","14-Jun-90",14,"Jun",90,"Ottawa Nat'l Forest; 0.5mi E Clear Lake on FS rd 3346","Iron","MI","GRG","JPD","740-a,b","M","ASY","8x6.5, 7x5",9.5,"partial",59.6,50.3,3.4,3.8,9.4,6.8,NA,NA,"blue",13.9,13.4,2,2,2,2,NA,"skull ossified; bill black; feet olive brown; no molt; no fat","","MI.Iron","North West",46.36552,-88.94563,19.42
"613594","side","o","1",0.064412917074878,0.00791806406186201,0.0613893603303956,0.00776588051078177,0.066131002296217,0.00874443888662052,0.075775212851061,0.00983842695516286,0.080823880174081,0.0153563473296948,0.064412917074878,0.00791806406186201,2357,1.76918746481516,2904,"Setophaga caerulescens","14-Jun-90",14,"Jun",90,"Ottawa Nat'l Forest; 0.5mi E Clear Lake on FS rd 3346","Iron","MI","GRG","JPD","740-a,b","M","ASY","8x6.5, 7x5",9.5,"partial",59.6,50.3,3.4,3.8,9.4,6.8,NA,NA,"blue",13.9,13.4,2,2,2,2,NA,"skull ossified; bill black; feet olive brown; no molt; no fat","","MI.Iron","North West",46.36552,-88.94563,19.42
"613597","dorsal","m","1",0.0775341196710522,0.00892701691904304,0.0705351487984985,0.00898594343429403,0.0793893645462189,0.0106154586777124,0.0936970229244116,0.0141252349730893,0.119650518466757,0.0133150422523355,0.0775341196710522,0.00892701691904304,33672,25.2745355601426,2901,"Setophaga caerulescens","14-Jun-90",14,"Jun",90,"Ottawa Nat'l Forest; 0.5mi NE Killdeer Ave on FS Rd 3346","Iron","MI","GRG","JPD","T-737-a,b","M","SY","6.5x4.5, 6x4.5",10.2,"partial",64,52.8,3.1,4.2,10.5,7.3,NA,NA,"green",18.6,18,2,2,2,2,NA,"bill black; feet/legs olive brown; no fat; stomach: insect mush; skull ossified","","MI.Iron","North West",46.35368,-88.95335,19.18
"613597","dorsal","m","3",0.0757909299327159,0.00680476749606321,0.069093310369832,0.00731085875366905,0.077808371557023,0.00882921835228674,0.0912541476440017,0.0127398158548829,0.115269111533806,0.00983526522579973,0.0757909299327159,0.00680476749606321,33487,25.1356727340965,2901,"Setophaga caerulescens","14-Jun-90",14,"Jun",90,"Ottawa Nat'l Forest; 0.5mi NE Killdeer Ave on FS Rd 3346","Iron","MI","GRG","JPD","T-737-a,b","M","SY","6.5x4.5, 6x4.5",10.2,"partial",64,52.8,3.1,4.2,10.5,7.3,NA,NA,"green",18.6,18,2,2,2,2,NA,"bill black; feet/legs olive brown; no fat; stomach: insect mush; skull ossified","","MI.Iron","North West",46.35368,-88.95335,19.18
"613597","crown","c","1",0.0863498952118033,0.0312131879103792,0.0694194167015595,0.025943268396041,0.0900441051317122,0.0343631485757416,0.109837859375997,0.0391176970860937,0.192121881725463,0.0518805757803136,0.0863498952118033,0.0312131879103792,85225,63.9707262150497,2901,"Setophaga caerulescens","14-Jun-90",14,"Jun",90,"Ottawa Nat'l Forest; 0.5mi NE Killdeer Ave on FS Rd 3346","Iron","MI","GRG","JPD","T-737-a,b","M","SY","6.5x4.5, 6x4.5",10.2,"partial",64,52.8,3.1,4.2,10.5,7.3,NA,NA,"green",18.6,18,2,2,2,2,NA,"bill black; feet/legs olive brown; no fat; stomach: insect mush; skull ossified","","MI.Iron","North West",46.35368,-88.95335,19.18
"613597","side","o","1",0.096485994107726,0.0101832086753632,0.0992565805205991,0.0121906114707028,0.0984827111258585,0.0111736037830749,0.0947890553672049,0.0104650342154401,0.121386085616465,0.0101956912747581,0.096485994107726,0.0101832086753632,8725,6.54907112028523,2901,"Setophaga caerulescens","14-Jun-90",14,"Jun",90,"Ottawa Nat'l Forest; 0.5mi NE Killdeer Ave on FS Rd 3346","Iron","MI","GRG","JPD","T-737-a,b","M","SY","6.5x4.5, 6x4.5",10.2,"partial",64,52.8,3.1,4.2,10.5,7.3,NA,NA,"green",18.6,18,2,2,2,2,NA,"bill black; feet/legs olive brown; no fat; stomach: insect mush; skull ossified","","MI.Iron","North West",46.35368,-88.95335,19.18
"613597","dorsal","m","2",0.0788272896130853,0.0066825916093259,0.0706676124530646,0.00701659819462649,0.0810341694430127,0.00891267725673873,0.0958704600656604,0.0130780230150859,0.123118355980283,0.0111950813937468,0.0788272896130853,0.0066825916093259,32580,24.454869581535,2901,"Setophaga caerulescens","14-Jun-90",14,"Jun",90,"Ottawa Nat'l Forest; 0.5mi NE Killdeer Ave on FS Rd 3346","Iron","MI","GRG","JPD","T-737-a,b","M","SY","6.5x4.5, 6x4.5",10.2,"partial",64,52.8,3.1,4.2,10.5,7.3,NA,NA,"green",18.6,18,2,2,2,2,NA,"bill black; feet/legs olive brown; no fat; stomach: insect mush; skull ossified","","MI.Iron","North West",46.35368,-88.95335,19.18
"613597","ventral","t","1",0.0495409047072512,0.0123408116186741,0.0450708827338409,0.0129148966262456,0.0514974381692619,0.0134174286934523,0.062579436077372,0.0138366330878446,0.0628638911138733,0.0118808446413142,0.0495409047072512,0.0123408116186741,157126,117.940326515294,2901,"Setophaga caerulescens","14-Jun-90",14,"Jun",90,"Ottawa Nat'l Forest; 0.5mi NE Killdeer Ave on FS Rd 3346","Iron","MI","GRG","JPD","T-737-a,b","M","SY","6.5x4.5, 6x4.5",10.2,"partial",64,52.8,3.1,4.2,10.5,7.3,NA,NA,"green",18.6,18,2,2,2,2,NA,"bill black; feet/legs olive brown; no fat; stomach: insect mush; skull ossified","","MI.Iron","North West",46.35368,-88.95335,19.18
"613597","side","w","1",0.363604330181677,0.135328162107624,0.367841684401218,0.137208174475181,0.365385602767776,0.13585913467471,0.325182447880778,0.112175589924069,0.379797977474801,0.122979734294537,0.363604330181677,0.135328162107624,66993,50.2856070557328,2901,"Setophaga caerulescens","14-Jun-90",14,"Jun",90,"Ottawa Nat'l Forest; 0.5mi NE Killdeer Ave on FS Rd 3346","Iron","MI","GRG","JPD","T-737-a,b","M","SY","6.5x4.5, 6x4.5",10.2,"partial",64,52.8,3.1,4.2,10.5,7.3,NA,NA,"green",18.6,18,2,2,2,2,NA,"bill black; feet/legs olive brown; no fat; stomach: insect mush; skull ossified","","MI.Iron","North West",46.35368,-88.95335,19.18
"613598","side","o","1",0.0607362823393248,0.00733887313312324,0.0577211692735378,0.00867828782877663,0.061967828027443,0.00812733071676819,0.0734257385445437,0.00904831430946079,0.0829054871361053,0.00783339067753131,0.0607362823393248,0.00733887313312324,13324,10.0011259148058,2910,"Setophaga caerulescens","13-Jun-90",13,"Jun",90,"Ottawa Nat'l Forest; 0.5mi E Bela Lake on FS rd 3614","Iron","MI","GRG","JPD","T-746-a,b","M","ASY","9x6, 6x4",9.4,"partial",63.7,47.8,NA,NA,9,7.4,NA,NA,"blue",16,15.5,2,2,2,2,NA,"bill black; feet/legs dark olive brown; no fat; no molt; stomach: caterpillar, insect remains; skull ossified","","MI.Iron","North West",46.37799,-88.91712,NA
"613598","crown","c","1",0.0772260585793282,0.024067271776564,0.062053078807515,0.0239409469990371,0.081539388496499,0.0260567631520104,0.0967456172980504,0.024769704586268,0.160833871962406,0.0514877296068851,0.0772260585793282,0.024067271776564,100816,75.6734847063239,2910,"Setophaga caerulescens","13-Jun-90",13,"Jun",90,"Ottawa Nat'l Forest; 0.5mi E Bela Lake on FS rd 3614","Iron","MI","GRG","JPD","T-746-a,b","M","ASY","9x6, 6x4",9.4,"partial",63.7,47.8,NA,NA,9,7.4,NA,NA,"blue",16,15.5,2,2,2,2,NA,"bill black; feet/legs dark olive brown; no fat; no molt; stomach: caterpillar, insect remains; skull ossified","","MI.Iron","North West",46.37799,-88.91712,NA
"613598","side","w","1",0.487964063518925,0.115248011570301,0.498485419890918,0.121264026282378,0.489224249519987,0.116419351746052,0.420341999623547,0.088639053411141,0.488345837731603,0.101787664872018,0.487964063518925,0.115248011570301,66400,49.8404954025145,2910,"Setophaga caerulescens","13-Jun-90",13,"Jun",90,"Ottawa Nat'l Forest; 0.5mi E Bela Lake on FS rd 3614","Iron","MI","GRG","JPD","T-746-a,b","M","ASY","9x6, 6x4",9.4,"partial",63.7,47.8,NA,NA,9,7.4,NA,NA,"blue",16,15.5,2,2,2,2,NA,"bill black; feet/legs dark olive brown; no fat; no molt; stomach: caterpillar, insect remains; skull ossified","","MI.Iron","North West",46.37799,-88.91712,NA
"613598","dorsal","m","3",0.0716735551771023,0.00809235241936876,0.0664200667538047,0.00882692441599874,0.073621517830759,0.00881403534543563,0.0846937860235227,0.0102468242057552,0.109782077967056,0.012185869310525,0.0716735551771023,0.00809235241936876,30800,23.1187840120098,2910,"Setophaga caerulescens","13-Jun-90",13,"Jun",90,"Ottawa Nat'l Forest; 0.5mi E Bela Lake on FS rd 3614","Iron","MI","GRG","JPD","T-746-a,b","M","ASY","9x6, 6x4",9.4,"partial",63.7,47.8,NA,NA,9,7.4,NA,NA,"blue",16,15.5,2,2,2,2,NA,"bill black; feet/legs dark olive brown; no fat; no molt; stomach: caterpillar, insect remains; skull ossified","","MI.Iron","North West",46.37799,-88.91712,NA
"613598","ventral","t","1",0.0419245849184624,0.00650659573138457,0.0376985610236946,0.00729183522305604,0.0435592664860905,0.00748324520013531,0.0559466954087407,0.00905753698311761,0.0576874476501438,0.00807996682070319,0.0419245849184624,0.00650659573138457,186073,139.66823043723,2910,"Setophaga caerulescens","13-Jun-90",13,"Jun",90,"Ottawa Nat'l Forest; 0.5mi E Bela Lake on FS rd 3614","Iron","MI","GRG","JPD","T-746-a,b","M","ASY","9x6, 6x4",9.4,"partial",63.7,47.8,NA,NA,9,7.4,NA,NA,"blue",16,15.5,2,2,2,2,NA,"bill black; feet/legs dark olive brown; no fat; no molt; stomach: caterpillar, insect remains; skull ossified","","MI.Iron","North West",46.37799,-88.91712,NA
"613598","dorsal","m","1",0.0682454358344434,0.00521450103323519,0.0618290577550537,0.00536326464796725,0.0702145509441986,0.00637498651303896,0.083235707918136,0.00918370833189276,0.103708867254325,0.00785016637969252,0.0682454358344434,0.00521450103323519,32942,24.7265903546632,2910,"Setophaga caerulescens","13-Jun-90",13,"Jun",90,"Ottawa Nat'l Forest; 0.5mi E Bela Lake on FS rd 3614","Iron","MI","GRG","JPD","T-746-a,b","M","ASY","9x6, 6x4",9.4,"partial",63.7,47.8,NA,NA,9,7.4,NA,NA,"blue",16,15.5,2,2,2,2,NA,"bill black; feet/legs dark olive brown; no fat; no molt; stomach: caterpillar, insect remains; skull ossified","","MI.Iron","North West",46.37799,-88.91712,NA
"613598","dorsal","m","2",0.0715952694812393,0.00658957736392341,0.0651179474670615,0.0063318280418884,0.0736325488648894,0.00762730035518393,0.0864987804808482,0.0102491235884654,0.109748458056065,0.00987838860521549,0.0715952694812393,0.00658957736392341,36290,27.2396322011634,2910,"Setophaga caerulescens","13-Jun-90",13,"Jun",90,"Ottawa Nat'l Forest; 0.5mi E Bela Lake on FS rd 3614","Iron","MI","GRG","JPD","T-746-a,b","M","ASY","9x6, 6x4",9.4,"partial",63.7,47.8,NA,NA,9,7.4,NA,NA,"blue",16,15.5,2,2,2,2,NA,"bill black; feet/legs dark olive brown; no fat; no molt; stomach: caterpillar, insect remains; skull ossified","","MI.Iron","North West",46.37799,-88.91712,NA
"613606","crown","c","1",0.0557202096807654,0.0188557140091173,0.0430915724267089,0.0158572083949707,0.05932373586674,0.020783501130988,0.0746883815436455,0.0218118949001336,0.126978499627142,0.0371178993633022,0.0557202096807654,0.0188557140091173,143889,108.004503659223,2912,"Setophaga caerulescens","15-Jun-90",15,"Jun",90,"Nicolet Nat'l Forest, 0.5mi W Upper Mile Lake on FS road 2178; 515m","Oneida","WI","GRG","JPD","T-748-a,b","M","SY",NA,9.3,"partial",61,51.7,3,3.6,10.9,7.3,NA,NA,"green",14.5,14.9,2,2,2,2,NA,"bill black; feet/legs dark olive brown; no fat; no molt; stomach: insect mush; skull ossified; testes destroyed by shot","","WI.All","North West",45.90355,-89.06899,NA
"613606","side","o","1",0.0820298107989905,0.0187569426621805,0.0852218797661326,0.0218901911614519,0.0834833855846303,0.0199859022706658,0.0823714859593411,0.0141694145235875,0.101450257115941,0.010235461964832,0.0820298107989905,0.0187569426621805,16922,12.701820228936,2912,"Setophaga caerulescens","15-Jun-90",15,"Jun",90,"Nicolet Nat'l Forest, 0.5mi W Upper Mile Lake on FS road 2178; 515m","Oneida","WI","GRG","JPD","T-748-a,b","M","SY",NA,9.3,"partial",61,51.7,3,3.6,10.9,7.3,NA,NA,"green",14.5,14.9,2,2,2,2,NA,"bill black; feet/legs dark olive brown; no fat; no molt; stomach: insect mush; skull ossified; testes destroyed by shot","","WI.All","North West",45.90355,-89.06899,NA
"613606","ventral","t","1",0.040818395956471,0.00894842423432182,0.0366246525684157,0.0100037083835377,0.0423302813794374,0.0102094612540589,0.055284372635432,0.0114644713420518,0.0582859126528611,0.00844246699550814,0.040818395956471,0.00894842423432182,185616,139.325201726403,2912,"Setophaga caerulescens","15-Jun-90",15,"Jun",90,"Nicolet Nat'l Forest, 0.5mi W Upper Mile Lake on FS road 2178; 515m","Oneida","WI","GRG","JPD","T-748-a,b","M","SY",NA,9.3,"partial",61,51.7,3,3.6,10.9,7.3,NA,NA,"green",14.5,14.9,2,2,2,2,NA,"bill black; feet/legs dark olive brown; no fat; no molt; stomach: insect mush; skull ossified; testes destroyed by shot","","WI.All","North West",45.90355,-89.06899,NA
"613606","side","w","1",0.356869670048389,0.0973442235702076,0.368494643845549,0.103222915017391,0.362916761268014,0.10130108772697,0.300509327985036,0.0716053213694778,0.327081195951721,0.0639866667279513,0.356869670048389,0.0973442235702076,37214,27.9331957215237,2912,"Setophaga caerulescens","15-Jun-90",15,"Jun",90,"Nicolet Nat'l Forest, 0.5mi W Upper Mile Lake on FS road 2178; 515m","Oneida","WI","GRG","JPD","T-748-a,b","M","SY",NA,9.3,"partial",61,51.7,3,3.6,10.9,7.3,NA,NA,"green",14.5,14.9,2,2,2,2,NA,"bill black; feet/legs dark olive brown; no fat; no molt; stomach: insect mush; skull ossified; testes destroyed by shot","","WI.All","North West",45.90355,-89.06899,NA
"613606","dorsal","m","2",0.0672808476426212,0.0108082225532782,0.0602588215085282,0.00788749298003407,0.0696519528213468,0.0122210722766634,0.0829770353188144,0.016979678597472,0.106312084278571,0.00898847020154124,0.0672808476426212,0.0108082225532782,32942,24.7265903546632,2912,"Setophaga caerulescens","15-Jun-90",15,"Jun",90,"Nicolet Nat'l Forest, 0.5mi W Upper Mile Lake on FS road 2178; 515m","Oneida","WI","GRG","JPD","T-748-a,b","M","SY",NA,9.3,"partial",61,51.7,3,3.6,10.9,7.3,NA,NA,"green",14.5,14.9,2,2,2,2,NA,"bill black; feet/legs dark olive brown; no fat; no molt; stomach: insect mush; skull ossified; testes destroyed by shot","","WI.All","North West",45.90355,-89.06899,NA
"613606","dorsal","m","3",0.0672041018571922,0.0106116104353172,0.0629501101488282,0.00982038158988006,0.0692674910507992,0.011748182941956,0.0792072060682461,0.0143787384135304,0.102931356618357,0.00895922752852776,0.0672041018571922,0.0106116104353172,32400,24.3197598048414,2912,"Setophaga caerulescens","15-Jun-90",15,"Jun",90,"Nicolet Nat'l Forest, 0.5mi W Upper Mile Lake on FS road 2178; 515m","Oneida","WI","GRG","JPD","T-748-a,b","M","SY",NA,9.3,"partial",61,51.7,3,3.6,10.9,7.3,NA,NA,"green",14.5,14.9,2,2,2,2,NA,"bill black; feet/legs dark olive brown; no fat; no molt; stomach: insect mush; skull ossified; testes destroyed by shot","","WI.All","North West",45.90355,-89.06899,NA
"613606","dorsal","m","1",0.0641370863414636,0.00990827191964092,0.0585660397620231,0.00840831266499675,0.0662948772162032,0.01109812680818,0.0781472541001489,0.0145142498822618,0.0961653246223584,0.00793789130857074,0.0641370863414636,0.00990827191964092,33489,25.1371739538375,2912,"Setophaga caerulescens","15-Jun-90",15,"Jun",90,"Nicolet Nat'l Forest, 0.5mi W Upper Mile Lake on FS road 2178; 515m","Oneida","WI","GRG","JPD","T-748-a,b","M","SY",NA,9.3,"partial",61,51.7,3,3.6,10.9,7.3,NA,NA,"green",14.5,14.9,2,2,2,2,NA,"bill black; feet/legs dark olive brown; no fat; no molt; stomach: insect mush; skull ossified; testes destroyed by shot","","WI.All","North West",45.90355,-89.06899,NA
"613607","side","o","1",0.0600223062779139,0.0113748342216537,0.0576669887038618,0.0116416219203582,0.0613377496808766,0.0123547468265704,0.0717100496746703,0.0130192488974154,0.0894068237023777,0.0127805657409561,0.0600223062779139,0.0113748342216537,39916,29.9613435916682,2948,"Setophaga caerulescens","15-Jun-90",15,"Jun",90,"Nicolet Nat'l Forest, Seven Mile Lake at FS Rd. 2178; 510m","Oneida","WI","GRG","JPD","T-784-a,b","M","ASY","7x6.5, 6.5x5",9.8,"partial",63.9,52.7,3.2,4,11.8,7.9,NA,NA,"blue",18.9,17.6,2,2,2,2,NA,"bill black; feet/legs dark olive brown; no fat; no molt; stomach: insect mush; skull ossified; testes destroyed by shot","","WI.All","North West",45.90355,-89.06899,NA
"613607","dorsal","m","3",0.0730569077431011,0.0237296749178995,0.0653453915118797,0.0230793433767837,0.0753137823079408,0.0263819027975608,0.0897177871789878,0.0225189136671317,0.115237540301186,0.0178099661006606,0.0730569077431011,0.0237296749178995,34782,26.1077125164196,2948,"Setophaga caerulescens","15-Jun-90",15,"Jun",90,"Nicolet Nat'l Forest, Seven Mile Lake at FS Rd. 2178; 510m","Oneida","WI","GRG","JPD","T-784-a,b","M","ASY","7x6.5, 6.5x5",9.8,"partial",63.9,52.7,3.2,4,11.8,7.9,NA,NA,"blue",18.9,17.6,2,2,2,2,NA,"bill black; feet/legs dark olive brown; no fat; no molt; stomach: insect mush; skull ossified; testes destroyed by shot","","WI.All","North West",45.90355,-89.06899,NA
"613607","crown","c","1",0.06974652168171,0.0289151542507499,0.0566241494368075,0.0246643634298967,0.0738705164631968,0.0309812525997671,0.0865793531876711,0.0327050520609531,0.155386553248775,0.0577564201911886,0.06974652168171,0.0289151542507499,134124,100.674798273597,2948,"Setophaga caerulescens","15-Jun-90",15,"Jun",90,"Nicolet Nat'l Forest, Seven Mile Lake at FS Rd. 2178; 510m","Oneida","WI","GRG","JPD","T-784-a,b","M","ASY","7x6.5, 6.5x5",9.8,"partial",63.9,52.7,3.2,4,11.8,7.9,NA,NA,"blue",18.9,17.6,2,2,2,2,NA,"bill black; feet/legs dark olive brown; no fat; no molt; stomach: insect mush; skull ossified; testes destroyed by shot","","WI.All","North West",45.90355,-89.06899,NA
"613607","side","w","1",0.318063950553891,0.0954888809147285,0.321461592679863,0.0938542524378411,0.319371402715305,0.0964438036653258,0.290242476470348,0.0862726333614467,0.348507323501266,0.10749380893109,0.318063950553891,0.0954888809147285,73214,54.9551510602364,2948,"Setophaga caerulescens","15-Jun-90",15,"Jun",90,"Nicolet Nat'l Forest, Seven Mile Lake at FS Rd. 2178; 510m","Oneida","WI","GRG","JPD","T-784-a,b","M","ASY","7x6.5, 6.5x5",9.8,"partial",63.9,52.7,3.2,4,11.8,7.9,NA,NA,"blue",18.9,17.6,2,2,2,2,NA,"bill black; feet/legs dark olive brown; no fat; no molt; stomach: insect mush; skull ossified; testes destroyed by shot","","WI.All","North West",45.90355,-89.06899,NA
"613607","dorsal","m","2",0.0715794654017961,0.022034815131756,0.0626169121628882,0.0208885452810309,0.0737552685242432,0.0246896717572732,0.0905534623711359,0.0214197971933709,0.115075082876254,0.0183053368328787,0.0715794654017961,0.022034815131756,34039,25.5500093826234,2948,"Setophaga caerulescens","15-Jun-90",15,"Jun",90,"Nicolet Nat'l Forest, Seven Mile Lake at FS Rd. 2178; 510m","Oneida","WI","GRG","JPD","T-784-a,b","M","ASY","7x6.5, 6.5x5",9.8,"partial",63.9,52.7,3.2,4,11.8,7.9,NA,NA,"blue",18.9,17.6,2,2,2,2,NA,"bill black; feet/legs dark olive brown; no fat; no molt; stomach: insect mush; skull ossified; testes destroyed by shot","","WI.All","North West",45.90355,-89.06899,NA
"613607","dorsal","m","1",0.0696518763498633,0.0206992380350481,0.0620473144049118,0.0200220896767946,0.0718972671553192,0.0230067098287172,0.086145180202065,0.0202703875267116,0.108314979245732,0.0176734795646267,0.0696518763498633,0.0206992380350481,34969,26.2480765622068,2948,"Setophaga caerulescens","15-Jun-90",15,"Jun",90,"Nicolet Nat'l Forest, Seven Mile Lake at FS Rd. 2178; 510m","Oneida","WI","GRG","JPD","T-784-a,b","M","ASY","7x6.5, 6.5x5",9.8,"partial",63.9,52.7,3.2,4,11.8,7.9,NA,NA,"blue",18.9,17.6,2,2,2,2,NA,"bill black; feet/legs dark olive brown; no fat; no molt; stomach: insect mush; skull ossified; testes destroyed by shot","","WI.All","North West",45.90355,-89.06899,NA
"613607","ventral","t","1",0.0364308575011353,0.00662127976790572,0.0319243204880767,0.00768267687039287,0.0382385187201625,0.00789691457490134,0.0512391980699199,0.0098655329503714,0.057511435321439,0.00788970895062398,0.0364308575011353,0.00662127976790572,164402,123.401763933196,2948,"Setophaga caerulescens","15-Jun-90",15,"Jun",90,"Nicolet Nat'l Forest, Seven Mile Lake at FS Rd. 2178; 510m","Oneida","WI","GRG","JPD","T-784-a,b","M","ASY","7x6.5, 6.5x5",9.8,"partial",63.9,52.7,3.2,4,11.8,7.9,NA,NA,"blue",18.9,17.6,2,2,2,2,NA,"bill black; feet/legs dark olive brown; no fat; no molt; stomach: insect mush; skull ossified; testes destroyed by shot","","WI.All","North West",45.90355,-89.06899,NA
"613608","crown","c","1",0.0696380869684257,0.0244344673691326,0.0551549027281719,0.0193878724984608,0.0737266795845466,0.0262422639229517,0.0891761587468224,0.0306927299264937,0.157593500038341,0.0470831623728849,0.0696380869684257,0.0244344673691326,130986,98.3193844999062,2949,"Setophaga caerulescens","15-Jun-90",15,"Jun",90,"Nicolet Nat'l Forest, Seven Mile Lake at FS Rd. 2178","Oneida","WI","GRG","JPD","T-785-a,b","M","SY","7x5, 6x4.5",NA,"partial",63.8,51.1,3.1,4,10.4,7.6,NA,NA,"green",8.2,9.8,2,2,2,2,NA,"bill black; feet/legs olive brown; no fat; no molt; skull ossified","","WI.All","North West",45.90355,-89.06899,NA
"613608","dorsal","m","2",0.0643070807815266,0.0157314585218955,0.0584681174659651,0.0125235868270332,0.0662464537617281,0.0180410437862831,0.0795171385067155,0.0210150697259593,0.0997234814151925,0.0127781529641324,0.0643070807815266,0.0157314585218955,32942,24.7265903546632,2949,"Setophaga caerulescens","15-Jun-90",15,"Jun",90,"Nicolet Nat'l Forest, Seven Mile Lake at FS Rd. 2178","Oneida","WI","GRG","JPD","T-785-a,b","M","SY","7x5, 6x4.5",NA,"partial",63.8,51.1,3.1,4,10.4,7.6,NA,NA,"green",8.2,9.8,2,2,2,2,NA,"bill black; feet/legs olive brown; no fat; no molt; skull ossified","","WI.All","North West",45.90355,-89.06899,NA
"613608","side","o","1",0.061363430487236,0.0182590374453919,0.0617602498007424,0.0209063906889781,0.0628482161790627,0.0197698838577817,0.0675221437125956,0.0161373265747291,0.0806120446715362,0.0137262973503223,0.061363430487236,0.0182590374453919,6231,4.67705010320886,2949,"Setophaga caerulescens","15-Jun-90",15,"Jun",90,"Nicolet Nat'l Forest, Seven Mile Lake at FS Rd. 2178","Oneida","WI","GRG","JPD","T-785-a,b","M","SY","7x5, 6x4.5",NA,"partial",63.8,51.1,3.1,4,10.4,7.6,NA,NA,"green",8.2,9.8,2,2,2,2,NA,"bill black; feet/legs olive brown; no fat; no molt; skull ossified","","WI.All","North West",45.90355,-89.06899,NA
"613608","dorsal","m","3",0.0691400253469083,0.0161401753120055,0.063113582407835,0.0123014940573182,0.0711938712758125,0.0187965734560566,0.0838389147563438,0.0217223684448372,0.108998745130525,0.0104202717486802,0.0691400253469083,0.0161401753120055,34040,25.5507599924939,2949,"Setophaga caerulescens","15-Jun-90",15,"Jun",90,"Nicolet Nat'l Forest, Seven Mile Lake at FS Rd. 2178","Oneida","WI","GRG","JPD","T-785-a,b","M","SY","7x5, 6x4.5",NA,"partial",63.8,51.1,3.1,4,10.4,7.6,NA,NA,"green",8.2,9.8,2,2,2,2,NA,"bill black; feet/legs olive brown; no fat; no molt; skull ossified","","WI.All","North West",45.90355,-89.06899,NA
"613608","ventral","t","1",0.0362106955087254,0.00694418367730728,0.0323173705108909,0.00836203541454829,0.0380400158366754,0.0077998447455515,0.0497648511978385,0.00819333183518133,0.0538574996171327,0.00638825465275132,0.0362106955087254,0.00694418367730728,177026,132.877462938638,2949,"Setophaga caerulescens","15-Jun-90",15,"Jun",90,"Nicolet Nat'l Forest, Seven Mile Lake at FS Rd. 2178","Oneida","WI","GRG","JPD","T-785-a,b","M","SY","7x5, 6x4.5",NA,"partial",63.8,51.1,3.1,4,10.4,7.6,NA,NA,"green",8.2,9.8,2,2,2,2,NA,"bill black; feet/legs olive brown; no fat; no molt; skull ossified","","WI.All","North West",45.90355,-89.06899,NA
"613608","side","w","1",0.300458520268489,0.101498722211139,0.298845100359521,0.101296316091615,0.302585007096888,0.104610816991664,0.27932764226924,0.0894234561147901,0.351499178200718,0.080330858234951,0.300458520268489,0.101498722211139,20894,15.6832426346406,2949,"Setophaga caerulescens","15-Jun-90",15,"Jun",90,"Nicolet Nat'l Forest, Seven Mile Lake at FS Rd. 2178","Oneida","WI","GRG","JPD","T-785-a,b","M","SY","7x5, 6x4.5",NA,"partial",63.8,51.1,3.1,4,10.4,7.6,NA,NA,"green",8.2,9.8,2,2,2,2,NA,"bill black; feet/legs olive brown; no fat; no molt; skull ossified","","WI.All","North West",45.90355,-89.06899,NA
"613608","dorsal","m","1",0.065770492811862,0.0147980315981278,0.0605450248743953,0.0123190443690269,0.067748745668312,0.0167042485624628,0.0794958812870072,0.0195311275594156,0.10256239901975,0.0117585989430275,0.065770492811862,0.0147980315981278,33854,25.4111465565772,2949,"Setophaga caerulescens","15-Jun-90",15,"Jun",90,"Nicolet Nat'l Forest, Seven Mile Lake at FS Rd. 2178","Oneida","WI","GRG","JPD","T-785-a,b","M","SY","7x5, 6x4.5",NA,"partial",63.8,51.1,3.1,4,10.4,7.6,NA,NA,"green",8.2,9.8,2,2,2,2,NA,"bill black; feet/legs olive brown; no fat; no molt; skull ossified","","WI.All","North West",45.90355,-89.06899,NA
"613609","crown","c","1",0.0620385802057462,0.0179167646432153,0.0503359690777337,0.0171501261071817,0.065794386790341,0.0188474315900217,0.0781885380278225,0.0211936642195946,0.118486303651641,0.0449430507447617,0.0620385802057462,0.0179167646432153,102580,76.9975605179208,2937,"Setophaga caerulescens","16-Jun-90",16,"Jun",90,"Nicolet Nat'l Forest, North Branch Pine River on FS Rd 2174; 505m","Forest","WI","GRG","JPD","T-773-a,b","M","SY","7x4.5, 5.5x5",9.7,"partial",62.1,51.3,2.9,4.3,10.4,7.1,NA,NA,"green",9.2,9.7,2,2,2,2,NA,"bill black; feet/legs olive brown; no fat; no molt; stomach: insect mush; skull ossified","","WI.All","North West",45.929,-88.861,NA
"613609","dorsal","m","2",0.0723701056396026,0.0067882419197393,0.0667170240328647,0.00678941844252011,0.0743612940896703,0.00769039802403902,0.0858842114941351,0.0101389153020037,0.103494698405927,0.00973092516697418,0.0723701056396026,0.0067882419197393,33672,25.2745355601426,2937,"Setophaga caerulescens","16-Jun-90",16,"Jun",90,"Nicolet Nat'l Forest, North Branch Pine River on FS Rd 2174; 505m","Forest","WI","GRG","JPD","T-773-a,b","M","SY","7x4.5, 5.5x5",9.7,"partial",62.1,51.3,2.9,4.3,10.4,7.1,NA,NA,"green",9.2,9.7,2,2,2,2,NA,"bill black; feet/legs olive brown; no fat; no molt; stomach: insect mush; skull ossified","","WI.All","North West",45.929,-88.861,NA
"613609","ventral","t","1",0.0445554694476007,0.00665782462881187,0.0403683252347205,0.00756054882917044,0.0461225230431831,0.00820828602878319,0.0586591436217695,0.0108934740362465,0.0598283821701406,0.00704721344825437,0.0445554694476007,0.00665782462881187,206841,155.256896228185,2937,"Setophaga caerulescens","16-Jun-90",16,"Jun",90,"Nicolet Nat'l Forest, North Branch Pine River on FS Rd 2174; 505m","Forest","WI","GRG","JPD","T-773-a,b","M","SY","7x4.5, 5.5x5",9.7,"partial",62.1,51.3,2.9,4.3,10.4,7.1,NA,NA,"green",9.2,9.7,2,2,2,2,NA,"bill black; feet/legs olive brown; no fat; no molt; stomach: insect mush; skull ossified","","WI.All","North West",45.929,-88.861,NA
"613609","dorsal","m","1",0.071909448409431,0.00639201657156541,0.0664214484421273,0.00634880195400133,0.0737703690632723,0.0073832242646836,0.08541148647823,0.0097389386986849,0.101821338504014,0.00888530665047628,0.071909448409431,0.00639201657156541,32041,24.0502908613248,2937,"Setophaga caerulescens","16-Jun-90",16,"Jun",90,"Nicolet Nat'l Forest, North Branch Pine River on FS Rd 2174; 505m","Forest","WI","GRG","JPD","T-773-a,b","M","SY","7x4.5, 5.5x5",9.7,"partial",62.1,51.3,2.9,4.3,10.4,7.1,NA,NA,"green",9.2,9.7,2,2,2,2,NA,"bill black; feet/legs olive brown; no fat; no molt; stomach: insect mush; skull ossified","","WI.All","North West",45.929,-88.861,NA
"613609","side","o","1",0.0884259845121808,0.0113065167989932,0.0920505684888854,0.0136178814499771,0.0896994837920919,0.0118098896337349,0.0879475171738008,0.0106935066104695,0.105858246519672,0.0108366905096571,0.0884259845121808,0.0113065167989932,29147,21.8780258960405,2937,"Setophaga caerulescens","16-Jun-90",16,"Jun",90,"Nicolet Nat'l Forest, North Branch Pine River on FS Rd 2174; 505m","Forest","WI","GRG","JPD","T-773-a,b","M","SY","7x4.5, 5.5x5",9.7,"partial",62.1,51.3,2.9,4.3,10.4,7.1,NA,NA,"green",9.2,9.7,2,2,2,2,NA,"bill black; feet/legs olive brown; no fat; no molt; stomach: insect mush; skull ossified","","WI.All","North West",45.929,-88.861,NA
"613609","dorsal","m","3",0.0722578060901376,0.0084860873356414,0.0669566592664793,0.00880326311604136,0.0743473866629522,0.00917894798860202,0.0847770102871086,0.0107254430722737,0.105624218892182,0.0121387265542247,0.0722578060901376,0.0084860873356414,33488,25.136423343967,2937,"Setophaga caerulescens","16-Jun-90",16,"Jun",90,"Nicolet Nat'l Forest, North Branch Pine River on FS Rd 2174; 505m","Forest","WI","GRG","JPD","T-773-a,b","M","SY","7x4.5, 5.5x5",9.7,"partial",62.1,51.3,2.9,4.3,10.4,7.1,NA,NA,"green",9.2,9.7,2,2,2,2,NA,"bill black; feet/legs olive brown; no fat; no molt; stomach: insect mush; skull ossified","","WI.All","North West",45.929,-88.861,NA
"613609","side","w","1",0.259567801092215,0.0529749638067379,0.268074613606098,0.0549651429918201,0.2615503671775,0.0537079115913023,0.2331384241894,0.0463459974916078,0.25470358419299,0.0546194510973557,0.259567801092215,0.0529749638067379,28749,21.5792831675737,2937,"Setophaga caerulescens","16-Jun-90",16,"Jun",90,"Nicolet Nat'l Forest, North Branch Pine River on FS Rd 2174; 505m","Forest","WI","GRG","JPD","T-773-a,b","M","SY","7x4.5, 5.5x5",9.7,"partial",62.1,51.3,2.9,4.3,10.4,7.1,NA,NA,"green",9.2,9.7,2,2,2,2,NA,"bill black; feet/legs olive brown; no fat; no molt; stomach: insect mush; skull ossified","","WI.All","North West",45.929,-88.861,NA
"613610","crown","c","1",0.0749446982489641,0.0250714064916404,0.0603309356059349,0.0186443953922065,0.0786403995405877,0.0262794481413103,0.0956354335790964,0.0359444140741539,0.170557726827396,0.0499449004873989,0.0749446982489641,0.0250714064916404,87234,65.478701444924,2946,"Setophaga caerulescens","16-Jun-90",16,"Jun",90,"Nicolet Nat'l Forest, North Branch Pine River on FS Rd 2174; 505m","Oneida","WI","GRG","JPD","T-782-a,b","M","SY","6x5, 5x5",10.6,"partial",69.6,54,3.2,4.2,10.8,7.3,NA,NA,"green",10.8,12.2,2,2,2,2,NA,"bill black; feet/legs olive; no fat; stomach: insect mush, small caterpillar; skull ossified","","WI.All","North West",45.86375,-88.88867,NA
"613610","ventral","t","1",0.0393200196798316,0.00812284164669641,0.0350923323961465,0.00906358370854825,0.0410246850613838,0.00927225896459608,0.0533995124226206,0.010587546018739,0.0577658888204792,0.00818747672727024,0.0393200196798316,0.00812284164669641,175804,131.960217676862,2946,"Setophaga caerulescens","16-Jun-90",16,"Jun",90,"Nicolet Nat'l Forest, North Branch Pine River on FS Rd 2174; 505m","Oneida","WI","GRG","JPD","T-782-a,b","M","SY","6x5, 5x5",10.6,"partial",69.6,54,3.2,4.2,10.8,7.3,NA,NA,"green",10.8,12.2,2,2,2,2,NA,"bill black; feet/legs olive; no fat; stomach: insect mush, small caterpillar; skull ossified","","WI.All","North West",45.86375,-88.88867,NA
"613610","dorsal","m","3",0.0664774589161914,0.0155923031424115,0.0621712708125804,0.0131515105904977,0.0685230467911607,0.0172978934090964,0.0785811429984375,0.018271081041546,0.103552585918404,0.0131173656186414,0.0664774589161914,0.0155923031424115,34040,25.5507599924939,2946,"Setophaga caerulescens","16-Jun-90",16,"Jun",90,"Nicolet Nat'l Forest, North Branch Pine River on FS Rd 2174; 505m","Oneida","WI","GRG","JPD","T-782-a,b","M","SY","6x5, 5x5",10.6,"partial",69.6,54,3.2,4.2,10.8,7.3,NA,NA,"green",10.8,12.2,2,2,2,2,NA,"bill black; feet/legs olive; no fat; stomach: insect mush, small caterpillar; skull ossified","","WI.All","North West",45.86375,-88.88867,NA
"613610","side","o","1",0.099005768190336,0.0303313850033804,0.104439471864853,0.0338258704478708,0.100762201781773,0.0319560240928632,0.0936221570358879,0.0223249801673088,0.121220833388701,0.01877514067457,0.099005768190336,0.0303313850033804,12978,9.74141489960593,2946,"Setophaga caerulescens","16-Jun-90",16,"Jun",90,"Nicolet Nat'l Forest, North Branch Pine River on FS Rd 2174; 505m","Oneida","WI","GRG","JPD","T-782-a,b","M","SY","6x5, 5x5",10.6,"partial",69.6,54,3.2,4.2,10.8,7.3,NA,NA,"green",10.8,12.2,2,2,2,2,NA,"bill black; feet/legs olive; no fat; stomach: insect mush, small caterpillar; skull ossified","","WI.All","North West",45.86375,-88.88867,NA
"613610","dorsal","m","2",0.0687040215456171,0.0177090551507578,0.0622026462439961,0.0146613760703904,0.0710690109747553,0.0201106775917179,0.0834193805629917,0.0218762818270766,0.105675939658595,0.0136381229806517,0.0687040215456171,0.0177090551507578,33489,25.1371739538375,2946,"Setophaga caerulescens","16-Jun-90",16,"Jun",90,"Nicolet Nat'l Forest, North Branch Pine River on FS Rd 2174; 505m","Oneida","WI","GRG","JPD","T-782-a,b","M","SY","6x5, 5x5",10.6,"partial",69.6,54,3.2,4.2,10.8,7.3,NA,NA,"green",10.8,12.2,2,2,2,2,NA,"bill black; feet/legs olive; no fat; stomach: insect mush, small caterpillar; skull ossified","","WI.All","North West",45.86375,-88.88867,NA
"613610","side","w","1",0.312927424948796,0.0887709264970121,0.31826774784207,0.0903591258375688,0.315854468992711,0.0914868807692617,0.280180661088798,0.0753938514817639,0.334470282488002,0.0776730624293787,0.312927424948796,0.0887709264970121,37494,28.1433664852693,2946,"Setophaga caerulescens","16-Jun-90",16,"Jun",90,"Nicolet Nat'l Forest, North Branch Pine River on FS Rd 2174; 505m","Oneida","WI","GRG","JPD","T-782-a,b","M","SY","6x5, 5x5",10.6,"partial",69.6,54,3.2,4.2,10.8,7.3,NA,NA,"green",10.8,12.2,2,2,2,2,NA,"bill black; feet/legs olive; no fat; stomach: insect mush, small caterpillar; skull ossified","","WI.All","North West",45.86375,-88.88867,NA
"613610","dorsal","m","1",0.0614056846393827,0.0171029138488286,0.0558436769760116,0.0135256660102684,0.0635692285874061,0.019315689552813,0.0754422144976078,0.0206808597149811,0.0975403637493988,0.0136609528222201,0.0614056846393827,0.0171029138488286,33489,25.1371739538375,2946,"Setophaga caerulescens","16-Jun-90",16,"Jun",90,"Nicolet Nat'l Forest, North Branch Pine River on FS Rd 2174; 505m","Oneida","WI","GRG","JPD","T-782-a,b","M","SY","6x5, 5x5",10.6,"partial",69.6,54,3.2,4.2,10.8,7.3,NA,NA,"green",10.8,12.2,2,2,2,2,NA,"bill black; feet/legs olive; no fat; stomach: insect mush, small caterpillar; skull ossified","","WI.All","North West",45.86375,-88.88867,NA
"613611","ventral","t","1",0.0386994621057026,0.00781792562932092,0.0342390607779426,0.00880883822037119,0.0404756777796654,0.00900748620353605,0.0532153836298941,0.0103875074357406,0.0591560045283414,0.00884473860363695,0.0386994621057026,0.00781792562932092,187705,140.893225745919,2947,"Setophaga caerulescens","16-Jun-90",16,"Jun",90,"Nicolet Nat'l Forest, North Branch Pine River on FS Rd 2174; 505m","Oneida","WI","GRG","JPD","T-783-a,b","M","ASY","7x5.5, 6x4.5",9.4,"partial",63.9,49.7,3,4.6,10.9,6.7,NA,NA,"blue",13.1,13.9,2,2,2,2,NA,"bill black; feet/legs light olive; no fat; no molt; stomach: caterpillar remains; skull ossified","","WI.All","North West",45.86375,-88.88867,NA
"613611","dorsal","m","1",0.0650232125934354,0.0174838147654082,0.060931644123922,0.0156010481422954,0.0666471499947884,0.0194721060963716,0.0780230473292833,0.019806625336882,0.101746569255821,0.0132678564916533,0.0650232125934354,0.0174838147654082,34594,25.9665978607619,2947,"Setophaga caerulescens","16-Jun-90",16,"Jun",90,"Nicolet Nat'l Forest, North Branch Pine River on FS Rd 2174; 505m","Oneida","WI","GRG","JPD","T-783-a,b","M","ASY","7x5.5, 6x4.5",9.4,"partial",63.9,49.7,3,4.6,10.9,6.7,NA,NA,"blue",13.1,13.9,2,2,2,2,NA,"bill black; feet/legs light olive; no fat; no molt; stomach: caterpillar remains; skull ossified","","WI.All","North West",45.86375,-88.88867,NA
"613611","dorsal","m","3",0.0648861356079768,0.0193411908742963,0.0592482915306016,0.0160103622146974,0.0667467934563653,0.0220837451239976,0.079755443733323,0.0216955618487762,0.102873804755871,0.0118854152172035,0.0648861356079768,0.0193411908742963,33672,25.2745355601426,2947,"Setophaga caerulescens","16-Jun-90",16,"Jun",90,"Nicolet Nat'l Forest, North Branch Pine River on FS Rd 2174; 505m","Oneida","WI","GRG","JPD","T-783-a,b","M","ASY","7x5.5, 6x4.5",9.4,"partial",63.9,49.7,3,4.6,10.9,6.7,NA,NA,"blue",13.1,13.9,2,2,2,2,NA,"bill black; feet/legs light olive; no fat; no molt; stomach: caterpillar remains; skull ossified","","WI.All","North West",45.86375,-88.88867,NA
"613611","side","w","1",0.530564927658258,0.109651724509038,0.545042439571009,0.11826637884504,0.53710241172711,0.113284658668991,0.439220313614243,0.0809176376416765,0.494708364581404,0.0811957515932314,0.530564927658258,0.109651724509038,46588,34.9694126477763,2947,"Setophaga caerulescens","16-Jun-90",16,"Jun",90,"Nicolet Nat'l Forest, North Branch Pine River on FS Rd 2174; 505m","Oneida","WI","GRG","JPD","T-783-a,b","M","ASY","7x5.5, 6x4.5",9.4,"partial",63.9,49.7,3,4.6,10.9,6.7,NA,NA,"blue",13.1,13.9,2,2,2,2,NA,"bill black; feet/legs light olive; no fat; no molt; stomach: caterpillar remains; skull ossified","","WI.All","North West",45.86375,-88.88867,NA
"613611","side","o","1",0.0797458402770284,0.0390686404035658,0.0810119024769722,0.0453144878905272,0.0812148787053464,0.0397689854986005,0.0833170843933067,0.0266069772312951,0.097058873531682,0.0210628191917544,0.0797458402770284,0.0390686404035658,12413,9.31732032276224,2947,"Setophaga caerulescens","16-Jun-90",16,"Jun",90,"Nicolet Nat'l Forest, North Branch Pine River on FS Rd 2174; 505m","Oneida","WI","GRG","JPD","T-783-a,b","M","ASY","7x5.5, 6x4.5",9.4,"partial",63.9,49.7,3,4.6,10.9,6.7,NA,NA,"blue",13.1,13.9,2,2,2,2,NA,"bill black; feet/legs light olive; no fat; no molt; stomach: caterpillar remains; skull ossified","","WI.All","North West",45.86375,-88.88867,NA
"613611","crown","c","1",0.0718396202873829,0.0281425887983147,0.0574759974486197,0.0216657921010087,0.0761965336953165,0.0309895135001677,0.0899129551575712,0.0337431613679877,0.164116833624158,0.0541527294263087,0.0718396202873829,0.0281425887983147,102840,77.192719084256,2947,"Setophaga caerulescens","16-Jun-90",16,"Jun",90,"Nicolet Nat'l Forest, North Branch Pine River on FS Rd 2174; 505m","Oneida","WI","GRG","JPD","T-783-a,b","M","ASY","7x5.5, 6x4.5",9.4,"partial",63.9,49.7,3,4.6,10.9,6.7,NA,NA,"blue",13.1,13.9,2,2,2,2,NA,"bill black; feet/legs light olive; no fat; no molt; stomach: caterpillar remains; skull ossified","","WI.All","North West",45.86375,-88.88867,NA
"613611","dorsal","m","2",0.0643195084796413,0.0167992468885334,0.0590747605443387,0.0138823221000716,0.0662141127393058,0.0190569533182154,0.0786166047286885,0.0198733325705688,0.104863468862553,0.0181250707936308,0.0643195084796413,0.0167992468885334,35156,26.388440607994,2947,"Setophaga caerulescens","16-Jun-90",16,"Jun",90,"Nicolet Nat'l Forest, North Branch Pine River on FS Rd 2174; 505m","Oneida","WI","GRG","JPD","T-783-a,b","M","ASY","7x5.5, 6x4.5",9.4,"partial",63.9,49.7,3,4.6,10.9,6.7,NA,NA,"blue",13.1,13.9,2,2,2,2,NA,"bill black; feet/legs light olive; no fat; no molt; stomach: caterpillar remains; skull ossified","","WI.All","North West",45.86375,-88.88867,NA
"613612","side","w","1",0.399102455429219,0.107699365421518,0.416295158173802,0.117383222942109,0.405271143000223,0.110668094341444,0.328654537306736,0.0746804054305774,0.322996032494261,0.0660774966216465,0.399102455429219,0.107699365421518,83581,62.7367235879152,2913,"Setophaga caerulescens","16-Jun-90",16,"Jun",90,"Nicolet Nat'l Forest, North Branch Pine River on FS Rd 2174; 505m","Oneida","WI","GRG","JPD","T-749-a,b","M","ASY","5x4.5, NA",9.6,"partial",61.3,57,3,4.1,10.8,7.1,NA,NA,"blue",18.8,21.3,2,2,2,2,NA,"bill black; feet/legs dark olive brown; no fat; stomach: insect parts, caterpillar; skull ossified; R testis deflated","","WI.All","North West",45.86375,-88.88867,NA
"613612","ventral","t","1",0.0426466478795081,0.00594204104107635,0.0382332149994818,0.00643864774129183,0.0442396333720814,0.00694430556337083,0.0573049386553979,0.00881938726251866,0.0630509621341854,0.00701232469675173,0.0426466478795081,0.00594204104107635,166815,125.21298555076,2913,"Setophaga caerulescens","16-Jun-90",16,"Jun",90,"Nicolet Nat'l Forest, North Branch Pine River on FS Rd 2174; 505m","Oneida","WI","GRG","JPD","T-749-a,b","M","ASY","5x4.5, NA",9.6,"partial",61.3,57,3,4.1,10.8,7.1,NA,NA,"blue",18.8,21.3,2,2,2,2,NA,"bill black; feet/legs dark olive brown; no fat; stomach: insect parts, caterpillar; skull ossified; R testis deflated","","WI.All","North West",45.86375,-88.88867,NA
"613612","crown","c","1",0.0745419399091148,0.0231891589681377,0.0621815446406339,0.0178091395256789,0.0789595681980913,0.0249127652419724,0.0894225860670164,0.0295131897781096,0.149175509082302,0.042023321522856,0.0745419399091148,0.0231891589681377,39613,29.7339088009007,2913,"Setophaga caerulescens","16-Jun-90",16,"Jun",90,"Nicolet Nat'l Forest, North Branch Pine River on FS Rd 2174; 505m","Oneida","WI","GRG","JPD","T-749-a,b","M","ASY","5x4.5, NA",9.6,"partial",61.3,57,3,4.1,10.8,7.1,NA,NA,"blue",18.8,21.3,2,2,2,2,NA,"bill black; feet/legs dark olive brown; no fat; stomach: insect parts, caterpillar; skull ossified; R testis deflated","","WI.All","North West",45.86375,-88.88867,NA
"613612","dorsal","m","3",0.0647022613576393,0.00995097078199816,0.0598855569666583,0.00982995095269717,0.0662364452000196,0.011593464190174,0.0792266613426721,0.014240689690368,0.106152674959256,0.0117554650565373,0.0647022613576393,0.00995097078199816,32400,24.3197598048414,2913,"Setophaga caerulescens","16-Jun-90",16,"Jun",90,"Nicolet Nat'l Forest, North Branch Pine River on FS Rd 2174; 505m","Oneida","WI","GRG","JPD","T-749-a,b","M","ASY","5x4.5, NA",9.6,"partial",61.3,57,3,4.1,10.8,7.1,NA,NA,"blue",18.8,21.3,2,2,2,2,NA,"bill black; feet/legs dark olive brown; no fat; stomach: insect parts, caterpillar; skull ossified; R testis deflated","","WI.All","North West",45.86375,-88.88867,NA
"613612","dorsal","m","2",0.0680189625774668,0.00936984180890001,0.0614048653367811,0.00903269040664567,0.0697357831986853,0.011136969848864,0.0848788177737095,0.0150772402758204,0.108731542014371,0.0091074221084304,0.0680189625774668,0.00936984180890001,33854,25.4111465565772,2913,"Setophaga caerulescens","16-Jun-90",16,"Jun",90,"Nicolet Nat'l Forest, North Branch Pine River on FS Rd 2174; 505m","Oneida","WI","GRG","JPD","T-749-a,b","M","ASY","5x4.5, NA",9.6,"partial",61.3,57,3,4.1,10.8,7.1,NA,NA,"blue",18.8,21.3,2,2,2,2,NA,"bill black; feet/legs dark olive brown; no fat; stomach: insect parts, caterpillar; skull ossified; R testis deflated","","WI.All","North West",45.86375,-88.88867,NA
"613612","side","o","1",0.0555256930628458,0.0111190204603146,0.0519511444108093,0.0132336563480773,0.0569656705639296,0.011636520726847,0.0687481872154379,0.0102497440667051,0.0808203562740079,0.0126207934353488,0.0555256930628458,0.0111190204603146,15396,11.5563895665228,2913,"Setophaga caerulescens","16-Jun-90",16,"Jun",90,"Nicolet Nat'l Forest, North Branch Pine River on FS Rd 2174; 505m","Oneida","WI","GRG","JPD","T-749-a,b","M","ASY","5x4.5, NA",9.6,"partial",61.3,57,3,4.1,10.8,7.1,NA,NA,"blue",18.8,21.3,2,2,2,2,NA,"bill black; feet/legs dark olive brown; no fat; stomach: insect parts, caterpillar; skull ossified; R testis deflated","","WI.All","North West",45.86375,-88.88867,NA
"613612","dorsal","m","1",0.0657824765812322,0.00907671305662347,0.0592108806854128,0.0089307940946777,0.0673484012127729,0.0107721235722104,0.0829786034069264,0.0143990083529836,0.106613443001052,0.0096300079649001,0.0657824765812322,0.00907671305662347,33489,25.1371739538375,2913,"Setophaga caerulescens","16-Jun-90",16,"Jun",90,"Nicolet Nat'l Forest, North Branch Pine River on FS Rd 2174; 505m","Oneida","WI","GRG","JPD","T-749-a,b","M","ASY","5x4.5, NA",9.6,"partial",61.3,57,3,4.1,10.8,7.1,NA,NA,"blue",18.8,21.3,2,2,2,2,NA,"bill black; feet/legs dark olive brown; no fat; stomach: insect parts, caterpillar; skull ossified; R testis deflated","","WI.All","North West",45.86375,-88.88867,NA
"613652","side","o","1",0.0624755505707277,0.0156118822650287,0.0606386024056796,0.01846344387555,0.0646936759219784,0.0158570818148836,0.0695330166759728,0.011192408640458,0.0670614696433116,0.0169480329107023,0.0624755505707277,0.0156118822650287,14870,11.1615687746294,2984,"Setophaga caerulescens","24-Jun-90",24,"Jun",90,"1mi E Burns Lake","Renfrew","ON","GRG","JPD","820-a,b","M","ASY","7x4, 8x5",9.25,"partial",64,51.7,NA,NA,10.8,7,NA,NA,"blue",11.5,11.3,2,2,2,2,NA,"skull ossified; biil black; feet/legs olive dark brown; no fat; stomach: insect mush, small green caterpillar; upper and lower bill askew","","ON.Renfrew","North Central",45.58094,-77.66086,NA
"613652","side","w","1",0.45994478587847,0.127228237152194,0.471175562470043,0.133693774898452,0.462562194557798,0.128420106167983,0.391084790862885,0.0966772035684323,0.478839849157084,0.127741602157831,0.45994478587847,0.127228237152194,53831,40.4060799399512,2984,"Setophaga caerulescens","24-Jun-90",24,"Jun",90,"1mi E Burns Lake","Renfrew","ON","GRG","JPD","820-a,b","M","ASY","7x4, 8x5",9.25,"partial",64,51.7,NA,NA,10.8,7,NA,NA,"blue",11.5,11.3,2,2,2,2,NA,"skull ossified; biil black; feet/legs olive dark brown; no fat; stomach: insect mush, small green caterpillar; upper and lower bill askew","","ON.Renfrew","North Central",45.58094,-77.66086,NA
"613652","dorsal","m","2",0.0723847606877466,0.0198195550516669,0.0656030056484576,0.020268188497036,0.0752056559114916,0.0216807600557904,0.0852225246972006,0.0189361241982418,0.0931951289291993,0.0292980753035778,0.0723847606877466,0.0198195550516669,33672,25.2745355601426,2984,"Setophaga caerulescens","24-Jun-90",24,"Jun",90,"1mi E Burns Lake","Renfrew","ON","GRG","JPD","820-a,b","M","ASY","7x4, 8x5",9.25,"partial",64,51.7,NA,NA,10.8,7,NA,NA,"blue",11.5,11.3,2,2,2,2,NA,"skull ossified; biil black; feet/legs olive dark brown; no fat; stomach: insect mush, small green caterpillar; upper and lower bill askew","","ON.Renfrew","North Central",45.58094,-77.66086,NA
"613652","dorsal","m","1",0.0665308981015,0.018564988228156,0.061656263736132,0.0190868267077651,0.0689355806208306,0.0202801033242596,0.0779133563739146,0.0172931861496048,0.0830188365687881,0.0266883712391739,0.0665308981015,0.018564988228156,32761,24.5907299680991,2984,"Setophaga caerulescens","24-Jun-90",24,"Jun",90,"1mi E Burns Lake","Renfrew","ON","GRG","JPD","820-a,b","M","ASY","7x4, 8x5",9.25,"partial",64,51.7,NA,NA,10.8,7,NA,NA,"blue",11.5,11.3,2,2,2,2,NA,"skull ossified; biil black; feet/legs olive dark brown; no fat; stomach: insect mush, small green caterpillar; upper and lower bill askew","","ON.Renfrew","North Central",45.58094,-77.66086,NA
"613652","ventral","t","1",0.0504513511631619,0.00965568528058464,0.0483812860773183,0.0109086424016358,0.0526043003481299,0.0104417083666245,0.0586937871257596,0.0094272503990689,0.0474387637666012,0.011467348815842,0.0504513511631619,0.00965568528058464,208536,156.529179958716,2984,"Setophaga caerulescens","24-Jun-90",24,"Jun",90,"1mi E Burns Lake","Renfrew","ON","GRG","JPD","820-a,b","M","ASY","7x4, 8x5",9.25,"partial",64,51.7,NA,NA,10.8,7,NA,NA,"blue",11.5,11.3,2,2,2,2,NA,"skull ossified; biil black; feet/legs olive dark brown; no fat; stomach: insect mush, small green caterpillar; upper and lower bill askew","","ON.Renfrew","North Central",45.58094,-77.66086,NA
"613652","dorsal","m","3",0.0717087028866258,0.0175776867558562,0.0648229274995502,0.0184985912702897,0.0744459274755852,0.019295633373231,0.0850985194449553,0.0169470467146731,0.0914717612567016,0.0261606200856462,0.0717087028866258,0.0175776867558562,34596,25.9680990805029,2984,"Setophaga caerulescens","24-Jun-90",24,"Jun",90,"1mi E Burns Lake","Renfrew","ON","GRG","JPD","820-a,b","M","ASY","7x4, 8x5",9.25,"partial",64,51.7,NA,NA,10.8,7,NA,NA,"blue",11.5,11.3,2,2,2,2,NA,"skull ossified; biil black; feet/legs olive dark brown; no fat; stomach: insect mush, small green caterpillar; upper and lower bill askew","","ON.Renfrew","North Central",45.58094,-77.66086,NA
"613652","crown","c","1",0.0637278598466341,0.0236898721067831,0.0513061141817482,0.0236183091667282,0.0688036015863583,0.0247881290196317,0.0774330094903716,0.0258992126253993,0.124613404121654,0.0510498693644755,0.0637278598466341,0.0236898721067831,78771,59.126290110715,2984,"Setophaga caerulescens","24-Jun-90",24,"Jun",90,"1mi E Burns Lake","Renfrew","ON","GRG","JPD","820-a,b","M","ASY","7x4, 8x5",9.25,"partial",64,51.7,NA,NA,10.8,7,NA,NA,"blue",11.5,11.3,2,2,2,2,NA,"skull ossified; biil black; feet/legs olive dark brown; no fat; stomach: insect mush, small green caterpillar; upper and lower bill askew","","ON.Renfrew","North Central",45.58094,-77.66086,NA
"613654","side","o","1",0.0575068772276632,0.00661447309174398,0.0542391679913924,0.00771818127713583,0.0593277813857372,0.00785642086335064,0.0687170061953556,0.00988098170768073,0.0701293132946767,0.00944722458857696,0.0575068772276632,0.00661447309174398,5319,3.9924939012948,2986,"Setophaga caerulescens","25-Jun-90",25,"Jun",90,"1mi E Burns Lake","Renfrew","ON","GRG","JPD","822-a,b","M","ASY","NA, 6x7.5",9.45,"partial",61.8,50.6,2.8,3.7,10.1,6.8,NA,NA,"blue",8.8,12.1,2,2,2,2,NA,"skull ossified; trace fat; stomach: caterpillar remains; L testis deflated","","ON.Renfrew","North Central",45.58094,-77.66086,18.04
"613654","side","w","1",0.412667786707918,0.132550947482514,0.413885637858625,0.135664815426186,0.413680489905661,0.131830144482793,0.366015360975395,0.112332365414738,0.496348084137606,0.137066841264788,0.412667786707918,0.132550947482514,30000,22.5182961155939,2986,"Setophaga caerulescens","25-Jun-90",25,"Jun",90,"1mi E Burns Lake","Renfrew","ON","GRG","JPD","822-a,b","M","ASY","NA, 6x7.5",9.45,"partial",61.8,50.6,2.8,3.7,10.1,6.8,NA,NA,"blue",8.8,12.1,2,2,2,2,NA,"skull ossified; trace fat; stomach: caterpillar remains; L testis deflated","","ON.Renfrew","North Central",45.58094,-77.66086,18.04
"613654","dorsal","m","3",0.0812205919323676,0.0182859506532932,0.0748565650376424,0.0199956442394092,0.0837620366680527,0.0194874232463369,0.0936536243112957,0.0157765343925452,0.110453407639984,0.0281617991884175,0.0812205919323676,0.0182859506532932,34040,25.5507599924939,2986,"Setophaga caerulescens","25-Jun-90",25,"Jun",90,"1mi E Burns Lake","Renfrew","ON","GRG","JPD","822-a,b","M","ASY","NA, 6x7.5",9.45,"partial",61.8,50.6,2.8,3.7,10.1,6.8,NA,NA,"blue",8.8,12.1,2,2,2,2,NA,"skull ossified; trace fat; stomach: caterpillar remains; L testis deflated","","ON.Renfrew","North Central",45.58094,-77.66086,18.04
"613654","crown","c","1",0.0663803050207899,0.0284777051764943,0.054949559876745,0.0239534672443581,0.0709267478732922,0.0311605568020672,0.0797160405492852,0.0331100988859427,0.124765269898709,0.0394333575747111,0.0663803050207899,0.0284777051764943,107918,81.0043160067555,2986,"Setophaga caerulescens","25-Jun-90",25,"Jun",90,"1mi E Burns Lake","Renfrew","ON","GRG","JPD","822-a,b","M","ASY","NA, 6x7.5",9.45,"partial",61.8,50.6,2.8,3.7,10.1,6.8,NA,NA,"blue",8.8,12.1,2,2,2,2,NA,"skull ossified; trace fat; stomach: caterpillar remains; L testis deflated","","ON.Renfrew","North Central",45.58094,-77.66086,18.04
"613654","ventral","t","1",0.0433771123747338,0.00827289607109248,0.0405431386133919,0.00936401806081039,0.0453738396052446,0.00918397194568649,0.0534812134704154,0.00890975680554209,0.0366499949092252,0.00883809396809486,0.0433771123747338,0.00827289607109248,143165,107.461062112967,2986,"Setophaga caerulescens","25-Jun-90",25,"Jun",90,"1mi E Burns Lake","Renfrew","ON","GRG","JPD","822-a,b","M","ASY","NA, 6x7.5",9.45,"partial",61.8,50.6,2.8,3.7,10.1,6.8,NA,NA,"blue",8.8,12.1,2,2,2,2,NA,"skull ossified; trace fat; stomach: caterpillar remains; L testis deflated","","ON.Renfrew","North Central",45.58094,-77.66086,18.04
"613654","dorsal","m","2",0.0790883901259066,0.0159164969507619,0.0720289788629843,0.017665438683537,0.0818291783066194,0.0170695828075734,0.0920941319441786,0.0140961420092089,0.108051609631248,0.0260437618241712,0.0790883901259066,0.0159164969507619,33489,25.1371739538375,2986,"Setophaga caerulescens","25-Jun-90",25,"Jun",90,"1mi E Burns Lake","Renfrew","ON","GRG","JPD","822-a,b","M","ASY","NA, 6x7.5",9.45,"partial",61.8,50.6,2.8,3.7,10.1,6.8,NA,NA,"blue",8.8,12.1,2,2,2,2,NA,"skull ossified; trace fat; stomach: caterpillar remains; L testis deflated","","ON.Renfrew","North Central",45.58094,-77.66086,18.04
"613654","dorsal","m","1",0.0811672189810024,0.0179464415619124,0.0711890645976397,0.0190734213078146,0.0839502903324026,0.0194743229947561,0.0983802193936346,0.0166952158076773,0.119819524992668,0.0305794807414516,0.0811672189810024,0.0179464415619124,32761,24.5907299680991,2986,"Setophaga caerulescens","25-Jun-90",25,"Jun",90,"1mi E Burns Lake","Renfrew","ON","GRG","JPD","822-a,b","M","ASY","NA, 6x7.5",9.45,"partial",61.8,50.6,2.8,3.7,10.1,6.8,NA,NA,"blue",8.8,12.1,2,2,2,2,NA,"skull ossified; trace fat; stomach: caterpillar remains; L testis deflated","","ON.Renfrew","North Central",45.58094,-77.66086,18.04
"613657","dorsal","m","3",0.0632479370639758,0.0184472383112715,0.0570126283072423,0.0178073253106507,0.0654388523151682,0.0201693137045055,0.0775787830713513,0.0187627639276125,0.0810583838944151,0.0256522366396227,0.0632479370639758,0.0184472383112715,33855,25.4118971664477,2932,"Setophaga caerulescens","25-Jun-90",25,"Jun",90,"Beaverdam Lake","Thunder Bay","ON","GRG","JPD","768-a,b","M","ASY","7.5x5, 5.5x5",9.2,"partial",63.8,50.7,3.2,4.1,10.7,6.9,NA,NA,"blue",13.7,13.4,2,2,2,2,NA,"skull ossified; bill black; feet/legs dark olive brown; trace fat; stomach: caterpillar remains; no molt","","ON.Thunder","North Central",48.8665693,-86.9761973,NA
"613657","side","w","1",0.398317798963265,0.137954274532975,0.406034950281252,0.145254138047057,0.401118342572792,0.138810889629687,0.344283967150508,0.106679558856035,0.439962906637038,0.134388512492456,0.398317798963265,0.137954274532975,62468,46.8890973916307,2932,"Setophaga caerulescens","25-Jun-90",25,"Jun",90,"Beaverdam Lake","Thunder Bay","ON","GRG","JPD","768-a,b","M","ASY","7.5x5, 5.5x5",9.2,"partial",63.8,50.7,3.2,4.1,10.7,6.9,NA,NA,"blue",13.7,13.4,2,2,2,2,NA,"skull ossified; bill black; feet/legs dark olive brown; trace fat; stomach: caterpillar remains; no molt","","ON.Thunder","North Central",48.8665693,-86.9761973,NA
"613657","crown","c","1",0.0635008945089477,0.0261440000741087,0.0482562995060614,0.0236790884940517,0.0675063571756108,0.0275960899295341,0.0842262002793869,0.0298031521818186,0.152879115825114,0.05065586853213,0.0635008945089477,0.0261440000741087,110915,83.2538937887033,2932,"Setophaga caerulescens","25-Jun-90",25,"Jun",90,"Beaverdam Lake","Thunder Bay","ON","GRG","JPD","768-a,b","M","ASY","7.5x5, 5.5x5",9.2,"partial",63.8,50.7,3.2,4.1,10.7,6.9,NA,NA,"blue",13.7,13.4,2,2,2,2,NA,"skull ossified; bill black; feet/legs dark olive brown; trace fat; stomach: caterpillar remains; no molt","","ON.Thunder","North Central",48.8665693,-86.9761973,NA
"613657","ventral","t","1",0.0457629917726654,0.00770202275926409,0.0433479817042215,0.00865160066206899,0.0479347502432688,0.00853764721821107,0.0544958421710643,0.00857811181731286,0.0414188487078659,0.00960499920538457,0.0457629917726654,0.00770202275926409,206390,154.918371176581,2932,"Setophaga caerulescens","25-Jun-90",25,"Jun",90,"Beaverdam Lake","Thunder Bay","ON","GRG","JPD","768-a,b","M","ASY","7.5x5, 5.5x5",9.2,"partial",63.8,50.7,3.2,4.1,10.7,6.9,NA,NA,"blue",13.7,13.4,2,2,2,2,NA,"skull ossified; bill black; feet/legs dark olive brown; trace fat; stomach: caterpillar remains; no molt","","ON.Thunder","North Central",48.8665693,-86.9761973,NA
"613657","side","o","1",0.0645640147955548,0.0106603503271697,0.0638345515502695,0.0127572497624581,0.0667254803466385,0.0112279152527282,0.0701490614489477,0.00857819041510505,0.0724169710535684,0.0124127103555654,0.0645640147955548,0.0106603503271697,6063,4.55094764496153,2932,"Setophaga caerulescens","25-Jun-90",25,"Jun",90,"Beaverdam Lake","Thunder Bay","ON","GRG","JPD","768-a,b","M","ASY","7.5x5, 5.5x5",9.2,"partial",63.8,50.7,3.2,4.1,10.7,6.9,NA,NA,"blue",13.7,13.4,2,2,2,2,NA,"skull ossified; bill black; feet/legs dark olive brown; trace fat; stomach: caterpillar remains; no molt","","ON.Thunder","North Central",48.8665693,-86.9761973,NA
"613657","dorsal","m","2",0.0695834478406392,0.0194855052640153,0.0608302011859881,0.017952939483851,0.0718437743937912,0.0217137246945133,0.0872703409580152,0.0209373157789537,0.0942658595730714,0.0286128202041708,0.0695834478406392,0.0194855052640153,33856,25.4126477763183,2932,"Setophaga caerulescens","25-Jun-90",25,"Jun",90,"Beaverdam Lake","Thunder Bay","ON","GRG","JPD","768-a,b","M","ASY","7.5x5, 5.5x5",9.2,"partial",63.8,50.7,3.2,4.1,10.7,6.9,NA,NA,"blue",13.7,13.4,2,2,2,2,NA,"skull ossified; bill black; feet/legs dark olive brown; trace fat; stomach: caterpillar remains; no molt","","ON.Thunder","North Central",48.8665693,-86.9761973,NA
"613657","dorsal","m","1",0.0647963875018711,0.0157262098782683,0.0573481193667488,0.0148358295539341,0.066827778410777,0.017541408404468,0.0814957090757891,0.0176070930076867,0.0838527847255894,0.0205454157171674,0.0647963875018711,0.0157262098782683,34410,25.8284856445862,2932,"Setophaga caerulescens","25-Jun-90",25,"Jun",90,"Beaverdam Lake","Thunder Bay","ON","GRG","JPD","768-a,b","M","ASY","7.5x5, 5.5x5",9.2,"partial",63.8,50.7,3.2,4.1,10.7,6.9,NA,NA,"blue",13.7,13.4,2,2,2,2,NA,"skull ossified; bill black; feet/legs dark olive brown; trace fat; stomach: caterpillar remains; no molt","","ON.Thunder","North Central",48.8665693,-86.9761973,NA
"613658","ventral","t","1",0.0428011389386506,0.00657577059610289,0.0398472458888545,0.00736463254409414,0.0447569905869628,0.00727188560318332,0.0532921644087605,0.00780467263509846,0.0372605081710856,0.0102981819757709,0.0428011389386506,0.00657577059610289,264484,198.524300994558,2933,"Setophaga caerulescens","25-Jun-90",25,"Jun",90,"1mi S Beaverdam Lake","Thunder Bay","ON","GRG","JPD","769-a,b","M","ASY","5x4, 8x6",9.35,"partial",62.3,51.2,2.7,3.9,10.7,7,NA,NA,"blue",11.5,11.1,2,2,2,2,NA,"skull ossified; bill black; feet/legs light brown; no fat; stomach: insect mush","","ON.Thunder","North Central",48.8665693,-86.9761973,NA
"613658","dorsal","m","1",0.0705404081527823,0.012362319975873,0.0632166152267133,0.00945977430814353,0.0727145821692456,0.0136824369140066,0.086447933310127,0.0190072728387234,0.097902815065896,0.0155294504025459,0.0705404081527823,0.012362319975873,33124,24.8632013510978,2933,"Setophaga caerulescens","25-Jun-90",25,"Jun",90,"1mi S Beaverdam Lake","Thunder Bay","ON","GRG","JPD","769-a,b","M","ASY","5x4, 8x6",9.35,"partial",62.3,51.2,2.7,3.9,10.7,7,NA,NA,"blue",11.5,11.1,2,2,2,2,NA,"skull ossified; bill black; feet/legs light brown; no fat; stomach: insect mush","","ON.Thunder","North Central",48.8665693,-86.9761973,NA
"613658","dorsal","m","2",0.0747006969023793,0.0138044175043572,0.0694814787809144,0.0114113869907926,0.0769100710454563,0.0152172234964366,0.0869239340331036,0.0196671908838564,0.102639978778171,0.0192134116164953,0.0747006969023793,0.0138044175043572,33855,25.4118971664477,2933,"Setophaga caerulescens","25-Jun-90",25,"Jun",90,"1mi S Beaverdam Lake","Thunder Bay","ON","GRG","JPD","769-a,b","M","ASY","5x4, 8x6",9.35,"partial",62.3,51.2,2.7,3.9,10.7,7,NA,NA,"blue",11.5,11.1,2,2,2,2,NA,"skull ossified; bill black; feet/legs light brown; no fat; stomach: insect mush","","ON.Thunder","North Central",48.8665693,-86.9761973,NA
"613658","dorsal","m","3",0.0747330157052407,0.0145492379911347,0.0679026276402734,0.0117166307380508,0.0769713462824643,0.0159738551787095,0.0894425972219461,0.0211479884315591,0.104522021847105,0.0187771161004592,0.0747330157052407,0.0145492379911347,33856,25.4126477763183,2933,"Setophaga caerulescens","25-Jun-90",25,"Jun",90,"1mi S Beaverdam Lake","Thunder Bay","ON","GRG","JPD","769-a,b","M","ASY","5x4, 8x6",9.35,"partial",62.3,51.2,2.7,3.9,10.7,7,NA,NA,"blue",11.5,11.1,2,2,2,2,NA,"skull ossified; bill black; feet/legs light brown; no fat; stomach: insect mush","","ON.Thunder","North Central",48.8665693,-86.9761973,NA
"613658","crown","c","1",0.0759990565604881,0.0297812436317157,0.0580428754458435,0.0278835736104971,0.0804359737526408,0.0312191360418255,0.0989615327261944,0.0346852388724895,0.182088058956788,0.0666279844560659,0.0759990565604881,0.0297812436317157,82286,61.764683805592,2933,"Setophaga caerulescens","25-Jun-90",25,"Jun",90,"1mi S Beaverdam Lake","Thunder Bay","ON","GRG","JPD","769-a,b","M","ASY","5x4, 8x6",9.35,"partial",62.3,51.2,2.7,3.9,10.7,7,NA,NA,"blue",11.5,11.1,2,2,2,2,NA,"skull ossified; bill black; feet/legs light brown; no fat; stomach: insect mush","","ON.Thunder","North Central",48.8665693,-86.9761973,NA
"613658","side","w","1",0.373166193262165,0.102501775953429,0.380247133819531,0.108455525592138,0.377064504635707,0.104103243560984,0.325490362387273,0.080538856799213,0.393496556557294,0.0787673873994773,0.373166193262165,0.102501775953429,47246,35.4633139425783,2933,"Setophaga caerulescens","25-Jun-90",25,"Jun",90,"1mi S Beaverdam Lake","Thunder Bay","ON","GRG","JPD","769-a,b","M","ASY","5x4, 8x6",9.35,"partial",62.3,51.2,2.7,3.9,10.7,7,NA,NA,"blue",11.5,11.1,2,2,2,2,NA,"skull ossified; bill black; feet/legs light brown; no fat; stomach: insect mush","","ON.Thunder","North Central",48.8665693,-86.9761973,NA
"613658","side","o","1",0.0598434608107041,0.0120780247886495,0.0578358822623355,0.0144267504070259,0.0614892066590653,0.012705835429225,0.0692396020570012,0.0113594474002607,0.0655188315052167,0.0101187147255282,0.0598434608107041,0.0120780247886495,9772,7.33495965471946,2933,"Setophaga caerulescens","25-Jun-90",25,"Jun",90,"1mi S Beaverdam Lake","Thunder Bay","ON","GRG","JPD","769-a,b","M","ASY","5x4, 8x6",9.35,"partial",62.3,51.2,2.7,3.9,10.7,7,NA,NA,"blue",11.5,11.1,2,2,2,2,NA,"skull ossified; bill black; feet/legs light brown; no fat; stomach: insect mush","","ON.Thunder","North Central",48.8665693,-86.9761973,NA
"613660","dorsal","m","2",0.0811192913329312,0.0212789941088327,0.0742106726966387,0.0216401457535254,0.0838906867072174,0.0237851342253008,0.0938072009478481,0.0202092557360683,0.113190339617748,0.027859002494552,0.0811192913329312,0.0212789941088327,33306,24.9998123475324,2935,"Setophaga caerulescens","25-Jun-90",25,"Jun",90,"1mi S Beaverdam Lake","Thunder Bay","ON","GRG","JPD","771-a,b","M","SY","5x4, 6x5",9.3,"partial",64.3,50.5,3.1,4.2,11.4,7.8,NA,NA,"green",10.4,11.8,2,2,2,2,NA,"skull ossified; bill black; feet/legs olive brown; no fat; stomach: insect parts","","ON.Thunder","North Central",48.8665693,-86.9761973,18.82
"613660","side","w","1",0.302481202780649,0.071423904168435,0.304205919832197,0.0730720210810672,0.305716851246624,0.0720210968066646,0.275087240299247,0.0624030992545,0.341325061701336,0.0718056259034253,0.302481202780649,0.071423904168435,34090,25.5882904860199,2935,"Setophaga caerulescens","25-Jun-90",25,"Jun",90,"1mi S Beaverdam Lake","Thunder Bay","ON","GRG","JPD","771-a,b","M","SY","5x4, 6x5",9.3,"partial",64.3,50.5,3.1,4.2,11.4,7.8,NA,NA,"green",10.4,11.8,2,2,2,2,NA,"skull ossified; bill black; feet/legs olive brown; no fat; stomach: insect parts","","ON.Thunder","North Central",48.8665693,-86.9761973,18.82
"613660","ventral","t","1",0.0464936651063179,0.00615285230907479,0.0444848418465112,0.0073757831535567,0.0483706226346461,0.00684803858850911,0.0554480506659167,0.00721065214602603,0.0407511195927076,0.00919084540731866,0.0464936651063179,0.00615285230907479,197970,148.598236066804,2935,"Setophaga caerulescens","25-Jun-90",25,"Jun",90,"1mi S Beaverdam Lake","Thunder Bay","ON","GRG","JPD","771-a,b","M","SY","5x4, 6x5",9.3,"partial",64.3,50.5,3.1,4.2,11.4,7.8,NA,NA,"green",10.4,11.8,2,2,2,2,NA,"skull ossified; bill black; feet/legs olive brown; no fat; stomach: insect parts","","ON.Thunder","North Central",48.8665693,-86.9761973,18.82
"613660","dorsal","m","1",0.0790928210702117,0.0234774852673016,0.0728058577852057,0.0231579133301496,0.081731812385206,0.0264042531968655,0.0913024209712129,0.0213797994868049,0.108493590396619,0.0263196385817945,0.0790928210702117,0.0234774852673016,32041,24.0502908613248,2935,"Setophaga caerulescens","25-Jun-90",25,"Jun",90,"1mi S Beaverdam Lake","Thunder Bay","ON","GRG","JPD","771-a,b","M","SY","5x4, 6x5",9.3,"partial",64.3,50.5,3.1,4.2,11.4,7.8,NA,NA,"green",10.4,11.8,2,2,2,2,NA,"skull ossified; bill black; feet/legs olive brown; no fat; stomach: insect parts","","ON.Thunder","North Central",48.8665693,-86.9761973,18.82
"613660","side","o","1",0.0880849681973918,0.0193888010713947,0.0912686795881624,0.023148122206377,0.0902542146396345,0.0201576717734994,0.0861599883232801,0.0142154793954801,0.0977855703585695,0.0145890027467949,0.0880849681973918,0.0193888010713947,15396,11.5563895665228,2935,"Setophaga caerulescens","25-Jun-90",25,"Jun",90,"1mi S Beaverdam Lake","Thunder Bay","ON","GRG","JPD","771-a,b","M","SY","5x4, 6x5",9.3,"partial",64.3,50.5,3.1,4.2,11.4,7.8,NA,NA,"green",10.4,11.8,2,2,2,2,NA,"skull ossified; bill black; feet/legs olive brown; no fat; stomach: insect parts","","ON.Thunder","North Central",48.8665693,-86.9761973,18.82
"613660","dorsal","m","3",0.0812881523000431,0.021826005669892,0.0742516206248414,0.0215738256736555,0.0839080814072397,0.0244768634628522,0.0945812768844226,0.020289723637664,0.111810737929846,0.0248051832377498,0.0812881523000431,0.021826005669892,33672,25.2745355601426,2935,"Setophaga caerulescens","25-Jun-90",25,"Jun",90,"1mi S Beaverdam Lake","Thunder Bay","ON","GRG","JPD","771-a,b","M","SY","5x4, 6x5",9.3,"partial",64.3,50.5,3.1,4.2,11.4,7.8,NA,NA,"green",10.4,11.8,2,2,2,2,NA,"skull ossified; bill black; feet/legs olive brown; no fat; stomach: insect parts","","ON.Thunder","North Central",48.8665693,-86.9761973,18.82
"613660","crown","c","1",0.0640431069358925,0.0260824430524012,0.0530484005778059,0.0253259912083319,0.0688371915110186,0.0269913972616801,0.0765298127365213,0.0299191851144895,0.129244022104296,0.0605993266937658,0.0640431069358925,0.0260824430524012,96628,72.529930568587,2935,"Setophaga caerulescens","25-Jun-90",25,"Jun",90,"1mi S Beaverdam Lake","Thunder Bay","ON","GRG","JPD","771-a,b","M","SY","5x4, 6x5",9.3,"partial",64.3,50.5,3.1,4.2,11.4,7.8,NA,NA,"green",10.4,11.8,2,2,2,2,NA,"skull ossified; bill black; feet/legs olive brown; no fat; stomach: insect parts","","ON.Thunder","North Central",48.8665693,-86.9761973,18.82
"613661","ventral","t","1",0.0403948337339275,0.00596871681601306,0.0374134346349436,0.00704030061398052,0.0422595222555509,0.00681673474153477,0.051141880337567,0.00763482035840994,0.0339100101390835,0.00838848113232488,0.0403948337339275,0.00596871681601306,170722,128.145618314881,2952,"Setophaga caerulescens","26-Jun-90",26,"Jun",90,"3mi N Round Lake","Thunder Bay","ON","GRG","JPD","788-a,b","M","SY","7x5, 6.5x5",9.6,"partial",60.1,51.2,2.9,3.9,10.4,6.9,NA,NA,"green",12.3,9.4,2,2,2,2,NA,"skull ossified; bill black; feet/legs dark olive; trace fat; stomach: caterpillar remains; no molt","","ON.Thunder","North Central",48.8665693,-86.9761973,18.9
"613661","dorsal","m","1",0.0731376707865726,0.0171138291129813,0.0678628780680621,0.018419765445415,0.0756184460597134,0.0190394017105114,0.0847058553804179,0.0162432705719175,0.0965752152601699,0.0246440124752699,0.0731376707865726,0.0171138291129813,32761,24.5907299680991,2952,"Setophaga caerulescens","26-Jun-90",26,"Jun",90,"3mi N Round Lake","Thunder Bay","ON","GRG","JPD","788-a,b","M","SY","7x5, 6.5x5",9.6,"partial",60.1,51.2,2.9,3.9,10.4,6.9,NA,NA,"green",12.3,9.4,2,2,2,2,NA,"skull ossified; bill black; feet/legs dark olive; trace fat; stomach: caterpillar remains; no molt","","ON.Thunder","North Central",48.8665693,-86.9761973,18.9
"613661","side","w","1",0.369109056590205,0.103410791811665,0.375539123303463,0.10941978843327,0.37370370305402,0.1062679545015,0.321434420264551,0.0825599124832518,0.409017874059415,0.0879245733699514,0.369109056590205,0.103410791811665,35087,26.3366485269281,2952,"Setophaga caerulescens","26-Jun-90",26,"Jun",90,"3mi N Round Lake","Thunder Bay","ON","GRG","JPD","788-a,b","M","SY","7x5, 6.5x5",9.6,"partial",60.1,51.2,2.9,3.9,10.4,6.9,NA,NA,"green",12.3,9.4,2,2,2,2,NA,"skull ossified; bill black; feet/legs dark olive; trace fat; stomach: caterpillar remains; no molt","","ON.Thunder","North Central",48.8665693,-86.9761973,18.9
"613661","crown","c","1",0.0705674552279073,0.024019123676587,0.05606080360475,0.0244737861952563,0.075287971913394,0.0252358087083756,0.0883613431748258,0.0274002954489606,0.15981313122606,0.0539248724945254,0.0705674552279073,0.024019123676587,97547,73.2197410395947,2952,"Setophaga caerulescens","26-Jun-90",26,"Jun",90,"3mi N Round Lake","Thunder Bay","ON","GRG","JPD","788-a,b","M","SY","7x5, 6.5x5",9.6,"partial",60.1,51.2,2.9,3.9,10.4,6.9,NA,NA,"green",12.3,9.4,2,2,2,2,NA,"skull ossified; bill black; feet/legs dark olive; trace fat; stomach: caterpillar remains; no molt","","ON.Thunder","North Central",48.8665693,-86.9761973,18.9
"613661","dorsal","m","2",0.0734350305355644,0.0153151893418206,0.0677227113070166,0.0151724764093489,0.0760178662131721,0.0172234802722232,0.0853263124316226,0.0160546373744521,0.101239156142555,0.0248576904203508,0.0734350305355644,0.0153151893418206,33124,24.8632013510978,2952,"Setophaga caerulescens","26-Jun-90",26,"Jun",90,"3mi N Round Lake","Thunder Bay","ON","GRG","JPD","788-a,b","M","SY","7x5, 6.5x5",9.6,"partial",60.1,51.2,2.9,3.9,10.4,6.9,NA,NA,"green",12.3,9.4,2,2,2,2,NA,"skull ossified; bill black; feet/legs dark olive; trace fat; stomach: caterpillar remains; no molt","","ON.Thunder","North Central",48.8665693,-86.9761973,18.9
"613661","dorsal","m","3",0.06930615519793,0.0148812059252157,0.0643661371373581,0.0158078013478082,0.0715834378486985,0.0166479934485415,0.081141389876445,0.015151467571059,0.090033780558582,0.0222043042121838,0.06930615519793,0.0148812059252157,32400,24.3197598048414,2952,"Setophaga caerulescens","26-Jun-90",26,"Jun",90,"3mi N Round Lake","Thunder Bay","ON","GRG","JPD","788-a,b","M","SY","7x5, 6.5x5",9.6,"partial",60.1,51.2,2.9,3.9,10.4,6.9,NA,NA,"green",12.3,9.4,2,2,2,2,NA,"skull ossified; bill black; feet/legs dark olive; trace fat; stomach: caterpillar remains; no molt","","ON.Thunder","North Central",48.8665693,-86.9761973,18.9
"613661","side","o","1",0.0820866118499582,0.0184413777755571,0.0854441837106762,0.022367573459005,0.0842636795319216,0.0195729796361475,0.0801747960435716,0.013837698004091,0.08881806610165,0.014799960644998,0.0820866118499582,0.0184413777755571,10998,8.25520735597673,2952,"Setophaga caerulescens","26-Jun-90",26,"Jun",90,"3mi N Round Lake","Thunder Bay","ON","GRG","JPD","788-a,b","M","SY","7x5, 6.5x5",9.6,"partial",60.1,51.2,2.9,3.9,10.4,6.9,NA,NA,"green",12.3,9.4,2,2,2,2,NA,"skull ossified; bill black; feet/legs dark olive; trace fat; stomach: caterpillar remains; no molt","","ON.Thunder","North Central",48.8665693,-86.9761973,18.9
"613662","dorsal","m","2",0.0804778741633091,0.00868437473124919,0.0708140845629193,0.00792966852806649,0.0828906305313513,0.0102865258358869,0.0985581168064498,0.0157753965958197,0.118241207630821,0.0124477626444266,0.0804778741633091,0.00868437473124919,33856,25.4126477763183,2982,"Setophaga caerulescens","26-Jun-90",26,"Jun",90,"1mi S Beaverdam Lake","Thunder Bay","ON","GRG","JPD","818-a,b","M","?SY","8x5x 6x4",9.1,"partial",59.1,53.7,3.1,4.3,11,7.3,NA,NA,NA,9.7,12.8,2,2,2,2,NA,"skull ossified; bill black; feet/legs dark olive brown; trace fat; stomach: caterpillar remains; no molt; no alula - age based primarily on tail and body measurements","","ON.Thunder","North Central",48.8665693,-86.9761973,18.46
"613662","ventral","t","1",0.0417724609295328,0.00614307891197944,0.0388782273303635,0.00760447721440869,0.0441015730670256,0.00668430631377168,0.0506335400841267,0.00655299234108733,0.0341630134122133,0.00737145715699749,0.0417724609295328,0.00614307891197944,78389,58.8395571401764,2982,"Setophaga caerulescens","26-Jun-90",26,"Jun",90,"1mi S Beaverdam Lake","Thunder Bay","ON","GRG","JPD","818-a,b","M","?SY","8x5x 6x4",9.1,"partial",59.1,53.7,3.1,4.3,11,7.3,NA,NA,NA,9.7,12.8,2,2,2,2,NA,"skull ossified; bill black; feet/legs dark olive brown; trace fat; stomach: caterpillar remains; no molt; no alula - age based primarily on tail and body measurements","","ON.Thunder","North Central",48.8665693,-86.9761973,18.46
"613662","dorsal","m","3",0.0756531164185603,0.00966554536695935,0.0668830183340327,0.00845627775962392,0.0782858582085135,0.0111234848576957,0.091973462630423,0.0165369964814467,0.105051234657309,0.0113462191721602,0.0756531164185603,0.00966554536695935,33489,25.1371739538375,2982,"Setophaga caerulescens","26-Jun-90",26,"Jun",90,"1mi S Beaverdam Lake","Thunder Bay","ON","GRG","JPD","818-a,b","M","?SY","8x5x 6x4",9.1,"partial",59.1,53.7,3.1,4.3,11,7.3,NA,NA,NA,9.7,12.8,2,2,2,2,NA,"skull ossified; bill black; feet/legs dark olive brown; trace fat; stomach: caterpillar remains; no molt; no alula - age based primarily on tail and body measurements","","ON.Thunder","North Central",48.8665693,-86.9761973,18.46
"613662","crown","c","1",0.0591424219250175,0.0207062636235958,0.0472547900090734,0.0206320840053091,0.0638321005969364,0.02192461375475,0.0732671263852223,0.0246477055645878,0.117653991964161,0.0471462597417785,0.0591424219250175,0.0207062636235958,120527,90.4687558641396,2982,"Setophaga caerulescens","26-Jun-90",26,"Jun",90,"1mi S Beaverdam Lake","Thunder Bay","ON","GRG","JPD","818-a,b","M","?SY","8x5x 6x4",9.1,"partial",59.1,53.7,3.1,4.3,11,7.3,NA,NA,NA,9.7,12.8,2,2,2,2,NA,"skull ossified; bill black; feet/legs dark olive brown; trace fat; stomach: caterpillar remains; no molt; no alula - age based primarily on tail and body measurements","","ON.Thunder","North Central",48.8665693,-86.9761973,18.46
"613662","side","o","1",0.0770855956545824,0.0399652268490579,0.0760100994448462,0.0437317875036086,0.0795243432485312,0.0405354600498037,0.0811625895271977,0.0294237716373878,0.0853976273294789,0.0248745604029497,0.0770855956545824,0.0399652268490579,5259,3.94745730906361,2982,"Setophaga caerulescens","26-Jun-90",26,"Jun",90,"1mi S Beaverdam Lake","Thunder Bay","ON","GRG","JPD","818-a,b","M","?SY","8x5x 6x4",9.1,"partial",59.1,53.7,3.1,4.3,11,7.3,NA,NA,NA,9.7,12.8,2,2,2,2,NA,"skull ossified; bill black; feet/legs dark olive brown; trace fat; stomach: caterpillar remains; no molt; no alula - age based primarily on tail and body measurements","","ON.Thunder","North Central",48.8665693,-86.9761973,18.46
"613662","dorsal","m","1",0.0751756019600379,0.00840694043921793,0.0661159682748445,0.0075951145658844,0.0775219460950533,0.0100163161537027,0.0929087285882205,0.0148735844152651,0.105512774690368,0.0110112965099828,0.0751756019600379,0.00840694043921793,33489,25.1371739538375,2982,"Setophaga caerulescens","26-Jun-90",26,"Jun",90,"1mi S Beaverdam Lake","Thunder Bay","ON","GRG","JPD","818-a,b","M","?SY","8x5x 6x4",9.1,"partial",59.1,53.7,3.1,4.3,11,7.3,NA,NA,NA,9.7,12.8,2,2,2,2,NA,"skull ossified; bill black; feet/legs dark olive brown; trace fat; stomach: caterpillar remains; no molt; no alula - age based primarily on tail and body measurements","","ON.Thunder","North Central",48.8665693,-86.9761973,18.46
"613662","side","w","1",0.461701715824213,0.114286756138984,0.466968293261515,0.119564706929768,0.463063977079922,0.115357081781078,0.402360799795503,0.0874475133687602,0.54601303852296,0.112046322197079,0.461701715824213,0.114286756138984,43757,32.8444361043348,2982,"Setophaga caerulescens","26-Jun-90",26,"Jun",90,"1mi S Beaverdam Lake","Thunder Bay","ON","GRG","JPD","818-a,b","M","?SY","8x5x 6x4",9.1,"partial",59.1,53.7,3.1,4.3,11,7.3,NA,NA,NA,9.7,12.8,2,2,2,2,NA,"skull ossified; bill black; feet/legs dark olive brown; trace fat; stomach: caterpillar remains; no molt; no alula - age based primarily on tail and body measurements","","ON.Thunder","North Central",48.8665693,-86.9761973,18.46
"613663","side","w","1",0.432095575378916,0.110196827340222,0.437802755400712,0.116569121976472,0.435255607845378,0.111581029964087,0.37640005511556,0.0849574475418893,0.463320842249596,0.0883525328349442,0.432095575378916,0.110196827340222,49455,37.1214111465566,2983,"Setophaga caerulescens","26-Jun-90",26,"Jun",90,"1mi S Beaverdam Lake","Thunder Bay","ON","GRG","JPD","819-a,b","M","ASY","6x5, NA",9.5,"partial",60.8,52.6,3.1,4.2,11.6,7.7,NA,NA,"blue",12.1,14.3,2,2,2,2,NA,"skull ossified; bill black; feet/legs dark brown; trace fat; stomach: insect parts; no molt; R testis missing","","ON.Thunder","North Central",48.8665693,-86.9761973,NA
"613663","dorsal","m","1",0.0751319128150567,0.0102233544301391,0.0665212179422002,0.00802162533208166,0.0777464387649027,0.0114333036760716,0.0914583889648218,0.0164338644044903,0.102992229570466,0.0110104946850338,0.0751319128150567,0.0102233544301391,33488,25.136423343967,2983,"Setophaga caerulescens","26-Jun-90",26,"Jun",90,"1mi S Beaverdam Lake","Thunder Bay","ON","GRG","JPD","819-a,b","M","ASY","6x5, NA",9.5,"partial",60.8,52.6,3.1,4.2,11.6,7.7,NA,NA,"blue",12.1,14.3,2,2,2,2,NA,"skull ossified; bill black; feet/legs dark brown; trace fat; stomach: insect parts; no molt; R testis missing","","ON.Thunder","North Central",48.8665693,-86.9761973,NA
"613663","crown","c","1",0.0707454770172587,0.0302817479348174,0.0565484694603759,0.0235330501217312,0.07521516370159,0.0331073385350739,0.0885901403296972,0.0396194116101211,0.149859869638891,0.0458315683533584,0.0707454770172587,0.0302817479348174,115942,87.0272096078063,2983,"Setophaga caerulescens","26-Jun-90",26,"Jun",90,"1mi S Beaverdam Lake","Thunder Bay","ON","GRG","JPD","819-a,b","M","ASY","6x5, NA",9.5,"partial",60.8,52.6,3.1,4.2,11.6,7.7,NA,NA,"blue",12.1,14.3,2,2,2,2,NA,"skull ossified; bill black; feet/legs dark brown; trace fat; stomach: insect parts; no molt; R testis missing","","ON.Thunder","North Central",48.8665693,-86.9761973,NA
"613663","ventral","t","1",0.042237608355297,0.00838467409181801,0.0394456955814307,0.00946236559910941,0.0440833354032973,0.00911251059777632,0.0526091861701733,0.00858734148512272,0.0350701724801953,0.00838734064334368,0.042237608355297,0.00838467409181801,185206,139.01745167949,2983,"Setophaga caerulescens","26-Jun-90",26,"Jun",90,"1mi S Beaverdam Lake","Thunder Bay","ON","GRG","JPD","819-a,b","M","ASY","6x5, NA",9.5,"partial",60.8,52.6,3.1,4.2,11.6,7.7,NA,NA,"blue",12.1,14.3,2,2,2,2,NA,"skull ossified; bill black; feet/legs dark brown; trace fat; stomach: insect parts; no molt; R testis missing","","ON.Thunder","North Central",48.8665693,-86.9761973,NA
"613663","dorsal","m","2",0.0801289087448906,0.0116704393903659,0.0699499767970148,0.00878622611183212,0.0829840683772907,0.0129854422969943,0.0977653165468493,0.0179610251054233,0.116814526047401,0.017812425619489,0.0801289087448906,0.0116704393903659,33487,25.1356727340965,2983,"Setophaga caerulescens","26-Jun-90",26,"Jun",90,"1mi S Beaverdam Lake","Thunder Bay","ON","GRG","JPD","819-a,b","M","ASY","6x5, NA",9.5,"partial",60.8,52.6,3.1,4.2,11.6,7.7,NA,NA,"blue",12.1,14.3,2,2,2,2,NA,"skull ossified; bill black; feet/legs dark brown; trace fat; stomach: insect parts; no molt; R testis missing","","ON.Thunder","North Central",48.8665693,-86.9761973,NA
"613663","side","o","1",0.0579290735908904,0.00818573175832903,0.0554567294902798,0.00937970312432461,0.0600778896762515,0.00864086909179788,0.0665659591790515,0.00754072229597679,0.0634384823391678,0.0101479424663089,0.0579290735908904,0.00818573175832903,13257,9.95083505348095,2983,"Setophaga caerulescens","26-Jun-90",26,"Jun",90,"1mi S Beaverdam Lake","Thunder Bay","ON","GRG","JPD","819-a,b","M","ASY","6x5, NA",9.5,"partial",60.8,52.6,3.1,4.2,11.6,7.7,NA,NA,"blue",12.1,14.3,2,2,2,2,NA,"skull ossified; bill black; feet/legs dark brown; trace fat; stomach: insect parts; no molt; R testis missing","","ON.Thunder","North Central",48.8665693,-86.9761973,NA
"613663","dorsal","m","3",0.0790565074582159,0.011114231663959,0.0695894391055181,0.0080823580862208,0.0818642546296946,0.0124823926240285,0.095904877176246,0.0177785624118981,0.111389781264426,0.0130691609793238,0.0790565074582159,0.011114231663959,33124,24.8632013510978,2983,"Setophaga caerulescens","26-Jun-90",26,"Jun",90,"1mi S Beaverdam Lake","Thunder Bay","ON","GRG","JPD","819-a,b","M","ASY","6x5, NA",9.5,"partial",60.8,52.6,3.1,4.2,11.6,7.7,NA,NA,"blue",12.1,14.3,2,2,2,2,NA,"skull ossified; bill black; feet/legs dark brown; trace fat; stomach: insect parts; no molt; R testis missing","","ON.Thunder","North Central",48.8665693,-86.9761973,NA
"613669","crown","c","1",0.0694338301966312,0.0264364373887153,0.0557523533714445,0.0251339977797474,0.0740156418533537,0.0283828111906971,0.0860855234591872,0.0299585312887912,0.15019479936376,0.0475675554026593,0.0694338301966312,0.0264364373887153,105012,78.823043723025,2973,"Setophaga caerulescens","27-Jun-90",27,"Jun",90,"White Mountain Bay","Renfrew","ON","GRG","JPD","809-a,b","M","SY","6x5, 4x5",9.9,"partial",63,56.2,2.9,4.4,10.4,7.3,NA,NA,"green",8.7,9.6,2,2,2,2,NA,"skull ossified; bill black; feet/legs olive brown; no fat; stomach: insect parts; no molt","","ON.Renfrew","North Central",45.6677817,-77.6868559,18.09
"613669","side","w","1",0.404543524419752,0.103081463517202,0.412632785168768,0.109675846880444,0.403933415895336,0.103103220819066,0.355573155143536,0.0820307135886461,0.46714003618137,0.107326589735962,0.404543524419752,0.103081463517202,37006,27.7770688684556,2973,"Setophaga caerulescens","27-Jun-90",27,"Jun",90,"White Mountain Bay","Renfrew","ON","GRG","JPD","809-a,b","M","SY","6x5, 4x5",9.9,"partial",63,56.2,2.9,4.4,10.4,7.3,NA,NA,"green",8.7,9.6,2,2,2,2,NA,"skull ossified; bill black; feet/legs olive brown; no fat; stomach: insect parts; no molt","","ON.Renfrew","North Central",45.6677817,-77.6868559,18.09
"613669","dorsal","m","3",0.0788485801899296,0.0152115129886244,0.0707282889588396,0.0107764150318905,0.0823370697607672,0.0166321465609374,0.0913351280057998,0.0214204418905286,0.103440782646226,0.014188950291191,0.0788485801899296,0.0152115129886244,32761,24.5907299680991,2973,"Setophaga caerulescens","27-Jun-90",27,"Jun",90,"White Mountain Bay","Renfrew","ON","GRG","JPD","809-a,b","M","SY","6x5, 4x5",9.9,"partial",63,56.2,2.9,4.4,10.4,7.3,NA,NA,"green",8.7,9.6,2,2,2,2,NA,"skull ossified; bill black; feet/legs olive brown; no fat; stomach: insect parts; no molt","","ON.Renfrew","North Central",45.6677817,-77.6868559,18.09
"613669","dorsal","m","2",0.0809535701740135,0.0134985271798927,0.0710052780128197,0.00926376926180465,0.0846331288768049,0.0149881504155973,0.0954001613525164,0.0202345023691278,0.110109420735112,0.013287867670666,0.0809535701740135,0.0134985271798927,33488,25.136423343967,2973,"Setophaga caerulescens","27-Jun-90",27,"Jun",90,"White Mountain Bay","Renfrew","ON","GRG","JPD","809-a,b","M","SY","6x5, 4x5",9.9,"partial",63,56.2,2.9,4.4,10.4,7.3,NA,NA,"green",8.7,9.6,2,2,2,2,NA,"skull ossified; bill black; feet/legs olive brown; no fat; stomach: insect parts; no molt","","ON.Renfrew","North Central",45.6677817,-77.6868559,18.09
"613669","ventral","t","1",0.0480546363194694,0.00953089714939902,0.0450259523944164,0.00991623252019757,0.049917251388741,0.0101771612339936,0.0588888511045245,0.0101415071229508,0.0407629995417979,0.0123914783205468,0.0480546363194694,0.00953089714939902,141896,106.508538187277,2973,"Setophaga caerulescens","27-Jun-90",27,"Jun",90,"White Mountain Bay","Renfrew","ON","GRG","JPD","809-a,b","M","SY","6x5, 4x5",9.9,"partial",63,56.2,2.9,4.4,10.4,7.3,NA,NA,"green",8.7,9.6,2,2,2,2,NA,"skull ossified; bill black; feet/legs olive brown; no fat; stomach: insect parts; no molt","","ON.Renfrew","North Central",45.6677817,-77.6868559,18.09
"613669","side","o","1",0.10347556597813,0.0262404292980227,0.110186804698101,0.0315024261551852,0.105735571866821,0.0270130916574371,0.094635026974232,0.0169822687982726,0.102608511060635,0.0169854616797045,0.10347556597813,0.0262404292980227,6812,5.11315443798086,2973,"Setophaga caerulescens","27-Jun-90",27,"Jun",90,"White Mountain Bay","Renfrew","ON","GRG","JPD","809-a,b","M","SY","6x5, 4x5",9.9,"partial",63,56.2,2.9,4.4,10.4,7.3,NA,NA,"green",8.7,9.6,2,2,2,2,NA,"skull ossified; bill black; feet/legs olive brown; no fat; stomach: insect parts; no molt","","ON.Renfrew","North Central",45.6677817,-77.6868559,18.09
"613669","dorsal","m","1",0.0888323627861589,0.0163568814528606,0.0787495655827228,0.0121030359260488,0.092775444489743,0.0181850189857861,0.102232784423945,0.0225352974708998,0.122841541225338,0.0180339771129342,0.0888323627861589,0.0163568814528606,33124,24.8632013510978,2973,"Setophaga caerulescens","27-Jun-90",27,"Jun",90,"White Mountain Bay","Renfrew","ON","GRG","JPD","809-a,b","M","SY","6x5, 4x5",9.9,"partial",63,56.2,2.9,4.4,10.4,7.3,NA,NA,"green",8.7,9.6,2,2,2,2,NA,"skull ossified; bill black; feet/legs olive brown; no fat; stomach: insect parts; no molt","","ON.Renfrew","North Central",45.6677817,-77.6868559,18.09
"613671","dorsal","m","3",0.0863079905145976,0.0234181747851452,0.0810543659008658,0.0206348350063214,0.088841602132158,0.0257180582546911,0.0966832301274708,0.0240688133999669,0.11030115151179,0.0185546571751861,0.0863079905145976,0.0234181747851452,33306,24.9998123475324,2975,"Setophaga caerulescens","27-Jun-90",27,"Jun",90,"White Mountain Bay","Renfrew","ON","GRG","JPD","811-a,b","M","SY","7x5.5, NA",10,"partial",61.5,52.4,3.4,3.9,10.6,7.3,NA,NA,"green",9.3,10.7,2,2,2,2,NA,"skull ossified; bill black; feet/legs olive brown; light fat; stomach: caterpillar, other insect parts; no molt; R testis ruptured","","ON.Renfrew","North Central",45.6677817,-77.6868559,NA
"613671","dorsal","m","2",0.0819817862955721,0.0195277117795358,0.0769385345266187,0.017245934255257,0.0845012521357003,0.0216350375060245,0.0923475982568168,0.0206718153732185,0.0983381755235496,0.0180563922625703,0.0819817862955721,0.0195277117795358,32580,24.454869581535,2975,"Setophaga caerulescens","27-Jun-90",27,"Jun",90,"White Mountain Bay","Renfrew","ON","GRG","JPD","811-a,b","M","SY","7x5.5, NA",10,"partial",61.5,52.4,3.4,3.9,10.6,7.3,NA,NA,"green",9.3,10.7,2,2,2,2,NA,"skull ossified; bill black; feet/legs olive brown; light fat; stomach: caterpillar, other insect parts; no molt; R testis ruptured","","ON.Renfrew","North Central",45.6677817,-77.6868559,NA
"613671","dorsal","m","1",0.0832780861743378,0.02197097417519,0.0779382612582623,0.0196365615153167,0.0856768849769293,0.0240204970091526,0.0943305267484985,0.0230944922575108,0.105910747430171,0.0162489320118067,0.0832780861743378,0.02197097417519,33306,24.9998123475324,2975,"Setophaga caerulescens","27-Jun-90",27,"Jun",90,"White Mountain Bay","Renfrew","ON","GRG","JPD","811-a,b","M","SY","7x5.5, NA",10,"partial",61.5,52.4,3.4,3.9,10.6,7.3,NA,NA,"green",9.3,10.7,2,2,2,2,NA,"skull ossified; bill black; feet/legs olive brown; light fat; stomach: caterpillar, other insect parts; no molt; R testis ruptured","","ON.Renfrew","North Central",45.6677817,-77.6868559,NA
"613671","ventral","t","1",0.0476528094758843,0.00829649793250553,0.0456370075914734,0.00898842029837888,0.0499241677921875,0.00902386438011579,0.0553812412623567,0.00876957161810008,0.0402007165168409,0.00900677305931318,0.0476528094758843,0.00829649793250553,172695,129.626571589416,2975,"Setophaga caerulescens","27-Jun-90",27,"Jun",90,"White Mountain Bay","Renfrew","ON","GRG","JPD","811-a,b","M","SY","7x5.5, NA",10,"partial",61.5,52.4,3.4,3.9,10.6,7.3,NA,NA,"green",9.3,10.7,2,2,2,2,NA,"skull ossified; bill black; feet/legs olive brown; light fat; stomach: caterpillar, other insect parts; no molt; R testis ruptured","","ON.Renfrew","North Central",45.6677817,-77.6868559,NA
"613671","side","o","1",0.0882616283970193,0.0273216050737269,0.0942307362525126,0.0331087649721194,0.0901540326987047,0.0282177145265112,0.0829534362948762,0.0186100801085921,0.0837411856686488,0.0172830306352134,0.0882616283970193,0.0273216050737269,12059,9.05160442859824,2975,"Setophaga caerulescens","27-Jun-90",27,"Jun",90,"White Mountain Bay","Renfrew","ON","GRG","JPD","811-a,b","M","SY","7x5.5, NA",10,"partial",61.5,52.4,3.4,3.9,10.6,7.3,NA,NA,"green",9.3,10.7,2,2,2,2,NA,"skull ossified; bill black; feet/legs olive brown; light fat; stomach: caterpillar, other insect parts; no molt; R testis ruptured","","ON.Renfrew","North Central",45.6677817,-77.6868559,NA
"613671","side","w","1",0.403414530000185,0.115513019147405,0.412263308252398,0.123203677695843,0.407705019139139,0.117872856925952,0.346491175395261,0.0881875305800133,0.415827273876764,0.0945691105991852,0.403414530000185,0.115513019147405,27510,20.6492775379996,2975,"Setophaga caerulescens","27-Jun-90",27,"Jun",90,"White Mountain Bay","Renfrew","ON","GRG","JPD","811-a,b","M","SY","7x5.5, NA",10,"partial",61.5,52.4,3.4,3.9,10.6,7.3,NA,NA,"green",9.3,10.7,2,2,2,2,NA,"skull ossified; bill black; feet/legs olive brown; light fat; stomach: caterpillar, other insect parts; no molt; R testis ruptured","","ON.Renfrew","North Central",45.6677817,-77.6868559,NA
"613671","crown","c","1",0.0639560314705309,0.0287887373056226,0.0524168811706102,0.0265628886498553,0.0689805218171792,0.0315999262103114,0.0762326298638279,0.0298940186502,0.131678276559504,0.0397832671188799,0.0639560314705309,0.0287887373056226,86611,65.0110714955902,2975,"Setophaga caerulescens","27-Jun-90",27,"Jun",90,"White Mountain Bay","Renfrew","ON","GRG","JPD","811-a,b","M","SY","7x5.5, NA",10,"partial",61.5,52.4,3.4,3.9,10.6,7.3,NA,NA,"green",9.3,10.7,2,2,2,2,NA,"skull ossified; bill black; feet/legs olive brown; light fat; stomach: caterpillar, other insect parts; no molt; R testis ruptured","","ON.Renfrew","North Central",45.6677817,-77.6868559,NA
"613673","dorsal","m","1",0.0801945316219684,0.020800476234927,0.0720749361837361,0.021315665963955,0.0826768358397016,0.0223360174558588,0.0958496498213383,0.018877821570979,0.114476262750083,0.0320165389520137,0.0801945316219684,0.020800476234927,33856,25.4126477763183,2971,"Setophaga caerulescens","27-Jun-90",27,"Jun",90,"White Mountain Bay","Renfrew","ON","GRG","JPD","807-a,b","M","ASY","7x6, 6x5",9.6,"partial",65.9,52.1,3.3,4,11.1,7,NA,NA,"blue",11.5,13.7,2,2,2,2,NA,"skull ossified; bill black; feet/legs olive brown; no fat; stomach: caterpillar remains; no molt","","ON.Renfrew","North Central",45.6677817,-77.6868559,18.77
"613673","side","o","1",0.0613480694506606,0.0104338194529891,0.0602775728403186,0.0121340342625791,0.0633514028543007,0.0108594224422277,0.0682091739318742,0.00885870298172358,0.0680522053468468,0.0125870045647617,0.0613480694506606,0.0104338194529891,8235,6.18127228373053,2971,"Setophaga caerulescens","27-Jun-90",27,"Jun",90,"White Mountain Bay","Renfrew","ON","GRG","JPD","807-a,b","M","ASY","7x6, 6x5",9.6,"partial",65.9,52.1,3.3,4,11.1,7,NA,NA,"blue",11.5,13.7,2,2,2,2,NA,"skull ossified; bill black; feet/legs olive brown; no fat; stomach: caterpillar remains; no molt","","ON.Renfrew","North Central",45.6677817,-77.6868559,18.77
"613673","side","w","1",0.419510662641824,0.108110219541537,0.419933381414545,0.11039336167345,0.421761280136281,0.10859018510535,0.372493518156281,0.0905927990762485,0.488911773173534,0.116963234825261,0.419510662641824,0.108110219541537,44882,33.6888722086695,2971,"Setophaga caerulescens","27-Jun-90",27,"Jun",90,"White Mountain Bay","Renfrew","ON","GRG","JPD","807-a,b","M","ASY","7x6, 6x5",9.6,"partial",65.9,52.1,3.3,4,11.1,7,NA,NA,"blue",11.5,13.7,2,2,2,2,NA,"skull ossified; bill black; feet/legs olive brown; no fat; stomach: caterpillar remains; no molt","","ON.Renfrew","North Central",45.6677817,-77.6868559,18.77
"613673","crown","c","1",0.0572857667475583,0.015233267193002,0.0475306977778588,0.014649715339822,0.0613530536396945,0.0158364308606973,0.0705757755253819,0.0198851095071902,0.105867879758937,0.0391696788249431,0.0572857667475583,0.015233267193002,131935,99.0317132670295,2971,"Setophaga caerulescens","27-Jun-90",27,"Jun",90,"White Mountain Bay","Renfrew","ON","GRG","JPD","807-a,b","M","ASY","7x6, 6x5",9.6,"partial",65.9,52.1,3.3,4,11.1,7,NA,NA,"blue",11.5,13.7,2,2,2,2,NA,"skull ossified; bill black; feet/legs olive brown; no fat; stomach: caterpillar remains; no molt","","ON.Renfrew","North Central",45.6677817,-77.6868559,18.77
"613673","dorsal","m","2",0.0865546564538368,0.0172837944605796,0.0768061262807174,0.0188314437188951,0.0891764407284766,0.0187689655030466,0.103821621470326,0.0157956979635145,0.129593724135859,0.0320804472160927,0.0865546564538368,0.0172837944605796,33672,25.2745355601426,2971,"Setophaga caerulescens","27-Jun-90",27,"Jun",90,"White Mountain Bay","Renfrew","ON","GRG","JPD","807-a,b","M","ASY","7x6, 6x5",9.6,"partial",65.9,52.1,3.3,4,11.1,7,NA,NA,"blue",11.5,13.7,2,2,2,2,NA,"skull ossified; bill black; feet/legs olive brown; no fat; stomach: caterpillar remains; no molt","","ON.Renfrew","North Central",45.6677817,-77.6868559,18.77
"613673","dorsal","m","3",0.0806900445563488,0.0166730834930908,0.0727161982758021,0.0176382522438801,0.0832952316168264,0.0178861828903867,0.0957762410446317,0.0159366498972796,0.107899066104364,0.0289906616820509,0.0806900445563488,0.0166730834930908,32041,24.0502908613248,2971,"Setophaga caerulescens","27-Jun-90",27,"Jun",90,"White Mountain Bay","Renfrew","ON","GRG","JPD","807-a,b","M","ASY","7x6, 6x5",9.6,"partial",65.9,52.1,3.3,4,11.1,7,NA,NA,"blue",11.5,13.7,2,2,2,2,NA,"skull ossified; bill black; feet/legs olive brown; no fat; stomach: caterpillar remains; no molt","","ON.Renfrew","North Central",45.6677817,-77.6868559,18.77
"613673","ventral","t","1",0.043394747152198,0.00583451741632067,0.0408848914259834,0.00694931069478391,0.0453999804266742,0.00659179935228961,0.052962092528879,0.00696228832120467,0.034764001823101,0.00841470162437236,0.043394747152198,0.00583451741632067,169871,127.506849315068,2971,"Setophaga caerulescens","27-Jun-90",27,"Jun",90,"White Mountain Bay","Renfrew","ON","GRG","JPD","807-a,b","M","ASY","7x6, 6x5",9.6,"partial",65.9,52.1,3.3,4,11.1,7,NA,NA,"blue",11.5,13.7,2,2,2,2,NA,"skull ossified; bill black; feet/legs olive brown; no fat; stomach: caterpillar remains; no molt","","ON.Renfrew","North Central",45.6677817,-77.6868559,18.77
"613676","side","w","1",0.402719071690446,0.11800412334789,0.409220505488516,0.121970162978243,0.408200719840856,0.119918744817684,0.344958634106564,0.0957906202490767,0.434223428922635,0.0978595232137345,0.402719071690446,0.11800412334789,33097,24.8429348845937,2991,"Setophaga caerulescens","27-Jun-90",27,"Jun",90,"3mi N. Round Lake","Renfrew","ON","GRG","JPD","827-a,b","M","SY","6x4.5, 6x6",9.7,"partial",58.7,51.4,3,4,11,7.3,NA,NA,"green",9.5,8.7,2,2,2,2,NA,"skull ossified; bill black; feet/legs olive brown; trace fat; stomach: caterpillar remains","","ON.Renfrew","North Central",45.68915,-77.53545,19.09
"613676","dorsal","m","1",0.0801572869915799,0.0209779067210211,0.0729523500430074,0.018495591515652,0.0831857909196498,0.0237366437720025,0.0924813171572897,0.020806241517637,0.110742585883005,0.0190679701444185,0.0801572869915799,0.0209779067210211,33855,25.4118971664477,2991,"Setophaga caerulescens","27-Jun-90",27,"Jun",90,"3mi N. Round Lake","Renfrew","ON","GRG","JPD","827-a,b","M","SY","6x4.5, 6x6",9.7,"partial",58.7,51.4,3,4,11,7.3,NA,NA,"green",9.5,8.7,2,2,2,2,NA,"skull ossified; bill black; feet/legs olive brown; trace fat; stomach: caterpillar remains","","ON.Renfrew","North Central",45.68915,-77.53545,19.09
"613676","dorsal","m","2",0.083661710005484,0.0239971259309814,0.0765460129362445,0.0204711933426121,0.0867061816694412,0.0269060155605992,0.0957295437081897,0.0242548894504617,0.115652826694926,0.0211608273410704,0.083661710005484,0.0239971259309814,33124,24.8632013510978,2991,"Setophaga caerulescens","27-Jun-90",27,"Jun",90,"3mi N. Round Lake","Renfrew","ON","GRG","JPD","827-a,b","M","SY","6x4.5, 6x6",9.7,"partial",58.7,51.4,3,4,11,7.3,NA,NA,"green",9.5,8.7,2,2,2,2,NA,"skull ossified; bill black; feet/legs olive brown; trace fat; stomach: caterpillar remains","","ON.Renfrew","North Central",45.68915,-77.53545,19.09
"613676","crown","c","1",0.0718834516271747,0.0248509176912726,0.0627191224432504,0.0208306475180827,0.0764191595694885,0.0259144004632663,0.0815054663578743,0.034117597150174,0.132658330154179,0.040638207384161,0.0718834516271747,0.0248509176912726,70955,53.2595233627322,2991,"Setophaga caerulescens","27-Jun-90",27,"Jun",90,"3mi N. Round Lake","Renfrew","ON","GRG","JPD","827-a,b","M","SY","6x4.5, 6x6",9.7,"partial",58.7,51.4,3,4,11,7.3,NA,NA,"green",9.5,8.7,2,2,2,2,NA,"skull ossified; bill black; feet/legs olive brown; trace fat; stomach: caterpillar remains","","ON.Renfrew","North Central",45.68915,-77.53545,19.09
"613676","side","o","1",0.0851610613322941,0.0177295321549441,0.0881703890306924,0.0203389707559461,0.0884328426511598,0.0189057468209269,0.0803007532298145,0.0136573823829854,0.0896968128136587,0.0159141166907976,0.0851610613322941,0.0177295321549441,11232,8.43085006567836,2991,"Setophaga caerulescens","27-Jun-90",27,"Jun",90,"3mi N. Round Lake","Renfrew","ON","GRG","JPD","827-a,b","M","SY","6x4.5, 6x6",9.7,"partial",58.7,51.4,3,4,11,7.3,NA,NA,"green",9.5,8.7,2,2,2,2,NA,"skull ossified; bill black; feet/legs olive brown; trace fat; stomach: caterpillar remains","","ON.Renfrew","North Central",45.68915,-77.53545,19.09
"613676","dorsal","m","3",0.0819444231777343,0.0231630389743629,0.0747164851899253,0.0208645916311334,0.085126551506885,0.0263232517839307,0.0937581377825832,0.0233185836540923,0.11008176889928,0.0187981602104451,0.0819444231777343,0.0231630389743629,33488,25.136423343967,2991,"Setophaga caerulescens","27-Jun-90",27,"Jun",90,"3mi N. Round Lake","Renfrew","ON","GRG","JPD","827-a,b","M","SY","6x4.5, 6x6",9.7,"partial",58.7,51.4,3,4,11,7.3,NA,NA,"green",9.5,8.7,2,2,2,2,NA,"skull ossified; bill black; feet/legs olive brown; trace fat; stomach: caterpillar remains","","ON.Renfrew","North Central",45.68915,-77.53545,19.09
"613676","ventral","t","1",0.0518986709764286,0.0160616954812257,0.0498485394401585,0.0170527334431466,0.0540932472552428,0.0166093769837583,0.0597661292054355,0.0146412258030576,0.0472071673473677,0.0235812352959263,0.0518986709764286,0.0160616954812257,136822,102.69994370426,2991,"Setophaga caerulescens","27-Jun-90",27,"Jun",90,"3mi N. Round Lake","Renfrew","ON","GRG","JPD","827-a,b","M","SY","6x4.5, 6x6",9.7,"partial",58.7,51.4,3,4,11,7.3,NA,NA,"green",9.5,8.7,2,2,2,2,NA,"skull ossified; bill black; feet/legs olive brown; trace fat; stomach: caterpillar remains","","ON.Renfrew","North Central",45.68915,-77.53545,19.09
"613677","dorsal","m","1",0.0693311618623483,0.00684456290131637,0.0639740151006593,0.0061322288484755,0.0716594641815783,0.00762272448027872,0.081650824034901,0.0107084469800039,0.0896937215304017,0.0122799535209538,0.0693311618623483,0.00684456290131637,33672,25.2745355601426,2992,"Setophaga caerulescens","27-Jun-90",27,"Jun",90,"3mi N. Round Lake","Renfrew","ON","GRG","?","828-a,b","M","ASY","6x5, 7x5",8.5,"partial",61,54.4,NA,NA,NA,NA,NA,NA,"blue",15.2,12.5,2,2,2,2,NA,"skull ossified; bill black; feet/legs dark brown; no fat; stomach: insect mush; no molt; upper bill broken","","ON.Renfrew","North Central",45.68915,-77.53545,18.93
"613677","side","w","1",0.458388558298127,0.12081464198501,0.470740552841047,0.127862734263477,0.461763032905308,0.121704403658383,0.386182992746167,0.0921201208704826,0.49332178479801,0.118325714675164,0.458388558298127,0.12081464198501,65467,49.1401763933196,2992,"Setophaga caerulescens","27-Jun-90",27,"Jun",90,"3mi N. Round Lake","Renfrew","ON","GRG","?","828-a,b","M","ASY","6x5, 7x5",8.5,"partial",61,54.4,NA,NA,NA,NA,NA,NA,"blue",15.2,12.5,2,2,2,2,NA,"skull ossified; bill black; feet/legs dark brown; no fat; stomach: insect mush; no molt; upper bill broken","","ON.Renfrew","North Central",45.68915,-77.53545,18.93
"613677","dorsal","m","2",0.0750275160894638,0.00711787041955033,0.0661705137826271,0.00618143623492418,0.0775297607795284,0.00794395513802953,0.0921479192045064,0.0110070196491013,0.108208122675668,0.0115120591179384,0.0750275160894638,0.00711787041955033,34040,25.5507599924939,2992,"Setophaga caerulescens","27-Jun-90",27,"Jun",90,"3mi N. Round Lake","Renfrew","ON","GRG","?","828-a,b","M","ASY","6x5, 7x5",8.5,"partial",61,54.4,NA,NA,NA,NA,NA,NA,"blue",15.2,12.5,2,2,2,2,NA,"skull ossified; bill black; feet/legs dark brown; no fat; stomach: insect mush; no molt; upper bill broken","","ON.Renfrew","North Central",45.68915,-77.53545,18.93
"613677","crown","c","1",0.0645402346727149,0.0291357275014707,0.0550288902042949,0.0235970613195418,0.0687465367711769,0.030936532722156,0.0759936034968897,0.0374818964168201,0.128507785199477,0.0495407051711198,0.0645402346727149,0.0291357275014707,76441,57.3773691124038,2992,"Setophaga caerulescens","27-Jun-90",27,"Jun",90,"3mi N. Round Lake","Renfrew","ON","GRG","?","828-a,b","M","ASY","6x5, 7x5",8.5,"partial",61,54.4,NA,NA,NA,NA,NA,NA,"blue",15.2,12.5,2,2,2,2,NA,"skull ossified; bill black; feet/legs dark brown; no fat; stomach: insect mush; no molt; upper bill broken","","ON.Renfrew","North Central",45.68915,-77.53545,18.93
"613677","side","o","1",0.0655595411893757,0.0126985345764074,0.0644280648031727,0.0153101147516763,0.0674864244175586,0.0130379136172516,0.0727764352449341,0.01001559684603,0.0757198803353481,0.0127548137899604,0.0655595411893757,0.0126985345764074,23880,17.9245637080128,2992,"Setophaga caerulescens","27-Jun-90",27,"Jun",90,"3mi N. Round Lake","Renfrew","ON","GRG","?","828-a,b","M","ASY","6x5, 7x5",8.5,"partial",61,54.4,NA,NA,NA,NA,NA,NA,"blue",15.2,12.5,2,2,2,2,NA,"skull ossified; bill black; feet/legs dark brown; no fat; stomach: insect mush; no molt; upper bill broken","","ON.Renfrew","North Central",45.68915,-77.53545,18.93
"613677","ventral","t","1",0.0438784200908929,0.00586245861910275,0.0412961691950997,0.00714973444312424,0.0460056680918731,0.00633422625387229,0.0530919975724083,0.00599014288181453,0.033846656761758,0.00666141584058927,0.0438784200908929,0.00586245861910275,75760,56.8662037905798,2992,"Setophaga caerulescens","27-Jun-90",27,"Jun",90,"3mi N. Round Lake","Renfrew","ON","GRG","?","828-a,b","M","ASY","6x5, 7x5",8.5,"partial",61,54.4,NA,NA,NA,NA,NA,NA,"blue",15.2,12.5,2,2,2,2,NA,"skull ossified; bill black; feet/legs dark brown; no fat; stomach: insect mush; no molt; upper bill broken","","ON.Renfrew","North Central",45.68915,-77.53545,18.93
"613677","dorsal","m","3",0.0708747606378317,0.00699407532919393,0.0649244198158859,0.00690820715892069,0.0732253664166305,0.00779881456846643,0.0840637722154658,0.0104307759999695,0.0942156181454885,0.0114639133736322,0.0708747606378317,0.00699407532919393,34040,25.5507599924939,2992,"Setophaga caerulescens","27-Jun-90",27,"Jun",90,"3mi N. Round Lake","Renfrew","ON","GRG","?","828-a,b","M","ASY","6x5, 7x5",8.5,"partial",61,54.4,NA,NA,NA,NA,NA,NA,"blue",15.2,12.5,2,2,2,2,NA,"skull ossified; bill black; feet/legs dark brown; no fat; stomach: insect mush; no molt; upper bill broken","","ON.Renfrew","North Central",45.68915,-77.53545,18.93
"613690","dorsal","m","2",0.0638112000931434,0.0103494582613666,0.0569612152186978,0.0118237436341351,0.0663176368271715,0.0107872198470389,0.078383613547494,0.0104674371205861,0.0823591343541507,0.0250914773630021,0.0638112000931434,0.0103494582613666,33488,25.136423343967,3005,"Setophaga caerulescens","28-Jun-90",28,"Jun",90,"Beaverdam Lake","Thunder Bay","ON","GRG","JPD","841-a,b","M","ASY","9.5x6.5, 7.5x5",9.3,"partial",66.3,53.6,3.5,4.4,10.8,7.4,NA,NA,NA,15.1,15.4,2,2,2,2,NA,"skull ossified; bill black; feet/legs olive brown; fat trace; stomach: caterpillar","","ON.Thunder","North Central",48.8665693,-86.9761973,17.78
"613690","side","o","1",0.056976438908856,0.0117606931685459,0.0542437651237088,0.0127684086438353,0.0590548838212882,0.0124030942407207,0.066427979840632,0.0109192011840726,0.0626390082681004,0.0135536855231487,0.056976438908856,0.0117606931685459,12085,9.07112028523175,3005,"Setophaga caerulescens","28-Jun-90",28,"Jun",90,"Beaverdam Lake","Thunder Bay","ON","GRG","JPD","841-a,b","M","ASY","9.5x6.5, 7.5x5",9.3,"partial",66.3,53.6,3.5,4.4,10.8,7.4,NA,NA,NA,15.1,15.4,2,2,2,2,NA,"skull ossified; bill black; feet/legs olive brown; fat trace; stomach: caterpillar","","ON.Thunder","North Central",48.8665693,-86.9761973,17.78
"613690","side","w","1",0.46582868977119,0.119954552986123,0.471755180571755,0.123243702458967,0.468050847476891,0.120219404918563,0.398720345335171,0.0967463214098281,0.54212732927875,0.13617632791846,0.46582868977119,0.119954552986123,57649,43.2719084255958,3005,"Setophaga caerulescens","28-Jun-90",28,"Jun",90,"Beaverdam Lake","Thunder Bay","ON","GRG","JPD","841-a,b","M","ASY","9.5x6.5, 7.5x5",9.3,"partial",66.3,53.6,3.5,4.4,10.8,7.4,NA,NA,NA,15.1,15.4,2,2,2,2,NA,"skull ossified; bill black; feet/legs olive brown; fat trace; stomach: caterpillar","","ON.Thunder","North Central",48.8665693,-86.9761973,17.78
"613690","dorsal","m","3",0.0671505416518595,0.0104482521264056,0.0607946382453131,0.0125228794897295,0.0697486788958554,0.010951257197419,0.0805300251405944,0.00931384219221458,0.0884784452089037,0.0261311513474676,0.0671505416518595,0.0104482521264056,32400,24.3197598048414,3005,"Setophaga caerulescens","28-Jun-90",28,"Jun",90,"Beaverdam Lake","Thunder Bay","ON","GRG","JPD","841-a,b","M","ASY","9.5x6.5, 7.5x5",9.3,"partial",66.3,53.6,3.5,4.4,10.8,7.4,NA,NA,NA,15.1,15.4,2,2,2,2,NA,"skull ossified; bill black; feet/legs olive brown; fat trace; stomach: caterpillar","","ON.Thunder","North Central",48.8665693,-86.9761973,17.78
"613690","ventral","t","1",0.0452051619665167,0.010716145089179,0.0426951936468808,0.0123871203596234,0.0474334028853538,0.0112019400419917,0.0539346653511153,0.00869004754209658,0.0370973667677033,0.00998668048879812,0.0452051619665167,0.010716145089179,193389,145.159692249953,3005,"Setophaga caerulescens","28-Jun-90",28,"Jun",90,"Beaverdam Lake","Thunder Bay","ON","GRG","JPD","841-a,b","M","ASY","9.5x6.5, 7.5x5",9.3,"partial",66.3,53.6,3.5,4.4,10.8,7.4,NA,NA,NA,15.1,15.4,2,2,2,2,NA,"skull ossified; bill black; feet/legs olive brown; fat trace; stomach: caterpillar","","ON.Thunder","North Central",48.8665693,-86.9761973,17.78
"613690","crown","c","1",0.0572896337704066,0.0201330613886998,0.0463459358150586,0.0164500559662608,0.0614239038634008,0.0210701684927776,0.0717528320018964,0.0276334348423185,0.116024785835856,0.0348418951462291,0.0572896337704066,0.0201330613886998,132659,99.5751548132858,3005,"Setophaga caerulescens","28-Jun-90",28,"Jun",90,"Beaverdam Lake","Thunder Bay","ON","GRG","JPD","841-a,b","M","ASY","9.5x6.5, 7.5x5",9.3,"partial",66.3,53.6,3.5,4.4,10.8,7.4,NA,NA,NA,15.1,15.4,2,2,2,2,NA,"skull ossified; bill black; feet/legs olive brown; fat trace; stomach: caterpillar","","ON.Thunder","North Central",48.8665693,-86.9761973,17.78
"613690","dorsal","m","1",0.0642182774509031,0.0100747029551903,0.0579847595360084,0.01165247594559,0.0666737659043386,0.010603977225462,0.0779891111261155,0.00954952033512672,0.082840125655949,0.0238349845300339,0.0642182774509031,0.0100747029551903,33124,24.8632013510978,3005,"Setophaga caerulescens","28-Jun-90",28,"Jun",90,"Beaverdam Lake","Thunder Bay","ON","GRG","JPD","841-a,b","M","ASY","9.5x6.5, 7.5x5",9.3,"partial",66.3,53.6,3.5,4.4,10.8,7.4,NA,NA,NA,15.1,15.4,2,2,2,2,NA,"skull ossified; bill black; feet/legs olive brown; fat trace; stomach: caterpillar","","ON.Thunder","North Central",48.8665693,-86.9761973,17.78
"613691","side","o","1",0.0622395518825847,0.0146225866370529,0.0613639337225709,0.0162549399179887,0.0640534233554601,0.0152453070788262,0.0691988154959153,0.012380760726472,0.069134332939289,0.014829819445364,0.0622395518825847,0.0146225866370529,14015,10.519797335335,3006,"Setophaga caerulescens","28-Jun-90",28,"Jun",90,"Beaverdam Lake","Thunder Bay","ON","GRG","JPD","842-a,b","M","ASY","6x4.5, 6x6",9.7,"partial",62,48.9,3.1,4.3,10.2,6.8,NA,NA,"blue",13.2,11,2,2,2,2,NA,"","","ON.Thunder","North Central",48.8665693,-86.9761973,18.39
"613691","dorsal","m","2",0.072083167390889,0.0173671427403991,0.0641784445670614,0.0138284421118647,0.0745300651524945,0.0192925712501339,0.088088679412837,0.0227291670571967,0.0993060971183737,0.0193534909907393,0.072083167390889,0.0173671427403991,31683,23.7815725276787,3006,"Setophaga caerulescens","28-Jun-90",28,"Jun",90,"Beaverdam Lake","Thunder Bay","ON","GRG","JPD","842-a,b","M","ASY","6x4.5, 6x6",9.7,"partial",62,48.9,3.1,4.3,10.2,6.8,NA,NA,"blue",13.2,11,2,2,2,2,NA,"","","ON.Thunder","North Central",48.8665693,-86.9761973,18.39
"613691","side","w","1",0.374178061402747,0.130306300886725,0.373654868257353,0.129638697860598,0.376411196853602,0.131160310985331,0.33485837733125,0.111803562108872,0.459786744064632,0.137639165133377,0.374178061402747,0.130306300886725,38682,29.0350910114468,3006,"Setophaga caerulescens","28-Jun-90",28,"Jun",90,"Beaverdam Lake","Thunder Bay","ON","GRG","JPD","842-a,b","M","ASY","6x4.5, 6x6",9.7,"partial",62,48.9,3.1,4.3,10.2,6.8,NA,NA,"blue",13.2,11,2,2,2,2,NA,"","","ON.Thunder","North Central",48.8665693,-86.9761973,18.39
"613691","dorsal","m","1",0.0736155362208435,0.01549773410745,0.067382449243295,0.0132677852205625,0.0761149963284449,0.0168022765390934,0.0866022913879991,0.0203082554990423,0.10226468337549,0.0190470988370915,0.0736155362208435,0.01549773410745,30975,23.2501407393507,3006,"Setophaga caerulescens","28-Jun-90",28,"Jun",90,"Beaverdam Lake","Thunder Bay","ON","GRG","JPD","842-a,b","M","ASY","6x4.5, 6x6",9.7,"partial",62,48.9,3.1,4.3,10.2,6.8,NA,NA,"blue",13.2,11,2,2,2,2,NA,"","","ON.Thunder","North Central",48.8665693,-86.9761973,18.39
"613691","crown","c","1",0.0563994054066822,0.0138976530122489,0.0446085171615616,0.0128816071794586,0.0604607831961108,0.0144833159120512,0.0727017809206408,0.0188422562919646,0.122343334668307,0.0321296761948574,0.0563994054066822,0.0138976530122489,113713,85.3541002064177,3006,"Setophaga caerulescens","28-Jun-90",28,"Jun",90,"Beaverdam Lake","Thunder Bay","ON","GRG","JPD","842-a,b","M","ASY","6x4.5, 6x6",9.7,"partial",62,48.9,3.1,4.3,10.2,6.8,NA,NA,"blue",13.2,11,2,2,2,2,NA,"","","ON.Thunder","North Central",48.8665693,-86.9761973,18.39
"613691","dorsal","m","3",0.0701939915985428,0.0186326385413946,0.062037426465125,0.0148084196716152,0.0726673293321244,0.0206676489631542,0.0866704691835107,0.0242612681800912,0.0944741307862336,0.0174697875506983,0.0701939915985428,0.0186326385413946,31862,23.9159316945018,3006,"Setophaga caerulescens","28-Jun-90",28,"Jun",90,"Beaverdam Lake","Thunder Bay","ON","GRG","JPD","842-a,b","M","ASY","6x4.5, 6x6",9.7,"partial",62,48.9,3.1,4.3,10.2,6.8,NA,NA,"blue",13.2,11,2,2,2,2,NA,"","","ON.Thunder","North Central",48.8665693,-86.9761973,18.39
"613691","ventral","t","1",0.042170377725483,0.0061781529017384,0.0391633890018081,0.00719502704281231,0.0438671563490586,0.00695426597764449,0.0535435480923543,0.00752632950998096,0.0357743854594341,0.00973188723648691,0.042170377725483,0.0061781529017384,150932,113.291048977294,3006,"Setophaga caerulescens","28-Jun-90",28,"Jun",90,"Beaverdam Lake","Thunder Bay","ON","GRG","JPD","842-a,b","M","ASY","6x4.5, 6x6",9.7,"partial",62,48.9,3.1,4.3,10.2,6.8,NA,NA,"blue",13.2,11,2,2,2,2,NA,"","","ON.Thunder","North Central",48.8665693,-86.9761973,18.39
"614261","side","o","1",0.0706251655687355,0.0120299590765235,0.0714652962428147,0.0151685812332169,0.0724172083983707,0.0124231421928278,0.0758108567533869,0.00925984237298913,0.0801314042280154,0.00907109797559877,0.0706251655687355,0.0120299590765235,7992,5.99887408519422,3014,"Setophaga caerulescens","15-Jun-90",15,"Jun",90,"St. Mary's Cemetary, 5mi NE Yoho Lake on Hwy 640","York","NB","GRG","CJD","849-a,b","M","ASY","7x5, 6x5",9.6,"partial",66.6,51.9,3.1,3.7,10.2,6.5,NA,NA,"blue",16.9,15.2,3,2,2,3,NA,"no fat; bill black; feet/legs olive; no molt stomach saved","auto-align","NB.York","North East",45.794,-66.854,18.72
"614261","crown","c","1",0.0605083808482001,0.0180075714113645,0.0499426095089162,0.0174962650954999,0.0647861861084697,0.0185503911914927,0.074670757221735,0.0209703887485091,0.123710627633141,0.0500638837329402,0.0605083808482001,0.0180075714113645,87505,65.6821167198349,3014,"Setophaga caerulescens","15-Jun-90",15,"Jun",90,"St. Mary's Cemetary, 5mi NE Yoho Lake on Hwy 640","York","NB","GRG","CJD","849-a,b","M","ASY","7x5, 6x5",9.6,"partial",66.6,51.9,3.1,3.7,10.2,6.5,NA,NA,"blue",16.9,15.2,3,2,2,3,NA,"no fat; bill black; feet/legs olive; no molt stomach saved","auto-align","NB.York","North East",45.794,-66.854,18.72
"614261","dorsal","m","1",0.0616322793208077,0.0115445488807087,0.0576936427432001,0.0092652539325053,0.0633153153965636,0.0128845022284678,0.0741184279453334,0.0171902341617188,0.0813302378217625,0.0152100137197297,0.0616322793208077,0.0115445488807087,33124,24.8632013510978,3014,"Setophaga caerulescens","15-Jun-90",15,"Jun",90,"St. Mary's Cemetary, 5mi NE Yoho Lake on Hwy 640","York","NB","GRG","CJD","849-a,b","M","ASY","7x5, 6x5",9.6,"partial",66.6,51.9,3.1,3.7,10.2,6.5,NA,NA,"blue",16.9,15.2,3,2,2,3,NA,"no fat; bill black; feet/legs olive; no molt stomach saved","auto-align","NB.York","North East",45.794,-66.854,18.72
"614261","side","w","1",0.424985191839037,0.117895534017094,0.438699595080731,0.12749563252516,0.429544602919743,0.119915965615199,0.353469760252472,0.0866986813572411,0.394417377276274,0.0998072645566539,0.424985191839037,0.117895534017094,95211,71.4663163820604,3014,"Setophaga caerulescens","15-Jun-90",15,"Jun",90,"St. Mary's Cemetary, 5mi NE Yoho Lake on Hwy 640","York","NB","GRG","CJD","849-a,b","M","ASY","7x5, 6x5",9.6,"partial",66.6,51.9,3.1,3.7,10.2,6.5,NA,NA,"blue",16.9,15.2,3,2,2,3,NA,"no fat; bill black; feet/legs olive; no molt stomach saved","auto-align","NB.York","North East",45.794,-66.854,18.72
"614261","dorsal","m","3",0.0693967167187367,0.0129147576863945,0.0653801380877839,0.0109125474842411,0.0711569695002569,0.0143267465793857,0.0815385127536704,0.0180797509354723,0.0947989425804765,0.0137913601508406,0.0693967167187367,0.0129147576863945,34410,25.8284856445862,3014,"Setophaga caerulescens","15-Jun-90",15,"Jun",90,"St. Mary's Cemetary, 5mi NE Yoho Lake on Hwy 640","York","NB","GRG","CJD","849-a,b","M","ASY","7x5, 6x5",9.6,"partial",66.6,51.9,3.1,3.7,10.2,6.5,NA,NA,"blue",16.9,15.2,3,2,2,3,NA,"no fat; bill black; feet/legs olive; no molt stomach saved","auto-align","NB.York","North East",45.794,-66.854,18.72
"614261","dorsal","m","2",0.0636981952698556,0.0130031718414872,0.0595567755326424,0.0105091818013539,0.0653642968646594,0.0144695604836549,0.076609164475177,0.0183951208788404,0.085187366520924,0.0167507725551456,0.0636981952698556,0.0130031718414872,34596,25.9680990805029,3014,"Setophaga caerulescens","15-Jun-90",15,"Jun",90,"St. Mary's Cemetary, 5mi NE Yoho Lake on Hwy 640","York","NB","GRG","CJD","849-a,b","M","ASY","7x5, 6x5",9.6,"partial",66.6,51.9,3.1,3.7,10.2,6.5,NA,NA,"blue",16.9,15.2,3,2,2,3,NA,"no fat; bill black; feet/legs olive; no molt stomach saved","auto-align","NB.York","North East",45.794,-66.854,18.72
"614261","ventral","t","1",0.0487225803615428,0.00789028888160687,0.0467819047508554,0.00825984503759146,0.0506500865929342,0.00864359839408974,0.0577945222511552,0.00914442359253614,0.0507262784059643,0.0112624105266759,0.0487225803615428,0.00789028888160687,143266,107.536873709889,3014,"Setophaga caerulescens","15-Jun-90",15,"Jun",90,"St. Mary's Cemetary, 5mi NE Yoho Lake on Hwy 640","York","NB","GRG","CJD","849-a,b","M","ASY","7x5, 6x5",9.6,"partial",66.6,51.9,3.1,3.7,10.2,6.5,NA,NA,"blue",16.9,15.2,3,2,2,3,NA,"no fat; bill black; feet/legs olive; no molt stomach saved","auto-align","NB.York","North East",45.794,-66.854,18.72
"614262","dorsal","m","3",0.0805062600724429,0.0264910804587441,0.0731590905670799,0.0232564696523149,0.0829481258589816,0.0299462630915838,0.095882124508876,0.0288574426890471,0.117043011553013,0.0257165850607822,0.0805062600724429,0.0264910804587441,33856,25.4126477763183,3015,"Setophaga caerulescens","16-Jun-91",16,"Jun",91,"3.9mi NE New Market (Hwy 3)","York","NB","GRG","JPD","850-a,b","M","ASY","8.5x5, 7.5x5",10.19,"partial",65,51.8,3.6,3.7,10.1,6.8,NA,NA,"blue",13.3,15.6,3,2,2,3,NA,"no fat; bill black; feet/legs dark olive; no molt; stomach saved","auto-align","NB.York","North East",45.82499,-66.919051,18.52
"614262","crown","c","1",0.0907846677061813,0.0302235748267889,0.0803704845998737,0.0306733174806166,0.096481635792193,0.0315050517664128,0.0983302623570069,0.0288502944126472,0.151129942770031,0.064629263995373,0.0907846677061813,0.0302235748267889,89220,66.9694126477763,3015,"Setophaga caerulescens","16-Jun-91",16,"Jun",91,"3.9mi NE New Market (Hwy 3)","York","NB","GRG","JPD","850-a,b","M","ASY","8.5x5, 7.5x5",10.19,"partial",65,51.8,3.6,3.7,10.1,6.8,NA,NA,"blue",13.3,15.6,3,2,2,3,NA,"no fat; bill black; feet/legs dark olive; no molt; stomach saved","auto-align","NB.York","North East",45.82499,-66.919051,18.52
"614262","dorsal","m","1",0.0812723549178249,0.026784637923725,0.0736403290523561,0.0232013063953817,0.0837855748061671,0.030598196350459,0.09670995548913,0.0306934724437592,0.119649262207929,0.0247182653986457,0.0812723549178249,0.026784637923725,34410,25.8284856445862,3015,"Setophaga caerulescens","16-Jun-91",16,"Jun",91,"3.9mi NE New Market (Hwy 3)","York","NB","GRG","JPD","850-a,b","M","ASY","8.5x5, 7.5x5",10.19,"partial",65,51.8,3.6,3.7,10.1,6.8,NA,NA,"blue",13.3,15.6,3,2,2,3,NA,"no fat; bill black; feet/legs dark olive; no molt; stomach saved","auto-align","NB.York","North East",45.82499,-66.919051,18.52
"614262","ventral","t","1",0.0518391372485555,0.0164221032253651,0.0520389563269831,0.0212808651200836,0.0535348286785165,0.0168179978967405,0.0576725729909211,0.00992037408944747,0.0480887254834049,0.0103235473446799,0.0518391372485555,0.0164221032253651,140477,105.44342278101,3015,"Setophaga caerulescens","16-Jun-91",16,"Jun",91,"3.9mi NE New Market (Hwy 3)","York","NB","GRG","JPD","850-a,b","M","ASY","8.5x5, 7.5x5",10.19,"partial",65,51.8,3.6,3.7,10.1,6.8,NA,NA,"blue",13.3,15.6,3,2,2,3,NA,"no fat; bill black; feet/legs dark olive; no molt; stomach saved","auto-align","NB.York","North East",45.82499,-66.919051,18.52
"614262","side","o","1",0.0808773916320169,0.021948042794236,0.0845492220943681,0.0251535075182944,0.0824849142474171,0.0226157839364729,0.0815590555222954,0.0160136252916589,0.085942126688306,0.0130461290858811,0.0808773916320169,0.021948042794236,3806,2.85682116719835,3015,"Setophaga caerulescens","16-Jun-91",16,"Jun",91,"3.9mi NE New Market (Hwy 3)","York","NB","GRG","JPD","850-a,b","M","ASY","8.5x5, 7.5x5",10.19,"partial",65,51.8,3.6,3.7,10.1,6.8,NA,NA,"blue",13.3,15.6,3,2,2,3,NA,"no fat; bill black; feet/legs dark olive; no molt; stomach saved","auto-align","NB.York","North East",45.82499,-66.919051,18.52
"614262","dorsal","m","2",0.0797111053346703,0.0257659424049434,0.0715500992463786,0.0222979553797021,0.0820708610142358,0.0293165350478627,0.0967813811425487,0.0286589527288999,0.115285154993732,0.0279883261684133,0.0797111053346703,0.0257659424049434,34225,25.6896228185401,3015,"Setophaga caerulescens","16-Jun-91",16,"Jun",91,"3.9mi NE New Market (Hwy 3)","York","NB","GRG","JPD","850-a,b","M","ASY","8.5x5, 7.5x5",10.19,"partial",65,51.8,3.6,3.7,10.1,6.8,NA,NA,"blue",13.3,15.6,3,2,2,3,NA,"no fat; bill black; feet/legs dark olive; no molt; stomach saved","auto-align","NB.York","North East",45.82499,-66.919051,18.52
"614262","side","w","1",0.388079036748447,0.103747763090931,0.393082565168709,0.1069948189625,0.390655194738859,0.105598993794734,0.337704563970688,0.083613013790517,0.400662808508891,0.111350272966616,0.388079036748447,0.103747763090931,39800,29.8742728466879,3015,"Setophaga caerulescens","16-Jun-91",16,"Jun",91,"3.9mi NE New Market (Hwy 3)","York","NB","GRG","JPD","850-a,b","M","ASY","8.5x5, 7.5x5",10.19,"partial",65,51.8,3.6,3.7,10.1,6.8,NA,NA,"blue",13.3,15.6,3,2,2,3,NA,"no fat; bill black; feet/legs dark olive; no molt; stomach saved","auto-align","NB.York","North East",45.82499,-66.919051,18.52
"614268","dorsal","m","1",0.0791673062443142,0.0183484713483715,0.0734493265881002,0.0197128746855158,0.0820098211022184,0.0207399050019435,0.0913754339465062,0.0168876787893927,0.105667374623076,0.0255817432907165,0.0791673062443142,0.0183484713483715,34410,25.8284856445862,3021,"Setophaga caerulescens","16-Jun-91",16,"Jun",91,"2.8mi NE New Market (Hwy 3)","York","NB","GRG","JPD","856-a,b","M","SY","8.5x6, 6x5",10.5,"partial",60.1,51.5,3.1,4.2,10.1,7.1,NA,NA,"green",10.8,11,0,2,2,3,NA,"no fat; bill black; feet/legs dark olive; no molt; stomach saved","auto-align","NB.York","North East",45.82499,-66.919051,19.58
"614268","ventral","t","1",0.0535808464854184,0.00963058928944455,0.0535199581934086,0.0113357576145955,0.0552351722121997,0.0104011887516242,0.0610900525031161,0.00962271596546629,0.0543710258415495,0.0124113858736607,0.0535808464854184,0.00963058928944455,161411,121.156689810471,3021,"Setophaga caerulescens","16-Jun-91",16,"Jun",91,"2.8mi NE New Market (Hwy 3)","York","NB","GRG","JPD","856-a,b","M","SY","8.5x6, 6x5",10.5,"partial",60.1,51.5,3.1,4.2,10.1,7.1,NA,NA,"green",10.8,11,0,2,2,3,NA,"no fat; bill black; feet/legs dark olive; no molt; stomach saved","auto-align","NB.York","North East",45.82499,-66.919051,19.58
"614268","dorsal","m","2",0.079983315762473,0.0177791392613446,0.0745908746744576,0.0196924964777523,0.0828662867943711,0.0200587202921925,0.0913674573778841,0.0162221230606402,0.105100226694705,0.0251624734852338,0.079983315762473,0.0177791392613446,33856,25.4126477763183,3021,"Setophaga caerulescens","16-Jun-91",16,"Jun",91,"2.8mi NE New Market (Hwy 3)","York","NB","GRG","JPD","856-a,b","M","SY","8.5x6, 6x5",10.5,"partial",60.1,51.5,3.1,4.2,10.1,7.1,NA,NA,"green",10.8,11,0,2,2,3,NA,"no fat; bill black; feet/legs dark olive; no molt; stomach saved","auto-align","NB.York","North East",45.82499,-66.919051,19.58
"614268","crown","c","1",0.0735063234949428,0.0324502692411066,0.0644721462600793,0.0266724231267534,0.0781884856453876,0.0351307703173962,0.08259914754917,0.0392777387013659,0.136290785105897,0.0452164372076641,0.0735063234949428,0.0324502692411066,61560,46.2075436291987,3021,"Setophaga caerulescens","16-Jun-91",16,"Jun",91,"2.8mi NE New Market (Hwy 3)","York","NB","GRG","JPD","856-a,b","M","SY","8.5x6, 6x5",10.5,"partial",60.1,51.5,3.1,4.2,10.1,7.1,NA,NA,"green",10.8,11,0,2,2,3,NA,"no fat; bill black; feet/legs dark olive; no molt; stomach saved","auto-align","NB.York","North East",45.82499,-66.919051,19.58
"614268","dorsal","m","3",0.0782086358210348,0.0166358067619162,0.0717739652740404,0.0183513929930406,0.0810782313761074,0.0187552571374665,0.0914021645913866,0.0156582237360445,0.103467389302106,0.023805233631681,0.0782086358210348,0.0166358067619162,34969,26.2480765622068,3021,"Setophaga caerulescens","16-Jun-91",16,"Jun",91,"2.8mi NE New Market (Hwy 3)","York","NB","GRG","JPD","856-a,b","M","SY","8.5x6, 6x5",10.5,"partial",60.1,51.5,3.1,4.2,10.1,7.1,NA,NA,"green",10.8,11,0,2,2,3,NA,"no fat; bill black; feet/legs dark olive; no molt; stomach saved","auto-align","NB.York","North East",45.82499,-66.919051,19.58
"614268","side","w","1",0.354400467357665,0.0872771693128205,0.35843430154359,0.0938369940237013,0.355320409636349,0.0875775877776327,0.315313274654061,0.0683040071172052,0.398485453284348,0.0858591258367238,0.354400467357665,0.0872771693128205,41500,31.1503096265716,3021,"Setophaga caerulescens","16-Jun-91",16,"Jun",91,"2.8mi NE New Market (Hwy 3)","York","NB","GRG","JPD","856-a,b","M","SY","8.5x6, 6x5",10.5,"partial",60.1,51.5,3.1,4.2,10.1,7.1,NA,NA,"green",10.8,11,0,2,2,3,NA,"no fat; bill black; feet/legs dark olive; no molt; stomach saved","auto-align","NB.York","North East",45.82499,-66.919051,19.58
"614268","side","o","1",0.100323170517752,0.0251675037726147,0.106350838956787,0.0300154879290581,0.10262516283712,0.0257185922975907,0.0939130829207205,0.0172170567731195,0.107155539822983,0.0192890738529481,0.100323170517752,0.0251675037726147,8091,6.07318446237568,3021,"Setophaga caerulescens","16-Jun-91",16,"Jun",91,"2.8mi NE New Market (Hwy 3)","York","NB","GRG","JPD","856-a,b","M","SY","8.5x6, 6x5",10.5,"partial",60.1,51.5,3.1,4.2,10.1,7.1,NA,NA,"green",10.8,11,0,2,2,3,NA,"no fat; bill black; feet/legs dark olive; no molt; stomach saved","auto-align","NB.York","North East",45.82499,-66.919051,19.58
"614269","ventral","t","1",0.0452765074165495,0.00930202443190933,0.0434314445448376,0.0100379957679637,0.0473475434854248,0.00992126966492511,0.0549654721209753,0.0091650912614982,0.0435969015697558,0.0112066584610937,0.0452765074165495,0.00930202443190933,178304,133.836742353162,3022,"Setophaga caerulescens","16-Jun-91",16,"Jun",91,"2.7mi NE New Market (Hwy 3)","York","NB","GRG","CJD","857-a,b","M","SY","8x5, 6x4",9.5,"partial",63.1,51.8,3.2,4.2,10.2,6.9,NA,NA,"green",11.2,11,3,2,2,3,NA,"no fat; bill black; feet/legs dark olive; no molt; stomach saved; most tail feathers missing","auto-align","NB.York","North East",45.82499,-66.919051,NA
"614269","crown","c","1",0.075469503723827,0.0205195878856363,0.061665534390471,0.0193319340507747,0.0794146156094357,0.0210898016528822,0.0946176922780677,0.0255301605410102,0.159347568005514,0.0564933002551043,0.075469503723827,0.0205195878856363,81048,60.8354287858885,3022,"Setophaga caerulescens","16-Jun-91",16,"Jun",91,"2.7mi NE New Market (Hwy 3)","York","NB","GRG","CJD","857-a,b","M","SY","8x5, 6x4",9.5,"partial",63.1,51.8,3.2,4.2,10.2,6.9,NA,NA,"green",11.2,11,3,2,2,3,NA,"no fat; bill black; feet/legs dark olive; no molt; stomach saved; most tail feathers missing","auto-align","NB.York","North East",45.82499,-66.919051,NA
"614269","dorsal","m","1",0.0817416748566939,0.0162359660485094,0.0757357898322061,0.0185001493288841,0.084209137518991,0.0178420451118984,0.0947625958344032,0.014339568429623,0.106347686772237,0.0267866638290768,0.0817416748566939,0.0162359660485094,34040,25.5507599924939,3022,"Setophaga caerulescens","16-Jun-91",16,"Jun",91,"2.7mi NE New Market (Hwy 3)","York","NB","GRG","CJD","857-a,b","M","SY","8x5, 6x4",9.5,"partial",63.1,51.8,3.2,4.2,10.2,6.9,NA,NA,"green",11.2,11,3,2,2,3,NA,"no fat; bill black; feet/legs dark olive; no molt; stomach saved; most tail feathers missing","auto-align","NB.York","North East",45.82499,-66.919051,NA
"614269","side","w","1",0.355225176778948,0.104861599717177,0.362558182827789,0.109207204002261,0.35780906894027,0.105846489474725,0.309164812432617,0.0873383031879052,0.365715695215542,0.0779119073473954,0.355225176778948,0.104861599717177,35556,26.6886845562019,3022,"Setophaga caerulescens","16-Jun-91",16,"Jun",91,"2.7mi NE New Market (Hwy 3)","York","NB","GRG","CJD","857-a,b","M","SY","8x5, 6x4",9.5,"partial",63.1,51.8,3.2,4.2,10.2,6.9,NA,NA,"green",11.2,11,3,2,2,3,NA,"no fat; bill black; feet/legs dark olive; no molt; stomach saved; most tail feathers missing","auto-align","NB.York","North East",45.82499,-66.919051,NA
"614269","dorsal","m","3",0.0751647849755953,0.0152144195444391,0.0693933237744301,0.0169195188776668,0.0776884223809703,0.0167828834772016,0.0878332620082414,0.0139329014201732,0.101012681884605,0.027480538235118,0.0751647849755953,0.0152144195444391,34410,25.8284856445862,3022,"Setophaga caerulescens","16-Jun-91",16,"Jun",91,"2.7mi NE New Market (Hwy 3)","York","NB","GRG","CJD","857-a,b","M","SY","8x5, 6x4",9.5,"partial",63.1,51.8,3.2,4.2,10.2,6.9,NA,NA,"green",11.2,11,3,2,2,3,NA,"no fat; bill black; feet/legs dark olive; no molt; stomach saved; most tail feathers missing","auto-align","NB.York","North East",45.82499,-66.919051,NA
"614269","dorsal","m","2",0.077452949776782,0.0174941400388354,0.0722284807228786,0.0191951054229452,0.0797324542754458,0.0190316208341508,0.0898602951590513,0.0149546778703971,0.101383497968888,0.0262443877867833,0.077452949776782,0.0174941400388354,32761,24.5907299680991,3022,"Setophaga caerulescens","16-Jun-91",16,"Jun",91,"2.7mi NE New Market (Hwy 3)","York","NB","GRG","CJD","857-a,b","M","SY","8x5, 6x4",9.5,"partial",63.1,51.8,3.2,4.2,10.2,6.9,NA,NA,"green",11.2,11,3,2,2,3,NA,"no fat; bill black; feet/legs dark olive; no molt; stomach saved; most tail feathers missing","auto-align","NB.York","North East",45.82499,-66.919051,NA
"614269","side","o","1",0.099299764644864,0.0271090180743685,0.10884695813735,0.0320422569124936,0.101569653177989,0.0280138148471276,0.0876353282459479,0.018084736898346,0.0871955627815447,0.0140066200189837,0.099299764644864,0.0271090180743685,3015,2.26308875961719,3022,"Setophaga caerulescens","16-Jun-91",16,"Jun",91,"2.7mi NE New Market (Hwy 3)","York","NB","GRG","CJD","857-a,b","M","SY","8x5, 6x4",9.5,"partial",63.1,51.8,3.2,4.2,10.2,6.9,NA,NA,"green",11.2,11,3,2,2,3,NA,"no fat; bill black; feet/legs dark olive; no molt; stomach saved; most tail feathers missing","auto-align","NB.York","North East",45.82499,-66.919051,NA
"614270","dorsal","m","1",0.0794424240052056,0.008750074942444,0.0732856727723932,0.00757210742646809,0.0825331972127456,0.00994892466942015,0.0910401956894177,0.0127925382401162,0.106023235871824,0.0105874731972777,0.0794424240052056,0.008750074942444,33854,25.4111465565772,3023,"Setophaga caerulescens","17-Jun-91",17,"Jun",91,"3.6mi NE New Market (Hwy 3)","York","NB","GRG","JPD","858-a,b","M","SY","6.5x5, 5.5x4.5",9.5,"partial",60.95,50.15,3.1,3.95,10.45,7.45,NA,NA,"green",9.7,NA,3,2,2,3,NA,"no fat; bill black; feet/legs dark olive; no molt; stomach saved; badly shot; R wing missing primaries- no wingspot measure; top mandible broken","auto-align","NB.York","North East",45.82499,-66.919051,18.8
"614270","dorsal","m","3",0.0776266241233455,0.00962725844574647,0.0722995832567045,0.00835784011509034,0.0807434081292305,0.0107886155171883,0.0880901908514813,0.0133360723017089,0.100265788456853,0.0127652258621307,0.0776266241233455,0.00962725844574647,33123,24.8624507412272,3023,"Setophaga caerulescens","17-Jun-91",17,"Jun",91,"3.6mi NE New Market (Hwy 3)","York","NB","GRG","JPD","858-a,b","M","SY","6.5x5, 5.5x4.5",9.5,"partial",60.95,50.15,3.1,3.95,10.45,7.45,NA,NA,"green",9.7,NA,3,2,2,3,NA,"no fat; bill black; feet/legs dark olive; no molt; stomach saved; badly shot; R wing missing primaries- no wingspot measure; top mandible broken","auto-align","NB.York","North East",45.82499,-66.919051,18.8
"614270","crown","c","1",0.0805893348028784,0.0264714505649589,0.0684454176933266,0.0249858514463007,0.0851319198881795,0.0270570595877358,0.0951320265072133,0.0304634535514131,0.157161130657721,0.0643456357511667,0.0805893348028784,0.0264714505649589,78111,58.6308875961719,3023,"Setophaga caerulescens","17-Jun-91",17,"Jun",91,"3.6mi NE New Market (Hwy 3)","York","NB","GRG","JPD","858-a,b","M","SY","6.5x5, 5.5x4.5",9.5,"partial",60.95,50.15,3.1,3.95,10.45,7.45,NA,NA,"green",9.7,NA,3,2,2,3,NA,"no fat; bill black; feet/legs dark olive; no molt; stomach saved; badly shot; R wing missing primaries- no wingspot measure; top mandible broken","auto-align","NB.York","North East",45.82499,-66.919051,18.8
"614270","ventral","t","1",0.0461513800765982,0.00696962746672776,0.0439450649625007,0.00764544762923759,0.0483530298080045,0.00777884298407204,0.0555612947380302,0.00831526055934795,0.0450392716370378,0.00873122428536399,0.0461513800765982,0.00696962746672776,100395,75.357477950835,3023,"Setophaga caerulescens","17-Jun-91",17,"Jun",91,"3.6mi NE New Market (Hwy 3)","York","NB","GRG","JPD","858-a,b","M","SY","6.5x5, 5.5x4.5",9.5,"partial",60.95,50.15,3.1,3.95,10.45,7.45,NA,NA,"green",9.7,NA,3,2,2,3,NA,"no fat; bill black; feet/legs dark olive; no molt; stomach saved; badly shot; R wing missing primaries- no wingspot measure; top mandible broken","auto-align","NB.York","North East",45.82499,-66.919051,18.8
"614270","dorsal","m","2",0.0791210807685607,0.0108244251800326,0.0725005295916716,0.00904193524387953,0.0821872969533797,0.0118588595016158,0.0915810623762809,0.0150006196420432,0.107939250518421,0.0156267382409555,0.0791210807685607,0.0108244251800326,34782,26.1077125164196,3023,"Setophaga caerulescens","17-Jun-91",17,"Jun",91,"3.6mi NE New Market (Hwy 3)","York","NB","GRG","JPD","858-a,b","M","SY","6.5x5, 5.5x4.5",9.5,"partial",60.95,50.15,3.1,3.95,10.45,7.45,NA,NA,"green",9.7,NA,3,2,2,3,NA,"no fat; bill black; feet/legs dark olive; no molt; stomach saved; badly shot; R wing missing primaries- no wingspot measure; top mandible broken","auto-align","NB.York","North East",45.82499,-66.919051,18.8
"614270","side","o","1",0.0774581567805902,0.010286829655562,0.0812253127652814,0.0121557505597109,0.0787658763477765,0.0117156625370393,0.0786651912115171,0.0115352768920952,0.0811251905096008,0.0102250228380698,0.0774581567805902,0.010286829655562,3900,2.92737849502721,3023,"Setophaga caerulescens","17-Jun-91",17,"Jun",91,"3.6mi NE New Market (Hwy 3)","York","NB","GRG","JPD","858-a,b","M","SY","6.5x5, 5.5x4.5",9.5,"partial",60.95,50.15,3.1,3.95,10.45,7.45,NA,NA,"green",9.7,NA,3,2,2,3,NA,"no fat; bill black; feet/legs dark olive; no molt; stomach saved; badly shot; R wing missing primaries- no wingspot measure; top mandible broken","auto-align","NB.York","North East",45.82499,-66.919051,18.8
"614270","side","w","1",0.342827208177785,0.0765206845132795,0.341980408414473,0.0772621482198579,0.346921983091226,0.0776269839103411,0.30534019613924,0.0717373282815377,0.379877979769944,0.0986012436733843,0.342827208177785,0.0765206845132795,34071,25.57402889848,3023,"Setophaga caerulescens","17-Jun-91",17,"Jun",91,"3.6mi NE New Market (Hwy 3)","York","NB","GRG","JPD","858-a,b","M","SY","6.5x5, 5.5x4.5",9.5,"partial",60.95,50.15,3.1,3.95,10.45,7.45,NA,NA,"green",9.7,NA,3,2,2,3,NA,"no fat; bill black; feet/legs dark olive; no molt; stomach saved; badly shot; R wing missing primaries- no wingspot measure; top mandible broken","auto-align","NB.York","North East",45.82499,-66.919051,18.8
"614273","crown","c","1",0.100901972583307,0.0349758095593264,0.0852029764488296,0.0282031061253594,0.105639850851261,0.036311480472902,0.118086268656661,0.044420890384968,0.208467762142926,0.0705619460730924,0.100901972583307,0.0349758095593264,81282,61.0110714955902,3026,"Setophaga caerulescens","17-Jun-91",17,"Jun",91,"0.3mi E Lake Magaguadavic on rad to upper Magaguadavic","York","NB","GRG","CJD","861-a,b","M","ASY","NA, 5x4",9.8,"partial",65.1,55.5,3.3,4.2,NA,NA,NA,NA,"blue",11.6,10.4,3,2,2,3,NA,"no fat; bill black; feet/legs olive; no molt; stomach saved; L testis brown in color and deflated; tip of upper bill shot","auto-align","NB.York","North East",45.75421,-67.18008,19
"614273","side","w","1",0.379500539005798,0.0683016787631906,0.375436995083822,0.0669395677470732,0.381841288986366,0.0681535457611959,0.34365067391667,0.0630807450293204,0.462619244318443,0.0761987889622261,0.379500539005798,0.0683016787631906,54326,40.7776318258585,3026,"Setophaga caerulescens","17-Jun-91",17,"Jun",91,"0.3mi E Lake Magaguadavic on rad to upper Magaguadavic","York","NB","GRG","CJD","861-a,b","M","ASY","NA, 5x4",9.8,"partial",65.1,55.5,3.3,4.2,NA,NA,NA,NA,"blue",11.6,10.4,3,2,2,3,NA,"no fat; bill black; feet/legs olive; no molt; stomach saved; L testis brown in color and deflated; tip of upper bill shot","auto-align","NB.York","North East",45.75421,-67.18008,19
"614273","ventral","t","1",0.050762108676565,0.0100403473611741,0.0493921352570216,0.0109913420333304,0.0528215654421799,0.0108215895483499,0.059031790412594,0.00985176388804524,0.0517795984848665,0.0123719276423826,0.050762108676565,0.0100403473611741,172801,129.706136235692,3026,"Setophaga caerulescens","17-Jun-91",17,"Jun",91,"0.3mi E Lake Magaguadavic on rad to upper Magaguadavic","York","NB","GRG","CJD","861-a,b","M","ASY","NA, 5x4",9.8,"partial",65.1,55.5,3.3,4.2,NA,NA,NA,NA,"blue",11.6,10.4,3,2,2,3,NA,"no fat; bill black; feet/legs olive; no molt; stomach saved; L testis brown in color and deflated; tip of upper bill shot","auto-align","NB.York","North East",45.75421,-67.18008,19
"614273","side","o","1",0.101733639863995,0.0117873636265015,0.106162570828177,0.0142629470374975,0.10387506631559,0.0123016463019316,0.0973924456620525,0.010683310377446,0.119498029065723,0.0110352933552685,0.101733639863995,0.0117873636265015,4077,3.06023644210921,3026,"Setophaga caerulescens","17-Jun-91",17,"Jun",91,"0.3mi E Lake Magaguadavic on rad to upper Magaguadavic","York","NB","GRG","CJD","861-a,b","M","ASY","NA, 5x4",9.8,"partial",65.1,55.5,3.3,4.2,NA,NA,NA,NA,"blue",11.6,10.4,3,2,2,3,NA,"no fat; bill black; feet/legs olive; no molt; stomach saved; L testis brown in color and deflated; tip of upper bill shot","auto-align","NB.York","North East",45.75421,-67.18008,19
"614273","dorsal","m","2",0.0977468608670752,0.0101168584422457,0.0914391420733681,0.00872216598676172,0.100940577320259,0.0111587446655795,0.107387845495535,0.0142776321423684,0.134171244430897,0.0134196440356244,0.0977468608670752,0.0101168584422457,33124,24.8632013510978,3026,"Setophaga caerulescens","17-Jun-91",17,"Jun",91,"0.3mi E Lake Magaguadavic on rad to upper Magaguadavic","York","NB","GRG","CJD","861-a,b","M","ASY","NA, 5x4",9.8,"partial",65.1,55.5,3.3,4.2,NA,NA,NA,NA,"blue",11.6,10.4,3,2,2,3,NA,"no fat; bill black; feet/legs olive; no molt; stomach saved; L testis brown in color and deflated; tip of upper bill shot","auto-align","NB.York","North East",45.75421,-67.18008,19
"614273","dorsal","m","1",0.095654573764727,0.0111730971998164,0.0887463450225562,0.00901143974287276,0.0992020383765432,0.0122298256250871,0.105171502895273,0.0152635195448815,0.132370895329933,0.0123741543238552,0.095654573764727,0.0111730971998164,33306,24.9998123475324,3026,"Setophaga caerulescens","17-Jun-91",17,"Jun",91,"0.3mi E Lake Magaguadavic on rad to upper Magaguadavic","York","NB","GRG","CJD","861-a,b","M","ASY","NA, 5x4",9.8,"partial",65.1,55.5,3.3,4.2,NA,NA,NA,NA,"blue",11.6,10.4,3,2,2,3,NA,"no fat; bill black; feet/legs olive; no molt; stomach saved; L testis brown in color and deflated; tip of upper bill shot","auto-align","NB.York","North East",45.75421,-67.18008,19
"614273","dorsal","m","3",0.0957236512272997,0.0106334316311649,0.0887471197890281,0.00856660089404036,0.0992006945091568,0.0116893306890995,0.10572445155479,0.0151904769180052,0.129945989287019,0.0121103371040946,0.0957236512272997,0.0106334316311649,33124,24.8632013510978,3026,"Setophaga caerulescens","17-Jun-91",17,"Jun",91,"0.3mi E Lake Magaguadavic on rad to upper Magaguadavic","York","NB","GRG","CJD","861-a,b","M","ASY","NA, 5x4",9.8,"partial",65.1,55.5,3.3,4.2,NA,NA,NA,NA,"blue",11.6,10.4,3,2,2,3,NA,"no fat; bill black; feet/legs olive; no molt; stomach saved; L testis brown in color and deflated; tip of upper bill shot","auto-align","NB.York","North East",45.75421,-67.18008,19
"614276","crown","c","1",0.0874348806870405,0.0292297641547616,0.0708923499530383,0.029294503005055,0.0907919861720883,0.0306542513647239,0.111611954297219,0.0303469719159448,0.182322144721907,0.0660554305531241,0.0874348806870405,0.0292297641547616,79076,59.3552261212235,3029,"Setophaga caerulescens","17-Jun-91",17,"Jun",91,"1mi NW Mud Lake","York","NB","GRG","JPD","864-a,b","M","ASY","7.5x5.5, 7.5x5.5",10.2,"partial",60.6,51.9,3.7,4,10.2,7.1,NA,NA,"blue",13,15.1,3,2,2,3,NA,"bill black; feet/legs dark olive; no molt; stomach saved","auto-align","NB.York","North East",45.71443,-66.86854,19.32
"614276","dorsal","m","3",0.0811920486648632,0.0103177130347434,0.071372358594672,0.00841258189552561,0.0835431870912765,0.0111439032255217,0.100551177713212,0.015503652443686,0.124004136628825,0.0185248294573111,0.0811920486648632,0.0103177130347434,33672,25.2745355601426,3029,"Setophaga caerulescens","17-Jun-91",17,"Jun",91,"1mi NW Mud Lake","York","NB","GRG","JPD","864-a,b","M","ASY","7.5x5.5, 7.5x5.5",10.2,"partial",60.6,51.9,3.7,4,10.2,7.1,NA,NA,"blue",13,15.1,3,2,2,3,NA,"bill black; feet/legs dark olive; no molt; stomach saved","auto-align","NB.York","North East",45.71443,-66.86854,19.32
"614276","side","o","1",0.0754375186228197,0.00742906200117802,0.0726817027873552,0.00833648750961534,0.0778760010833695,0.00816889972462808,0.0842253585264205,0.00882046003429569,0.101127205395387,0.012725040845473,0.0754375186228197,0.00742906200117802,5746,4.31300431600676,3029,"Setophaga caerulescens","17-Jun-91",17,"Jun",91,"1mi NW Mud Lake","York","NB","GRG","JPD","864-a,b","M","ASY","7.5x5.5, 7.5x5.5",10.2,"partial",60.6,51.9,3.7,4,10.2,7.1,NA,NA,"blue",13,15.1,3,2,2,3,NA,"bill black; feet/legs dark olive; no molt; stomach saved","auto-align","NB.York","North East",45.71443,-66.86854,19.32
"614276","side","w","1",0.42516026903068,0.108144400328333,0.430542659255909,0.113868248262158,0.421955122991036,0.106625857502289,0.377092897843821,0.0863996150592903,0.463053173159295,0.10013622770712,0.42516026903068,0.108144400328333,42423,31.8431225370614,3029,"Setophaga caerulescens","17-Jun-91",17,"Jun",91,"1mi NW Mud Lake","York","NB","GRG","JPD","864-a,b","M","ASY","7.5x5.5, 7.5x5.5",10.2,"partial",60.6,51.9,3.7,4,10.2,7.1,NA,NA,"blue",13,15.1,3,2,2,3,NA,"bill black; feet/legs dark olive; no molt; stomach saved","auto-align","NB.York","North East",45.71443,-66.86854,19.32
"614276","ventral","t","1",0.0471447430543545,0.00629066871658755,0.0449419271617041,0.00698053954658701,0.0496653487512142,0.00703056933650645,0.0558764890369478,0.00760522645790805,0.0484628172524008,0.00746321799857006,0.0471447430543545,0.00629066871658755,177864,133.506474010133,3029,"Setophaga caerulescens","17-Jun-91",17,"Jun",91,"1mi NW Mud Lake","York","NB","GRG","JPD","864-a,b","M","ASY","7.5x5.5, 7.5x5.5",10.2,"partial",60.6,51.9,3.7,4,10.2,7.1,NA,NA,"blue",13,15.1,3,2,2,3,NA,"bill black; feet/legs dark olive; no molt; stomach saved","auto-align","NB.York","North East",45.71443,-66.86854,19.32
"614276","dorsal","m","1",0.0747136908187403,0.0103041362394846,0.0673929533429748,0.00855400401710522,0.0770225309367059,0.0111274727290113,0.0905312910079789,0.0149882053817866,0.110600727471963,0.0187818217760118,0.0747136908187403,0.0103041362394846,34040,25.5507599924939,3029,"Setophaga caerulescens","17-Jun-91",17,"Jun",91,"1mi NW Mud Lake","York","NB","GRG","JPD","864-a,b","M","ASY","7.5x5.5, 7.5x5.5",10.2,"partial",60.6,51.9,3.7,4,10.2,7.1,NA,NA,"blue",13,15.1,3,2,2,3,NA,"bill black; feet/legs dark olive; no molt; stomach saved","auto-align","NB.York","North East",45.71443,-66.86854,19.32
"614276","dorsal","m","2",0.0763706631277453,0.00977165400894008,0.0679529773880446,0.00807377198556285,0.0787219623179947,0.0106485691623787,0.0937595486012967,0.0146396530056904,0.113332026977328,0.0174798190884331,0.0763706631277453,0.00977165400894008,33306,24.9998123475324,3029,"Setophaga caerulescens","17-Jun-91",17,"Jun",91,"1mi NW Mud Lake","York","NB","GRG","JPD","864-a,b","M","ASY","7.5x5.5, 7.5x5.5",10.2,"partial",60.6,51.9,3.7,4,10.2,7.1,NA,NA,"blue",13,15.1,3,2,2,3,NA,"bill black; feet/legs dark olive; no molt; stomach saved","auto-align","NB.York","North East",45.71443,-66.86854,19.32
"614277","side","o","1",0.0674545500591789,0.0164146325044426,0.066892275031504,0.0195739962408019,0.0696540845911202,0.0169758194352837,0.0736110546470577,0.0126632762547128,0.0759087193856149,0.0119014645882402,0.0674545500591789,0.0164146325044426,5933,4.45336836179396,3030,"Setophaga caerulescens","17-Jun-91",17,"Jun",91,"1mi NW Mud Lake","York","NB","GRG","CJD","865-a,b","M","ASY","8x6, NA",9.9,"partial",63.4,56,3.4,4.3,9.2,6.8,NA,NA,"blue",15.7,16.6,3,2,2,3,NA,"bill black; feet/legs dark olive; no molt; stomach saved; R testis deflated; both wings damaged by shot","auto-align","NB.York","North East",45.71443,-66.86854,19.02
"614277","dorsal","m","1",0.0831252142177407,0.0112779404754566,0.0733116050046918,0.00760534430657958,0.0861982578439167,0.0122031285449169,0.0999606719702509,0.0184848651748219,0.126371005128127,0.015078437689706,0.0831252142177407,0.0112779404754566,33124,24.8632013510978,3030,"Setophaga caerulescens","17-Jun-91",17,"Jun",91,"1mi NW Mud Lake","York","NB","GRG","CJD","865-a,b","M","ASY","8x6, NA",9.9,"partial",63.4,56,3.4,4.3,9.2,6.8,NA,NA,"blue",15.7,16.6,3,2,2,3,NA,"bill black; feet/legs dark olive; no molt; stomach saved; R testis deflated; both wings damaged by shot","auto-align","NB.York","North East",45.71443,-66.86854,19.02
"614277","side","w","1",0.45441675594631,0.131149143373241,0.471122747133679,0.13836612304394,0.455977600036094,0.131593082417586,0.380564660364577,0.101259106056937,0.417457694991502,0.0923683991047983,0.45441675594631,0.131149143373241,99120,74.4004503659223,3030,"Setophaga caerulescens","17-Jun-91",17,"Jun",91,"1mi NW Mud Lake","York","NB","GRG","CJD","865-a,b","M","ASY","8x6, NA",9.9,"partial",63.4,56,3.4,4.3,9.2,6.8,NA,NA,"blue",15.7,16.6,3,2,2,3,NA,"bill black; feet/legs dark olive; no molt; stomach saved; R testis deflated; both wings damaged by shot","auto-align","NB.York","North East",45.71443,-66.86854,19.02
"614277","dorsal","m","3",0.0793573221160396,0.0111736314969357,0.0714838240899989,0.00780729193543804,0.0821809496856308,0.0120135199153338,0.0942522620597614,0.0178517994364915,0.115960098741069,0.0120069716738833,0.0793573221160396,0.0111736314969357,33672,25.2745355601426,3030,"Setophaga caerulescens","17-Jun-91",17,"Jun",91,"1mi NW Mud Lake","York","NB","GRG","CJD","865-a,b","M","ASY","8x6, NA",9.9,"partial",63.4,56,3.4,4.3,9.2,6.8,NA,NA,"blue",15.7,16.6,3,2,2,3,NA,"bill black; feet/legs dark olive; no molt; stomach saved; R testis deflated; both wings damaged by shot","auto-align","NB.York","North East",45.71443,-66.86854,19.02
"614277","crown","c","1",0.079451461715511,0.0313973643247757,0.063030840012237,0.0225776934209863,0.0834002332811579,0.0331509848395883,0.100572440063453,0.0431446533766933,0.179527332486928,0.0557636333054862,0.079451461715511,0.0313973643247757,56109,42.1159692249953,3030,"Setophaga caerulescens","17-Jun-91",17,"Jun",91,"1mi NW Mud Lake","York","NB","GRG","CJD","865-a,b","M","ASY","8x6, NA",9.9,"partial",63.4,56,3.4,4.3,9.2,6.8,NA,NA,"blue",15.7,16.6,3,2,2,3,NA,"bill black; feet/legs dark olive; no molt; stomach saved; R testis deflated; both wings damaged by shot","auto-align","NB.York","North East",45.71443,-66.86854,19.02
"614277","ventral","t","1",0.0495213584495363,0.00841517637713381,0.0475811214493593,0.00963621179146183,0.0516465073236262,0.00899562877663072,0.0582498753188069,0.00826382895574655,0.0507505041833936,0.0101003856147613,0.0495213584495363,0.00841517637713381,158288,118.812535184838,3030,"Setophaga caerulescens","17-Jun-91",17,"Jun",91,"1mi NW Mud Lake","York","NB","GRG","CJD","865-a,b","M","ASY","8x6, NA",9.9,"partial",63.4,56,3.4,4.3,9.2,6.8,NA,NA,"blue",15.7,16.6,3,2,2,3,NA,"bill black; feet/legs dark olive; no molt; stomach saved; R testis deflated; both wings damaged by shot","auto-align","NB.York","North East",45.71443,-66.86854,19.02
"614277","dorsal","m","2",0.0784916890720222,0.0116064793664279,0.0701852220784166,0.00786688759433628,0.0814058893103346,0.012433733239659,0.0937327751997239,0.018580912782744,0.114479967028673,0.0119444794429758,0.0784916890720222,0.0116064793664279,33306,24.9998123475324,3030,"Setophaga caerulescens","17-Jun-91",17,"Jun",91,"1mi NW Mud Lake","York","NB","GRG","CJD","865-a,b","M","ASY","8x6, NA",9.9,"partial",63.4,56,3.4,4.3,9.2,6.8,NA,NA,"blue",15.7,16.6,3,2,2,3,NA,"bill black; feet/legs dark olive; no molt; stomach saved; R testis deflated; both wings damaged by shot","auto-align","NB.York","North East",45.71443,-66.86854,19.02
"614278","dorsal","m","3",0.0823364734672451,0.0124541534160051,0.076713336091676,0.0108984196044836,0.0850488234244593,0.0132166708711956,0.0937329101692677,0.0172770733871287,0.114849027912475,0.0140030108960095,0.0823364734672451,0.0124541534160051,33856,25.4126477763183,3031,"Setophaga caerulescens","17-Jun-91",17,"Jun",91,"1mi NW Mud Lake","York","NB","GRG","JPD","866-a,b","M","SY","NA, 6x1",9.7,"partial",62.8,56.2,NA,NA,NA,NA,NA,NA,"green",15.3,12.4,3,2,2,3,NA,"bill black; feet/legs dark olive;  stomach saved; L testis deflated, top mandible broken at tip","auto-align","NB.York","North East",45.71443,-66.86854,NA
"614278","dorsal","m","2",0.0757371919067603,0.0111966287533955,0.0708143128858188,0.0089194250620877,0.0782994245946431,0.012105097455605,0.0869687587609133,0.0157011923112038,0.0985584058767587,0.0119317964164962,0.0757371919067603,0.0111966287533955,33672,25.2745355601426,3031,"Setophaga caerulescens","17-Jun-91",17,"Jun",91,"1mi NW Mud Lake","York","NB","GRG","JPD","866-a,b","M","SY","NA, 6x1",9.7,"partial",62.8,56.2,NA,NA,NA,NA,NA,NA,"green",15.3,12.4,3,2,2,3,NA,"bill black; feet/legs dark olive;  stomach saved; L testis deflated, top mandible broken at tip","auto-align","NB.York","North East",45.71443,-66.86854,NA
"614278","ventral","t","1",0.0466553493694032,0.00542831383667834,0.0449677557789263,0.00643482412465991,0.0488572495459988,0.00629581957167446,0.055125061633786,0.0069891977715437,0.0439154837397083,0.00717752718664348,0.0466553493694032,0.00542831383667834,144213,108.247701257272,3031,"Setophaga caerulescens","17-Jun-91",17,"Jun",91,"1mi NW Mud Lake","York","NB","GRG","JPD","866-a,b","M","SY","NA, 6x1",9.7,"partial",62.8,56.2,NA,NA,NA,NA,NA,NA,"green",15.3,12.4,3,2,2,3,NA,"bill black; feet/legs dark olive;  stomach saved; L testis deflated, top mandible broken at tip","auto-align","NB.York","North East",45.71443,-66.86854,NA
"614278","dorsal","m","1",0.079448148919883,0.0120768221042278,0.0735645426098147,0.00950986304813157,0.0821531961667547,0.0128849079123925,0.0913855584055816,0.0180808862707638,0.107733943872853,0.0107588097505132,0.079448148919883,0.0120768221042278,34596,25.9680990805029,3031,"Setophaga caerulescens","17-Jun-91",17,"Jun",91,"1mi NW Mud Lake","York","NB","GRG","JPD","866-a,b","M","SY","NA, 6x1",9.7,"partial",62.8,56.2,NA,NA,NA,NA,NA,NA,"green",15.3,12.4,3,2,2,3,NA,"bill black; feet/legs dark olive;  stomach saved; L testis deflated, top mandible broken at tip","auto-align","NB.York","North East",45.71443,-66.86854,NA
"614278","side","o","1",0.0847611502966207,0.0100820515294001,0.0893499358399447,0.0131430078155571,0.0864242845313072,0.0111765388962909,0.0827866204443066,0.0105492716620141,0.0948294949433166,0.00977409553805461,0.0847611502966207,0.0100820515294001,7155,5.37061362356915,3031,"Setophaga caerulescens","17-Jun-91",17,"Jun",91,"1mi NW Mud Lake","York","NB","GRG","JPD","866-a,b","M","SY","NA, 6x1",9.7,"partial",62.8,56.2,NA,NA,NA,NA,NA,NA,"green",15.3,12.4,3,2,2,3,NA,"bill black; feet/legs dark olive;  stomach saved; L testis deflated, top mandible broken at tip","auto-align","NB.York","North East",45.71443,-66.86854,NA
"614278","crown","c","1",0.0758894872220277,0.0331035912564875,0.0636535410682491,0.0270306463127358,0.0800496833761766,0.0356729851479047,0.0913759218449015,0.0394430887831832,0.145224760662755,0.0535812809104754,0.0758894872220277,0.0331035912564875,41268,30.976168136611,3031,"Setophaga caerulescens","17-Jun-91",17,"Jun",91,"1mi NW Mud Lake","York","NB","GRG","JPD","866-a,b","M","SY","NA, 6x1",9.7,"partial",62.8,56.2,NA,NA,NA,NA,NA,NA,"green",15.3,12.4,3,2,2,3,NA,"bill black; feet/legs dark olive;  stomach saved; L testis deflated, top mandible broken at tip","auto-align","NB.York","North East",45.71443,-66.86854,NA
"614278","side","w","1",0.432681747433142,0.0930245032074388,0.440428079153567,0.100224901995721,0.437146237396443,0.0956770078154166,0.367791308146462,0.0695553760073942,0.433276804478709,0.0663052198501935,0.432681747433142,0.0930245032074388,43109,32.3580409082379,3031,"Setophaga caerulescens","17-Jun-91",17,"Jun",91,"1mi NW Mud Lake","York","NB","GRG","JPD","866-a,b","M","SY","NA, 6x1",9.7,"partial",62.8,56.2,NA,NA,NA,NA,NA,NA,"green",15.3,12.4,3,2,2,3,NA,"bill black; feet/legs dark olive;  stomach saved; L testis deflated, top mandible broken at tip","auto-align","NB.York","North East",45.71443,-66.86854,NA
"614279","dorsal","m","1",0.0693659979445272,0.00599490184882211,0.0646815993755105,0.00594533507173973,0.0714759750679395,0.00743380002798697,0.082107945632797,0.00996447886133421,0.0923816480361393,0.0105850322900225,0.0693659979445272,0.00599490184882211,33123,24.8624507412272,3032,"Setophaga caerulescens","11-Jun-91",11,"Jun",91,"Musquodobit River; 0.9mi N Crawford Bridge","Halifax","NS","GRG","JPD","867-a,b","M","SY","6x5, 6x5",10.2,"partial",61.8,46.4,3.3,4.1,9,6.7,NA,NA,"green",8.3,8.7,2,2,NA,2,NA,"no fat; bill black; feet/legs olive; no molt; stomach saved","","NS.Halifax","North East",44.9230007,-63.2413358,19.37
"614279","ventral","t","1",0.0500354652447977,0.0086019926117742,0.0488670916658334,0.00910947954124518,0.0515545325194521,0.00974246358490057,0.0594169301284148,0.0100483503294231,0.0489727954848049,0.0108268276046522,0.0500354652447977,0.0086019926117742,126465,94.9258772752862,3032,"Setophaga caerulescens","11-Jun-91",11,"Jun",91,"Musquodobit River; 0.9mi N Crawford Bridge","Halifax","NS","GRG","JPD","867-a,b","M","SY","6x5, 6x5",10.2,"partial",61.8,46.4,3.3,4.1,9,6.7,NA,NA,"green",8.3,8.7,2,2,NA,2,NA,"no fat; bill black; feet/legs olive; no molt; stomach saved","","NS.Halifax","North East",44.9230007,-63.2413358,19.37
"614279","dorsal","m","3",0.0685335467550837,0.0059502510403436,0.0645962960455435,0.00619633077233468,0.0705595296825888,0.007357973658201,0.0802632914515023,0.00981088421665292,0.09122214143783,0.0106628726450964,0.0685335467550837,0.0059502510403436,34040,25.5507599924939,3032,"Setophaga caerulescens","11-Jun-91",11,"Jun",91,"Musquodobit River; 0.9mi N Crawford Bridge","Halifax","NS","GRG","JPD","867-a,b","M","SY","6x5, 6x5",10.2,"partial",61.8,46.4,3.3,4.1,9,6.7,NA,NA,"green",8.3,8.7,2,2,NA,2,NA,"no fat; bill black; feet/legs olive; no molt; stomach saved","","NS.Halifax","North East",44.9230007,-63.2413358,19.37
"614279","crown","c","1",0.0630265442392254,0.0234008531337278,0.0509432529800723,0.0183299600054753,0.0665910717144085,0.0243688690834273,0.080966981477278,0.0319218581638127,0.136470827461729,0.0455643987974609,0.0630265442392254,0.0234008531337278,104235,78.2398198536311,3032,"Setophaga caerulescens","11-Jun-91",11,"Jun",91,"Musquodobit River; 0.9mi N Crawford Bridge","Halifax","NS","GRG","JPD","867-a,b","M","SY","6x5, 6x5",10.2,"partial",61.8,46.4,3.3,4.1,9,6.7,NA,NA,"green",8.3,8.7,2,2,NA,2,NA,"no fat; bill black; feet/legs olive; no molt; stomach saved","","NS.Halifax","North East",44.9230007,-63.2413358,19.37
"614279","side","o","1",0.0826244841161215,0.013061220574035,0.0883388481089774,0.0156060193785456,0.0842498385432956,0.0136764772439013,0.079515627429384,0.0104660953532933,0.0838196236100168,0.0169470946288548,0.0826244841161215,0.013061220574035,5910,4.436104334772,3032,"Setophaga caerulescens","11-Jun-91",11,"Jun",91,"Musquodobit River; 0.9mi N Crawford Bridge","Halifax","NS","GRG","JPD","867-a,b","M","SY","6x5, 6x5",10.2,"partial",61.8,46.4,3.3,4.1,9,6.7,NA,NA,"green",8.3,8.7,2,2,NA,2,NA,"no fat; bill black; feet/legs olive; no molt; stomach saved","","NS.Halifax","North East",44.9230007,-63.2413358,19.37
"614279","side","w","1",0.323410072094954,0.104948028770707,0.322408707933652,0.109182691833733,0.326137549147685,0.105020859052291,0.292187045882308,0.0862785237740419,0.379783359683368,0.116616200305908,0.323410072094954,0.104948028770707,35475,26.6278851566898,3032,"Setophaga caerulescens","11-Jun-91",11,"Jun",91,"Musquodobit River; 0.9mi N Crawford Bridge","Halifax","NS","GRG","JPD","867-a,b","M","SY","6x5, 6x5",10.2,"partial",61.8,46.4,3.3,4.1,9,6.7,NA,NA,"green",8.3,8.7,2,2,NA,2,NA,"no fat; bill black; feet/legs olive; no molt; stomach saved","","NS.Halifax","North East",44.9230007,-63.2413358,19.37
"614279","dorsal","m","2",0.0695245678059944,0.00595615498219592,0.0650221252522619,0.00598593601958844,0.0717215931401387,0.00743826455995669,0.0816778300128521,0.00973969284398674,0.0904307615276487,0.0099898079384386,0.0695245678059944,0.00595615498219592,32580,24.454869581535,3032,"Setophaga caerulescens","11-Jun-91",11,"Jun",91,"Musquodobit River; 0.9mi N Crawford Bridge","Halifax","NS","GRG","JPD","867-a,b","M","SY","6x5, 6x5",10.2,"partial",61.8,46.4,3.3,4.1,9,6.7,NA,NA,"green",8.3,8.7,2,2,NA,2,NA,"no fat; bill black; feet/legs olive; no molt; stomach saved","","NS.Halifax","North East",44.9230007,-63.2413358,19.37
"614280","side","o","1",0.0644214190613588,0.00757479973308312,0.0652340739275978,0.00962981424359249,0.0658779493599207,0.0083456750227809,0.0704935095376837,0.00799722711658536,0.0712692051081033,0.00867731634382457,0.0644214190613588,0.00757479973308312,8581,6.44098329893038,3033,"Setophaga caerulescens","11-Jun-91",11,"Jun",91,"Musquodobit River; 0.4mi N Crawford Bridge","Halifax","NS","GRG","CJD","868-a,b","M","ASY","6x5, 6x5",10.2,"partial",63,53.1,3.4,4.3,10.8,6.8,NA,NA,"blue",13.3,14.8,2,2,2,2,NA,"no fat; bill black; feet/legs olive; no molt; stomach saved","","NS.Halifax","North East",44.9230007,-63.2413358,NA
"614280","ventral","t","1",0.046761194897009,0.00430162823254945,0.0450577768363621,0.00489679271531462,0.0484708691018869,0.00502345353381105,0.0564084382877606,0.00584440824082706,0.0471250564789686,0.0071887328961207,0.046761194897009,0.00430162823254945,176914,132.793394633139,3033,"Setophaga caerulescens","11-Jun-91",11,"Jun",91,"Musquodobit River; 0.4mi N Crawford Bridge","Halifax","NS","GRG","CJD","868-a,b","M","ASY","6x5, 6x5",10.2,"partial",63,53.1,3.4,4.3,10.8,6.8,NA,NA,"blue",13.3,14.8,2,2,2,2,NA,"no fat; bill black; feet/legs olive; no molt; stomach saved","","NS.Halifax","North East",44.9230007,-63.2413358,NA
"614280","side","w","1",0.417599708472713,0.114948074265783,0.428962551961451,0.120988314262737,0.42525798044113,0.117422332005923,0.344168861760643,0.0847964106203655,0.366556837872176,0.0771916044699125,0.417599708472713,0.114948074265783,68295,51.2629011071496,3033,"Setophaga caerulescens","11-Jun-91",11,"Jun",91,"Musquodobit River; 0.4mi N Crawford Bridge","Halifax","NS","GRG","CJD","868-a,b","M","ASY","6x5, 6x5",10.2,"partial",63,53.1,3.4,4.3,10.8,6.8,NA,NA,"blue",13.3,14.8,2,2,2,2,NA,"no fat; bill black; feet/legs olive; no molt; stomach saved","","NS.Halifax","North East",44.9230007,-63.2413358,NA
"614280","crown","c","1",0.0614061415513668,0.0232656779999668,0.0512111786936787,0.021922559422128,0.0657364574925934,0.0246453708715887,0.0740476909134381,0.024946422786331,0.118687018126681,0.04557857532697,0.0614061415513668,0.0232656779999668,113556,85.2362544567461,3033,"Setophaga caerulescens","11-Jun-91",11,"Jun",91,"Musquodobit River; 0.4mi N Crawford Bridge","Halifax","NS","GRG","CJD","868-a,b","M","ASY","6x5, 6x5",10.2,"partial",63,53.1,3.4,4.3,10.8,6.8,NA,NA,"blue",13.3,14.8,2,2,2,2,NA,"no fat; bill black; feet/legs olive; no molt; stomach saved","","NS.Halifax","North East",44.9230007,-63.2413358,NA
"614280","dorsal","m","3",0.074130642652071,0.0194560394038961,0.0668980623632729,0.0144828451930475,0.0769299390577587,0.0222462811368941,0.0885475881938877,0.0237512336635564,0.104181859552634,0.0154839169934732,0.074130642652071,0.0194560394038961,32580,24.454869581535,3033,"Setophaga caerulescens","11-Jun-91",11,"Jun",91,"Musquodobit River; 0.4mi N Crawford Bridge","Halifax","NS","GRG","CJD","868-a,b","M","ASY","6x5, 6x5",10.2,"partial",63,53.1,3.4,4.3,10.8,6.8,NA,NA,"blue",13.3,14.8,2,2,2,2,NA,"no fat; bill black; feet/legs olive; no molt; stomach saved","","NS.Halifax","North East",44.9230007,-63.2413358,NA
"614280","dorsal","m","1",0.0732714642317187,0.0201381454126887,0.0670000252043581,0.0154589231935996,0.0759312539263799,0.0227704793542422,0.0867724886640237,0.0241577207246556,0.102444965763768,0.0190845063240343,0.0732714642317187,0.0201381454126887,33124,24.8632013510978,3033,"Setophaga caerulescens","11-Jun-91",11,"Jun",91,"Musquodobit River; 0.4mi N Crawford Bridge","Halifax","NS","GRG","CJD","868-a,b","M","ASY","6x5, 6x5",10.2,"partial",63,53.1,3.4,4.3,10.8,6.8,NA,NA,"blue",13.3,14.8,2,2,2,2,NA,"no fat; bill black; feet/legs olive; no molt; stomach saved","","NS.Halifax","North East",44.9230007,-63.2413358,NA
"614280","dorsal","m","2",0.0721234415328667,0.0194057055081144,0.066509960383247,0.0151195508271872,0.0747423223244854,0.0215842672972316,0.0847693835556743,0.0240091951884207,0.101444705521729,0.0170627263085865,0.0721234415328667,0.0194057055081144,33124,24.8632013510978,3033,"Setophaga caerulescens","11-Jun-91",11,"Jun",91,"Musquodobit River; 0.4mi N Crawford Bridge","Halifax","NS","GRG","CJD","868-a,b","M","ASY","6x5, 6x5",10.2,"partial",63,53.1,3.4,4.3,10.8,6.8,NA,NA,"blue",13.3,14.8,2,2,2,2,NA,"no fat; bill black; feet/legs olive; no molt; stomach saved","","NS.Halifax","North East",44.9230007,-63.2413358,NA
"614281","dorsal","m","3",0.0778739398742724,0.00766192258429031,0.0692839187270884,0.00694322846584715,0.0805026396984482,0.00904841946383911,0.0948388470717747,0.0122542460728877,0.11656285455165,0.0136448206740568,0.0778739398742724,0.00766192258429031,33488,25.136423343967,3034,"Setophaga caerulescens","12-Jun-91",12,"Jun",91,"Musquodobit River; Crawford Bridge","Halifax","NS","GRG","JPD","869-a,b","M","ASY","6x5, 5.5x4.5",9.7,"partial",62.8,50.6,3,3.8,10.6,6.9,NA,NA,"blue",13.9,14,2,2,2,2,NA,"no fat; bill black; feet/legs olive; no molt; stomach saved","","NS.Halifax","North East",44.9230007,-63.2413358,NA
"614281","ventral","t","1",0.0432156428917329,0.0061311452372298,0.041877985392198,0.00709260893262456,0.04432859294035,0.00728046827811995,0.0545846469430999,0.00842394163865667,0.0409803750890671,0.0071751870050203,0.0432156428917329,0.0061311452372298,154433,115.918934133984,3034,"Setophaga caerulescens","12-Jun-91",12,"Jun",91,"Musquodobit River; Crawford Bridge","Halifax","NS","GRG","JPD","869-a,b","M","ASY","6x5, 5.5x4.5",9.7,"partial",62.8,50.6,3,3.8,10.6,6.9,NA,NA,"blue",13.9,14,2,2,2,2,NA,"no fat; bill black; feet/legs olive; no molt; stomach saved","","NS.Halifax","North East",44.9230007,-63.2413358,NA
"614281","crown","c","1",0.0670326126458953,0.0308850810779922,0.0562471034869621,0.0288117593226447,0.0706556034140313,0.0332791074170354,0.082650583932699,0.033304443201209,0.132502363785997,0.0524788997736248,0.0670326126458953,0.0308850810779922,96735,72.6102458247326,3034,"Setophaga caerulescens","12-Jun-91",12,"Jun",91,"Musquodobit River; Crawford Bridge","Halifax","NS","GRG","JPD","869-a,b","M","ASY","6x5, 5.5x4.5",9.7,"partial",62.8,50.6,3,3.8,10.6,6.9,NA,NA,"blue",13.9,14,2,2,2,2,NA,"no fat; bill black; feet/legs olive; no molt; stomach saved","","NS.Halifax","North East",44.9230007,-63.2413358,NA
"614281","side","o","1",0.0620003275249824,0.00591748556976569,0.0618511587032436,0.00652947428674152,0.06382883799307,0.00678139073785964,0.0687795024701655,0.00763077185881431,0.0759255970514211,0.00938954062577455,0.0620003275249824,0.00591748556976569,8935,6.70669919309439,3034,"Setophaga caerulescens","12-Jun-91",12,"Jun",91,"Musquodobit River; Crawford Bridge","Halifax","NS","GRG","JPD","869-a,b","M","ASY","6x5, 5.5x4.5",9.7,"partial",62.8,50.6,3,3.8,10.6,6.9,NA,NA,"blue",13.9,14,2,2,2,2,NA,"no fat; bill black; feet/legs olive; no molt; stomach saved","","NS.Halifax","North East",44.9230007,-63.2413358,NA
"614281","dorsal","m","2",0.074792477216279,0.00784195366175408,0.0669045440595494,0.00686233521428028,0.0773784683855251,0.00992894658912729,0.0908396622972547,0.0119311741415704,0.111724287246165,0.0128087634506898,0.074792477216279,0.00784195366175408,32761,24.5907299680991,3034,"Setophaga caerulescens","12-Jun-91",12,"Jun",91,"Musquodobit River; Crawford Bridge","Halifax","NS","GRG","JPD","869-a,b","M","ASY","6x5, 5.5x4.5",9.7,"partial",62.8,50.6,3,3.8,10.6,6.9,NA,NA,"blue",13.9,14,2,2,2,2,NA,"no fat; bill black; feet/legs olive; no molt; stomach saved","","NS.Halifax","North East",44.9230007,-63.2413358,NA
"614281","dorsal","m","1",0.0767763071999982,0.00971610642479399,0.0703253818568028,0.00921239210819474,0.0792979283573606,0.0108598071243998,0.0907066712031069,0.0138026540466061,0.113772080346795,0.0160841497677229,0.0767763071999982,0.00971610642479399,32400,24.3197598048414,3034,"Setophaga caerulescens","12-Jun-91",12,"Jun",91,"Musquodobit River; Crawford Bridge","Halifax","NS","GRG","JPD","869-a,b","M","ASY","6x5, 5.5x4.5",9.7,"partial",62.8,50.6,3,3.8,10.6,6.9,NA,NA,"blue",13.9,14,2,2,2,2,NA,"no fat; bill black; feet/legs olive; no molt; stomach saved","","NS.Halifax","North East",44.9230007,-63.2413358,NA
"614281","side","w","1",0.405810802705286,0.0989871192982723,0.411281467378457,0.105860659730618,0.41005919752991,0.100711534248573,0.34811052377142,0.0723049255560894,0.428933240587033,0.080995462867319,0.405810802705286,0.0989871192982723,74806,56.150121974104,3034,"Setophaga caerulescens","12-Jun-91",12,"Jun",91,"Musquodobit River; Crawford Bridge","Halifax","NS","GRG","JPD","869-a,b","M","ASY","6x5, 5.5x4.5",9.7,"partial",62.8,50.6,3,3.8,10.6,6.9,NA,NA,"blue",13.9,14,2,2,2,2,NA,"no fat; bill black; feet/legs olive; no molt; stomach saved","","NS.Halifax","North East",44.9230007,-63.2413358,NA
"614282","dorsal","m","2",0.0738418419742145,0.0109506306989228,0.0684309255790514,0.00848812471520802,0.0762753856047022,0.0120556542848285,0.0869575822442539,0.0161451652946508,0.10035230659914,0.0120368118950374,0.0738418419742145,0.0109506306989228,34596,25.9680990805029,3035,"Setophaga caerulescens","12-Jun-91",12,"Jun",91,"Musquodobit River; Crawford Bridge","Halifax","NS","GRG","CJD","870-a,b","M","SY","6x5, 5x4",10.9,"partial",63.6,51.7,3.4,4.1,11.2,7.3,NA,NA,"blue",8.6,8.8,2,2,2,2,NA,"no fat; bill black; feet/legs light olive; no molt; stomach saved","","NS.Halifax","North East",44.9230007,-63.2413358,NA
"614282","dorsal","m","3",0.0754441997647107,0.0124137897414716,0.070282016449077,0.00920225445375672,0.0778384570837032,0.0135767222234903,0.0883350537233096,0.0181585417646189,0.0999322056048627,0.0129631559955057,0.0754441997647107,0.0124137897414716,33856,25.4126477763183,3035,"Setophaga caerulescens","12-Jun-91",12,"Jun",91,"Musquodobit River; Crawford Bridge","Halifax","NS","GRG","CJD","870-a,b","M","SY","6x5, 5x4",10.9,"partial",63.6,51.7,3.4,4.1,11.2,7.3,NA,NA,"blue",8.6,8.8,2,2,2,2,NA,"no fat; bill black; feet/legs light olive; no molt; stomach saved","","NS.Halifax","North East",44.9230007,-63.2413358,NA
"614282","side","o","1",0.0768616910548554,0.0111085783391118,0.079884497744523,0.0118951445617079,0.0791313273085813,0.0127952380635602,0.0764437385775187,0.00989954624090088,0.0895640444145775,0.0101208634664582,0.0768616910548554,0.0111085783391118,6280,4.71382998686433,3035,"Setophaga caerulescens","12-Jun-91",12,"Jun",91,"Musquodobit River; Crawford Bridge","Halifax","NS","GRG","CJD","870-a,b","M","SY","6x5, 5x4",10.9,"partial",63.6,51.7,3.4,4.1,11.2,7.3,NA,NA,"blue",8.6,8.8,2,2,2,2,NA,"no fat; bill black; feet/legs light olive; no molt; stomach saved","","NS.Halifax","North East",44.9230007,-63.2413358,NA
"614282","crown","c","1",0.0701750305540938,0.0275725726174624,0.0563937952748364,0.0220844298093452,0.0733909663182554,0.0297264892059487,0.0915980814611722,0.0380620142834475,0.155750160508567,0.0503812044845572,0.0701750305540938,0.0275725726174624,98442,73.8915368737099,3035,"Setophaga caerulescens","12-Jun-91",12,"Jun",91,"Musquodobit River; Crawford Bridge","Halifax","NS","GRG","CJD","870-a,b","M","SY","6x5, 5x4",10.9,"partial",63.6,51.7,3.4,4.1,11.2,7.3,NA,NA,"blue",8.6,8.8,2,2,2,2,NA,"no fat; bill black; feet/legs light olive; no molt; stomach saved","","NS.Halifax","North East",44.9230007,-63.2413358,NA
"614282","dorsal","m","1",0.0746279894638184,0.0137635348500785,0.0700774369356367,0.0121024009096504,0.0768987989333309,0.0147592192432399,0.0869371857805777,0.0180860404489624,0.0996799390255432,0.0125826101267756,0.0746279894638184,0.0137635348500785,34593,25.9658472508914,3035,"Setophaga caerulescens","12-Jun-91",12,"Jun",91,"Musquodobit River; Crawford Bridge","Halifax","NS","GRG","CJD","870-a,b","M","SY","6x5, 5x4",10.9,"partial",63.6,51.7,3.4,4.1,11.2,7.3,NA,NA,"blue",8.6,8.8,2,2,2,2,NA,"no fat; bill black; feet/legs light olive; no molt; stomach saved","","NS.Halifax","North East",44.9230007,-63.2413358,NA
"614282","ventral","t","1",0.0470774727591497,0.00707928467009373,0.0457124706284769,0.00790177282737336,0.0491374930148121,0.00756234006240565,0.0551790337767609,0.00667972992940302,0.0462877344178294,0.00796728957983218,0.0470774727591497,0.00707928467009373,142062,106.633139425783,3035,"Setophaga caerulescens","12-Jun-91",12,"Jun",91,"Musquodobit River; Crawford Bridge","Halifax","NS","GRG","CJD","870-a,b","M","SY","6x5, 5x4",10.9,"partial",63.6,51.7,3.4,4.1,11.2,7.3,NA,NA,"blue",8.6,8.8,2,2,2,2,NA,"no fat; bill black; feet/legs light olive; no molt; stomach saved","","NS.Halifax","North East",44.9230007,-63.2413358,NA
"614282","side","w","1",0.377223219839556,0.0881099322792283,0.379330204232897,0.08784807931793,0.384279113499005,0.0907854329422718,0.320342862976636,0.0721718320152525,0.432717570716971,0.0877498691930835,0.377223219839556,0.0881099322792283,28425,21.3360855695252,3035,"Setophaga caerulescens","12-Jun-91",12,"Jun",91,"Musquodobit River; Crawford Bridge","Halifax","NS","GRG","CJD","870-a,b","M","SY","6x5, 5x4",10.9,"partial",63.6,51.7,3.4,4.1,11.2,7.3,NA,NA,"blue",8.6,8.8,2,2,2,2,NA,"no fat; bill black; feet/legs light olive; no molt; stomach saved","","NS.Halifax","North East",44.9230007,-63.2413358,NA
"614283","dorsal","m","1",0.058719274481787,0.00764291354160956,0.0550748889685147,0.00737287878552691,0.0604994336319716,0.00890973489138522,0.07167252404839,0.0111739167812321,0.0743982220025737,0.0136609396924579,0.058719274481787,0.00764291354160956,32942,24.7265903546632,3036,"Setophaga caerulescens","12-Jun-91",12,"Jun",91,"Dollar Lake","Halifax","NS","GRG","JPD","871-a,b","M","ASY","7x5",10.6,"partial",61.1,52.8,NA,NA,10.9,6.7,NA,NA,"blue",12.9,14.4,2,2,2,2,NA,"light fat; bill black; feet/legs dark olive; stomach saved; head damaged by shot; lower mandible protruding forward","","NS.Halifax","North East",44.9144398,-63.3232274,NA
"614283","dorsal","m","2",0.062231455428725,0.00718935825038782,0.0590546347387362,0.00656659279182956,0.0641417209100296,0.00866279047626443,0.0738734629713773,0.0114851954124317,0.0792387524238448,0.0133606039232074,0.062231455428725,0.00718935825038782,33122,24.8617001313567,3036,"Setophaga caerulescens","12-Jun-91",12,"Jun",91,"Dollar Lake","Halifax","NS","GRG","JPD","871-a,b","M","ASY","7x5",10.6,"partial",61.1,52.8,NA,NA,10.9,6.7,NA,NA,"blue",12.9,14.4,2,2,2,2,NA,"light fat; bill black; feet/legs dark olive; stomach saved; head damaged by shot; lower mandible protruding forward","","NS.Halifax","North East",44.9144398,-63.3232274,NA
"614283","side","w","1",0.468050988921943,0.116271363576718,0.470480074044121,0.11769584697588,0.467413191931131,0.113844379670275,0.401650372177883,0.0971517911097104,0.52494383315811,0.13649317525219,0.468050988921943,0.116271363576718,42182,31.6622255582661,3036,"Setophaga caerulescens","12-Jun-91",12,"Jun",91,"Dollar Lake","Halifax","NS","GRG","JPD","871-a,b","M","ASY","7x5",10.6,"partial",61.1,52.8,NA,NA,10.9,6.7,NA,NA,"blue",12.9,14.4,2,2,2,2,NA,"light fat; bill black; feet/legs dark olive; stomach saved; head damaged by shot; lower mandible protruding forward","","NS.Halifax","North East",44.9144398,-63.3232274,NA
"614283","side","o","1",0.0667236871195638,0.015992591427487,0.06468582320063,0.0148897853402014,0.0685275743526265,0.01690495865292,0.0767534957924794,0.0175008081756905,0.0837435620991597,0.0256802164490073,0.0667236871195638,0.015992591427487,6409,4.81065866016138,3036,"Setophaga caerulescens","12-Jun-91",12,"Jun",91,"Dollar Lake","Halifax","NS","GRG","JPD","871-a,b","M","ASY","7x5",10.6,"partial",61.1,52.8,NA,NA,10.9,6.7,NA,NA,"blue",12.9,14.4,2,2,2,2,NA,"light fat; bill black; feet/legs dark olive; stomach saved; head damaged by shot; lower mandible protruding forward","","NS.Halifax","North East",44.9144398,-63.3232274,NA
"614283","ventral","t","1",0.0521219816101414,0.00978213020148057,0.051475893635477,0.0115325242077984,0.0536522700762799,0.0105580878434964,0.060597346803977,0.00934486501489906,0.0495113426394947,0.010883784003843,0.0521219816101414,0.00978213020148057,157197,117.993619816101,3036,"Setophaga caerulescens","12-Jun-91",12,"Jun",91,"Dollar Lake","Halifax","NS","GRG","JPD","871-a,b","M","ASY","7x5",10.6,"partial",61.1,52.8,NA,NA,10.9,6.7,NA,NA,"blue",12.9,14.4,2,2,2,2,NA,"light fat; bill black; feet/legs dark olive; stomach saved; head damaged by shot; lower mandible protruding forward","","NS.Halifax","North East",44.9144398,-63.3232274,NA
"614283","crown","c","1",0.0558768837491331,0.0266076531442025,0.0451200981199857,0.0205875697375024,0.0599239299560369,0.0288577340653292,0.0702079727554864,0.0351653228394884,0.112863305177547,0.0484606165239712,0.0558768837491331,0.0266076531442025,92241,69.2370050666166,3036,"Setophaga caerulescens","12-Jun-91",12,"Jun",91,"Dollar Lake","Halifax","NS","GRG","JPD","871-a,b","M","ASY","7x5",10.6,"partial",61.1,52.8,NA,NA,10.9,6.7,NA,NA,"blue",12.9,14.4,2,2,2,2,NA,"light fat; bill black; feet/legs dark olive; stomach saved; head damaged by shot; lower mandible protruding forward","","NS.Halifax","North East",44.9144398,-63.3232274,NA
"614283","dorsal","m","3",0.0634061337794986,0.00768564841388638,0.0594280388010372,0.00741922534415212,0.0653469926467656,0.00912826996205342,0.0761711067420927,0.0116403650630451,0.0832146130289292,0.0128895855087141,0.0634061337794986,0.00768564841388638,31684,23.7823231375493,3036,"Setophaga caerulescens","12-Jun-91",12,"Jun",91,"Dollar Lake","Halifax","NS","GRG","JPD","871-a,b","M","ASY","7x5",10.6,"partial",61.1,52.8,NA,NA,10.9,6.7,NA,NA,"blue",12.9,14.4,2,2,2,2,NA,"light fat; bill black; feet/legs dark olive; stomach saved; head damaged by shot; lower mandible protruding forward","","NS.Halifax","North East",44.9144398,-63.3232274,NA
"614284","ventral","t","1",0.055061915457088,0.00956985179938065,0.0544799051840791,0.0106425995580504,0.0562125447613273,0.0103938210150976,0.0643311774437951,0.00989693751566668,0.0535693628319096,0.0132681576176455,0.055061915457088,0.00956985179938065,147168,110.465753424658,3037,"Setophaga caerulescens","12-Jun-91",12,"Jun",91,"Dollar Lake","Halifax","NS","GRG","CJD","872-a,b","M","SY","6x5, 5x4",10.4,"partial",65.7,50.9,3.3,4.1,10.3,6.4,NA,NA,"green",7.3,8.2,2,2,2,2,NA,"no fat; bill black; feet/legs light olive; stomach saved","","NS.Halifax","North East",44.9144398,-63.3232274,NA
"614284","dorsal","m","3",0.0941754223766161,0.0132337177750454,0.0860885429876577,0.00961872500833094,0.0967276370857016,0.0146658159510602,0.108946918195576,0.0199483951394249,0.132981790741432,0.0197475243467001,0.0941754223766161,0.0132337177750454,33124,24.8632013510978,3037,"Setophaga caerulescens","12-Jun-91",12,"Jun",91,"Dollar Lake","Halifax","NS","GRG","CJD","872-a,b","M","SY","6x5, 5x4",10.4,"partial",65.7,50.9,3.3,4.1,10.3,6.4,NA,NA,"green",7.3,8.2,2,2,2,2,NA,"no fat; bill black; feet/legs light olive; stomach saved","","NS.Halifax","North East",44.9144398,-63.3232274,NA
"614284","side","w","1",0.403969359333136,0.0937236319615426,0.403882912368569,0.0938264774860262,0.402214035829365,0.0924761164966303,0.363037528382518,0.082722295038657,0.488681050353273,0.126582495169532,0.403969359333136,0.0937236319615426,25758,19.3342090448489,3037,"Setophaga caerulescens","12-Jun-91",12,"Jun",91,"Dollar Lake","Halifax","NS","GRG","CJD","872-a,b","M","SY","6x5, 5x4",10.4,"partial",65.7,50.9,3.3,4.1,10.3,6.4,NA,NA,"green",7.3,8.2,2,2,2,2,NA,"no fat; bill black; feet/legs light olive; stomach saved","","NS.Halifax","North East",44.9144398,-63.3232274,NA
"614284","crown","c","1",0.067127191711901,0.0284868465138641,0.0595966961841458,0.0258066711101328,0.0711189122489247,0.0319512016510073,0.0762423567988681,0.0294916975088194,0.106984821289968,0.0353232095963337,0.067127191711901,0.0284868465138641,85914,64.4878964158379,3037,"Setophaga caerulescens","12-Jun-91",12,"Jun",91,"Dollar Lake","Halifax","NS","GRG","CJD","872-a,b","M","SY","6x5, 5x4",10.4,"partial",65.7,50.9,3.3,4.1,10.3,6.4,NA,NA,"green",7.3,8.2,2,2,2,2,NA,"no fat; bill black; feet/legs light olive; stomach saved","","NS.Halifax","North East",44.9144398,-63.3232274,NA
"614284","dorsal","m","2",0.0889474911794764,0.0147494857292115,0.0829168850788435,0.0105387904371912,0.0910156226768478,0.0160752122549429,0.102586526915037,0.0217181861088616,0.118187896709442,0.0156808361755115,0.0889474911794764,0.0147494857292115,32580,24.454869581535,3037,"Setophaga caerulescens","12-Jun-91",12,"Jun",91,"Dollar Lake","Halifax","NS","GRG","CJD","872-a,b","M","SY","6x5, 5x4",10.4,"partial",65.7,50.9,3.3,4.1,10.3,6.4,NA,NA,"green",7.3,8.2,2,2,2,2,NA,"no fat; bill black; feet/legs light olive; stomach saved","","NS.Halifax","North East",44.9144398,-63.3232274,NA
"614284","side","o","1",0.111391574239353,0.0226967151383508,0.120661529751307,0.0281148134555113,0.112884935863185,0.023325891539462,0.100988209168689,0.0156458242872357,0.112632041474469,0.0215285907826567,0.111391574239353,0.0226967151383508,6002,4.50516044285982,3037,"Setophaga caerulescens","12-Jun-91",12,"Jun",91,"Dollar Lake","Halifax","NS","GRG","CJD","872-a,b","M","SY","6x5, 5x4",10.4,"partial",65.7,50.9,3.3,4.1,10.3,6.4,NA,NA,"green",7.3,8.2,2,2,2,2,NA,"no fat; bill black; feet/legs light olive; stomach saved","","NS.Halifax","North East",44.9144398,-63.3232274,NA
"614284","dorsal","m","1",0.0901856010909886,0.012340612338725,0.0820968987937407,0.00858952074232919,0.0923940065039396,0.0137099610446734,0.106421288675694,0.0195658492072277,0.124976464801317,0.0171780560480664,0.0901856010909886,0.012340612338725,33487,25.1356727340965,3037,"Setophaga caerulescens","12-Jun-91",12,"Jun",91,"Dollar Lake","Halifax","NS","GRG","CJD","872-a,b","M","SY","6x5, 5x4",10.4,"partial",65.7,50.9,3.3,4.1,10.3,6.4,NA,NA,"green",7.3,8.2,2,2,2,2,NA,"no fat; bill black; feet/legs light olive; stomach saved","","NS.Halifax","North East",44.9144398,-63.3232274,NA
"614285","dorsal","m","2",0.0683052372791335,0.0120225865443098,0.0618892795892667,0.00913091070070018,0.0702117920480463,0.0133024435686733,0.0851073425335181,0.0190850710926117,0.114497916598546,0.0148470305766305,0.0683052372791335,0.0120225865443098,33123,24.8624507412272,3038,"Setophaga caerulescens","12-Jun-91",12,"Jun",91,"Dollar Lake","Halifax","NS","GRG","JPD","873-a,b","M","ASY","9x5.5,6x4.5",11.7,"partial",66.3,50.3,3,4.3,10.8,7,NA,NA,"blue",14.4,13.9,2,2,2,2,NA,"light fat; bill black; feet/legs dark olive; stomach saved; no molt","","NS.Halifax","North East",44.9144398,-63.3232274,NA
"614285","dorsal","m","1",0.0714437592779206,0.0119224697995733,0.0626166898204739,0.00889852632712357,0.073344882349312,0.0130272017868429,0.0917438265613124,0.0197905670149529,0.12922789505578,0.0174236992984827,0.0714437592779206,0.0119224697995733,33489,25.1371739538375,3038,"Setophaga caerulescens","12-Jun-91",12,"Jun",91,"Dollar Lake","Halifax","NS","GRG","JPD","873-a,b","M","ASY","9x5.5,6x4.5",11.7,"partial",66.3,50.3,3,4.3,10.8,7,NA,NA,"blue",14.4,13.9,2,2,2,2,NA,"light fat; bill black; feet/legs dark olive; stomach saved; no molt","","NS.Halifax","North East",44.9144398,-63.3232274,NA
"614285","ventral","t","1",0.0544229463567075,0.00774467310793223,0.0524946435683509,0.00885080204037161,0.0556796773844521,0.00862623205841027,0.0654097545618967,0.0092566906266012,0.0564568417765571,0.0129974807932439,0.0544229463567075,0.00774467310793223,191399,143.665978607619,3038,"Setophaga caerulescens","12-Jun-91",12,"Jun",91,"Dollar Lake","Halifax","NS","GRG","JPD","873-a,b","M","ASY","9x5.5,6x4.5",11.7,"partial",66.3,50.3,3,4.3,10.8,7,NA,NA,"blue",14.4,13.9,2,2,2,2,NA,"light fat; bill black; feet/legs dark olive; stomach saved; no molt","","NS.Halifax","North East",44.9144398,-63.3232274,NA
"614285","crown","c","1",0.0769018674502517,0.0271066905211621,0.0619599269741763,0.0265404021819919,0.0810888015627899,0.0282305405815106,0.0968883088846321,0.028707261944068,0.169405814948782,0.061245740084926,0.0769018674502517,0.0271066905211621,98786,74.1497466691687,3038,"Setophaga caerulescens","12-Jun-91",12,"Jun",91,"Dollar Lake","Halifax","NS","GRG","JPD","873-a,b","M","ASY","9x5.5,6x4.5",11.7,"partial",66.3,50.3,3,4.3,10.8,7,NA,NA,"blue",14.4,13.9,2,2,2,2,NA,"light fat; bill black; feet/legs dark olive; stomach saved; no molt","","NS.Halifax","North East",44.9144398,-63.3232274,NA
"614285","dorsal","m","3",0.0669040910274607,0.0102454744313941,0.0609039368038722,0.0080017314164442,0.0685966939254506,0.0113641326211688,0.0837114227284644,0.0173341648490123,0.116612661493481,0.0149110456918803,0.0669040910274607,0.0102454744313941,32761,24.5907299680991,3038,"Setophaga caerulescens","12-Jun-91",12,"Jun",91,"Dollar Lake","Halifax","NS","GRG","JPD","873-a,b","M","ASY","9x5.5,6x4.5",11.7,"partial",66.3,50.3,3,4.3,10.8,7,NA,NA,"blue",14.4,13.9,2,2,2,2,NA,"light fat; bill black; feet/legs dark olive; stomach saved; no molt","","NS.Halifax","North East",44.9144398,-63.3232274,NA
"614285","side","w","1",0.43830350075946,0.10224165071546,0.438271129166149,0.108219460565298,0.436277014807608,0.102364679752964,0.38824276468059,0.0824382885325644,0.518928393085479,0.0990414422792098,0.43830350075946,0.10224165071546,47749,35.8408707074498,3038,"Setophaga caerulescens","12-Jun-91",12,"Jun",91,"Dollar Lake","Halifax","NS","GRG","JPD","873-a,b","M","ASY","9x5.5,6x4.5",11.7,"partial",66.3,50.3,3,4.3,10.8,7,NA,NA,"blue",14.4,13.9,2,2,2,2,NA,"light fat; bill black; feet/legs dark olive; stomach saved; no molt","","NS.Halifax","North East",44.9144398,-63.3232274,NA
"614285","side","o","1",0.067508160517956,0.0085287285736014,0.0670673541270917,0.0102234927855289,0.0682567515673869,0.010167692800024,0.0776036941646036,0.0121336171303682,0.0813617391564437,0.0110286450443757,0.067508160517956,0.0085287285736014,11578,8.69056108087821,3038,"Setophaga caerulescens","12-Jun-91",12,"Jun",91,"Dollar Lake","Halifax","NS","GRG","JPD","873-a,b","M","ASY","9x5.5,6x4.5",11.7,"partial",66.3,50.3,3,4.3,10.8,7,NA,NA,"blue",14.4,13.9,2,2,2,2,NA,"light fat; bill black; feet/legs dark olive; stomach saved; no molt","","NS.Halifax","North East",44.9144398,-63.3232274,NA
"614287","crown","c","1",0.0661591090904678,0.0278034116232919,0.0543357967417459,0.0255096481960299,0.0703400348715066,0.0292188856005168,0.0810221332704871,0.0315459382070302,0.136993028511755,0.051110813337401,0.0661591090904678,0.0278034116232919,92695,69.5777819478326,3040,"Setophaga caerulescens","23-Jun-91",23,"Jun",91,"Frenchtown Township; 1.5mi SE Kokadjo on S. shore First Roach Lake","Piscataquis","ME","GRG","JPD","875-a,b","M","SY","7x5.5, NA",9.4,"partial",60.3,49.2,2.8,3.6,10.8,7.3,NA,NA,"green",9.2,8,NA,2,2,2,NA,"stomach saved; bill black; feet/legs olive","","ME.Piscataquis","North East",45.6711541,-69.4469979,18.82
"614287","side","o","1",0.0730459716953751,0.0231750343333228,0.0695076343012449,0.0205642487635819,0.0753856764790828,0.0250917094004039,0.0822433749502136,0.0274249020162457,0.101913869199341,0.0360504326411468,0.0730459716953751,0.0231750343333228,7893,5.92456370801276,3040,"Setophaga caerulescens","23-Jun-91",23,"Jun",91,"Frenchtown Township; 1.5mi SE Kokadjo on S. shore First Roach Lake","Piscataquis","ME","GRG","JPD","875-a,b","M","SY","7x5.5, NA",9.4,"partial",60.3,49.2,2.8,3.6,10.8,7.3,NA,NA,"green",9.2,8,NA,2,2,2,NA,"stomach saved; bill black; feet/legs olive","","ME.Piscataquis","North East",45.6711541,-69.4469979,18.82
"614287","side","w","1",0.349307436220146,0.0936227102697571,0.345567332113454,0.0918359755553892,0.356398291084698,0.0963391059384548,0.307040350881712,0.0808978077423628,0.444745470055759,0.109807170957096,0.349307436220146,0.0936227102697571,32467,24.3700506661663,3040,"Setophaga caerulescens","23-Jun-91",23,"Jun",91,"Frenchtown Township; 1.5mi SE Kokadjo on S. shore First Roach Lake","Piscataquis","ME","GRG","JPD","875-a,b","M","SY","7x5.5, NA",9.4,"partial",60.3,49.2,2.8,3.6,10.8,7.3,NA,NA,"green",9.2,8,NA,2,2,2,NA,"stomach saved; bill black; feet/legs olive","","ME.Piscataquis","North East",45.6711541,-69.4469979,18.82
"614287","ventral","t","1",0.0482998295001513,0.0122638708465395,0.0470758064032648,0.0147228997407218,0.0498826962443625,0.0130871690722998,0.0569829373150226,0.0106504778496184,0.0482587816871434,0.00953025785599173,0.0482998295001513,0.0122638708465395,165605,124.304747607431,3040,"Setophaga caerulescens","23-Jun-91",23,"Jun",91,"Frenchtown Township; 1.5mi SE Kokadjo on S. shore First Roach Lake","Piscataquis","ME","GRG","JPD","875-a,b","M","SY","7x5.5, NA",9.4,"partial",60.3,49.2,2.8,3.6,10.8,7.3,NA,NA,"green",9.2,8,NA,2,2,2,NA,"stomach saved; bill black; feet/legs olive","","ME.Piscataquis","North East",45.6711541,-69.4469979,18.82
"614288","dorsal","m","1",0.0759109545012394,0.0154619239136529,0.0682066837934191,0.0111069246813383,0.0784439128293429,0.0172917200430493,0.0911704238318501,0.022463916989203,0.11115160250012,0.0134779570715137,0.0759109545012394,0.0154619239136529,31862,23.9159316945018,3041,"Setophaga caerulescens","23-Jun-91",23,"Jun",91,"Frenchtown Township; 3 mi ESE Kokadjo on S. shore First Roach Lake","Piscataquis","ME","GRG","CJD","876-a,b","M","SY","6x4, 5x4",9.9,"partial",62.5,50.1,NA,4.3,9.9,7.7,NA,NA,"green",11,11.7,2,4,3,2,NA,"no fat; stomach saved; bill black; feet/legs olive; broken lower mandible","","ME.Piscataquis","North East",45.6711541,-69.4469979,19.19
"614288","dorsal","m","2",0.0797138510253891,0.0176181484794675,0.0712584724576714,0.0129731949394993,0.0823377425396307,0.0195741155994245,0.0956508855923962,0.0251493331130536,0.121243597766843,0.0178559949290417,0.0797138510253891,0.0176181484794675,33489,25.1371739538375,3041,"Setophaga caerulescens","23-Jun-91",23,"Jun",91,"Frenchtown Township; 3 mi ESE Kokadjo on S. shore First Roach Lake","Piscataquis","ME","GRG","CJD","876-a,b","M","SY","6x4, 5x4",9.9,"partial",62.5,50.1,NA,4.3,9.9,7.7,NA,NA,"green",11,11.7,2,4,3,2,NA,"no fat; stomach saved; bill black; feet/legs olive; broken lower mandible","","ME.Piscataquis","North East",45.6711541,-69.4469979,19.19
"614288","dorsal","m","3",0.0746005285618834,0.0149403734334302,0.0668021883382396,0.0104544263987469,0.0772034341972648,0.0166301292224346,0.0899613745916361,0.0225415348199514,0.111691894415137,0.0143669755264213,0.0746005285618834,0.0149403734334302,33306,24.9998123475324,3041,"Setophaga caerulescens","23-Jun-91",23,"Jun",91,"Frenchtown Township; 3 mi ESE Kokadjo on S. shore First Roach Lake","Piscataquis","ME","GRG","CJD","876-a,b","M","SY","6x4, 5x4",9.9,"partial",62.5,50.1,NA,4.3,9.9,7.7,NA,NA,"green",11,11.7,2,4,3,2,NA,"no fat; stomach saved; bill black; feet/legs olive; broken lower mandible","","ME.Piscataquis","North East",45.6711541,-69.4469979,19.19
"614288","crown","c","1",0.0593896916485995,0.0213529404014474,0.0472137786454399,0.0200950036065613,0.0630526318663532,0.0218456150466669,0.0779165475831196,0.025210678949136,0.131264767554261,0.0531753908377626,0.0593896916485995,0.0213529404014474,159336,119.599174329142,3041,"Setophaga caerulescens","23-Jun-91",23,"Jun",91,"Frenchtown Township; 3 mi ESE Kokadjo on S. shore First Roach Lake","Piscataquis","ME","GRG","CJD","876-a,b","M","SY","6x4, 5x4",9.9,"partial",62.5,50.1,NA,4.3,9.9,7.7,NA,NA,"green",11,11.7,2,4,3,2,NA,"no fat; stomach saved; bill black; feet/legs olive; broken lower mandible","","ME.Piscataquis","North East",45.6711541,-69.4469979,19.19
"614288","side","w","1",0.343266972674292,0.0663662791256056,0.342762167989089,0.0663904742443038,0.346173974497842,0.0685309518854761,0.311745634160657,0.0601782517368206,0.391398496468168,0.0677011232713569,0.343266972674292,0.0663662791256056,39681,29.7849502720961,3041,"Setophaga caerulescens","23-Jun-91",23,"Jun",91,"Frenchtown Township; 3 mi ESE Kokadjo on S. shore First Roach Lake","Piscataquis","ME","GRG","CJD","876-a,b","M","SY","6x4, 5x4",9.9,"partial",62.5,50.1,NA,4.3,9.9,7.7,NA,NA,"green",11,11.7,2,4,3,2,NA,"no fat; stomach saved; bill black; feet/legs olive; broken lower mandible","","ME.Piscataquis","North East",45.6711541,-69.4469979,19.19
"614288","side","o","1",0.0712449119681818,0.0203595626994532,0.0660444597142683,0.0175464594758521,0.0732007093310188,0.0219563943193152,0.0843146846052714,0.025673022811379,0.10176514603222,0.0356836292548279,0.0712449119681818,0.0203595626994532,63500,47.6637267780071,3041,"Setophaga caerulescens","23-Jun-91",23,"Jun",91,"Frenchtown Township; 3 mi ESE Kokadjo on S. shore First Roach Lake","Piscataquis","ME","GRG","CJD","876-a,b","M","SY","6x4, 5x4",9.9,"partial",62.5,50.1,NA,4.3,9.9,7.7,NA,NA,"green",11,11.7,2,4,3,2,NA,"no fat; stomach saved; bill black; feet/legs olive; broken lower mandible","","ME.Piscataquis","North East",45.6711541,-69.4469979,19.19
"614288","ventral","t","1",0.0441417443422303,0.0106532275115755,0.0368247077181021,0.0127169742401022,0.0493819507902823,0.0109853909047711,0.0535950210676377,0.00874607510329944,0.0376794671382948,0.0133856884683268,0.0441417443422303,0.0106532275115755,171766,128.929255019704,3041,"Setophaga caerulescens","23-Jun-91",23,"Jun",91,"Frenchtown Township; 3 mi ESE Kokadjo on S. shore First Roach Lake","Piscataquis","ME","GRG","CJD","876-a,b","M","SY","6x4, 5x4",9.9,"partial",62.5,50.1,NA,4.3,9.9,7.7,NA,NA,"green",11,11.7,2,4,3,2,NA,"no fat; stomach saved; bill black; feet/legs olive; broken lower mandible","","ME.Piscataquis","North East",45.6711541,-69.4469979,19.19
"614289","dorsal","m","1",0.0811893016423444,0.0231079278257068,0.063694901287912,0.0199911257569504,0.0873171771169772,0.0242130488121885,0.0964150088796681,0.0279458550796851,0.119094761465095,0.0142660511924261,0.0811893016423444,0.0231079278257068,34223,25.688121598799,3042,"Setophaga caerulescens","23-Jun-91",23,"Jun",91,"Frenchtown Township; 5.5 mi ESE Kokadjo on S. shore First Roach Lake","Piscataquis","ME","GRG","JPD","T-877-a,b","M","SY","6.5x4.5",10.1,"partial",60.8,47.4,3,3.8,10.8,7.4,NA,NA,"green",9.7,9.4,2,2,2,3,NA,"bill black; feet/legs dark olive; no molt; stomach saved","","ME.Piscataquis","North East",45.617,-69.332,18.76
"614289","side","o","1",0.0857378610479705,0.0113673357855454,0.087487981604483,0.0126757657741969,0.0871475382961045,0.012539346270629,0.0879148554624936,0.0133398278782015,0.106303843381976,0.0119140144233855,0.0857378610479705,0.0113673357855454,37249,27.9594670669919,3042,"Setophaga caerulescens","23-Jun-91",23,"Jun",91,"Frenchtown Township; 5.5 mi ESE Kokadjo on S. shore First Roach Lake","Piscataquis","ME","GRG","JPD","T-877-a,b","M","SY","6.5x4.5",10.1,"partial",60.8,47.4,3,3.8,10.8,7.4,NA,NA,"green",9.7,9.4,2,2,2,3,NA,"bill black; feet/legs dark olive; no molt; stomach saved","","ME.Piscataquis","North East",45.617,-69.332,18.76
"614289","crown","c","1",0.085677487424071,0.0264186589298203,0.071379127299104,0.0266261352229275,0.0895938062247926,0.0268542860380344,0.104330523751153,0.0277565019497066,0.171031874687676,0.0684427289666246,0.085677487424071,0.0264186589298203,85335,64.0532933008069,3042,"Setophaga caerulescens","23-Jun-91",23,"Jun",91,"Frenchtown Township; 5.5 mi ESE Kokadjo on S. shore First Roach Lake","Piscataquis","ME","GRG","JPD","T-877-a,b","M","SY","6.5x4.5",10.1,"partial",60.8,47.4,3,3.8,10.8,7.4,NA,NA,"green",9.7,9.4,2,2,2,3,NA,"bill black; feet/legs dark olive; no molt; stomach saved","","ME.Piscataquis","North East",45.617,-69.332,18.76
"614289","side","w","1",0.266300727950284,0.0975721254505573,0.26990571427301,0.0983995422560258,0.268856913448023,0.0989308606954117,0.244555252085685,0.0852608576203756,0.271372368023897,0.0833110431113398,0.266300727950284,0.0975721254505573,29747,22.3283918183524,3042,"Setophaga caerulescens","23-Jun-91",23,"Jun",91,"Frenchtown Township; 5.5 mi ESE Kokadjo on S. shore First Roach Lake","Piscataquis","ME","GRG","JPD","T-877-a,b","M","SY","6.5x4.5",10.1,"partial",60.8,47.4,3,3.8,10.8,7.4,NA,NA,"green",9.7,9.4,2,2,2,3,NA,"bill black; feet/legs dark olive; no molt; stomach saved","","ME.Piscataquis","North East",45.617,-69.332,18.76
"614289","dorsal","m","2",0.0827283748513099,0.0219448590514299,0.0654723551859748,0.0195105168367604,0.0890242265980475,0.023561513172092,0.0971342406277317,0.0253014538948437,0.115433190288656,0.0156137744439779,0.0827283748513099,0.0219448590514299,34040,25.5507599924939,3042,"Setophaga caerulescens","23-Jun-91",23,"Jun",91,"Frenchtown Township; 5.5 mi ESE Kokadjo on S. shore First Roach Lake","Piscataquis","ME","GRG","JPD","T-877-a,b","M","SY","6.5x4.5",10.1,"partial",60.8,47.4,3,3.8,10.8,7.4,NA,NA,"green",9.7,9.4,2,2,2,3,NA,"bill black; feet/legs dark olive; no molt; stomach saved","","ME.Piscataquis","North East",45.617,-69.332,18.76
"614289","dorsal","m","3",0.0855132316224387,0.0245941494832669,0.0694454840439755,0.0219412136980553,0.0916149481550476,0.0261237907659779,0.0987014226835129,0.0277421310801137,0.11969861089947,0.0144027720788633,0.0855132316224387,0.0245941494832669,33306,24.9998123475324,3042,"Setophaga caerulescens","23-Jun-91",23,"Jun",91,"Frenchtown Township; 5.5 mi ESE Kokadjo on S. shore First Roach Lake","Piscataquis","ME","GRG","JPD","T-877-a,b","M","SY","6.5x4.5",10.1,"partial",60.8,47.4,3,3.8,10.8,7.4,NA,NA,"green",9.7,9.4,2,2,2,3,NA,"bill black; feet/legs dark olive; no molt; stomach saved","","ME.Piscataquis","North East",45.617,-69.332,18.76
"614289","ventral","t","1",0.0530565872116448,0.0115296853784792,0.0502431818590549,0.0149141566231229,0.0543710105166754,0.0124727609491014,0.0650058797194091,0.0119962538988889,0.0659202790169562,0.008548221777043,0.0530565872116448,0.0115296853784792,137654,103.324451116532,3042,"Setophaga caerulescens","23-Jun-91",23,"Jun",91,"Frenchtown Township; 5.5 mi ESE Kokadjo on S. shore First Roach Lake","Piscataquis","ME","GRG","JPD","T-877-a,b","M","SY","6.5x4.5",10.1,"partial",60.8,47.4,3,3.8,10.8,7.4,NA,NA,"green",9.7,9.4,2,2,2,3,NA,"bill black; feet/legs dark olive; no molt; stomach saved","","ME.Piscataquis","North East",45.617,-69.332,18.76
"614293","dorsal","m","3",0.0693994412407423,0.0152953612742947,0.0576436062671142,0.0127722525628222,0.0739488301077889,0.0167034748396495,0.0836563585457815,0.0183785244259137,0.101012656872869,0.00938849233341344,0.0693994412407423,0.0152953612742947,32761,24.5907299680991,3046,"Setophaga caerulescens","23-Jun-91",23,"Jun",91,"Frenchtown Township; east end First Roach Lake","Piscataquis","ME","GRG","JPD","T-881-a,b","M","SY","5x4, 5.5x4.5",9.15,"partial",59.6,49.7,2.9,4.1,11.2,7.1,NA,NA,"green",14.4,14.8,2,2,2,2,NA,"bill black; feet/legs blackish olive; light fat; stomach saved; testes deflated","","ME.Piscataquis","North East",45.617,-69.332,19.69
"614293","side","w","1",0.344061689392318,0.0973503325659539,0.348330359908451,0.10076138590988,0.344619466797062,0.0987305108826167,0.313093656067149,0.0803123272359111,0.380901377735186,0.0984433527555002,0.344061689392318,0.0973503325659539,44503,33.4043910677425,3046,"Setophaga caerulescens","23-Jun-91",23,"Jun",91,"Frenchtown Township; east end First Roach Lake","Piscataquis","ME","GRG","JPD","T-881-a,b","M","SY","5x4, 5.5x4.5",9.15,"partial",59.6,49.7,2.9,4.1,11.2,7.1,NA,NA,"green",14.4,14.8,2,2,2,2,NA,"bill black; feet/legs blackish olive; light fat; stomach saved; testes deflated","","ME.Piscataquis","North East",45.617,-69.332,19.69
"614293","dorsal","m","1",0.0655803775232313,0.0138610179468284,0.0532823605198588,0.0122245511654696,0.070260115661122,0.0149054441944856,0.0803578379910523,0.0170162368277386,0.09664432199831,0.0120872315620052,0.0655803775232313,0.0138610179468284,35910,26.9544004503659,3046,"Setophaga caerulescens","23-Jun-91",23,"Jun",91,"Frenchtown Township; east end First Roach Lake","Piscataquis","ME","GRG","JPD","T-881-a,b","M","SY","5x4, 5.5x4.5",9.15,"partial",59.6,49.7,2.9,4.1,11.2,7.1,NA,NA,"green",14.4,14.8,2,2,2,2,NA,"bill black; feet/legs blackish olive; light fat; stomach saved; testes deflated","","ME.Piscataquis","North East",45.617,-69.332,19.69
"614293","dorsal","m","2",0.0690300363296052,0.0156183425958145,0.0560601775256899,0.0123923054878059,0.073661459822575,0.0171105817168814,0.0849437460603695,0.0195516565222771,0.101893805784491,0.0113089890132018,0.0690300363296052,0.0156183425958145,34596,25.9680990805029,3046,"Setophaga caerulescens","23-Jun-91",23,"Jun",91,"Frenchtown Township; east end First Roach Lake","Piscataquis","ME","GRG","JPD","T-881-a,b","M","SY","5x4, 5.5x4.5",9.15,"partial",59.6,49.7,2.9,4.1,11.2,7.1,NA,NA,"green",14.4,14.8,2,2,2,2,NA,"bill black; feet/legs blackish olive; light fat; stomach saved; testes deflated","","ME.Piscataquis","North East",45.617,-69.332,19.69
"614293","side","o","1",0.094374699544307,0.0268151851388488,0.0965689485739915,0.0299764286571101,0.0960451737881856,0.0281205605030694,0.0945778012919988,0.0204325639569675,0.119061026699215,0.0272533757718712,0.094374699544307,0.0268151851388488,16610,12.4676299493338,3046,"Setophaga caerulescens","23-Jun-91",23,"Jun",91,"Frenchtown Township; east end First Roach Lake","Piscataquis","ME","GRG","JPD","T-881-a,b","M","SY","5x4, 5.5x4.5",9.15,"partial",59.6,49.7,2.9,4.1,11.2,7.1,NA,NA,"green",14.4,14.8,2,2,2,2,NA,"bill black; feet/legs blackish olive; light fat; stomach saved; testes deflated","","ME.Piscataquis","North East",45.617,-69.332,19.69
"614293","crown","c","1",0.0748882517686847,0.027583135264642,0.0602647810921956,0.0227765590543047,0.0783423987364536,0.0301891635920858,0.0960944626364531,0.0339731269969895,0.156080120978479,0.0459986654831599,0.0748882517686847,0.027583135264642,82510,61.9328204165885,3046,"Setophaga caerulescens","23-Jun-91",23,"Jun",91,"Frenchtown Township; east end First Roach Lake","Piscataquis","ME","GRG","JPD","T-881-a,b","M","SY","5x4, 5.5x4.5",9.15,"partial",59.6,49.7,2.9,4.1,11.2,7.1,NA,NA,"green",14.4,14.8,2,2,2,2,NA,"bill black; feet/legs blackish olive; light fat; stomach saved; testes deflated","","ME.Piscataquis","North East",45.617,-69.332,19.69
"614293","ventral","t","1",0.0421636027784962,0.00625461085220998,0.0377858310046684,0.0072759690376556,0.0437214538036426,0.00787695857958602,0.0566089116448577,0.01114402233077,0.0583700178354241,0.00677449997107454,0.0421636027784962,0.00625461085220998,217467,163.232876712329,3046,"Setophaga caerulescens","23-Jun-91",23,"Jun",91,"Frenchtown Township; east end First Roach Lake","Piscataquis","ME","GRG","JPD","T-881-a,b","M","SY","5x4, 5.5x4.5",9.15,"partial",59.6,49.7,2.9,4.1,11.2,7.1,NA,NA,"green",14.4,14.8,2,2,2,2,NA,"bill black; feet/legs blackish olive; light fat; stomach saved; testes deflated","","ME.Piscataquis","North East",45.617,-69.332,19.69
"614294","side","w","1",0.425053603752451,0.122111991080431,0.427684867443553,0.126650675330255,0.424579282453742,0.121965915795719,0.377772840091413,0.0988243804195792,0.484822118671116,0.132290873230623,0.425053603752451,0.122111991080431,96448,72.3948207918934,3047,"Setophaga caerulescens","24-Jun-91",24,"Jun",91,"Lily Bay Township; 2mi NE Lily Bay of Moosehead Lake on Lily Bay Rd.","Piscataquis","ME","GRG","JPD","882-a,b","M","ASY","NA, 6.5x5",9.6,"partial",57.3,42.1,3.4,4.1,9.7,7.1,NA,NA,"blue",21,19.5,2,2,2,2,NA,"stomach saved; bill black; feet/legs dark olive; no wing. molt; tail rectrix #2 80% grown; no body molt; L testis ruptured","","ME.Piscataquis","North East",45.5990454,-69.5107309,18.73
"614294","side","o","1",0.0642420674075,0.0222253522239868,0.0631027067854003,0.0247388469828721,0.0663023624591024,0.0228072513497564,0.0710147508647712,0.017696905164726,0.0728317185458651,0.0176784659409209,0.0642420674075,0.0222253522239868,33814,25.3811221617564,3047,"Setophaga caerulescens","24-Jun-91",24,"Jun",91,"Lily Bay Township; 2mi NE Lily Bay of Moosehead Lake on Lily Bay Rd.","Piscataquis","ME","GRG","JPD","882-a,b","M","ASY","NA, 6.5x5",9.6,"partial",57.3,42.1,3.4,4.1,9.7,7.1,NA,NA,"blue",21,19.5,2,2,2,2,NA,"stomach saved; bill black; feet/legs dark olive; no wing. molt; tail rectrix #2 80% grown; no body molt; L testis ruptured","","ME.Piscataquis","North East",45.5990454,-69.5107309,18.73
"614294","dorsal","m","3",0.0706884710056258,0.0176420772791591,0.0618550973913625,0.0132441351551418,0.0733945818419995,0.0195554058319193,0.0877202377046275,0.0253911188713181,0.103742314768134,0.0198994232018731,0.0706884710056258,0.0176420772791591,32580,24.454869581535,3047,"Setophaga caerulescens","24-Jun-91",24,"Jun",91,"Lily Bay Township; 2mi NE Lily Bay of Moosehead Lake on Lily Bay Rd.","Piscataquis","ME","GRG","JPD","882-a,b","M","ASY","NA, 6.5x5",9.6,"partial",57.3,42.1,3.4,4.1,9.7,7.1,NA,NA,"blue",21,19.5,2,2,2,2,NA,"stomach saved; bill black; feet/legs dark olive; no wing. molt; tail rectrix #2 80% grown; no body molt; L testis ruptured","","ME.Piscataquis","North East",45.5990454,-69.5107309,18.73
"614294","dorsal","m","2",0.0704663266008959,0.0187927552660068,0.0620159306724697,0.0138398206983789,0.0730469368007105,0.0208254777886725,0.0873670659902402,0.025668130773655,0.101565917870934,0.022773821838727,0.0704663266008959,0.0187927552660068,34410,25.8284856445862,3047,"Setophaga caerulescens","24-Jun-91",24,"Jun",91,"Lily Bay Township; 2mi NE Lily Bay of Moosehead Lake on Lily Bay Rd.","Piscataquis","ME","GRG","JPD","882-a,b","M","ASY","NA, 6.5x5",9.6,"partial",57.3,42.1,3.4,4.1,9.7,7.1,NA,NA,"blue",21,19.5,2,2,2,2,NA,"stomach saved; bill black; feet/legs dark olive; no wing. molt; tail rectrix #2 80% grown; no body molt; L testis ruptured","","ME.Piscataquis","North East",45.5990454,-69.5107309,18.73
"614294","crown","c","1",0.0658583697104801,0.0271058679085535,0.051328660732065,0.0240745250133562,0.0695818012672036,0.0289999980069712,0.086668053670602,0.0290169603513295,0.157800137233879,0.0538726582966433,0.0658583697104801,0.0271058679085535,112037,84.0960780634265,3047,"Setophaga caerulescens","24-Jun-91",24,"Jun",91,"Lily Bay Township; 2mi NE Lily Bay of Moosehead Lake on Lily Bay Rd.","Piscataquis","ME","GRG","JPD","882-a,b","M","ASY","NA, 6.5x5",9.6,"partial",57.3,42.1,3.4,4.1,9.7,7.1,NA,NA,"blue",21,19.5,2,2,2,2,NA,"stomach saved; bill black; feet/legs dark olive; no wing. molt; tail rectrix #2 80% grown; no body molt; L testis ruptured","","ME.Piscataquis","North East",45.5990454,-69.5107309,18.73
"614294","ventral","t","1",0.0439439321122896,0.00551680481918797,0.0417698243476159,0.00664330685217865,0.0456577372058806,0.00675733652824678,0.0543976975764145,0.00843328935920487,0.0444316018471314,0.00907858013939961,0.0439439321122896,0.00551680481918797,226099,169.712141114656,3047,"Setophaga caerulescens","24-Jun-91",24,"Jun",91,"Lily Bay Township; 2mi NE Lily Bay of Moosehead Lake on Lily Bay Rd.","Piscataquis","ME","GRG","JPD","882-a,b","M","ASY","NA, 6.5x5",9.6,"partial",57.3,42.1,3.4,4.1,9.7,7.1,NA,NA,"blue",21,19.5,2,2,2,2,NA,"stomach saved; bill black; feet/legs dark olive; no wing. molt; tail rectrix #2 80% grown; no body molt; L testis ruptured","","ME.Piscataquis","North East",45.5990454,-69.5107309,18.73
"614294","dorsal","m","1",0.0693010744504418,0.0171445176509189,0.0606616311984472,0.0128242579568855,0.0720577480291231,0.0191113344081799,0.0858293130403007,0.0257948050935257,0.103348838570399,0.0185614512110083,0.0693010744504418,0.0171445176509189,32399,24.3190091949709,3047,"Setophaga caerulescens","24-Jun-91",24,"Jun",91,"Lily Bay Township; 2mi NE Lily Bay of Moosehead Lake on Lily Bay Rd.","Piscataquis","ME","GRG","JPD","882-a,b","M","ASY","NA, 6.5x5",9.6,"partial",57.3,42.1,3.4,4.1,9.7,7.1,NA,NA,"blue",21,19.5,2,2,2,2,NA,"stomach saved; bill black; feet/legs dark olive; no wing. molt; tail rectrix #2 80% grown; no body molt; L testis ruptured","","ME.Piscataquis","North East",45.5990454,-69.5107309,18.73
"614297","dorsal","m","1",0.069952668051864,0.0158305171142483,0.0626669840077845,0.0122603278690376,0.071877509917689,0.0174906935279315,0.0866812911004015,0.023038514006445,0.109736787836332,0.0151654239799496,0.069952668051864,0.0158305171142483,34225,25.6896228185401,3050,"Setophaga caerulescens","24-Jun-91",24,"Jun",91,"Frenchtown Township; 2 mi SE Kokadjo on S. shore First Roach Lake","Piscataquis","ME","GRG","JPD","T-885-a,b","M","ASY","8x5, 6x5",9.85,"partial",65.4,52.8,3,4.4,10.6,7,NA,NA,"blue",13.6,16.9,2,2,2,2,NA,"bill black; feet/legs dark olive; no fat; no molt; stomach saved","","ME.Piscataquis","North East",45.617,-69.332,19.87
"614297","ventral","t","1",0.0510671136054885,0.0152024417802272,0.0481834830181737,0.0187477779251007,0.0529968543528542,0.0161457335331977,0.0613120460931158,0.0131162469018619,0.0654762446180808,0.0120814224785655,0.0510671136054885,0.0152024417802272,250563,188.075060987052,3050,"Setophaga caerulescens","24-Jun-91",24,"Jun",91,"Frenchtown Township; 2 mi SE Kokadjo on S. shore First Roach Lake","Piscataquis","ME","GRG","JPD","T-885-a,b","M","ASY","8x5, 6x5",9.85,"partial",65.4,52.8,3,4.4,10.6,7,NA,NA,"blue",13.6,16.9,2,2,2,2,NA,"bill black; feet/legs dark olive; no fat; no molt; stomach saved","","ME.Piscataquis","North East",45.617,-69.332,19.87
"614297","side","o","1",0.0717203812443946,0.0276361854419389,0.0697769246935926,0.0288919062317189,0.0731115493861965,0.0281272905766807,0.0811815770359009,0.0242367146445138,0.0950007272005133,0.0193494752311003,0.0717203812443946,0.0276361854419389,15704,11.7875774066429,3050,"Setophaga caerulescens","24-Jun-91",24,"Jun",91,"Frenchtown Township; 2 mi SE Kokadjo on S. shore First Roach Lake","Piscataquis","ME","GRG","JPD","T-885-a,b","M","ASY","8x5, 6x5",9.85,"partial",65.4,52.8,3,4.4,10.6,7,NA,NA,"blue",13.6,16.9,2,2,2,2,NA,"bill black; feet/legs dark olive; no fat; no molt; stomach saved","","ME.Piscataquis","North East",45.617,-69.332,19.87
"614297","side","w","1",0.451079123192556,0.116733475968106,0.458642945092389,0.123497613666428,0.45265329962067,0.118724390515123,0.395431687125934,0.0899815297047316,0.450057840385908,0.0934850353351733,0.451079123192556,0.116733475968106,61000,45.7872021017076,3050,"Setophaga caerulescens","24-Jun-91",24,"Jun",91,"Frenchtown Township; 2 mi SE Kokadjo on S. shore First Roach Lake","Piscataquis","ME","GRG","JPD","T-885-a,b","M","ASY","8x5, 6x5",9.85,"partial",65.4,52.8,3,4.4,10.6,7,NA,NA,"blue",13.6,16.9,2,2,2,2,NA,"bill black; feet/legs dark olive; no fat; no molt; stomach saved","","ME.Piscataquis","North East",45.617,-69.332,19.87
"614297","crown","c","1",0.0772399746804075,0.0281253199581258,0.0614740144774828,0.0255501737141231,0.0806892909777151,0.0296924288839987,0.100349188708714,0.0303522491717929,0.167726495938022,0.0564127064236688,0.0772399746804075,0.0281253199581258,92076,69.1131544379809,3050,"Setophaga caerulescens","24-Jun-91",24,"Jun",91,"Frenchtown Township; 2 mi SE Kokadjo on S. shore First Roach Lake","Piscataquis","ME","GRG","JPD","T-885-a,b","M","ASY","8x5, 6x5",9.85,"partial",65.4,52.8,3,4.4,10.6,7,NA,NA,"blue",13.6,16.9,2,2,2,2,NA,"bill black; feet/legs dark olive; no fat; no molt; stomach saved","","ME.Piscataquis","North East",45.617,-69.332,19.87
"614297","dorsal","m","3",0.0669609544382778,0.0161872947756072,0.0613046265639588,0.0126403670997334,0.0688807988576452,0.017856332818096,0.0814136641652757,0.0217017840318829,0.0994399400558782,0.0114921378425578,0.0669609544382778,0.0161872947756072,34595,25.9673484706324,3050,"Setophaga caerulescens","24-Jun-91",24,"Jun",91,"Frenchtown Township; 2 mi SE Kokadjo on S. shore First Roach Lake","Piscataquis","ME","GRG","JPD","T-885-a,b","M","ASY","8x5, 6x5",9.85,"partial",65.4,52.8,3,4.4,10.6,7,NA,NA,"blue",13.6,16.9,2,2,2,2,NA,"bill black; feet/legs dark olive; no fat; no molt; stomach saved","","ME.Piscataquis","North East",45.617,-69.332,19.87
"614297","dorsal","m","2",0.0685517717449567,0.0147434460164546,0.0612738888231799,0.0114837886288791,0.0704492526776699,0.016532406772144,0.0858289209526405,0.0216821791647994,0.102664390044591,0.0130914001818804,0.0685517717449567,0.0147434460164546,33855,25.4118971664477,3050,"Setophaga caerulescens","24-Jun-91",24,"Jun",91,"Frenchtown Township; 2 mi SE Kokadjo on S. shore First Roach Lake","Piscataquis","ME","GRG","JPD","T-885-a,b","M","ASY","8x5, 6x5",9.85,"partial",65.4,52.8,3,4.4,10.6,7,NA,NA,"blue",13.6,16.9,2,2,2,2,NA,"bill black; feet/legs dark olive; no fat; no molt; stomach saved","","ME.Piscataquis","North East",45.617,-69.332,19.87
"614299","dorsal","m","1",0.0717873290265865,0.0200354003422636,0.0645966597437007,0.0176417164107295,0.0750440142270546,0.0224157093410913,0.083659864671958,0.0215441966319184,0.0903500613136895,0.0172833600682746,0.0717873290265865,0.0200354003422636,33856,25.4126477763183,3052,"Setophaga caerulescens","24-Jun-91",24,"Jun",91,"Frenchtown Township; 2 mi SE Kokadjo on S. shore First Roach Lake","Piscataquis","ME","GRG","JPD","887-a,b","M","SY","8.5x5.5, 6.5x5.5",9.65,"partial",59,48.2,3.1,4,9.5,6.6,NA,NA,"green",11.1,12.9,2,3,2,2,NA,"no fat; bill black; feet/legs blackish olive; no molt; stomach saved","","ME.Piscataquis","North East",45.6711541,-69.4469979,18.58
"614299","side","w","1",0.288457823887837,0.0924904567786055,0.292403474068854,0.0955291682330194,0.291618885038119,0.0940166114538139,0.25879099923707,0.0753302596022779,0.309531465606866,0.10785151854908,0.288457823887837,0.0924904567786055,35459,26.6158753987615,3052,"Setophaga caerulescens","24-Jun-91",24,"Jun",91,"Frenchtown Township; 2 mi SE Kokadjo on S. shore First Roach Lake","Piscataquis","ME","GRG","JPD","887-a,b","M","SY","8.5x5.5, 6.5x5.5",9.65,"partial",59,48.2,3.1,4,9.5,6.6,NA,NA,"green",11.1,12.9,2,3,2,2,NA,"no fat; bill black; feet/legs blackish olive; no molt; stomach saved","","ME.Piscataquis","North East",45.6711541,-69.4469979,18.58
"614299","crown","c","1",0.0643409548176824,0.0276945216316884,0.0517547600840827,0.0230168739833074,0.0679354165029606,0.0292429791791668,0.0827578514445264,0.034157411057636,0.139214710836324,0.055610117421502,0.0643409548176824,0.0276945216316884,94249,70.7442296866204,3052,"Setophaga caerulescens","24-Jun-91",24,"Jun",91,"Frenchtown Township; 2 mi SE Kokadjo on S. shore First Roach Lake","Piscataquis","ME","GRG","JPD","887-a,b","M","SY","8.5x5.5, 6.5x5.5",9.65,"partial",59,48.2,3.1,4,9.5,6.6,NA,NA,"green",11.1,12.9,2,3,2,2,NA,"no fat; bill black; feet/legs blackish olive; no molt; stomach saved","","ME.Piscataquis","North East",45.6711541,-69.4469979,18.58
"614299","dorsal","m","3",0.0716024019752072,0.0186268928295846,0.0641286634278176,0.0158849428909287,0.074872220364858,0.0208000534108368,0.0840295959407404,0.0212364573168546,0.0904806116667028,0.0187533821205128,0.0716024019752072,0.0186268928295846,34782,26.1077125164196,3052,"Setophaga caerulescens","24-Jun-91",24,"Jun",91,"Frenchtown Township; 2 mi SE Kokadjo on S. shore First Roach Lake","Piscataquis","ME","GRG","JPD","887-a,b","M","SY","8.5x5.5, 6.5x5.5",9.65,"partial",59,48.2,3.1,4,9.5,6.6,NA,NA,"green",11.1,12.9,2,3,2,2,NA,"no fat; bill black; feet/legs blackish olive; no molt; stomach saved","","ME.Piscataquis","North East",45.6711541,-69.4469979,18.58
"614299","side","o","1",0.0811075004021888,0.0139543245445775,0.0839022027369096,0.0157249764957837,0.0834486391237742,0.0147505211854435,0.0802583251238159,0.0114029691776438,0.0951663448870198,0.0259008702998559,0.0811075004021888,0.0139543245445775,10972,8.23569149934322,3052,"Setophaga caerulescens","24-Jun-91",24,"Jun",91,"Frenchtown Township; 2 mi SE Kokadjo on S. shore First Roach Lake","Piscataquis","ME","GRG","JPD","887-a,b","M","SY","8.5x5.5, 6.5x5.5",9.65,"partial",59,48.2,3.1,4,9.5,6.6,NA,NA,"green",11.1,12.9,2,3,2,2,NA,"no fat; bill black; feet/legs blackish olive; no molt; stomach saved","","ME.Piscataquis","North East",45.6711541,-69.4469979,18.58
"614299","dorsal","m","2",0.0774976759734001,0.021190418912846,0.0679721279981467,0.0177041351443125,0.0809797385438498,0.0241251723769155,0.0921628108551303,0.023079248482336,0.103317026287291,0.0190931999686134,0.0774976759734001,0.021190418912846,33306,24.9998123475324,3052,"Setophaga caerulescens","24-Jun-91",24,"Jun",91,"Frenchtown Township; 2 mi SE Kokadjo on S. shore First Roach Lake","Piscataquis","ME","GRG","JPD","887-a,b","M","SY","8.5x5.5, 6.5x5.5",9.65,"partial",59,48.2,3.1,4,9.5,6.6,NA,NA,"green",11.1,12.9,2,3,2,2,NA,"no fat; bill black; feet/legs blackish olive; no molt; stomach saved","","ME.Piscataquis","North East",45.6711541,-69.4469979,18.58
"614299","ventral","t","1",0.0480029145682091,0.00747096871389742,0.0469105958692744,0.00922106143690459,0.0497304661623046,0.00819141466370534,0.0563823434348117,0.00799048945186611,0.0451714257125899,0.00901371195404091,0.0480029145682091,0.00747096871389742,181312,136.094576843686,3052,"Setophaga caerulescens","24-Jun-91",24,"Jun",91,"Frenchtown Township; 2 mi SE Kokadjo on S. shore First Roach Lake","Piscataquis","ME","GRG","JPD","887-a,b","M","SY","8.5x5.5, 6.5x5.5",9.65,"partial",59,48.2,3.1,4,9.5,6.6,NA,NA,"green",11.1,12.9,2,3,2,2,NA,"no fat; bill black; feet/legs blackish olive; no molt; stomach saved","","ME.Piscataquis","North East",45.6711541,-69.4469979,18.58
"614302","crown","c","1",0.0720683364141262,0.0227322347505594,0.0562974824929354,0.0179448721439894,0.0759012107419312,0.0238700121085424,0.0942751551654978,0.031045877380358,0.153916067234725,0.04655709290398,0.0720683364141262,0.0227322347505594,111970,84.0457872021017,3055,"Setophaga caerulescens","25-Jun-91",25,"Jun",91,"Beaver Cave Township, east end of Beaver Cove of Moosehead Lake","Piscataquis","ME","GRG","JPD","T-890-a,b","M","ASY","7x5, 6x4.5",9.7,"partial",60.2,51.9,2.9,3.9,10.7,7,NA,NA,"blue",11.5,11.5,2,2,2,2,NA,"bill black; feet/legs dark olive; no fat; no molt; stomach saved","","ME.Piscataquis","North East",45.54339,-69.54654,19.37
"614302","dorsal","m","1",0.0752614449728468,0.010900714998605,0.0687648093897503,0.00881831038068313,0.0775525623688814,0.0118946586102678,0.0888812072062656,0.0154042122291489,0.10734833265708,0.0109931673921539,0.0752614449728468,0.010900714998605,31684,23.7823231375493,3055,"Setophaga caerulescens","25-Jun-91",25,"Jun",91,"Beaver Cave Township, east end of Beaver Cove of Moosehead Lake","Piscataquis","ME","GRG","JPD","T-890-a,b","M","ASY","7x5, 6x4.5",9.7,"partial",60.2,51.9,2.9,3.9,10.7,7,NA,NA,"blue",11.5,11.5,2,2,2,2,NA,"bill black; feet/legs dark olive; no fat; no molt; stomach saved","","ME.Piscataquis","North East",45.54339,-69.54654,19.37
"614302","dorsal","m","2",0.0804920532707731,0.0101313258660798,0.0735810443411836,0.00838194832676714,0.082762000044541,0.0111255334319526,0.09480844767051,0.0147719647076945,0.112414178540496,0.0119113916089797,0.0804920532707731,0.0101313258660798,33489,25.1371739538375,3055,"Setophaga caerulescens","25-Jun-91",25,"Jun",91,"Beaver Cave Township, east end of Beaver Cove of Moosehead Lake","Piscataquis","ME","GRG","JPD","T-890-a,b","M","ASY","7x5, 6x4.5",9.7,"partial",60.2,51.9,2.9,3.9,10.7,7,NA,NA,"blue",11.5,11.5,2,2,2,2,NA,"bill black; feet/legs dark olive; no fat; no molt; stomach saved","","ME.Piscataquis","North East",45.54339,-69.54654,19.37
"614302","ventral","t","1",0.0515077706620483,0.0139932201952655,0.0484450624291238,0.0173114424263415,0.0532132240904907,0.0147770405403299,0.0627100175158681,0.0124506400253445,0.0665913265203855,0.0115224820966063,0.0515077706620483,0.0139932201952655,169075,126.909363858135,3055,"Setophaga caerulescens","25-Jun-91",25,"Jun",91,"Beaver Cave Township, east end of Beaver Cove of Moosehead Lake","Piscataquis","ME","GRG","JPD","T-890-a,b","M","ASY","7x5, 6x4.5",9.7,"partial",60.2,51.9,2.9,3.9,10.7,7,NA,NA,"blue",11.5,11.5,2,2,2,2,NA,"bill black; feet/legs dark olive; no fat; no molt; stomach saved","","ME.Piscataquis","North East",45.54339,-69.54654,19.37
"614302","side","o","1",0.102989286662013,0.022683253703196,0.110109097369681,0.0265352211371813,0.104574579565486,0.0235251404804014,0.0947574702417768,0.0166557873740219,0.117049766351373,0.0207314177082656,0.102989286662013,0.022683253703196,17426,13.080127603678,3055,"Setophaga caerulescens","25-Jun-91",25,"Jun",91,"Beaver Cave Township, east end of Beaver Cove of Moosehead Lake","Piscataquis","ME","GRG","JPD","T-890-a,b","M","ASY","7x5, 6x4.5",9.7,"partial",60.2,51.9,2.9,3.9,10.7,7,NA,NA,"blue",11.5,11.5,2,2,2,2,NA,"bill black; feet/legs dark olive; no fat; no molt; stomach saved","","ME.Piscataquis","North East",45.54339,-69.54654,19.37
"614302","side","w","1",0.362095317368603,0.0900983671201216,0.36639516281452,0.090711906934645,0.363836631486605,0.0911401048412171,0.32639181647157,0.0803976341163729,0.38594251060343,0.0775730831966844,0.362095317368603,0.0900983671201216,25277,18.9731656971289,3055,"Setophaga caerulescens","25-Jun-91",25,"Jun",91,"Beaver Cave Township, east end of Beaver Cove of Moosehead Lake","Piscataquis","ME","GRG","JPD","T-890-a,b","M","ASY","7x5, 6x4.5",9.7,"partial",60.2,51.9,2.9,3.9,10.7,7,NA,NA,"blue",11.5,11.5,2,2,2,2,NA,"bill black; feet/legs dark olive; no fat; no molt; stomach saved","","ME.Piscataquis","North East",45.54339,-69.54654,19.37
"614302","dorsal","m","3",0.0801063131304002,0.0102119529634982,0.0748422271449892,0.00904715365898903,0.0821646724665895,0.0110741422063447,0.092235612710693,0.0146271371314893,0.115115921467208,0.0119334035902267,0.0801063131304002,0.0102119529634982,34040,25.5507599924939,3055,"Setophaga caerulescens","25-Jun-91",25,"Jun",91,"Beaver Cave Township, east end of Beaver Cove of Moosehead Lake","Piscataquis","ME","GRG","JPD","T-890-a,b","M","ASY","7x5, 6x4.5",9.7,"partial",60.2,51.9,2.9,3.9,10.7,7,NA,NA,"blue",11.5,11.5,2,2,2,2,NA,"bill black; feet/legs dark olive; no fat; no molt; stomach saved","","ME.Piscataquis","North East",45.54339,-69.54654,19.37
"614305","ventral","t","1",0.0460296788043549,0.00386803529916606,0.0440373314703476,0.00481180662010833,0.0474517984670361,0.00520519976808168,0.0571074356525548,0.00735181541307735,0.0451901530945623,0.00617514198516061,0.0460296788043549,0.00386803529916606,99212,74.4695064740101,3058,"Setophaga caerulescens","25-Jun-91",25,"Jun",91,"Greenville Township; Sandy Bay on Moosehead Lake","Piscataquis","ME","GRG","JPD","893-a,b","M ","ASY","8x5, 6.5x4.5",9,"partial",63.3,51.9,3.1,3.9,10.6,6.9,NA,NA,"blue",14.3,13.3,2,2,2,2,NA,"no fat; bill black; feet/legs olive; no molt; stomach saved","","ME.Piscataquis","North East",45.51109,-69.57217,NA
"614305","side","w","1",0.487279987963818,0.113380301805297,0.490853517687229,0.118959528428047,0.489417605005467,0.114438441373971,0.415105390421198,0.0860622135316376,0.540826555755985,0.109652543850471,0.487279987963818,0.113380301805297,59479,44.645524488647,3058,"Setophaga caerulescens","25-Jun-91",25,"Jun",91,"Greenville Township; Sandy Bay on Moosehead Lake","Piscataquis","ME","GRG","JPD","893-a,b","M ","ASY","8x5, 6.5x4.5",9,"partial",63.3,51.9,3.1,3.9,10.6,6.9,NA,NA,"blue",14.3,13.3,2,2,2,2,NA,"no fat; bill black; feet/legs olive; no molt; stomach saved","","ME.Piscataquis","North East",45.51109,-69.57217,NA
"614305","dorsal","m","1",0.0743876071335643,0.0110292720580085,0.066810923673184,0.0079610525673955,0.076447509481261,0.0120531295369683,0.0913924591378925,0.0172767824805623,0.11001597833552,0.0155210519456949,0.0743876071335643,0.0110292720580085,33672,25.2745355601426,3058,"Setophaga caerulescens","25-Jun-91",25,"Jun",91,"Greenville Township; Sandy Bay on Moosehead Lake","Piscataquis","ME","GRG","JPD","893-a,b","M ","ASY","8x5, 6.5x4.5",9,"partial",63.3,51.9,3.1,3.9,10.6,6.9,NA,NA,"blue",14.3,13.3,2,2,2,2,NA,"no fat; bill black; feet/legs olive; no molt; stomach saved","","ME.Piscataquis","North East",45.51109,-69.57217,NA
"614305","dorsal","m","3",0.0768268267927591,0.0120090996508952,0.0696616899713964,0.0089002983050245,0.0788193712676537,0.0129273297646959,0.0932622101536996,0.0188649768448129,0.11336215309593,0.0175498631942202,0.0768268267927591,0.0120090996508952,33124,24.8632013510978,3058,"Setophaga caerulescens","25-Jun-91",25,"Jun",91,"Greenville Township; Sandy Bay on Moosehead Lake","Piscataquis","ME","GRG","JPD","893-a,b","M ","ASY","8x5, 6.5x4.5",9,"partial",63.3,51.9,3.1,3.9,10.6,6.9,NA,NA,"blue",14.3,13.3,2,2,2,2,NA,"no fat; bill black; feet/legs olive; no molt; stomach saved","","ME.Piscataquis","North East",45.51109,-69.57217,NA
"614305","dorsal","m","2",0.0761149052433626,0.0125007482458736,0.0681847672298116,0.00850458239955673,0.0780870621813175,0.0135714751345792,0.0938060188592184,0.0197901181670793,0.115227023145204,0.018728026362916,0.0761149052433626,0.0125007482458736,34410,25.8284856445862,3058,"Setophaga caerulescens","25-Jun-91",25,"Jun",91,"Greenville Township; Sandy Bay on Moosehead Lake","Piscataquis","ME","GRG","JPD","893-a,b","M ","ASY","8x5, 6.5x4.5",9,"partial",63.3,51.9,3.1,3.9,10.6,6.9,NA,NA,"blue",14.3,13.3,2,2,2,2,NA,"no fat; bill black; feet/legs olive; no molt; stomach saved","","ME.Piscataquis","North East",45.51109,-69.57217,NA
"614305","crown","c","1",0.072338576345837,0.0192338727713878,0.0580861625893678,0.0150402690718102,0.0757827153849251,0.019214360030167,0.093940897959034,0.0277252860194458,0.165424719282757,0.042804375440178,0.072338576345837,0.0192338727713878,70845,53.176956276975,3058,"Setophaga caerulescens","25-Jun-91",25,"Jun",91,"Greenville Township; Sandy Bay on Moosehead Lake","Piscataquis","ME","GRG","JPD","893-a,b","M ","ASY","8x5, 6.5x4.5",9,"partial",63.3,51.9,3.1,3.9,10.6,6.9,NA,NA,"blue",14.3,13.3,2,2,2,2,NA,"no fat; bill black; feet/legs olive; no molt; stomach saved","","ME.Piscataquis","North East",45.51109,-69.57217,NA
"614305","side","o","1",0.0602999735375416,0.0134192699429887,0.059453539135804,0.0143891402062147,0.061715749717673,0.0140301773677987,0.0694105786586187,0.0124825231433449,0.068011459137281,0.016188245765909,0.0602999735375416,0.0134192699429887,47269,35.4805779696003,3058,"Setophaga caerulescens","25-Jun-91",25,"Jun",91,"Greenville Township; Sandy Bay on Moosehead Lake","Piscataquis","ME","GRG","JPD","893-a,b","M ","ASY","8x5, 6.5x4.5",9,"partial",63.3,51.9,3.1,3.9,10.6,6.9,NA,NA,"blue",14.3,13.3,2,2,2,2,NA,"no fat; bill black; feet/legs olive; no molt; stomach saved","","ME.Piscataquis","North East",45.51109,-69.57217,NA
"614307","dorsal","m","3",0.0788663865427625,0.0241962596476802,0.0710562121851462,0.0202291527573571,0.0814258017970502,0.0276839030562663,0.0946401085818203,0.0281246805425301,0.114634401925394,0.0218372368114079,0.0788663865427625,0.0241962596476802,34968,26.2473259523363,3060,"Setophaga caerulescens","25-Jun-91",25,"Jun",91,"Greenville Township; Sandy Bay on Moosehead Lake","Piscataquis","ME","GRG","JPD","895-a,b","M","ASY","7x5.5, 6x4",9.95,"partial",66.2,50.8,3.3,4.1,9.8,7.1,NA,NA,"blue",12.6,15.2,2,4,2,2,NA,"light fat; bill black; feet/legs olive; no molt; stomach saved","","ME.Piscataquis","North East",45.51109,-69.57217,NA
"614307","side","o","1",0.0755265470336355,0.0283298029862955,0.0702623452546409,0.0287734676442172,0.077563652141103,0.0296524363060724,0.0885031537949947,0.0267196921706402,0.10674892622804,0.0381460291463273,0.0755265470336355,0.0283298029862955,85204,63.9549634077688,3060,"Setophaga caerulescens","25-Jun-91",25,"Jun",91,"Greenville Township; Sandy Bay on Moosehead Lake","Piscataquis","ME","GRG","JPD","895-a,b","M","ASY","7x5.5, 6x4",9.95,"partial",66.2,50.8,3.3,4.1,9.8,7.1,NA,NA,"blue",12.6,15.2,2,4,2,2,NA,"light fat; bill black; feet/legs olive; no molt; stomach saved","","ME.Piscataquis","North East",45.51109,-69.57217,NA
"614307","ventral","t","1",0.0501014965604597,0.00741533759483799,0.0479976726118925,0.00839586499045105,0.0516155005297308,0.00828902575049077,0.060543924684919,0.00884383430991736,0.0493403508431025,0.00798712251903463,0.0501014965604597,0.00741533759483799,190477,142.973916306999,3060,"Setophaga caerulescens","25-Jun-91",25,"Jun",91,"Greenville Township; Sandy Bay on Moosehead Lake","Piscataquis","ME","GRG","JPD","895-a,b","M","ASY","7x5.5, 6x4",9.95,"partial",66.2,50.8,3.3,4.1,9.8,7.1,NA,NA,"blue",12.6,15.2,2,4,2,2,NA,"light fat; bill black; feet/legs olive; no molt; stomach saved","","ME.Piscataquis","North East",45.51109,-69.57217,NA
"614307","crown","c","1",0.0627337641846613,0.0182832726055898,0.0505208237554654,0.014889003060037,0.066261235380459,0.0183166879924632,0.0808033990512747,0.0245787658053809,0.133642322872488,0.0444416157994085,0.0627337641846613,0.0182832726055898,90182,67.6914993432164,3060,"Setophaga caerulescens","25-Jun-91",25,"Jun",91,"Greenville Township; Sandy Bay on Moosehead Lake","Piscataquis","ME","GRG","JPD","895-a,b","M","ASY","7x5.5, 6x4",9.95,"partial",66.2,50.8,3.3,4.1,9.8,7.1,NA,NA,"blue",12.6,15.2,2,4,2,2,NA,"light fat; bill black; feet/legs olive; no molt; stomach saved","","ME.Piscataquis","North East",45.51109,-69.57217,NA
"614307","dorsal","m","2",0.0761620887247458,0.0241611353451128,0.0680769432830418,0.0195057559813774,0.0785229406076887,0.0276643029419801,0.0930587231240706,0.0281906271211218,0.111728720658837,0.0275369791728901,0.0761620887247458,0.0241611353451128,33489,25.1371739538375,3060,"Setophaga caerulescens","25-Jun-91",25,"Jun",91,"Greenville Township; Sandy Bay on Moosehead Lake","Piscataquis","ME","GRG","JPD","895-a,b","M","ASY","7x5.5, 6x4",9.95,"partial",66.2,50.8,3.3,4.1,9.8,7.1,NA,NA,"blue",12.6,15.2,2,4,2,2,NA,"light fat; bill black; feet/legs olive; no molt; stomach saved","","ME.Piscataquis","North East",45.51109,-69.57217,NA
"614307","side","w","1",0.488675973035977,0.129888182080009,0.498441592519602,0.133326554999092,0.490774796063023,0.130625935448853,0.410848332184985,0.101157527477055,0.512057256737846,0.124089078708568,0.488675973035977,0.129888182080009,59900,44.9615312441359,3060,"Setophaga caerulescens","25-Jun-91",25,"Jun",91,"Greenville Township; Sandy Bay on Moosehead Lake","Piscataquis","ME","GRG","JPD","895-a,b","M","ASY","7x5.5, 6x4",9.95,"partial",66.2,50.8,3.3,4.1,9.8,7.1,NA,NA,"blue",12.6,15.2,2,4,2,2,NA,"light fat; bill black; feet/legs olive; no molt; stomach saved","","ME.Piscataquis","North East",45.51109,-69.57217,NA
"614307","dorsal","m","1",0.0733488700804377,0.0207467818510394,0.0671530554559784,0.0174560632902931,0.075561249313503,0.0234014222442349,0.0878812090677521,0.0247789164580082,0.103498008865962,0.0218648438586147,0.0733488700804377,0.0207467818510394,32580,24.454869581535,3060,"Setophaga caerulescens","25-Jun-91",25,"Jun",91,"Greenville Township; Sandy Bay on Moosehead Lake","Piscataquis","ME","GRG","JPD","895-a,b","M","ASY","7x5.5, 6x4",9.95,"partial",66.2,50.8,3.3,4.1,9.8,7.1,NA,NA,"blue",12.6,15.2,2,4,2,2,NA,"light fat; bill black; feet/legs olive; no molt; stomach saved","","ME.Piscataquis","North East",45.51109,-69.57217,NA
